pump_id,date,symbol,pct_chg,catalysts,confidence,notes
0,2024-05-13 07:00:00+00:00,1000PEPEUSDT,23.52,none,NONE,fg=56(Greed); sweep:pre_coverage; news:pre_coverage; unlock:no_data; whale_positions:no_data; token_unlock:no_data
1,2024-07-15 10:00:00+00:00,1000PEPEUSDT,30.93,none,NONE,fg=42(Fear); sweep:pre_coverage; news:pre_coverage; unlock:no_data; whale_positions:no_data; token_unlock:no_data
2,2024-08-05 12:00:00+00:00,1000PEPEUSDT,32.31,none,NONE,fg=30(Fear); sweep:pre_coverage; news:pre_coverage; unlock:no_data; whale_positions:no_data; token_unlock:no_data
3,2024-11-11 13:00:00+00:00,1000PEPEUSDT,22.97,macro_extreme,LOW,fg=77(Extreme Greed); sweep:pre_coverage; news:pre_coverage; unlock:no_data; whale_positions:no_data; token_unlock:no_data
4,2024-11-13 06:00:00+00:00,1000PEPEUSDT,94.4,macro_extreme,LOW,fg=82(Extreme Greed); sweep:pre_coverage; news:pre_coverage; unlock:no_data; whale_positions:no_data; token_unlock:no_data
5,2025-02-03 04:00:00+00:00,1000PEPEUSDT,29.45,none,NONE,fg=52(Fear); sweep:pre_coverage; news:pre_coverage; unlock:no_data; whale_positions:no_data; token_unlock:no_data
6,2025-05-08 11:00:00+00:00,1000PEPEUSDT,47.16,none,NONE,fg=66(Greed); sweep:pre_coverage; news:pre_coverage; unlock:no_data; whale_positions:no_data; token_unlock:no_data
7,2025-09-12 13:00:00+00:00,1000PEPEUSDT,18.19,none,NONE,fg=56(Greed); sweep:pre_coverage; news:pre_coverage; unlock:no_data; whale_positions:no_data; token_unlock:no_data
8,2026-01-01 16:00:00+00:00,1000PEPEUSDT,38.41,macro_extreme,LOW,fg=20(Extreme Fear); sweep:pre_coverage; news:pre_coverage; unlock:no_data; whale_positions:no_data; token_unlock:no_data
9,2026-01-03 11:00:00+00:00,1000PEPEUSDT,18.78,none,NONE,fg=28(Fear); sweep:pre_coverage; news:pre_coverage; unlock:no_data; whale_positions:no_data; token_unlock:no_data
10,2026-02-05 23:00:00+00:00,1000PEPEUSDT,15.35,macro_extreme,LOW,fg=13(Extreme Fear); sweep:pre_coverage; news:pre_coverage; unlock:no_data; whale_positions:no_data; token_unlock:no_data
11,2026-02-14 06:00:00+00:00,1000PEPEUSDT,30.84,macro_extreme,LOW,fg=9(Extreme Fear); sweep:pre_coverage; news:pre_coverage; unlock:no_data; whale_positions:no_data; token_unlock:no_data
12,2026-03-15 16:00:00+00:00,1000PEPEUSDT,22.32,macro_extreme,LOW,fg=16(Extreme Fear); sweep:pre_coverage; news:pre_coverage; unlock:no_data; whale_positions:no_data; token_unlock:no_data
13,2024-05-13 15:00:00+00:00,1000PEPEUSDT,10.45,none,NONE,fg=56(Greed); sweep:pre_coverage; news:pre_coverage; unlock:no_data; whale_positions:no_data; token_unlock:no_data
14,2024-05-20 18:00:00+00:00,1000PEPEUSDT,10.39,none,NONE,fg=71(Greed); sweep:pre_coverage; news:pre_coverage; unlock:no_data; whale_positions:no_data; token_unlock:no_data
15,2024-11-13 12:00:00+00:00,1000PEPEUSDT,32.8,macro_extreme,LOW,fg=82(Extreme Greed); sweep:pre_coverage; news:pre_coverage; unlock:no_data; whale_positions:no_data; token_unlock:no_data
16,2024-11-14 00:00:00+00:00,1000PEPEUSDT,13.03,macro_extreme,LOW,fg=82(Extreme Greed); sweep:pre_coverage; news:pre_coverage; unlock:no_data; whale_positions:no_data; token_unlock:no_data
17,2024-11-14 15:00:00+00:00,1000PEPEUSDT,10.79,macro_extreme,LOW,fg=86(Extreme Greed); sweep:pre_coverage; news:pre_coverage; unlock:no_data; whale_positions:no_data; token_unlock:no_data
18,2025-05-09 07:00:00+00:00,1000PEPEUSDT,12.24,none,NONE,fg=69(Greed); sweep:pre_coverage; news:pre_coverage; unlock:no_data; whale_positions:no_data; token_unlock:no_data
19,2024-11-07 13:00:00+00:00,ADAUSDT,18.52,macro_extreme|stablecoin_inflow,HIGH,fg=74(Extreme Greed); sweep:pre_coverage; news:pre_coverage; unlock:no_data; whale_positions:no_data; token_unlock:no_data
20,2024-11-09 14:00:00+00:00,ADAUSDT,46.98,none,NONE,fg=75(Greed); sweep:pre_coverage; news:pre_coverage; unlock:no_data; whale_positions:no_data; token_unlock:no_data
21,2024-11-13 06:00:00+00:00,ADAUSDT,15.22,macro_extreme,LOW,fg=82(Extreme Greed); sweep:pre_coverage; news:pre_coverage; unlock:no_data; whale_positions:no_data; token_unlock:no_data
22,2024-11-15 10:00:00+00:00,ADAUSDT,26.57,macro_extreme|stablecoin_inflow,HIGH,fg=84(Extreme Greed); sweep:pre_coverage; news:pre_coverage; unlock:no_data; whale_positions:no_data; token_unlock:no_data
23,2024-11-19 13:00:00+00:00,ADAUSDT,15.73,macro_extreme,LOW,fg=86(Extreme Greed); sweep:pre_coverage; news:pre_coverage; unlock:no_data; whale_positions:no_data; token_unlock:no_data
24,2024-11-22 00:00:00+00:00,ADAUSDT,34.93,macro_extreme|stablecoin_inflow,HIGH,fg=82(Extreme Greed); sweep:pre_coverage; news:pre_coverage; unlock:no_data; whale_positions:no_data; token_unlock:no_data
25,2025-02-03 02:00:00+00:00,ADAUSDT,31.22,none,NONE,fg=52(Fear); sweep:pre_coverage; news:pre_coverage; unlock:no_data; whale_positions:no_data; token_unlock:no_data
26,2025-03-02 14:00:00+00:00,ADAUSDT,75.15,macro_extreme,LOW,fg=23(Extreme Fear); sweep:pre_coverage; news:pre_coverage; unlock:no_data; whale_positions:no_data; token_unlock:no_data
27,2025-03-04 13:00:00+00:00,ADAUSDT,25.61,macro_extreme,LOW,fg=24(Extreme Fear); sweep:pre_coverage; news:pre_coverage; unlock:no_data; whale_positions:no_data; token_unlock:no_data
28,2025-07-10 13:00:00+00:00,ADAUSDT,20.74,none,NONE,fg=68(Greed); sweep:pre_coverage; news:pre_coverage; unlock:no_data; whale_positions:no_data; token_unlock:no_data
29,2025-07-17 03:00:00+00:00,ADAUSDT,15.47,stablecoin_inflow,HIGH,fg=72(Greed); sweep:pre_coverage; news:pre_coverage; unlock:no_data; whale_positions:no_data; token_unlock:no_data
30,2025-08-13 14:00:00+00:00,ADAUSDT,17.46,none,NONE,fg=70(Greed); sweep:pre_coverage; news:pre_coverage; unlock:no_data; whale_positions:no_data; token_unlock:no_data
31,2026-02-06 00:00:00+00:00,ADAUSDT,15.02,macro_extreme,LOW,fg=13(Extreme Fear); sweep:pre_coverage; news:pre_coverage; unlock:no_data; whale_positions:no_data; token_unlock:no_data
32,2025-03-02 14:00:00+00:00,ADAUSDT,33.61,macro_extreme,LOW,fg=23(Extreme Fear); sweep:pre_coverage; news:pre_coverage; unlock:no_data; whale_positions:no_data; token_unlock:no_data
33,2024-07-08 01:00:00+00:00,ALTUSDT,17.17,none,NONE,fg=28(Fear); sweep:pre_coverage; news:pre_coverage; unlock:no_data; whale_positions:no_data; token_unlock:no_data
34,2024-07-15 16:00:00+00:00,ALTUSDT,19.47,none,NONE,fg=42(Fear); sweep:pre_coverage; news:pre_coverage; unlock:no_data; whale_positions:no_data; token_unlock:no_data
35,2024-08-05 06:00:00+00:00,ALTUSDT,22.41,none,NONE,fg=30(Fear); sweep:pre_coverage; news:pre_coverage; unlock:no_data; whale_positions:no_data; token_unlock:no_data
36,2024-08-16 10:00:00+00:00,ALTUSDT,24.41,none,NONE,fg=28(Fear); sweep:pre_coverage; news:pre_coverage; unlock:no_data; whale_positions:no_data; token_unlock:no_data
37,2024-09-18 17:00:00+00:00,ALTUSDT,51.95,none,NONE,fg=39(Fear); sweep:pre_coverage; news:pre_coverage; unlock:no_data; whale_positions:no_data; token_unlock:no_data
38,2024-09-22 21:00:00+00:00,ALTUSDT,25.52,none,NONE,fg=53(Neutral); sweep:pre_coverage; news:pre_coverage; unlock:no_data; whale_positions:no_data; token_unlock:no_data
39,2024-09-23 12:00:00+00:00,ALTUSDT,19.1,none,NONE,fg=51(Neutral); sweep:pre_coverage; news:pre_coverage; unlock:no_data; whale_positions:no_data; token_unlock:no_data
40,2024-11-13 05:00:00+00:00,ALTUSDT,31.1,macro_extreme,LOW,fg=82(Extreme Greed); sweep:pre_coverage; news:pre_coverage; unlock:no_data; whale_positions:no_data; token_unlock:no_data
41,2024-11-24 11:00:00+00:00,ALTUSDT,16.37,macro_extreme|stablecoin_inflow,HIGH,fg=86(Extreme Greed); sweep:pre_coverage; news:pre_coverage; unlock:no_data; whale_positions:no_data; token_unlock:no_data
42,2024-12-02 17:00:00+00:00,ALTUSDT,23.02,macro_extreme,LOW,fg=80(Extreme Greed); sweep:pre_coverage; news:pre_coverage; unlock:no_data; whale_positions:no_data; token_unlock:no_data
43,2025-01-20 00:00:00+00:00,ALTUSDT,15.08,macro_extreme|stablecoin_inflow,HIGH,fg=77(Extreme Greed); sweep:pre_coverage; news:pre_coverage; unlock:no_data; whale_positions:no_data; token_unlock:no_data
44,2025-02-03 02:00:00+00:00,ALTUSDT,29.73,none,NONE,fg=52(Fear); sweep:pre_coverage; news:pre_coverage; unlock:no_data; whale_positions:no_data; token_unlock:no_data
45,2025-04-28 01:00:00+00:00,ALTUSDT,16.22,none,NONE,fg=58(Greed); sweep:pre_coverage; news:pre_coverage; unlock:no_data; whale_positions:no_data; token_unlock:no_data
46,2025-05-09 16:00:00+00:00,ALTUSDT,15.07,none,NONE,fg=69(Greed); sweep:pre_coverage; news:pre_coverage; unlock:no_data; whale_positions:no_data; token_unlock:no_data
47,2025-06-15 09:00:00+00:00,ALTUSDT,86.25,none,NONE,fg=62(Greed); sweep:pre_coverage; news:pre_coverage; unlock:no_data; whale_positions:no_data; token_unlock:no_data
48,2025-06-17 08:00:00+00:00,ALTUSDT,20.17,none,NONE,fg=64(Greed); sweep:pre_coverage; news:pre_coverage; unlock:no_data; whale_positions:no_data; token_unlock:no_data
49,2025-07-10 15:00:00+00:00,ALTUSDT,74.12,none,NONE,fg=68(Greed); sweep:pre_coverage; news:pre_coverage; unlock:no_data; whale_positions:no_data; token_unlock:no_data
50,2025-07-27 00:00:00+00:00,ALTUSDT,30.85,none,NONE,fg=71(Greed); sweep:pre_coverage; news:pre_coverage; unlock:no_data; whale_positions:no_data; token_unlock:no_data
51,2025-10-11 01:00:00+00:00,ALTUSDT,15.54,none,NONE,fg=46(Fear); sweep:pre_coverage; news:pre_coverage; unlock:no_data; whale_positions:no_data; token_unlock:no_data
52,2025-10-11 20:00:00+00:00,ALTUSDT,17.87,none,NONE,fg=46(Fear); sweep:pre_coverage; news:pre_coverage; unlock:no_data; whale_positions:no_data; token_unlock:no_data
53,2025-11-01 07:00:00+00:00,ALTUSDT,27.39,none,NONE,fg=31(Fear); sweep:pre_coverage; news:pre_coverage; unlock:no_data; whale_positions:no_data; token_unlock:no_data
54,2025-11-19 19:00:00+00:00,ALTUSDT,15.76,macro_extreme,LOW,fg=13(Extreme Fear); sweep:pre_coverage; news:pre_coverage; unlock:no_data; whale_positions:no_data; token_unlock:no_data
55,2026-01-31 18:00:00+00:00,ALTUSDT,16.63,macro_extreme,LOW,fg=18(Extreme Fear); sweep:pre_coverage; news:pre_coverage; unlock:no_data; whale_positions:no_data; token_unlock:no_data
56,2026-04-02 21:00:00+00:00,ALTUSDT,20.86,macro_extreme,LOW,fg=10(Extreme Fear); sweep:pre_coverage; news:pre_coverage; unlock:no_data; whale_positions:no_data; token_unlock:no_data
57,2026-04-15 09:00:00+00:00,ALTUSDT,19.15,macro_extreme,LOW,fg=22(Extreme Fear); unlock:no_data; whale_positions:no_data; token_unlock:no_data
58,2026-05-21 16:00:00+00:00,ALTUSDT,47.68,none,NONE,fg=28(Fear); unlock:no_data; whale_positions:no_data; token_unlock:no_data
59,2026-05-26 17:00:00+00:00,ALTUSDT,22.25,none,NONE,fg=32(Fear); unlock:no_data; whale_positions:no_data; token_unlock:no_data
60,2024-07-16 14:00:00+00:00,ALTUSDT,10.27,none,NONE,fg=58(Greed); sweep:pre_coverage; news:pre_coverage; unlock:no_data; whale_positions:no_data; token_unlock:no_data
61,2024-08-05 12:00:00+00:00,ALTUSDT,11.02,none,NONE,fg=30(Fear); sweep:pre_coverage; news:pre_coverage; unlock:no_data; whale_positions:no_data; token_unlock:no_data
62,2024-11-14 01:00:00+00:00,ALTUSDT,19.86,macro_extreme,LOW,fg=86(Extreme Greed); sweep:pre_coverage; news:pre_coverage; unlock:no_data; whale_positions:no_data; token_unlock:no_data
63,2024-12-03 06:00:00+00:00,ALTUSDT,11.12,macro_extreme,LOW,fg=78(Extreme Greed); sweep:pre_coverage; news:pre_coverage; unlock:no_data; whale_positions:no_data; token_unlock:no_data
64,2025-06-16 08:00:00+00:00,ALTUSDT,73.98,none,NONE,fg=60(Greed); sweep:pre_coverage; news:pre_coverage; unlock:no_data; whale_positions:no_data; token_unlock:no_data
65,2025-07-11 04:00:00+00:00,ALTUSDT,46.81,none,NONE,fg=71(Greed); sweep:pre_coverage; news:pre_coverage; unlock:no_data; whale_positions:no_data; token_unlock:no_data
66,2025-11-02 05:00:00+00:00,ALTUSDT,10.91,none,NONE,fg=35(Fear); sweep:pre_coverage; news:pre_coverage; unlock:no_data; whale_positions:no_data; token_unlock:no_data
67,2026-05-21 05:00:00+00:00,ALTUSDT,10.12,none,NONE,fg=28(Fear); unlock:no_data; whale_positions:no_data; token_unlock:no_data
68,2026-05-22 06:00:00+00:00,ALTUSDT,15.25,none,NONE,fg=28(Fear); unlock:no_data; whale_positions:no_data; token_unlock:no_data
69,2025-12-14 16:00:00+00:00,BEATUSDT,102.38,macro_extreme,LOW,fg=22(Extreme Fear); sweep:pre_coverage; news:pre_coverage; unlock:no_data; whale_positions:no_data; token_unlock:no_data
70,2025-12-21 18:00:00+00:00,BEATUSDT,31.04,macro_extreme,LOW,fg=20(Extreme Fear); sweep:pre_coverage; news:pre_coverage; unlock:no_data; whale_positions:no_data; token_unlock:no_data
71,2025-12-23 21:00:00+00:00,BEATUSDT,25.35,macro_extreme,LOW,fg=24(Extreme Fear); sweep:pre_coverage; news:pre_coverage; unlock:no_data; whale_positions:no_data; token_unlock:no_data
72,2026-02-14 17:00:00+00:00,BEATUSDT,23.56,macro_extreme,LOW,fg=9(Extreme Fear); sweep:pre_coverage; news:pre_coverage; unlock:no_data; whale_positions:no_data; token_unlock:no_data
73,2026-03-06 07:00:00+00:00,BEATUSDT,40.53,macro_extreme,LOW,fg=20(Extreme Fear); sweep:pre_coverage; news:pre_coverage; unlock:no_data; whale_positions:no_data; token_unlock:no_data
74,2026-03-15 22:00:00+00:00,BEATUSDT,39.98,macro_extreme,LOW,fg=16(Extreme Fear); sweep:pre_coverage; news:pre_coverage; unlock:no_data; whale_positions:no_data; token_unlock:no_data
75,2026-05-22 03:00:00+00:00,BEATUSDT,80.92,none,NONE,fg=28(Fear); unlock:no_data; whale_positions:no_data; token_unlock:no_data
76,2026-05-26 11:00:00+00:00,BEATUSDT,27.3,none,NONE,fg=32(Fear); unlock:no_data; whale_positions:no_data; token_unlock:no_data
77,2025-11-13 13:00:00+00:00,BEATUSDT,12.61,macro_extreme,LOW,fg=20(Extreme Fear); sweep:pre_coverage; news:pre_coverage; unlock:no_data; whale_positions:no_data; token_unlock:no_data
78,2025-11-20 12:00:00+00:00,BEATUSDT,57.74,macro_extreme,LOW,fg=13(Extreme Fear); sweep:pre_coverage; news:pre_coverage; unlock:no_data; whale_positions:no_data; token_unlock:no_data
79,2025-12-07 06:00:00+00:00,BEATUSDT,12.5,macro_extreme,LOW,fg=22(Extreme Fear); sweep:pre_coverage; news:pre_coverage; unlock:no_data; whale_positions:no_data; token_unlock:no_data
80,2025-12-12 12:00:00+00:00,BEATUSDT,12.75,none,NONE,fg=29(Fear); sweep:pre_coverage; news:pre_coverage; unlock:no_data; whale_positions:no_data; token_unlock:no_data
81,2025-12-14 17:00:00+00:00,BEATUSDT,13.98,macro_extreme,LOW,fg=22(Extreme Fear); sweep:pre_coverage; news:pre_coverage; unlock:no_data; whale_positions:no_data; token_unlock:no_data
82,2025-12-14 23:00:00+00:00,BEATUSDT,14.21,macro_extreme,LOW,fg=22(Extreme Fear); sweep:pre_coverage; news:pre_coverage; unlock:no_data; whale_positions:no_data; token_unlock:no_data
83,2025-12-15 03:00:00+00:00,BEATUSDT,19.78,macro_extreme,LOW,fg=18(Extreme Fear); sweep:pre_coverage; news:pre_coverage; unlock:no_data; whale_positions:no_data; token_unlock:no_data
84,2025-12-15 15:00:00+00:00,BEATUSDT,12.61,macro_extreme,LOW,fg=18(Extreme Fear); sweep:pre_coverage; news:pre_coverage; unlock:no_data; whale_positions:no_data; token_unlock:no_data
85,2025-12-16 23:00:00+00:00,BEATUSDT,15.31,macro_extreme,LOW,fg=14(Extreme Fear); sweep:pre_coverage; news:pre_coverage; unlock:no_data; whale_positions:no_data; token_unlock:no_data
86,2025-12-18 17:00:00+00:00,BEATUSDT,13.59,macro_extreme,LOW,fg=16(Extreme Fear); sweep:pre_coverage; news:pre_coverage; unlock:no_data; whale_positions:no_data; token_unlock:no_data
87,2025-12-21 19:00:00+00:00,BEATUSDT,13.08,macro_extreme,LOW,fg=20(Extreme Fear); sweep:pre_coverage; news:pre_coverage; unlock:no_data; whale_positions:no_data; token_unlock:no_data
88,2025-12-24 04:00:00+00:00,BEATUSDT,11.45,macro_extreme,LOW,fg=24(Extreme Fear); sweep:pre_coverage; news:pre_coverage; unlock:no_data; whale_positions:no_data; token_unlock:no_data
89,2025-12-24 13:00:00+00:00,BEATUSDT,10.43,macro_extreme,LOW,fg=24(Extreme Fear); sweep:pre_coverage; news:pre_coverage; unlock:no_data; whale_positions:no_data; token_unlock:no_data
90,2025-12-26 02:00:00+00:00,BEATUSDT,23.43,macro_extreme,LOW,fg=22(Extreme Fear); sweep:pre_coverage; news:pre_coverage; unlock:no_data; whale_positions:no_data; token_unlock:no_data
91,2025-12-29 09:00:00+00:00,BEATUSDT,17.98,macro_extreme,LOW,fg=24(Extreme Fear); sweep:pre_coverage; news:pre_coverage; unlock:no_data; whale_positions:no_data; token_unlock:no_data
92,2026-01-01 15:00:00+00:00,BEATUSDT,17.2,macro_extreme,LOW,fg=20(Extreme Fear); sweep:pre_coverage; news:pre_coverage; unlock:no_data; whale_positions:no_data; token_unlock:no_data
93,2026-01-14 03:00:00+00:00,BEATUSDT,12.78,stablecoin_inflow,HIGH,fg=37(Fear); sweep:pre_coverage; news:pre_coverage; unlock:no_data; whale_positions:no_data; token_unlock:no_data
94,2026-03-27 11:00:00+00:00,BEATUSDT,10.34,macro_extreme,LOW,fg=12(Extreme Fear); sweep:pre_coverage; news:pre_coverage; unlock:no_data; whale_positions:no_data; token_unlock:no_data
95,2026-04-03 01:00:00+00:00,BEATUSDT,18.12,macro_extreme,LOW,fg=10(Extreme Fear); sweep:pre_coverage; news:pre_coverage; unlock:no_data; whale_positions:no_data; token_unlock:no_data
96,2026-04-08 13:00:00+00:00,BEATUSDT,11.73,macro_extreme,LOW,fg=14(Extreme Fear); sweep:pre_coverage; news:pre_coverage; unlock:no_data; whale_positions:no_data; token_unlock:no_data
97,2026-05-22 07:00:00+00:00,BEATUSDT,10.25,none,NONE,fg=28(Fear); unlock:no_data; whale_positions:no_data; token_unlock:no_data
98,2024-08-05 12:00:00+00:00,BNBUSDT,19.2,none,NONE,fg=30(Fear); sweep:pre_coverage; news:pre_coverage; unlock:no_data; whale_positions:no_data; token_unlock:no_data
99,2024-12-03 13:00:00+00:00,BNBUSDT,23.92,macro_extreme,LOW,fg=78(Extreme Greed); sweep:pre_coverage; news:pre_coverage; unlock:no_data; whale_positions:no_data; token_unlock:no_data
100,2025-10-12 01:00:00+00:00,BNBUSDT,18.23,macro_extreme,LOW,fg=26(Extreme Fear); sweep:pre_coverage; news:pre_coverage; unlock:no_data; whale_positions:no_data; token_unlock:no_data
101,2026-04-21 06:00:00+00:00,BSBUSDT,59.69,none,NONE,fg=31(Fear); unlock:no_data; whale_positions:no_data; token_unlock:no_data
102,2026-04-23 09:00:00+00:00,BSBUSDT,78.23,none,NONE,fg=39(Fear); unlock:no_data; whale_positions:no_data; token_unlock:no_data
103,2026-04-24 20:00:00+00:00,BSBUSDT,80.89,none,NONE,fg=42(Fear); unlock:no_data; whale_positions:no_data; token_unlock:no_data
104,2026-04-28 07:00:00+00:00,BSBUSDT,25.4,news_signal,MEDIUM,fg=40(Fear); news=screener_proxy_not_external_news; unlock:no_data; whale_positions:no_data; token_unlock:no_data
105,2026-04-29 16:00:00+00:00,BSBUSDT,93.74,liq_sweep,LOW,fg=30(Fear); unlock:no_data; whale_positions:no_data; token_unlock:no_data
106,2026-05-03 07:00:00+00:00,BSBUSDT,85.42,none,NONE,fg=43(Fear); unlock:no_data; whale_positions:no_data; token_unlock:no_data
107,2026-05-04 14:00:00+00:00,BSBUSDT,33.07,none,NONE,fg=44(Fear); unlock:no_data; whale_positions:no_data; token_unlock:no_data
108,2026-05-07 16:00:00+00:00,BSBUSDT,70.78,none,NONE,fg=46(Fear); unlock:no_data; whale_positions:no_data; token_unlock:no_data
109,2026-05-08 18:00:00+00:00,BSBUSDT,19.47,none,NONE,fg=42(Fear); unlock:no_data; whale_positions:no_data; token_unlock:no_data
110,2026-05-16 15:00:00+00:00,BSBUSDT,49.73,none,NONE,fg=37(Fear); unlock:no_data; whale_positions:no_data; token_unlock:no_data
111,2026-05-19 20:00:00+00:00,BSBUSDT,90.35,liq_sweep,LOW,fg=26(Extreme Fear); unlock:no_data; whale_positions:no_data; token_unlock:no_data
112,2026-05-20 20:00:00+00:00,BSBUSDT,28.28,liq_sweep,LOW,fg=26(Extreme Fear); unlock:no_data; whale_positions:no_data; token_unlock:no_data
113,2026-05-22 15:00:00+00:00,BSBUSDT,154.56,news_signal,MEDIUM,fg=28(Fear); news=screener_proxy_not_external_news; unlock:no_data; whale_positions:no_data; token_unlock:no_data
114,2026-05-25 10:00:00+00:00,BSBUSDT,37.03,none,NONE,fg=28(Extreme Fear); unlock:no_data; whale_positions:no_data; token_unlock:no_data
115,2026-04-22 01:00:00+00:00,BSBUSDT,21.45,none,NONE,fg=32(Fear); unlock:no_data; whale_positions:no_data; token_unlock:no_data
116,2026-04-23 10:00:00+00:00,BSBUSDT,12.19,none,NONE,fg=39(Fear); unlock:no_data; whale_positions:no_data; token_unlock:no_data
117,2026-04-23 12:00:00+00:00,BSBUSDT,17.55,none,NONE,fg=39(Fear); unlock:no_data; whale_positions:no_data; token_unlock:no_data
118,2026-04-24 04:00:00+00:00,BSBUSDT,10.62,none,NONE,fg=42(Fear); unlock:no_data; whale_positions:no_data; token_unlock:no_data
119,2026-04-24 07:00:00+00:00,BSBUSDT,18.83,none,NONE,fg=42(Fear); unlock:no_data; whale_positions:no_data; token_unlock:no_data
120,2026-04-25 01:00:00+00:00,BSBUSDT,14.09,none,NONE,fg=35(Fear); unlock:no_data; whale_positions:no_data; token_unlock:no_data
121,2026-04-25 12:00:00+00:00,BSBUSDT,20.05,news_signal,MEDIUM,fg=35(Fear); news=screener_proxy_not_external_news; unlock:no_data; whale_positions:no_data; token_unlock:no_data
122,2026-04-26 03:00:00+00:00,BSBUSDT,13.25,news_signal,MEDIUM,fg=32(Fear); news=screener_proxy_not_external_news; unlock:no_data; whale_positions:no_data; token_unlock:no_data
123,2026-04-26 05:00:00+00:00,BSBUSDT,38.61,news_signal,MEDIUM,fg=32(Fear); news=screener_proxy_not_external_news; unlock:no_data; whale_positions:no_data; token_unlock:no_data
124,2026-04-27 05:00:00+00:00,BSBUSDT,11.77,none,NONE,fg=40(Fear); unlock:no_data; whale_positions:no_data; token_unlock:no_data
125,2026-04-28 08:00:00+00:00,BSBUSDT,14.78,news_signal,MEDIUM,fg=40(Fear); news=screener_proxy_not_external_news; unlock:no_data; whale_positions:no_data; token_unlock:no_data
126,2026-04-29 16:00:00+00:00,BSBUSDT,31.76,liq_sweep,LOW,fg=30(Fear); unlock:no_data; whale_positions:no_data; token_unlock:no_data
127,2026-04-30 02:00:00+00:00,BSBUSDT,18.44,none,NONE,fg=28(Fear); unlock:no_data; whale_positions:no_data; token_unlock:no_data
128,2026-04-30 04:00:00+00:00,BSBUSDT,11.39,none,NONE,fg=28(Fear); unlock:no_data; whale_positions:no_data; token_unlock:no_data
129,2026-04-30 07:00:00+00:00,BSBUSDT,16.68,none,NONE,fg=28(Fear); unlock:no_data; whale_positions:no_data; token_unlock:no_data
130,2026-05-04 03:00:00+00:00,BSBUSDT,18.32,none,NONE,fg=44(Fear); unlock:no_data; whale_positions:no_data; token_unlock:no_data
131,2026-05-04 15:00:00+00:00,BSBUSDT,15.78,none,NONE,fg=44(Fear); unlock:no_data; whale_positions:no_data; token_unlock:no_data
132,2026-05-06 12:00:00+00:00,BSBUSDT,15.14,none,NONE,fg=48(Fear); unlock:no_data; whale_positions:no_data; token_unlock:no_data
133,2026-05-08 18:00:00+00:00,BSBUSDT,19.45,none,NONE,fg=42(Fear); unlock:no_data; whale_positions:no_data; token_unlock:no_data
134,2026-05-17 08:00:00+00:00,BSBUSDT,10.33,none,NONE,fg=29(Fear); unlock:no_data; whale_positions:no_data; token_unlock:no_data
135,2026-05-19 16:00:00+00:00,BSBUSDT,22.49,liq_sweep,LOW,fg=26(Extreme Fear); unlock:no_data; whale_positions:no_data; token_unlock:no_data
136,2026-05-19 20:00:00+00:00,BSBUSDT,14.12,liq_sweep,LOW,fg=26(Extreme Fear); unlock:no_data; whale_positions:no_data; token_unlock:no_data
137,2026-05-20 17:00:00+00:00,BSBUSDT,19.06,none,NONE,fg=26(Extreme Fear); unlock:no_data; whale_positions:no_data; token_unlock:no_data
138,2026-05-21 12:00:00+00:00,BSBUSDT,17.45,none,NONE,fg=28(Fear); unlock:no_data; whale_positions:no_data; token_unlock:no_data
139,2026-05-22 16:00:00+00:00,BSBUSDT,34.08,news_signal,MEDIUM,fg=28(Fear); news=screener_proxy_not_external_news; unlock:no_data; whale_positions:no_data; token_unlock:no_data
140,2026-05-23 08:00:00+00:00,BSBUSDT,13.44,news_signal,MEDIUM,fg=28(Fear); news=screener_proxy_not_external_news; unlock:no_data; whale_positions:no_data; token_unlock:no_data
141,2026-05-24 11:00:00+00:00,BSBUSDT,15.31,none,NONE,fg=26(Extreme Fear); unlock:no_data; whale_positions:no_data; token_unlock:no_data
142,2026-05-27 04:00:00+00:00,BSBUSDT,10.18,news_signal,MEDIUM,fg=30(Extreme Fear); news=screener_proxy_not_external_news; unlock:no_data; whale_positions:no_data; token_unlock:no_data
143,2024-08-05 12:00:00+00:00,DOGEUSDT,20.46,none,NONE,fg=30(Fear); sweep:pre_coverage; news:pre_coverage; unlock:no_data; whale_positions:no_data; token_unlock:no_data
144,2024-10-17 18:00:00+00:00,DOGEUSDT,15.52,none,NONE,fg=72(Greed); sweep:pre_coverage; news:pre_coverage; unlock:no_data; whale_positions:no_data; token_unlock:no_data
145,2024-10-28 16:00:00+00:00,DOGEUSDT,19.01,none,NONE,fg=73(Greed); sweep:pre_coverage; news:pre_coverage; unlock:no_data; whale_positions:no_data; token_unlock:no_data
146,2024-11-05 04:00:00+00:00,DOGEUSDT,30.46,stablecoin_inflow,HIGH,fg=70(Greed); sweep:pre_coverage; news:pre_coverage; unlock:no_data; whale_positions:no_data; token_unlock:no_data
147,2024-11-11 08:00:00+00:00,DOGEUSDT,54.28,macro_extreme,LOW,fg=77(Extreme Greed); sweep:pre_coverage; news:pre_coverage; unlock:no_data; whale_positions:no_data; token_unlock:no_data
148,2024-11-13 05:00:00+00:00,DOGEUSDT,17.06,macro_extreme,LOW,fg=82(Extreme Greed); sweep:pre_coverage; news:pre_coverage; unlock:no_data; whale_positions:no_data; token_unlock:no_data
149,2025-02-03 02:00:00+00:00,DOGEUSDT,26.53,none,NONE,fg=52(Fear); sweep:pre_coverage; news:pre_coverage; unlock:no_data; whale_positions:no_data; token_unlock:no_data
150,2025-03-02 14:00:00+00:00,DOGEUSDT,18.26,macro_extreme,LOW,fg=23(Extreme Fear); sweep:pre_coverage; news:pre_coverage; unlock:no_data; whale_positions:no_data; token_unlock:no_data
151,2025-04-07 06:00:00+00:00,DOGEUSDT,15.8,macro_extreme,LOW,fg=28(Extreme Fear); sweep:pre_coverage; news:pre_coverage; unlock:no_data; whale_positions:no_data; token_unlock:no_data
152,2025-05-10 00:00:00+00:00,DOGEUSDT,23.08,none,NONE,fg=69(Greed); sweep:pre_coverage; news:pre_coverage; unlock:no_data; whale_positions:no_data; token_unlock:no_data
153,2025-07-17 16:00:00+00:00,DOGEUSDT,17.71,stablecoin_inflow,HIGH,fg=72(Greed); sweep:pre_coverage; news:pre_coverage; unlock:no_data; whale_positions:no_data; token_unlock:no_data
154,2025-10-11 20:00:00+00:00,DOGEUSDT,16.0,none,NONE,fg=46(Fear); sweep:pre_coverage; news:pre_coverage; unlock:no_data; whale_positions:no_data; token_unlock:no_data
155,2026-02-14 08:00:00+00:00,DOGEUSDT,18.85,macro_extreme,LOW,fg=9(Extreme Fear); sweep:pre_coverage; news:pre_coverage; unlock:no_data; whale_positions:no_data; token_unlock:no_data
156,2024-11-06 01:00:00+00:00,DOGEUSDT,10.65,stablecoin_inflow,HIGH,fg=70(Greed); sweep:pre_coverage; news:pre_coverage; unlock:no_data; whale_positions:no_data; token_unlock:no_data
157,2025-01-21 10:00:00+00:00,DOGEUSDT,11.29,macro_extreme,LOW,fg=76(Extreme Greed); sweep:pre_coverage; news:pre_coverage; unlock:no_data; whale_positions:no_data; token_unlock:no_data
158,2024-12-05 01:00:00+00:00,DRIFTUSDT,32.75,macro_extreme,LOW,fg=81(Extreme Greed); sweep:pre_coverage; news:pre_coverage; unlock:no_data; whale_positions:no_data; token_unlock:no_data
159,2024-12-30 21:00:00+00:00,DRIFTUSDT,21.27,none,NONE,fg=69(Greed); sweep:pre_coverage; news:pre_coverage; unlock:no_data; whale_positions:no_data; token_unlock:no_data
160,2025-02-03 01:00:00+00:00,DRIFTUSDT,24.76,none,NONE,fg=52(Fear); sweep:pre_coverage; news:pre_coverage; unlock:no_data; whale_positions:no_data; token_unlock:no_data
161,2025-03-04 01:00:00+00:00,DRIFTUSDT,18.05,macro_extreme,LOW,fg=24(Extreme Fear); sweep:pre_coverage; news:pre_coverage; unlock:no_data; whale_positions:no_data; token_unlock:no_data
162,2025-03-14 18:00:00+00:00,DRIFTUSDT,19.81,none,NONE,fg=36(Fear); sweep:pre_coverage; news:pre_coverage; unlock:no_data; whale_positions:no_data; token_unlock:no_data
163,2025-03-16 23:00:00+00:00,DRIFTUSDT,25.69,none,NONE,fg=38(Fear); sweep:pre_coverage; news:pre_coverage; unlock:no_data; whale_positions:no_data; token_unlock:no_data
164,2025-04-29 22:00:00+00:00,DRIFTUSDT,39.6,none,NONE,fg=57(Greed); sweep:pre_coverage; news:pre_coverage; unlock:no_data; whale_positions:no_data; token_unlock:no_data
165,2025-05-07 05:00:00+00:00,DRIFTUSDT,20.25,none,NONE,fg=63(Greed); sweep:pre_coverage; news:pre_coverage; unlock:no_data; whale_positions:no_data; token_unlock:no_data
166,2025-06-28 08:00:00+00:00,DRIFTUSDT,16.63,none,NONE,fg=65(Greed); sweep:pre_coverage; news:pre_coverage; unlock:no_data; whale_positions:no_data; token_unlock:no_data
167,2025-07-20 12:00:00+00:00,DRIFTUSDT,45.39,none,NONE,fg=73(Greed); sweep:pre_coverage; news:pre_coverage; unlock:no_data; whale_positions:no_data; token_unlock:no_data
168,2025-08-27 02:00:00+00:00,DRIFTUSDT,27.93,stablecoin_inflow,HIGH,fg=50(Neutral); sweep:pre_coverage; news:pre_coverage; unlock:no_data; whale_positions:no_data; token_unlock:no_data
169,2025-09-12 03:00:00+00:00,DRIFTUSDT,15.89,none,NONE,fg=56(Greed); sweep:pre_coverage; news:pre_coverage; unlock:no_data; whale_positions:no_data; token_unlock:no_data
170,2025-09-17 17:00:00+00:00,DRIFTUSDT,45.39,none,NONE,fg=52(Neutral); sweep:pre_coverage; news:pre_coverage; unlock:no_data; whale_positions:no_data; token_unlock:no_data
171,2025-09-24 03:00:00+00:00,DRIFTUSDT,19.59,none,NONE,fg=44(Fear); sweep:pre_coverage; news:pre_coverage; unlock:no_data; whale_positions:no_data; token_unlock:no_data
172,2025-09-26 15:00:00+00:00,DRIFTUSDT,22.42,none,NONE,fg=36(Fear); sweep:pre_coverage; news:pre_coverage; unlock:no_data; whale_positions:no_data; token_unlock:no_data
173,2025-09-30 12:00:00+00:00,DRIFTUSDT,21.1,none,NONE,fg=50(Neutral); sweep:pre_coverage; news:pre_coverage; unlock:no_data; whale_positions:no_data; token_unlock:no_data
174,2026-01-13 05:00:00+00:00,DRIFTUSDT,16.35,none,NONE,fg=26(Fear); sweep:pre_coverage; news:pre_coverage; unlock:no_data; whale_positions:no_data; token_unlock:no_data
175,2026-01-25 23:00:00+00:00,DRIFTUSDT,15.59,none,NONE,fg=25(Extreme Fear); sweep:pre_coverage; news:pre_coverage; unlock:no_data; whale_positions:no_data; token_unlock:no_data
176,2026-02-06 08:00:00+00:00,DRIFTUSDT,17.39,macro_extreme,LOW,fg=10(Extreme Fear); sweep:pre_coverage; news:pre_coverage; unlock:no_data; whale_positions:no_data; token_unlock:no_data
177,2026-04-02 04:00:00+00:00,DRIFTUSDT,42.57,macro_extreme,LOW,fg=10(Extreme Fear); sweep:pre_coverage; news:pre_coverage; unlock:no_data; whale_positions:no_data; token_unlock:no_data
178,2026-04-03 03:00:00+00:00,DRIFTUSDT,16.77,macro_extreme,LOW,fg=10(Extreme Fear); sweep:pre_coverage; news:pre_coverage; unlock:no_data; whale_positions:no_data; token_unlock:no_data
179,2026-04-04 15:00:00+00:00,DRIFTUSDT,41.0,macro_extreme,LOW,fg=10(Extreme Fear); sweep:pre_coverage; news:pre_coverage; unlock:no_data; whale_positions:no_data; token_unlock:no_data
180,2026-04-06 08:00:00+00:00,DRIFTUSDT,17.86,macro_extreme,LOW,fg=12(Extreme Fear); sweep:pre_coverage; news:pre_coverage; unlock:no_data; whale_positions:no_data; token_unlock:no_data
181,2026-04-07 17:00:00+00:00,DRIFTUSDT,66.91,macro_extreme,LOW,fg=12(Extreme Fear); sweep:pre_coverage; news:pre_coverage; unlock:no_data; whale_positions:no_data; token_unlock:no_data
182,2026-04-12 12:00:00+00:00,DRIFTUSDT,42.69,macro_extreme|news_signal,MEDIUM,fg=16(Extreme Fear); sweep:pre_coverage; news=screener_proxy_not_external_news; unlock:no_data; whale_positions:no_data; token_unlock:no_data
183,2026-04-13 18:00:00+00:00,DRIFTUSDT,23.29,macro_extreme|news_signal,MEDIUM,fg=14(Extreme Fear); sweep:pre_coverage; news=screener_proxy_not_external_news; unlock:no_data; whale_positions:no_data; token_unlock:no_data
184,2026-04-15 15:00:00+00:00,DRIFTUSDT,32.63,macro_extreme,LOW,fg=22(Extreme Fear); unlock:no_data; whale_positions:no_data; token_unlock:no_data
185,2026-04-30 13:00:00+00:00,DRIFTUSDT,43.05,none,NONE,fg=28(Fear); unlock:no_data; whale_positions:no_data; token_unlock:no_data
186,2026-05-25 07:00:00+00:00,DRIFTUSDT,41.71,none,NONE,fg=28(Extreme Fear); unlock:no_data; whale_positions:no_data; token_unlock:no_data
187,2024-12-05 23:00:00+00:00,DRIFTUSDT,18.52,macro_extreme,LOW,fg=81(Extreme Greed); sweep:pre_coverage; news:pre_coverage; unlock:no_data; whale_positions:no_data; token_unlock:no_data
188,2025-04-29 23:00:00+00:00,DRIFTUSDT,21.19,none,NONE,fg=57(Greed); sweep:pre_coverage; news:pre_coverage; unlock:no_data; whale_positions:no_data; token_unlock:no_data
189,2025-06-29 06:00:00+00:00,DRIFTUSDT,10.45,none,NONE,fg=66(Greed); sweep:pre_coverage; news:pre_coverage; unlock:no_data; whale_positions:no_data; token_unlock:no_data
190,2025-07-21 02:00:00+00:00,DRIFTUSDT,17.72,none,NONE,fg=72(Greed); sweep:pre_coverage; news:pre_coverage; unlock:no_data; whale_positions:no_data; token_unlock:no_data
191,2025-08-28 01:00:00+00:00,DRIFTUSDT,12.37,none,NONE,fg=50(Neutral); sweep:pre_coverage; news:pre_coverage; unlock:no_data; whale_positions:no_data; token_unlock:no_data
192,2025-09-17 21:00:00+00:00,DRIFTUSDT,10.88,none,NONE,fg=52(Neutral); sweep:pre_coverage; news:pre_coverage; unlock:no_data; whale_positions:no_data; token_unlock:no_data
193,2026-01-25 23:00:00+00:00,DRIFTUSDT,15.59,none,NONE,fg=25(Extreme Fear); sweep:pre_coverage; news:pre_coverage; unlock:no_data; whale_positions:no_data; token_unlock:no_data
194,2026-04-02 10:00:00+00:00,DRIFTUSDT,11.42,macro_extreme,LOW,fg=10(Extreme Fear); sweep:pre_coverage; news:pre_coverage; unlock:no_data; whale_positions:no_data; token_unlock:no_data
195,2026-04-08 06:00:00+00:00,DRIFTUSDT,18.41,macro_extreme,LOW,fg=14(Extreme Fear); sweep:pre_coverage; news:pre_coverage; unlock:no_data; whale_positions:no_data; token_unlock:no_data
196,2026-04-11 07:00:00+00:00,DRIFTUSDT,13.28,macro_extreme,LOW,fg=16(Extreme Fear); sweep:pre_coverage; news:pre_coverage; unlock:no_data; whale_positions:no_data; token_unlock:no_data
197,2026-04-13 05:00:00+00:00,DRIFTUSDT,13.86,macro_extreme|news_signal,MEDIUM,fg=14(Extreme Fear); sweep:pre_coverage; news=screener_proxy_not_external_news; unlock:no_data; whale_positions:no_data; token_unlock:no_data
198,2026-04-16 11:00:00+00:00,DRIFTUSDT,17.53,macro_extreme,LOW,fg=23(Extreme Fear); unlock:no_data; whale_positions:no_data; token_unlock:no_data
199,2026-05-26 06:00:00+00:00,DRIFTUSDT,14.77,none,NONE,fg=32(Fear); unlock:no_data; whale_positions:no_data; token_unlock:no_data
200,2025-07-30 16:00:00+00:00,ESPORTSUSDT,46.45,none,NONE,fg=74(Greed); sweep:pre_coverage; news:pre_coverage; unlock:no_data; whale_positions:no_data; token_unlock:no_data
201,2025-08-03 15:00:00+00:00,ESPORTSUSDT,45.17,none,NONE,fg=54(Greed); sweep:pre_coverage; news:pre_coverage; unlock:no_data; whale_positions:no_data; token_unlock:no_data
202,2025-09-01 04:00:00+00:00,ESPORTSUSDT,22.58,none,NONE,fg=47(Fear); sweep:pre_coverage; news:pre_coverage; unlock:no_data; whale_positions:no_data; token_unlock:no_data
203,2025-09-04 02:00:00+00:00,ESPORTSUSDT,21.35,stablecoin_inflow,HIGH,fg=53(Greed); sweep:pre_coverage; news:pre_coverage; unlock:no_data; whale_positions:no_data; token_unlock:no_data
204,2025-10-12 00:00:00+00:00,ESPORTSUSDT,49.24,none,NONE,fg=46(Fear); sweep:pre_coverage; news:pre_coverage; unlock:no_data; whale_positions:no_data; token_unlock:no_data
205,2025-11-03 17:00:00+00:00,ESPORTSUSDT,22.4,none,NONE,fg=40(Fear); sweep:pre_coverage; news:pre_coverage; unlock:no_data; whale_positions:no_data; token_unlock:no_data
206,2025-11-07 15:00:00+00:00,ESPORTSUSDT,32.7,macro_extreme,LOW,fg=26(Extreme Fear); sweep:pre_coverage; news:pre_coverage; unlock:no_data; whale_positions:no_data; token_unlock:no_data
207,2025-11-12 06:00:00+00:00,ESPORTSUSDT,57.76,macro_extreme,LOW,fg=25(Extreme Fear); sweep:pre_coverage; news:pre_coverage; unlock:no_data; whale_positions:no_data; token_unlock:no_data
208,2025-11-13 11:00:00+00:00,ESPORTSUSDT,41.3,macro_extreme,LOW,fg=20(Extreme Fear); sweep:pre_coverage; news:pre_coverage; unlock:no_data; whale_positions:no_data; token_unlock:no_data
209,2025-11-14 03:00:00+00:00,ESPORTSUSDT,38.43,macro_extreme,LOW,fg=16(Extreme Fear); sweep:pre_coverage; news:pre_coverage; unlock:no_data; whale_positions:no_data; token_unlock:no_data
210,2025-11-21 05:00:00+00:00,ESPORTSUSDT,16.7,macro_extreme,LOW,fg=12(Extreme Fear); sweep:pre_coverage; news:pre_coverage; unlock:no_data; whale_positions:no_data; token_unlock:no_data
211,2025-11-26 13:00:00+00:00,ESPORTSUSDT,18.89,macro_extreme,LOW,fg=18(Extreme Fear); sweep:pre_coverage; news:pre_coverage; unlock:no_data; whale_positions:no_data; token_unlock:no_data
212,2025-12-04 11:00:00+00:00,ESPORTSUSDT,22.36,none,NONE,fg=27(Fear); sweep:pre_coverage; news:pre_coverage; unlock:no_data; whale_positions:no_data; token_unlock:no_data
213,2026-01-03 15:00:00+00:00,ESPORTSUSDT,21.57,none,NONE,fg=28(Fear); sweep:pre_coverage; news:pre_coverage; unlock:no_data; whale_positions:no_data; token_unlock:no_data
214,2026-01-22 21:00:00+00:00,ESPORTSUSDT,17.81,macro_extreme,LOW,fg=22(Extreme Fear); sweep:pre_coverage; news:pre_coverage; unlock:no_data; whale_positions:no_data; token_unlock:no_data
215,2026-02-05 19:00:00+00:00,ESPORTSUSDT,20.0,macro_extreme,LOW,fg=13(Extreme Fear); sweep:pre_coverage; news:pre_coverage; unlock:no_data; whale_positions:no_data; token_unlock:no_data
216,2026-03-16 07:00:00+00:00,ESPORTSUSDT,17.34,macro_extreme,LOW,fg=19(Extreme Fear); sweep:pre_coverage; news:pre_coverage; unlock:no_data; whale_positions:no_data; token_unlock:no_data
217,2026-03-25 11:00:00+00:00,ESPORTSUSDT,28.39,macro_extreme,LOW,fg=12(Extreme Fear); sweep:pre_coverage; news:pre_coverage; unlock:no_data; whale_positions:no_data; token_unlock:no_data
218,2026-04-03 13:00:00+00:00,ESPORTSUSDT,22.41,macro_extreme,LOW,fg=10(Extreme Fear); sweep:pre_coverage; news:pre_coverage; unlock:no_data; whale_positions:no_data; token_unlock:no_data
219,2026-04-18 16:00:00+00:00,ESPORTSUSDT,17.21,macro_extreme,LOW,fg=24(Extreme Fear); unlock:no_data; whale_positions:no_data; token_unlock:no_data
220,2026-04-24 10:00:00+00:00,ESPORTSUSDT,42.65,none,NONE,fg=42(Fear); unlock:no_data; whale_positions:no_data; token_unlock:no_data
221,2026-05-11 08:00:00+00:00,ESPORTSUSDT,38.45,none,NONE,fg=48(Neutral); unlock:no_data; whale_positions:no_data; token_unlock:no_data
222,2026-05-13 16:00:00+00:00,ESPORTSUSDT,32.12,none,NONE,fg=46(Fear); unlock:no_data; whale_positions:no_data; token_unlock:no_data
223,2026-05-19 23:00:00+00:00,ESPORTSUSDT,34.78,none,NONE,fg=26(Extreme Fear); unlock:no_data; whale_positions:no_data; token_unlock:no_data
224,2026-05-26 14:00:00+00:00,ESPORTSUSDT,16.84,none,NONE,fg=32(Fear); unlock:no_data; whale_positions:no_data; token_unlock:no_data
225,2025-07-30 21:00:00+00:00,ESPORTSUSDT,10.57,none,NONE,fg=74(Greed); sweep:pre_coverage; news:pre_coverage; unlock:no_data; whale_positions:no_data; token_unlock:no_data
226,2025-07-30 23:00:00+00:00,ESPORTSUSDT,10.65,none,NONE,fg=74(Greed); sweep:pre_coverage; news:pre_coverage; unlock:no_data; whale_positions:no_data; token_unlock:no_data
227,2025-08-03 18:00:00+00:00,ESPORTSUSDT,14.83,none,NONE,fg=54(Greed); sweep:pre_coverage; news:pre_coverage; unlock:no_data; whale_positions:no_data; token_unlock:no_data
228,2025-09-04 07:00:00+00:00,ESPORTSUSDT,11.47,stablecoin_inflow,HIGH,fg=53(Greed); sweep:pre_coverage; news:pre_coverage; unlock:no_data; whale_positions:no_data; token_unlock:no_data
229,2025-09-09 02:00:00+00:00,ESPORTSUSDT,11.34,none,NONE,fg=50(Neutral); sweep:pre_coverage; news:pre_coverage; unlock:no_data; whale_positions:no_data; token_unlock:no_data
230,2025-10-10 21:00:00+00:00,ESPORTSUSDT,17.83,none,NONE,fg=67(Greed); sweep:pre_coverage; news:pre_coverage; unlock:no_data; whale_positions:no_data; token_unlock:no_data
231,2025-11-04 15:00:00+00:00,ESPORTSUSDT,13.84,macro_extreme,LOW,fg=32(Extreme Fear); sweep:pre_coverage; news:pre_coverage; unlock:no_data; whale_positions:no_data; token_unlock:no_data
232,2025-11-07 15:00:00+00:00,ESPORTSUSDT,16.85,macro_extreme,LOW,fg=26(Extreme Fear); sweep:pre_coverage; news:pre_coverage; unlock:no_data; whale_positions:no_data; token_unlock:no_data
233,2025-11-12 15:00:00+00:00,ESPORTSUSDT,26.62,macro_extreme,LOW,fg=25(Extreme Fear); sweep:pre_coverage; news:pre_coverage; unlock:no_data; whale_positions:no_data; token_unlock:no_data
234,2025-11-13 12:00:00+00:00,ESPORTSUSDT,25.53,macro_extreme,LOW,fg=20(Extreme Fear); sweep:pre_coverage; news:pre_coverage; unlock:no_data; whale_positions:no_data; token_unlock:no_data
235,2025-11-14 03:00:00+00:00,ESPORTSUSDT,15.19,macro_extreme,LOW,fg=16(Extreme Fear); sweep:pre_coverage; news:pre_coverage; unlock:no_data; whale_positions:no_data; token_unlock:no_data
236,2025-12-04 11:00:00+00:00,ESPORTSUSDT,21.77,none,NONE,fg=27(Fear); sweep:pre_coverage; news:pre_coverage; unlock:no_data; whale_positions:no_data; token_unlock:no_data
237,2026-04-18 16:00:00+00:00,ESPORTSUSDT,14.02,macro_extreme,LOW,fg=24(Extreme Fear); unlock:no_data; whale_positions:no_data; token_unlock:no_data
238,2026-04-24 14:00:00+00:00,ESPORTSUSDT,12.8,none,NONE,fg=42(Fear); unlock:no_data; whale_positions:no_data; token_unlock:no_data
239,2026-05-20 08:00:00+00:00,ESPORTSUSDT,12.78,none,NONE,fg=26(Extreme Fear); unlock:no_data; whale_positions:no_data; token_unlock:no_data
240,2026-05-26 15:00:00+00:00,ESPORTSUSDT,15.66,none,NONE,fg=32(Fear); unlock:no_data; whale_positions:no_data; token_unlock:no_data
241,2024-05-20 12:00:00+00:00,ETHUSDT,23.1,none,NONE,fg=71(Greed); sweep:pre_coverage; news:pre_coverage; unlock:no_data; whale_positions:no_data; token_unlock:no_data
242,2025-02-03 04:00:00+00:00,ETHUSDT,17.42,none,NONE,fg=52(Fear); sweep:pre_coverage; news:pre_coverage; unlock:no_data; whale_positions:no_data; token_unlock:no_data
243,2025-03-02 14:00:00+00:00,ETHUSDT,15.58,macro_extreme,LOW,fg=23(Extreme Fear); sweep:pre_coverage; news:pre_coverage; unlock:no_data; whale_positions:no_data; token_unlock:no_data
244,2025-04-09 03:00:00+00:00,ETHUSDT,17.99,macro_extreme,LOW,fg=21(Extreme Fear); sweep:pre_coverage; news:pre_coverage; unlock:no_data; whale_positions:no_data; token_unlock:no_data
245,2025-05-08 08:00:00+00:00,ETHUSDT,24.69,none,NONE,fg=66(Greed); sweep:pre_coverage; news:pre_coverage; unlock:no_data; whale_positions:no_data; token_unlock:no_data
246,2026-01-19 06:00:00+00:00,FFUSDT,16.93,none,NONE,fg=46(Fear); sweep:pre_coverage; news:pre_coverage; unlock:no_data; whale_positions:no_data; token_unlock:no_data
247,2026-02-05 20:00:00+00:00,FFUSDT,15.14,macro_extreme,LOW,fg=13(Extreme Fear); sweep:pre_coverage; news:pre_coverage; unlock:no_data; whale_positions:no_data; token_unlock:no_data
248,2026-04-10 14:00:00+00:00,FFUSDT,104.24,macro_extreme,LOW,fg=15(Extreme Fear); sweep:pre_coverage; news:pre_coverage; unlock:no_data; whale_positions:no_data; token_unlock:no_data
249,2026-05-13 03:00:00+00:00,FFUSDT,16.78,none,NONE,fg=46(Fear); unlock:no_data; whale_positions:no_data; token_unlock:no_data
250,2026-05-14 18:00:00+00:00,FFUSDT,23.28,none,NONE,fg=38(Fear); unlock:no_data; whale_positions:no_data; token_unlock:no_data
251,2026-05-26 13:00:00+00:00,FFUSDT,17.09,none,NONE,fg=32(Fear); unlock:no_data; whale_positions:no_data; token_unlock:no_data
252,2026-04-10 17:00:00+00:00,FFUSDT,95.61,macro_extreme,LOW,fg=15(Extreme Fear); sweep:pre_coverage; news:pre_coverage; unlock:no_data; whale_positions:no_data; token_unlock:no_data
253,2026-05-27 12:00:00+00:00,FFUSDT,12.52,none,NONE,fg=30(Extreme Fear); unlock:no_data; whale_positions:no_data; token_unlock:no_data
254,2024-11-16 00:00:00+00:00,FILUSDT,15.89,macro_extreme|stablecoin_inflow,HIGH,fg=84(Extreme Greed); sweep:pre_coverage; news:pre_coverage; unlock:no_data; whale_positions:no_data; token_unlock:no_data
255,2024-11-23 04:00:00+00:00,FILUSDT,21.61,macro_extreme|stablecoin_inflow,HIGH,fg=94(Extreme Greed); sweep:pre_coverage; news:pre_coverage; unlock:no_data; whale_positions:no_data; token_unlock:no_data
256,2025-02-03 04:00:00+00:00,FILUSDT,22.88,none,NONE,fg=52(Fear); sweep:pre_coverage; news:pre_coverage; unlock:no_data; whale_positions:no_data; token_unlock:no_data
257,2025-11-06 17:00:00+00:00,FILUSDT,122.37,macro_extreme,LOW,fg=25(Extreme Fear); sweep:pre_coverage; news:pre_coverage; unlock:no_data; whale_positions:no_data; token_unlock:no_data
258,2025-12-31 18:00:00+00:00,FILUSDT,21.25,macro_extreme,LOW,fg=22(Extreme Fear); sweep:pre_coverage; news:pre_coverage; unlock:no_data; whale_positions:no_data; token_unlock:no_data
259,2026-02-24 23:00:00+00:00,FILUSDT,25.63,macro_extreme,LOW,fg=6(Extreme Fear); sweep:pre_coverage; news:pre_coverage; unlock:no_data; whale_positions:no_data; token_unlock:no_data
260,2026-05-05 04:00:00+00:00,FILUSDT,21.32,none,NONE,fg=45(Fear); unlock:no_data; whale_positions:no_data; token_unlock:no_data
261,2026-05-08 13:00:00+00:00,FILUSDT,19.54,none,NONE,fg=42(Fear); unlock:no_data; whale_positions:no_data; token_unlock:no_data
262,2025-11-07 08:00:00+00:00,FILUSDT,10.03,macro_extreme,LOW,fg=26(Extreme Fear); sweep:pre_coverage; news:pre_coverage; unlock:no_data; whale_positions:no_data; token_unlock:no_data
263,2025-11-07 15:00:00+00:00,FILUSDT,18.91,macro_extreme,LOW,fg=26(Extreme Fear); sweep:pre_coverage; news:pre_coverage; unlock:no_data; whale_positions:no_data; token_unlock:no_data
264,2026-05-08 14:00:00+00:00,FILUSDT,12.56,none,NONE,fg=42(Fear); unlock:no_data; whale_positions:no_data; token_unlock:no_data
265,2026-01-15 14:00:00+00:00,GUAUSDT,18.63,stablecoin_inflow,HIGH,fg=54(Greed); sweep:pre_coverage; news:pre_coverage; unlock:no_data; whale_positions:no_data; token_unlock:no_data
266,2026-02-24 09:00:00+00:00,GUAUSDT,30.49,macro_extreme,LOW,fg=6(Extreme Fear); sweep:pre_coverage; news:pre_coverage; unlock:no_data; whale_positions:no_data; token_unlock:no_data
267,2026-03-03 22:00:00+00:00,GUAUSDT,15.37,macro_extreme,LOW,fg=12(Extreme Fear); sweep:pre_coverage; news:pre_coverage; unlock:no_data; whale_positions:no_data; token_unlock:no_data
268,2026-03-19 22:00:00+00:00,GUAUSDT,19.39,macro_extreme,LOW,fg=24(Extreme Fear); sweep:pre_coverage; news:pre_coverage; unlock:no_data; whale_positions:no_data; token_unlock:no_data
269,2026-03-30 05:00:00+00:00,GUAUSDT,17.44,macro_extreme,LOW,fg=8(Extreme Fear); sweep:pre_coverage; news:pre_coverage; unlock:no_data; whale_positions:no_data; token_unlock:no_data
270,2026-04-01 03:00:00+00:00,GUAUSDT,29.53,macro_extreme,LOW,fg=10(Extreme Fear); sweep:pre_coverage; news:pre_coverage; unlock:no_data; whale_positions:no_data; token_unlock:no_data
271,2026-04-02 15:00:00+00:00,GUAUSDT,24.28,macro_extreme,LOW,fg=10(Extreme Fear); sweep:pre_coverage; news:pre_coverage; unlock:no_data; whale_positions:no_data; token_unlock:no_data
272,2026-04-18 19:00:00+00:00,GUAUSDT,46.37,macro_extreme,LOW,fg=24(Extreme Fear); unlock:no_data; whale_positions:no_data; token_unlock:no_data
273,2026-05-11 15:00:00+00:00,GUAUSDT,35.5,none,NONE,fg=48(Neutral); unlock:no_data; whale_positions:no_data; token_unlock:no_data
274,2026-05-15 13:00:00+00:00,GUAUSDT,24.61,none,NONE,fg=38(Fear); unlock:no_data; whale_positions:no_data; token_unlock:no_data
275,2026-05-21 21:00:00+00:00,GUAUSDT,29.89,none,NONE,fg=28(Fear); unlock:no_data; whale_positions:no_data; token_unlock:no_data
276,2026-05-25 12:00:00+00:00,GUAUSDT,44.89,none,NONE,fg=28(Extreme Fear); unlock:no_data; whale_positions:no_data; token_unlock:no_data
277,2026-05-26 16:00:00+00:00,GUAUSDT,15.53,none,NONE,fg=32(Fear); unlock:no_data; whale_positions:no_data; token_unlock:no_data
278,2026-05-20 05:00:00+00:00,GUAUSDT,14.33,none,NONE,fg=26(Extreme Fear); unlock:no_data; whale_positions:no_data; token_unlock:no_data
279,2026-05-25 14:00:00+00:00,GUAUSDT,31.53,none,NONE,fg=28(Extreme Fear); unlock:no_data; whale_positions:no_data; token_unlock:no_data
280,2026-05-27 00:00:00+00:00,GUAUSDT,12.79,none,NONE,fg=32(Fear); unlock:no_data; whale_positions:no_data; token_unlock:no_data
281,2026-05-27 13:00:00+00:00,GUAUSDT,14.3,none,NONE,fg=30(Extreme Fear); unlock:no_data; whale_positions:no_data; token_unlock:no_data
282,2026-05-27 16:00:00+00:00,GUAUSDT,42.23,none,NONE,fg=30(Extreme Fear); unlock:no_data; whale_positions:no_data; token_unlock:no_data
283,2026-01-27 01:00:00+00:00,HYPEUSDT,28.82,macro_extreme,LOW,fg=24(Extreme Fear); sweep:pre_coverage; news:pre_coverage; unlock:no_data; whale_positions:no_data; token_unlock:no_data
284,2026-02-02 06:00:00+00:00,HYPEUSDT,25.13,macro_extreme,LOW,fg=14(Extreme Fear); sweep:pre_coverage; news:pre_coverage; unlock:no_data; whale_positions:no_data; token_unlock:no_data
285,2026-05-14 03:00:00+00:00,HYPEUSDT,21.77,none,NONE,fg=38(Fear); unlock:no_data; whale_positions:no_data; token_unlock:no_data
286,2026-05-20 08:00:00+00:00,HYPEUSDT,20.55,news_signal,MEDIUM,fg=26(Extreme Fear); news=screener_proxy_not_external_news; unlock:no_data; whale_positions:no_data; token_unlock:no_data
287,2026-05-23 12:00:00+00:00,HYPEUSDT,16.29,news_signal,MEDIUM,fg=28(Fear); news=screener_proxy_not_external_news; unlock:no_data; whale_positions:no_data; token_unlock:no_data
288,2024-07-13 01:00:00+00:00,ICPUSDT,18.06,none,NONE,fg=25(Extreme Fear); sweep:pre_coverage; news:pre_coverage; unlock:no_data; whale_positions:no_data; token_unlock:no_data
289,2024-09-10 03:00:00+00:00,ICPUSDT,17.31,none,NONE,fg=30(Fear); sweep:pre_coverage; news:pre_coverage; unlock:no_data; whale_positions:no_data; token_unlock:no_data
290,2024-11-22 00:00:00+00:00,ICPUSDT,26.36,macro_extreme|stablecoin_inflow,HIGH,fg=82(Extreme Greed); sweep:pre_coverage; news:pre_coverage; unlock:no_data; whale_positions:no_data; token_unlock:no_data
291,2025-02-03 04:00:00+00:00,ICPUSDT,24.9,none,NONE,fg=52(Fear); sweep:pre_coverage; news:pre_coverage; unlock:no_data; whale_positions:no_data; token_unlock:no_data
292,2025-10-10 22:00:00+00:00,ICPUSDT,18.0,none,NONE,fg=67(Greed); sweep:pre_coverage; news:pre_coverage; unlock:no_data; whale_positions:no_data; token_unlock:no_data
293,2025-11-02 01:00:00+00:00,ICPUSDT,25.81,none,NONE,fg=35(Fear); sweep:pre_coverage; news:pre_coverage; unlock:no_data; whale_positions:no_data; token_unlock:no_data
294,2025-11-03 20:00:00+00:00,ICPUSDT,57.8,none,NONE,fg=40(Fear); sweep:pre_coverage; news:pre_coverage; unlock:no_data; whale_positions:no_data; token_unlock:no_data
295,2025-11-06 08:00:00+00:00,ICPUSDT,43.23,macro_extreme,LOW,fg=25(Extreme Fear); sweep:pre_coverage; news:pre_coverage; unlock:no_data; whale_positions:no_data; token_unlock:no_data
296,2025-11-17 13:00:00+00:00,ICPUSDT,22.34,macro_extreme,LOW,fg=12(Extreme Fear); sweep:pre_coverage; news:pre_coverage; unlock:no_data; whale_positions:no_data; token_unlock:no_data
297,2025-12-20 11:00:00+00:00,ICPUSDT,16.15,macro_extreme,LOW,fg=18(Extreme Fear); sweep:pre_coverage; news:pre_coverage; unlock:no_data; whale_positions:no_data; token_unlock:no_data
298,2026-01-14 02:00:00+00:00,ICPUSDT,33.55,stablecoin_inflow,HIGH,fg=37(Fear); sweep:pre_coverage; news:pre_coverage; unlock:no_data; whale_positions:no_data; token_unlock:no_data
299,2026-03-11 05:00:00+00:00,ICPUSDT,15.75,macro_extreme,LOW,fg=14(Extreme Fear); sweep:pre_coverage; news:pre_coverage; unlock:no_data; whale_positions:no_data; token_unlock:no_data
300,2026-05-05 23:00:00+00:00,ICPUSDT,20.54,none,NONE,fg=45(Fear); unlock:no_data; whale_positions:no_data; token_unlock:no_data
301,2026-05-08 02:00:00+00:00,ICPUSDT,33.78,news_signal,MEDIUM,fg=42(Fear); news=screener_proxy_not_external_news; unlock:no_data; whale_positions:no_data; token_unlock:no_data
302,2025-11-04 01:00:00+00:00,ICPUSDT,12.56,macro_extreme,LOW,fg=32(Extreme Fear); sweep:pre_coverage; news:pre_coverage; unlock:no_data; whale_positions:no_data; token_unlock:no_data
303,2025-11-07 04:00:00+00:00,ICPUSDT,10.21,macro_extreme,LOW,fg=26(Extreme Fear); sweep:pre_coverage; news:pre_coverage; unlock:no_data; whale_positions:no_data; token_unlock:no_data
304,2025-11-07 06:00:00+00:00,ICPUSDT,10.11,macro_extreme,LOW,fg=26(Extreme Fear); sweep:pre_coverage; news:pre_coverage; unlock:no_data; whale_positions:no_data; token_unlock:no_data
305,2025-11-08 01:00:00+00:00,ICPUSDT,11.57,macro_extreme,LOW,fg=22(Extreme Fear); sweep:pre_coverage; news:pre_coverage; unlock:no_data; whale_positions:no_data; token_unlock:no_data
306,2026-03-11 05:00:00+00:00,ICPUSDT,12.06,macro_extreme,LOW,fg=14(Extreme Fear); sweep:pre_coverage; news:pre_coverage; unlock:no_data; whale_positions:no_data; token_unlock:no_data
307,2026-05-09 00:00:00+00:00,ICPUSDT,10.87,none,NONE,fg=42(Fear); unlock:no_data; whale_positions:no_data; token_unlock:no_data
308,2025-10-30 14:00:00+00:00,LABUSDT,199.73,none,NONE,fg=42(Fear); sweep:pre_coverage; news:pre_coverage; unlock:no_data; whale_positions:no_data; token_unlock:no_data
309,2025-10-31 08:00:00+00:00,LABUSDT,27.57,none,NONE,fg=32(Fear); sweep:pre_coverage; news:pre_coverage; unlock:no_data; whale_positions:no_data; token_unlock:no_data
310,2025-11-01 16:00:00+00:00,LABUSDT,49.39,none,NONE,fg=31(Fear); sweep:pre_coverage; news:pre_coverage; unlock:no_data; whale_positions:no_data; token_unlock:no_data
311,2025-11-04 05:00:00+00:00,LABUSDT,19.48,macro_extreme,LOW,fg=32(Extreme Fear); sweep:pre_coverage; news:pre_coverage; unlock:no_data; whale_positions:no_data; token_unlock:no_data
312,2025-11-07 02:00:00+00:00,LABUSDT,57.44,macro_extreme,LOW,fg=26(Extreme Fear); sweep:pre_coverage; news:pre_coverage; unlock:no_data; whale_positions:no_data; token_unlock:no_data
313,2025-12-07 16:00:00+00:00,LABUSDT,39.29,macro_extreme,LOW,fg=22(Extreme Fear); sweep:pre_coverage; news:pre_coverage; unlock:no_data; whale_positions:no_data; token_unlock:no_data
314,2025-12-20 06:00:00+00:00,LABUSDT,39.56,macro_extreme,LOW,fg=18(Extreme Fear); sweep:pre_coverage; news:pre_coverage; unlock:no_data; whale_positions:no_data; token_unlock:no_data
315,2025-12-21 21:00:00+00:00,LABUSDT,28.41,macro_extreme,LOW,fg=20(Extreme Fear); sweep:pre_coverage; news:pre_coverage; unlock:no_data; whale_positions:no_data; token_unlock:no_data
316,2026-01-07 14:00:00+00:00,LABUSDT,22.01,none,NONE,fg=43(Fear); sweep:pre_coverage; news:pre_coverage; unlock:no_data; whale_positions:no_data; token_unlock:no_data
317,2026-01-17 17:00:00+00:00,LABUSDT,43.56,none,NONE,fg=50(Neutral); sweep:pre_coverage; news:pre_coverage; unlock:no_data; whale_positions:no_data; token_unlock:no_data
318,2026-01-19 21:00:00+00:00,LABUSDT,23.58,none,NONE,fg=46(Fear); sweep:pre_coverage; news:pre_coverage; unlock:no_data; whale_positions:no_data; token_unlock:no_data
319,2026-01-20 07:00:00+00:00,LABUSDT,21.26,none,NONE,fg=38(Fear); sweep:pre_coverage; news:pre_coverage; unlock:no_data; whale_positions:no_data; token_unlock:no_data
320,2026-03-05 23:00:00+00:00,LABUSDT,19.32,macro_extreme,LOW,fg=16(Extreme Fear); sweep:pre_coverage; news:pre_coverage; unlock:no_data; whale_positions:no_data; token_unlock:no_data
321,2026-03-10 09:00:00+00:00,LABUSDT,16.81,macro_extreme,LOW,fg=10(Extreme Fear); sweep:pre_coverage; news:pre_coverage; unlock:no_data; whale_positions:no_data; token_unlock:no_data
322,2026-03-21 09:00:00+00:00,LABUSDT,25.83,macro_extreme,LOW,fg=12(Extreme Fear); sweep:pre_coverage; news:pre_coverage; unlock:no_data; whale_positions:no_data; token_unlock:no_data
323,2026-03-27 12:00:00+00:00,LABUSDT,17.19,macro_extreme,LOW,fg=12(Extreme Fear); sweep:pre_coverage; news:pre_coverage; unlock:no_data; whale_positions:no_data; token_unlock:no_data
324,2026-04-07 01:00:00+00:00,LABUSDT,40.1,macro_extreme,LOW,fg=12(Extreme Fear); sweep:pre_coverage; news:pre_coverage; unlock:no_data; whale_positions:no_data; token_unlock:no_data
325,2026-04-11 23:00:00+00:00,LABUSDT,40.61,macro_extreme,LOW,fg=16(Extreme Fear); sweep:pre_coverage; news:pre_coverage; unlock:no_data; whale_positions:no_data; token_unlock:no_data
326,2026-04-15 03:00:00+00:00,LABUSDT,23.32,macro_extreme|news_signal,MEDIUM,fg=22(Extreme Fear); news=screener_proxy_not_external_news; unlock:no_data; whale_positions:no_data; token_unlock:no_data
327,2026-04-23 04:00:00+00:00,LABUSDT,53.84,none,NONE,fg=39(Fear); unlock:no_data; whale_positions:no_data; token_unlock:no_data
328,2026-04-24 08:00:00+00:00,LABUSDT,28.35,none,NONE,fg=42(Fear); unlock:no_data; whale_positions:no_data; token_unlock:no_data
329,2026-04-25 21:00:00+00:00,LABUSDT,32.79,none,NONE,fg=35(Fear); unlock:no_data; whale_positions:no_data; token_unlock:no_data
330,2026-05-01 16:00:00+00:00,LABUSDT,372.68,none,NONE,fg=28(Fear); unlock:no_data; whale_positions:no_data; token_unlock:no_data
331,2026-05-03 02:00:00+00:00,LABUSDT,204.59,none,NONE,fg=43(Fear); unlock:no_data; whale_positions:no_data; token_unlock:no_data
332,2026-05-03 23:00:00+00:00,LABUSDT,19.27,none,NONE,fg=43(Fear); unlock:no_data; whale_positions:no_data; token_unlock:no_data
333,2026-05-06 13:00:00+00:00,LABUSDT,99.9,none,NONE,fg=48(Fear); unlock:no_data; whale_positions:no_data; token_unlock:no_data
334,2026-05-14 11:00:00+00:00,LABUSDT,15.53,none,NONE,fg=38(Fear); unlock:no_data; whale_positions:no_data; token_unlock:no_data
335,2025-10-30 17:00:00+00:00,LABUSDT,63.06,none,NONE,fg=42(Fear); sweep:pre_coverage; news:pre_coverage; unlock:no_data; whale_positions:no_data; token_unlock:no_data
336,2025-10-30 20:00:00+00:00,LABUSDT,29.21,none,NONE,fg=42(Fear); sweep:pre_coverage; news:pre_coverage; unlock:no_data; whale_positions:no_data; token_unlock:no_data
337,2025-10-30 22:00:00+00:00,LABUSDT,44.7,none,NONE,fg=42(Fear); sweep:pre_coverage; news:pre_coverage; unlock:no_data; whale_positions:no_data; token_unlock:no_data
338,2025-10-31 09:00:00+00:00,LABUSDT,15.6,none,NONE,fg=32(Fear); sweep:pre_coverage; news:pre_coverage; unlock:no_data; whale_positions:no_data; token_unlock:no_data
339,2025-11-02 00:00:00+00:00,LABUSDT,15.29,none,NONE,fg=31(Fear); sweep:pre_coverage; news:pre_coverage; unlock:no_data; whale_positions:no_data; token_unlock:no_data
340,2025-11-02 15:00:00+00:00,LABUSDT,21.94,none,NONE,fg=35(Fear); sweep:pre_coverage; news:pre_coverage; unlock:no_data; whale_positions:no_data; token_unlock:no_data
341,2025-11-07 11:00:00+00:00,LABUSDT,22.9,macro_extreme,LOW,fg=26(Extreme Fear); sweep:pre_coverage; news:pre_coverage; unlock:no_data; whale_positions:no_data; token_unlock:no_data
342,2025-11-07 13:00:00+00:00,LABUSDT,15.07,macro_extreme,LOW,fg=26(Extreme Fear); sweep:pre_coverage; news:pre_coverage; unlock:no_data; whale_positions:no_data; token_unlock:no_data
343,2025-11-28 23:00:00+00:00,LABUSDT,10.51,macro_extreme,LOW,fg=24(Extreme Fear); sweep:pre_coverage; news:pre_coverage; unlock:no_data; whale_positions:no_data; token_unlock:no_data
344,2026-01-20 00:00:00+00:00,LABUSDT,10.16,none,NONE,fg=46(Fear); sweep:pre_coverage; news:pre_coverage; unlock:no_data; whale_positions:no_data; token_unlock:no_data
345,2026-04-08 15:00:00+00:00,LABUSDT,19.5,macro_extreme,LOW,fg=14(Extreme Fear); sweep:pre_coverage; news:pre_coverage; unlock:no_data; whale_positions:no_data; token_unlock:no_data
346,2026-04-08 18:00:00+00:00,LABUSDT,11.71,macro_extreme,LOW,fg=14(Extreme Fear); sweep:pre_coverage; news:pre_coverage; unlock:no_data; whale_positions:no_data; token_unlock:no_data
347,2026-04-14 01:00:00+00:00,LABUSDT,17.92,macro_extreme|news_signal,MEDIUM,fg=16(Extreme Fear); news=screener_proxy_not_external_news; unlock:no_data; whale_positions:no_data; token_unlock:no_data
348,2026-04-15 03:00:00+00:00,LABUSDT,11.25,macro_extreme|news_signal,MEDIUM,fg=22(Extreme Fear); news=screener_proxy_not_external_news; unlock:no_data; whale_positions:no_data; token_unlock:no_data
349,2026-04-24 08:00:00+00:00,LABUSDT,28.35,none,NONE,fg=42(Fear); unlock:no_data; whale_positions:no_data; token_unlock:no_data
350,2026-04-25 21:00:00+00:00,LABUSDT,10.68,none,NONE,fg=35(Fear); unlock:no_data; whale_positions:no_data; token_unlock:no_data
351,2026-04-26 04:00:00+00:00,LABUSDT,14.4,none,NONE,fg=32(Fear); unlock:no_data; whale_positions:no_data; token_unlock:no_data
352,2026-05-01 18:00:00+00:00,LABUSDT,13.99,none,NONE,fg=28(Fear); unlock:no_data; whale_positions:no_data; token_unlock:no_data
353,2026-05-01 22:00:00+00:00,LABUSDT,25.34,none,NONE,fg=28(Fear); unlock:no_data; whale_positions:no_data; token_unlock:no_data
354,2026-05-02 03:00:00+00:00,LABUSDT,23.16,none,NONE,fg=32(Fear); unlock:no_data; whale_positions:no_data; token_unlock:no_data
355,2026-05-02 08:00:00+00:00,LABUSDT,19.66,none,NONE,fg=32(Fear); unlock:no_data; whale_positions:no_data; token_unlock:no_data
356,2026-05-02 13:00:00+00:00,LABUSDT,18.17,none,NONE,fg=32(Fear); unlock:no_data; whale_positions:no_data; token_unlock:no_data
357,2026-05-02 15:00:00+00:00,LABUSDT,16.18,liq_sweep,LOW,fg=32(Fear); unlock:no_data; whale_positions:no_data; token_unlock:no_data
358,2026-05-02 20:00:00+00:00,LABUSDT,27.53,liq_sweep,LOW,fg=32(Fear); unlock:no_data; whale_positions:no_data; token_unlock:no_data
359,2026-05-03 02:00:00+00:00,LABUSDT,44.32,none,NONE,fg=43(Fear); unlock:no_data; whale_positions:no_data; token_unlock:no_data
360,2026-05-03 08:00:00+00:00,LABUSDT,27.84,none,NONE,fg=43(Fear); unlock:no_data; whale_positions:no_data; token_unlock:no_data
361,2026-05-03 12:00:00+00:00,LABUSDT,17.35,none,NONE,fg=43(Fear); unlock:no_data; whale_positions:no_data; token_unlock:no_data
362,2026-05-03 16:00:00+00:00,LABUSDT,21.51,none,NONE,fg=43(Fear); unlock:no_data; whale_positions:no_data; token_unlock:no_data
363,2026-05-03 20:00:00+00:00,LABUSDT,10.34,none,NONE,fg=43(Fear); unlock:no_data; whale_positions:no_data; token_unlock:no_data
364,2026-05-03 23:00:00+00:00,LABUSDT,18.07,none,NONE,fg=43(Fear); unlock:no_data; whale_positions:no_data; token_unlock:no_data
365,2026-05-04 11:00:00+00:00,LABUSDT,15.3,none,NONE,fg=44(Fear); unlock:no_data; whale_positions:no_data; token_unlock:no_data
366,2026-05-04 23:00:00+00:00,LABUSDT,13.32,none,NONE,fg=44(Fear); unlock:no_data; whale_positions:no_data; token_unlock:no_data
367,2026-05-05 07:00:00+00:00,LABUSDT,15.21,none,NONE,fg=45(Fear); unlock:no_data; whale_positions:no_data; token_unlock:no_data
368,2026-05-06 06:00:00+00:00,LABUSDT,11.46,none,NONE,fg=48(Fear); unlock:no_data; whale_positions:no_data; token_unlock:no_data
369,2026-05-06 13:00:00+00:00,LABUSDT,57.41,none,NONE,fg=48(Fear); unlock:no_data; whale_positions:no_data; token_unlock:no_data
370,2026-05-06 15:00:00+00:00,LABUSDT,10.88,none,NONE,fg=48(Fear); unlock:no_data; whale_positions:no_data; token_unlock:no_data
371,2026-05-07 12:00:00+00:00,LABUSDT,14.61,none,NONE,fg=46(Fear); unlock:no_data; whale_positions:no_data; token_unlock:no_data
372,2026-05-11 17:00:00+00:00,LABUSDT,37.04,liq_sweep,LOW,fg=48(Neutral); unlock:no_data; whale_positions:no_data; token_unlock:no_data
373,2026-05-15 05:00:00+00:00,LABUSDT,24.7,none,NONE,fg=38(Fear); unlock:no_data; whale_positions:no_data; token_unlock:no_data
374,2026-05-15 20:00:00+00:00,LABUSDT,11.37,none,NONE,fg=38(Fear); unlock:no_data; whale_positions:no_data; token_unlock:no_data
375,2024-05-16 14:00:00+00:00,LINKUSDT,21.85,none,NONE,fg=67(Greed); sweep:pre_coverage; news:pre_coverage; unlock:no_data; whale_positions:no_data; token_unlock:no_data
376,2024-08-05 12:00:00+00:00,LINKUSDT,21.85,none,NONE,fg=30(Fear); sweep:pre_coverage; news:pre_coverage; unlock:no_data; whale_positions:no_data; token_unlock:no_data
377,2024-12-01 20:00:00+00:00,LINKUSDT,34.98,macro_extreme,LOW,fg=82(Extreme Greed); sweep:pre_coverage; news:pre_coverage; unlock:no_data; whale_positions:no_data; token_unlock:no_data
378,2024-12-12 00:00:00+00:00,LINKUSDT,21.39,macro_extreme,LOW,fg=76(Extreme Greed); sweep:pre_coverage; news:pre_coverage; unlock:no_data; whale_positions:no_data; token_unlock:no_data
379,2025-01-19 11:00:00+00:00,LINKUSDT,18.4,macro_extreme|stablecoin_inflow,HIGH,fg=77(Extreme Greed); sweep:pre_coverage; news:pre_coverage; unlock:no_data; whale_positions:no_data; token_unlock:no_data
380,2025-02-03 02:00:00+00:00,LINKUSDT,27.9,none,NONE,fg=52(Fear); sweep:pre_coverage; news:pre_coverage; unlock:no_data; whale_positions:no_data; token_unlock:no_data
381,2025-04-07 06:00:00+00:00,LINKUSDT,15.96,macro_extreme,LOW,fg=28(Extreme Fear); sweep:pre_coverage; news:pre_coverage; unlock:no_data; whale_positions:no_data; token_unlock:no_data
382,2025-08-17 02:00:00+00:00,LINKUSDT,15.18,stablecoin_inflow,HIGH,fg=60(Greed); sweep:pre_coverage; news:pre_coverage; unlock:no_data; whale_positions:no_data; token_unlock:no_data
383,2024-08-05 12:00:00+00:00,NEARUSDT,17.86,none,NONE,fg=30(Fear); sweep:pre_coverage; news:pre_coverage; unlock:no_data; whale_positions:no_data; token_unlock:no_data
384,2024-09-22 21:00:00+00:00,NEARUSDT,16.65,none,NONE,fg=53(Neutral); sweep:pre_coverage; news:pre_coverage; unlock:no_data; whale_positions:no_data; token_unlock:no_data
385,2024-11-10 20:00:00+00:00,NEARUSDT,21.09,macro_extreme,LOW,fg=76(Extreme Greed); sweep:pre_coverage; news:pre_coverage; unlock:no_data; whale_positions:no_data; token_unlock:no_data
386,2024-11-15 18:00:00+00:00,NEARUSDT,17.51,macro_extreme|stablecoin_inflow,HIGH,fg=84(Extreme Greed); sweep:pre_coverage; news:pre_coverage; unlock:no_data; whale_positions:no_data; token_unlock:no_data
387,2025-01-20 00:00:00+00:00,NEARUSDT,15.65,macro_extreme|stablecoin_inflow,HIGH,fg=77(Extreme Greed); sweep:pre_coverage; news:pre_coverage; unlock:no_data; whale_positions:no_data; token_unlock:no_data
388,2025-02-03 02:00:00+00:00,NEARUSDT,27.34,none,NONE,fg=52(Fear); sweep:pre_coverage; news:pre_coverage; unlock:no_data; whale_positions:no_data; token_unlock:no_data
389,2025-09-17 20:00:00+00:00,NEARUSDT,16.74,none,NONE,fg=52(Neutral); sweep:pre_coverage; news:pre_coverage; unlock:no_data; whale_positions:no_data; token_unlock:no_data
390,2025-11-06 17:00:00+00:00,NEARUSDT,41.14,macro_extreme,LOW,fg=25(Extreme Fear); sweep:pre_coverage; news:pre_coverage; unlock:no_data; whale_positions:no_data; token_unlock:no_data
391,2026-02-06 00:00:00+00:00,NEARUSDT,15.82,macro_extreme,LOW,fg=13(Extreme Fear); sweep:pre_coverage; news:pre_coverage; unlock:no_data; whale_positions:no_data; token_unlock:no_data
392,2026-02-24 23:00:00+00:00,NEARUSDT,27.67,macro_extreme,LOW,fg=6(Extreme Fear); sweep:pre_coverage; news:pre_coverage; unlock:no_data; whale_positions:no_data; token_unlock:no_data
393,2026-03-01 22:00:00+00:00,NEARUSDT,21.31,macro_extreme,LOW,fg=12(Extreme Fear); sweep:pre_coverage; news:pre_coverage; unlock:no_data; whale_positions:no_data; token_unlock:no_data
394,2026-05-05 16:00:00+00:00,NEARUSDT,19.72,none,NONE,fg=45(Fear); unlock:no_data; whale_positions:no_data; token_unlock:no_data
395,2026-05-21 13:00:00+00:00,NEARUSDT,32.97,news_signal,MEDIUM,fg=28(Fear); news=screener_proxy_not_external_news; unlock:no_data; whale_positions:no_data; token_unlock:no_data
396,2026-05-23 07:00:00+00:00,NEARUSDT,20.92,news_signal,MEDIUM,fg=28(Fear); news=screener_proxy_not_external_news; unlock:no_data; whale_positions:no_data; token_unlock:no_data
397,2026-05-25 03:00:00+00:00,NEARUSDT,18.75,news_signal,MEDIUM,fg=28(Extreme Fear); news=screener_proxy_not_external_news; unlock:no_data; whale_positions:no_data; token_unlock:no_data
398,2024-05-17 04:00:00+00:00,ONDOUSDT,17.91,none,NONE,fg=72(Greed); sweep:pre_coverage; news:pre_coverage; unlock:no_data; whale_positions:no_data; token_unlock:no_data
399,2024-05-23 19:00:00+00:00,ONDOUSDT,21.32,macro_extreme,LOW,fg=76(Extreme Greed); sweep:pre_coverage; news:pre_coverage; unlock:no_data; whale_positions:no_data; token_unlock:no_data
400,2024-08-05 12:00:00+00:00,ONDOUSDT,45.6,none,NONE,fg=30(Fear); sweep:pre_coverage; news:pre_coverage; unlock:no_data; whale_positions:no_data; token_unlock:no_data
401,2024-11-05 11:00:00+00:00,ONDOUSDT,15.08,stablecoin_inflow,HIGH,fg=70(Greed); sweep:pre_coverage; news:pre_coverage; unlock:no_data; whale_positions:no_data; token_unlock:no_data
402,2024-11-10 01:00:00+00:00,ONDOUSDT,20.94,macro_extreme,LOW,fg=76(Extreme Greed); sweep:pre_coverage; news:pre_coverage; unlock:no_data; whale_positions:no_data; token_unlock:no_data
403,2024-11-13 06:00:00+00:00,ONDOUSDT,15.75,macro_extreme,LOW,fg=82(Extreme Greed); sweep:pre_coverage; news:pre_coverage; unlock:no_data; whale_positions:no_data; token_unlock:no_data
404,2024-12-02 10:00:00+00:00,ONDOUSDT,53.47,macro_extreme,LOW,fg=80(Extreme Greed); sweep:pre_coverage; news:pre_coverage; unlock:no_data; whale_positions:no_data; token_unlock:no_data
405,2024-12-03 13:00:00+00:00,ONDOUSDT,18.29,macro_extreme,LOW,fg=78(Extreme Greed); sweep:pre_coverage; news:pre_coverage; unlock:no_data; whale_positions:no_data; token_unlock:no_data
406,2024-12-15 13:00:00+00:00,ONDOUSDT,16.13,macro_extreme,LOW,fg=82(Extreme Greed); sweep:pre_coverage; news:pre_coverage; unlock:no_data; whale_positions:no_data; token_unlock:no_data
407,2025-01-17 12:00:00+00:00,ONDOUSDT,17.11,none,NONE,fg=75(Greed); sweep:pre_coverage; news:pre_coverage; unlock:no_data; whale_positions:no_data; token_unlock:no_data
408,2025-01-18 18:00:00+00:00,ONDOUSDT,29.07,macro_extreme|stablecoin_inflow,HIGH,fg=76(Extreme Greed); sweep:pre_coverage; news:pre_coverage; unlock:no_data; whale_positions:no_data; token_unlock:no_data
409,2025-01-23 11:00:00+00:00,ONDOUSDT,17.6,macro_extreme|stablecoin_inflow,HIGH,fg=80(Extreme Greed); sweep:pre_coverage; news:pre_coverage; unlock:no_data; whale_positions:no_data; token_unlock:no_data
410,2025-02-03 01:00:00+00:00,ONDOUSDT,37.54,none,NONE,fg=52(Fear); sweep:pre_coverage; news:pre_coverage; unlock:no_data; whale_positions:no_data; token_unlock:no_data
411,2025-04-24 08:00:00+00:00,ONDOUSDT,18.19,none,NONE,fg=68(Greed); sweep:pre_coverage; news:pre_coverage; unlock:no_data; whale_positions:no_data; token_unlock:no_data
412,2025-06-23 11:00:00+00:00,ONDOUSDT,17.02,none,NONE,fg=44(Fear); sweep:pre_coverage; news:pre_coverage; unlock:no_data; whale_positions:no_data; token_unlock:no_data
413,2025-10-10 21:00:00+00:00,ONDOUSDT,22.41,none,NONE,fg=67(Greed); sweep:pre_coverage; news:pre_coverage; unlock:no_data; whale_positions:no_data; token_unlock:no_data
414,2026-02-05 23:00:00+00:00,ONDOUSDT,18.42,macro_extreme,LOW,fg=13(Extreme Fear); sweep:pre_coverage; news:pre_coverage; unlock:no_data; whale_positions:no_data; token_unlock:no_data
415,2026-05-08 01:00:00+00:00,ONDOUSDT,35.06,none,NONE,fg=42(Fear); unlock:no_data; whale_positions:no_data; token_unlock:no_data
416,2026-05-18 10:00:00+00:00,ONDOUSDT,18.35,none,NONE,fg=28(Fear); unlock:no_data; whale_positions:no_data; token_unlock:no_data
417,2024-08-05 12:00:00+00:00,ONDOUSDT,12.33,none,NONE,fg=30(Fear); sweep:pre_coverage; news:pre_coverage; unlock:no_data; whale_positions:no_data; token_unlock:no_data
418,2024-08-05 14:00:00+00:00,ONDOUSDT,12.57,none,NONE,fg=30(Fear); sweep:pre_coverage; news:pre_coverage; unlock:no_data; whale_positions:no_data; token_unlock:no_data
419,2024-12-04 02:00:00+00:00,ONDOUSDT,10.83,macro_extreme,LOW,fg=77(Extreme Greed); sweep:pre_coverage; news:pre_coverage; unlock:no_data; whale_positions:no_data; token_unlock:no_data
420,2024-12-15 21:00:00+00:00,ONDOUSDT,11.72,macro_extreme,LOW,fg=82(Extreme Greed); sweep:pre_coverage; news:pre_coverage; unlock:no_data; whale_positions:no_data; token_unlock:no_data
421,2025-01-17 23:00:00+00:00,ONDOUSDT,10.32,none,NONE,fg=75(Greed); sweep:pre_coverage; news:pre_coverage; unlock:no_data; whale_positions:no_data; token_unlock:no_data
422,2025-04-09 16:00:00+00:00,ONDOUSDT,14.19,macro_extreme,LOW,fg=21(Extreme Fear); sweep:pre_coverage; news:pre_coverage; unlock:no_data; whale_positions:no_data; token_unlock:no_data
423,2025-08-07 03:00:00+00:00,PLAYUSDT,128.63,none,NONE,fg=58(Greed); sweep:pre_coverage; news:pre_coverage; unlock:no_data; whale_positions:no_data; token_unlock:no_data
424,2025-09-05 05:00:00+00:00,PLAYUSDT,35.7,stablecoin_inflow,HIGH,fg=50(Neutral); sweep:pre_coverage; news:pre_coverage; unlock:no_data; whale_positions:no_data; token_unlock:no_data
425,2025-10-10 21:00:00+00:00,PLAYUSDT,27.05,none,NONE,fg=67(Greed); sweep:pre_coverage; news:pre_coverage; unlock:no_data; whale_positions:no_data; token_unlock:no_data
426,2025-10-15 03:00:00+00:00,PLAYUSDT,17.97,none,NONE,fg=36(Fear); sweep:pre_coverage; news:pre_coverage; unlock:no_data; whale_positions:no_data; token_unlock:no_data
427,2025-11-13 02:00:00+00:00,PLAYUSDT,26.28,macro_extreme,LOW,fg=20(Extreme Fear); sweep:pre_coverage; news:pre_coverage; unlock:no_data; whale_positions:no_data; token_unlock:no_data
428,2025-11-25 05:00:00+00:00,PLAYUSDT,21.49,macro_extreme,LOW,fg=20(Extreme Fear); sweep:pre_coverage; news:pre_coverage; unlock:no_data; whale_positions:no_data; token_unlock:no_data
429,2025-12-10 10:00:00+00:00,PLAYUSDT,17.92,macro_extreme,LOW,fg=24(Extreme Fear); sweep:pre_coverage; news:pre_coverage; unlock:no_data; whale_positions:no_data; token_unlock:no_data
430,2025-12-23 10:00:00+00:00,PLAYUSDT,42.45,macro_extreme,LOW,fg=24(Extreme Fear); sweep:pre_coverage; news:pre_coverage; unlock:no_data; whale_positions:no_data; token_unlock:no_data
431,2025-12-28 17:00:00+00:00,PLAYUSDT,27.07,macro_extreme,LOW,fg=24(Extreme Fear); sweep:pre_coverage; news:pre_coverage; unlock:no_data; whale_positions:no_data; token_unlock:no_data
432,2026-01-11 22:00:00+00:00,PLAYUSDT,64.18,none,NONE,fg=27(Extreme Fear); sweep:pre_coverage; news:pre_coverage; unlock:no_data; whale_positions:no_data; token_unlock:no_data
433,2026-01-13 03:00:00+00:00,PLAYUSDT,25.49,none,NONE,fg=26(Fear); sweep:pre_coverage; news:pre_coverage; unlock:no_data; whale_positions:no_data; token_unlock:no_data
434,2026-01-18 23:00:00+00:00,PLAYUSDT,28.62,none,NONE,fg=50(Neutral); sweep:pre_coverage; news:pre_coverage; unlock:no_data; whale_positions:no_data; token_unlock:no_data
435,2026-01-27 23:00:00+00:00,PLAYUSDT,72.61,macro_extreme,LOW,fg=24(Extreme Fear); sweep:pre_coverage; news:pre_coverage; unlock:no_data; whale_positions:no_data; token_unlock:no_data
436,2026-01-30 09:00:00+00:00,PLAYUSDT,23.58,macro_extreme,LOW,fg=21(Extreme Fear); sweep:pre_coverage; news:pre_coverage; unlock:no_data; whale_positions:no_data; token_unlock:no_data
437,2026-02-04 05:00:00+00:00,PLAYUSDT,16.14,macro_extreme,LOW,fg=16(Extreme Fear); sweep:pre_coverage; news:pre_coverage; unlock:no_data; whale_positions:no_data; token_unlock:no_data
438,2026-02-19 19:00:00+00:00,PLAYUSDT,19.3,macro_extreme,LOW,fg=8(Extreme Fear); sweep:pre_coverage; news:pre_coverage; unlock:no_data; whale_positions:no_data; token_unlock:no_data
439,2026-02-21 10:00:00+00:00,PLAYUSDT,18.02,macro_extreme,LOW,fg=8(Extreme Fear); sweep:pre_coverage; news:pre_coverage; unlock:no_data; whale_positions:no_data; token_unlock:no_data
440,2026-03-10 08:00:00+00:00,PLAYUSDT,88.1,macro_extreme,LOW,fg=10(Extreme Fear); sweep:pre_coverage; news:pre_coverage; unlock:no_data; whale_positions:no_data; token_unlock:no_data
441,2026-03-11 17:00:00+00:00,PLAYUSDT,17.59,macro_extreme,LOW,fg=14(Extreme Fear); sweep:pre_coverage; news:pre_coverage; unlock:no_data; whale_positions:no_data; token_unlock:no_data
442,2026-03-14 00:00:00+00:00,PLAYUSDT,15.97,macro_extreme,LOW,fg=16(Extreme Fear); sweep:pre_coverage; news:pre_coverage; unlock:no_data; whale_positions:no_data; token_unlock:no_data
443,2026-03-20 10:00:00+00:00,PLAYUSDT,26.92,macro_extreme,LOW,fg=17(Extreme Fear); sweep:pre_coverage; news:pre_coverage; unlock:no_data; whale_positions:no_data; token_unlock:no_data
444,2026-03-22 09:00:00+00:00,PLAYUSDT,36.82,macro_extreme,LOW,fg=11(Extreme Fear); sweep:pre_coverage; news:pre_coverage; unlock:no_data; whale_positions:no_data; token_unlock:no_data
445,2026-03-28 20:00:00+00:00,PLAYUSDT,90.8,macro_extreme,LOW,fg=12(Extreme Fear); sweep:pre_coverage; news:pre_coverage; unlock:no_data; whale_positions:no_data; token_unlock:no_data
446,2026-04-05 20:00:00+00:00,PLAYUSDT,118.54,macro_extreme,LOW,fg=12(Extreme Fear); sweep:pre_coverage; news:pre_coverage; unlock:no_data; whale_positions:no_data; token_unlock:no_data
447,2026-04-15 04:00:00+00:00,PLAYUSDT,126.95,macro_extreme,LOW,fg=22(Extreme Fear); unlock:no_data; whale_positions:no_data; token_unlock:no_data
448,2026-05-06 11:00:00+00:00,PLAYUSDT,61.87,none,NONE,fg=48(Fear); unlock:no_data; whale_positions:no_data; token_unlock:no_data
449,2026-05-09 03:00:00+00:00,PLAYUSDT,51.64,none,NONE,fg=38(Fear); unlock:no_data; whale_positions:no_data; token_unlock:no_data
450,2026-05-09 23:00:00+00:00,PLAYUSDT,18.96,none,NONE,fg=38(Fear); unlock:no_data; whale_positions:no_data; token_unlock:no_data
451,2026-05-10 21:00:00+00:00,PLAYUSDT,25.22,none,NONE,fg=42(Fear); unlock:no_data; whale_positions:no_data; token_unlock:no_data
452,2026-05-13 23:00:00+00:00,PLAYUSDT,40.9,none,NONE,fg=46(Fear); unlock:no_data; whale_positions:no_data; token_unlock:no_data
453,2026-05-19 05:00:00+00:00,PLAYUSDT,49.3,none,NONE,fg=26(Extreme Fear); unlock:no_data; whale_positions:no_data; token_unlock:no_data
454,2026-05-20 22:00:00+00:00,PLAYUSDT,19.64,none,NONE,fg=26(Extreme Fear); unlock:no_data; whale_positions:no_data; token_unlock:no_data
455,2026-05-21 21:00:00+00:00,PLAYUSDT,28.29,none,NONE,fg=28(Fear); unlock:no_data; whale_positions:no_data; token_unlock:no_data
456,2026-05-22 04:00:00+00:00,PLAYUSDT,15.76,none,NONE,fg=28(Fear); unlock:no_data; whale_positions:no_data; token_unlock:no_data
457,2026-05-24 21:00:00+00:00,PLAYUSDT,77.15,none,NONE,fg=26(Extreme Fear); unlock:no_data; whale_positions:no_data; token_unlock:no_data
458,2026-05-26 09:00:00+00:00,PLAYUSDT,27.62,none,NONE,fg=32(Fear); unlock:no_data; whale_positions:no_data; token_unlock:no_data
459,2025-08-07 06:00:00+00:00,PLAYUSDT,61.95,none,NONE,fg=58(Greed); sweep:pre_coverage; news:pre_coverage; unlock:no_data; whale_positions:no_data; token_unlock:no_data
460,2025-08-07 21:00:00+00:00,PLAYUSDT,10.05,none,NONE,fg=58(Greed); sweep:pre_coverage; news:pre_coverage; unlock:no_data; whale_positions:no_data; token_unlock:no_data
461,2025-08-11 03:00:00+00:00,PLAYUSDT,10.57,none,NONE,fg=70(Greed); sweep:pre_coverage; news:pre_coverage; unlock:no_data; whale_positions:no_data; token_unlock:no_data
462,2025-08-27 02:00:00+00:00,PLAYUSDT,12.12,stablecoin_inflow,HIGH,fg=50(Neutral); sweep:pre_coverage; news:pre_coverage; unlock:no_data; whale_positions:no_data; token_unlock:no_data
463,2025-08-29 20:00:00+00:00,PLAYUSDT,18.13,stablecoin_inflow,HIGH,fg=49(Neutral); sweep:pre_coverage; news:pre_coverage; unlock:no_data; whale_positions:no_data; token_unlock:no_data
464,2025-09-05 08:00:00+00:00,PLAYUSDT,11.23,stablecoin_inflow,HIGH,fg=50(Neutral); sweep:pre_coverage; news:pre_coverage; unlock:no_data; whale_positions:no_data; token_unlock:no_data
465,2025-09-05 15:00:00+00:00,PLAYUSDT,18.54,stablecoin_inflow,HIGH,fg=50(Neutral); sweep:pre_coverage; news:pre_coverage; unlock:no_data; whale_positions:no_data; token_unlock:no_data
466,2025-10-15 03:00:00+00:00,PLAYUSDT,17.97,none,NONE,fg=36(Fear); sweep:pre_coverage; news:pre_coverage; unlock:no_data; whale_positions:no_data; token_unlock:no_data
467,2025-11-13 12:00:00+00:00,PLAYUSDT,12.7,macro_extreme,LOW,fg=20(Extreme Fear); sweep:pre_coverage; news:pre_coverage; unlock:no_data; whale_positions:no_data; token_unlock:no_data
468,2025-11-25 15:00:00+00:00,PLAYUSDT,10.07,macro_extreme,LOW,fg=20(Extreme Fear); sweep:pre_coverage; news:pre_coverage; unlock:no_data; whale_positions:no_data; token_unlock:no_data
469,2025-12-11 08:00:00+00:00,PLAYUSDT,12.68,none,NONE,fg=28(Fear); sweep:pre_coverage; news:pre_coverage; unlock:no_data; whale_positions:no_data; token_unlock:no_data
470,2025-12-23 13:00:00+00:00,PLAYUSDT,24.43,macro_extreme,LOW,fg=24(Extreme Fear); sweep:pre_coverage; news:pre_coverage; unlock:no_data; whale_positions:no_data; token_unlock:no_data
471,2026-01-12 13:00:00+00:00,PLAYUSDT,48.48,none,NONE,fg=28(Fear); sweep:pre_coverage; news:pre_coverage; unlock:no_data; whale_positions:no_data; token_unlock:no_data
472,2026-01-19 07:00:00+00:00,PLAYUSDT,23.35,none,NONE,fg=46(Fear); sweep:pre_coverage; news:pre_coverage; unlock:no_data; whale_positions:no_data; token_unlock:no_data
473,2026-01-28 09:00:00+00:00,PLAYUSDT,18.76,none,NONE,fg=29(Fear); sweep:pre_coverage; news:pre_coverage; unlock:no_data; whale_positions:no_data; token_unlock:no_data
474,2026-03-10 10:00:00+00:00,PLAYUSDT,17.55,macro_extreme,LOW,fg=10(Extreme Fear); sweep:pre_coverage; news:pre_coverage; unlock:no_data; whale_positions:no_data; token_unlock:no_data
475,2026-03-11 06:00:00+00:00,PLAYUSDT,18.27,macro_extreme,LOW,fg=14(Extreme Fear); sweep:pre_coverage; news:pre_coverage; unlock:no_data; whale_positions:no_data; token_unlock:no_data
476,2026-03-14 00:00:00+00:00,PLAYUSDT,14.8,macro_extreme,LOW,fg=16(Extreme Fear); sweep:pre_coverage; news:pre_coverage; unlock:no_data; whale_positions:no_data; token_unlock:no_data
477,2026-03-22 17:00:00+00:00,PLAYUSDT,10.14,macro_extreme,LOW,fg=11(Extreme Fear); sweep:pre_coverage; news:pre_coverage; unlock:no_data; whale_positions:no_data; token_unlock:no_data
478,2026-03-28 20:00:00+00:00,PLAYUSDT,60.62,macro_extreme,LOW,fg=12(Extreme Fear); sweep:pre_coverage; news:pre_coverage; unlock:no_data; whale_positions:no_data; token_unlock:no_data
479,2026-03-29 00:00:00+00:00,PLAYUSDT,11.82,macro_extreme,LOW,fg=12(Extreme Fear); sweep:pre_coverage; news:pre_coverage; unlock:no_data; whale_positions:no_data; token_unlock:no_data
480,2026-04-04 18:00:00+00:00,PLAYUSDT,19.82,macro_extreme,LOW,fg=10(Extreme Fear); sweep:pre_coverage; news:pre_coverage; unlock:no_data; whale_positions:no_data; token_unlock:no_data
481,2026-04-05 22:00:00+00:00,PLAYUSDT,27.5,macro_extreme,LOW,fg=12(Extreme Fear); sweep:pre_coverage; news:pre_coverage; unlock:no_data; whale_positions:no_data; token_unlock:no_data
482,2026-04-12 05:00:00+00:00,PLAYUSDT,11.09,macro_extreme,LOW,fg=16(Extreme Fear); sweep:pre_coverage; unlock:no_data; whale_positions:no_data; token_unlock:no_data
483,2026-04-15 08:00:00+00:00,PLAYUSDT,12.03,macro_extreme,LOW,fg=22(Extreme Fear); unlock:no_data; whale_positions:no_data; token_unlock:no_data
484,2026-04-15 16:00:00+00:00,PLAYUSDT,24.28,macro_extreme,LOW,fg=22(Extreme Fear); unlock:no_data; whale_positions:no_data; token_unlock:no_data
485,2026-04-25 00:00:00+00:00,PLAYUSDT,23.74,none,NONE,fg=42(Fear); unlock:no_data; whale_positions:no_data; token_unlock:no_data
486,2026-05-04 20:00:00+00:00,PLAYUSDT,21.42,none,NONE,fg=44(Fear); unlock:no_data; whale_positions:no_data; token_unlock:no_data
487,2026-05-06 16:00:00+00:00,PLAYUSDT,15.95,none,NONE,fg=48(Fear); unlock:no_data; whale_positions:no_data; token_unlock:no_data
488,2026-05-07 23:00:00+00:00,PLAYUSDT,11.93,none,NONE,fg=46(Fear); unlock:no_data; whale_positions:no_data; token_unlock:no_data
489,2026-05-08 08:00:00+00:00,PLAYUSDT,11.58,none,NONE,fg=42(Fear); unlock:no_data; whale_positions:no_data; token_unlock:no_data
490,2026-05-09 08:00:00+00:00,PLAYUSDT,25.02,none,NONE,fg=38(Fear); unlock:no_data; whale_positions:no_data; token_unlock:no_data
491,2026-05-14 12:00:00+00:00,PLAYUSDT,20.71,none,NONE,fg=38(Fear); unlock:no_data; whale_positions:no_data; token_unlock:no_data
492,2026-05-19 05:00:00+00:00,PLAYUSDT,11.4,none,NONE,fg=26(Extreme Fear); unlock:no_data; whale_positions:no_data; token_unlock:no_data
493,2026-05-20 23:00:00+00:00,PLAYUSDT,17.27,none,NONE,fg=26(Extreme Fear); unlock:no_data; whale_positions:no_data; token_unlock:no_data
494,2026-05-22 02:00:00+00:00,PLAYUSDT,12.24,none,NONE,fg=28(Fear); unlock:no_data; whale_positions:no_data; token_unlock:no_data
495,2026-05-24 08:00:00+00:00,PLAYUSDT,10.13,none,NONE,fg=26(Extreme Fear); unlock:no_data; whale_positions:no_data; token_unlock:no_data
496,2026-05-24 23:00:00+00:00,PLAYUSDT,13.46,none,NONE,fg=26(Extreme Fear); unlock:no_data; whale_positions:no_data; token_unlock:no_data
497,2026-05-25 06:00:00+00:00,PLAYUSDT,37.65,none,NONE,fg=28(Extreme Fear); unlock:no_data; whale_positions:no_data; token_unlock:no_data
498,2024-08-05 12:00:00+00:00,SOLUSDT,27.93,none,NONE,fg=30(Fear); sweep:pre_coverage; news:pre_coverage; unlock:no_data; whale_positions:no_data; token_unlock:no_data
499,2024-11-05 06:00:00+00:00,SOLUSDT,15.17,stablecoin_inflow,HIGH,fg=70(Greed); sweep:pre_coverage; news:pre_coverage; unlock:no_data; whale_positions:no_data; token_unlock:no_data
500,2025-01-18 05:00:00+00:00,SOLUSDT,21.03,macro_extreme|stablecoin_inflow,HIGH,fg=76(Extreme Greed); sweep:pre_coverage; news:pre_coverage; unlock:no_data; whale_positions:no_data; token_unlock:no_data
501,2025-01-20 02:00:00+00:00,SOLUSDT,16.01,macro_extreme,LOW,fg=76(Extreme Greed); sweep:pre_coverage; news:pre_coverage; unlock:no_data; whale_positions:no_data; token_unlock:no_data
502,2025-02-28 02:00:00+00:00,SOLUSDT,16.35,macro_extreme,LOW,fg=13(Extreme Fear); sweep:pre_coverage; news:pre_coverage; unlock:no_data; whale_positions:no_data; token_unlock:no_data
503,2025-03-02 14:00:00+00:00,SOLUSDT,26.97,macro_extreme,LOW,fg=23(Extreme Fear); sweep:pre_coverage; news:pre_coverage; unlock:no_data; whale_positions:no_data; token_unlock:no_data
504,2025-04-09 01:00:00+00:00,SOLUSDT,15.18,macro_extreme,LOW,fg=21(Extreme Fear); sweep:pre_coverage; news:pre_coverage; unlock:no_data; whale_positions:no_data; token_unlock:no_data
505,2026-02-06 00:00:00+00:00,SOLUSDT,18.14,macro_extreme,LOW,fg=13(Extreme Fear); sweep:pre_coverage; news:pre_coverage; unlock:no_data; whale_positions:no_data; token_unlock:no_data
506,2025-03-02 14:00:00+00:00,SOLUSDT,11.84,macro_extreme,LOW,fg=23(Extreme Fear); sweep:pre_coverage; news:pre_coverage; unlock:no_data; whale_positions:no_data; token_unlock:no_data
507,2025-04-09 16:00:00+00:00,SOLUSDT,10.23,macro_extreme,LOW,fg=21(Extreme Fear); sweep:pre_coverage; news:pre_coverage; unlock:no_data; whale_positions:no_data; token_unlock:no_data
508,2024-08-05 12:00:00+00:00,SUIUSDT,25.98,none,NONE,fg=30(Fear); sweep:pre_coverage; news:pre_coverage; unlock:no_data; whale_positions:no_data; token_unlock:no_data
509,2024-08-08 00:00:00+00:00,SUIUSDT,38.76,macro_extreme,LOW,fg=23(Extreme Fear); sweep:pre_coverage; news:pre_coverage; unlock:no_data; whale_positions:no_data; token_unlock:no_data
510,2024-08-11 23:00:00+00:00,SUIUSDT,25.51,none,NONE,fg=40(Fear); sweep:pre_coverage; news:pre_coverage; unlock:no_data; whale_positions:no_data; token_unlock:no_data
511,2024-09-11 16:00:00+00:00,SUIUSDT,15.07,none,NONE,fg=35(Fear); sweep:pre_coverage; news:pre_coverage; unlock:no_data; whale_positions:no_data; token_unlock:no_data
512,2025-02-03 01:00:00+00:00,SUIUSDT,36.22,none,NONE,fg=52(Fear); sweep:pre_coverage; news:pre_coverage; unlock:no_data; whale_positions:no_data; token_unlock:no_data
513,2025-04-07 07:00:00+00:00,SUIUSDT,19.99,macro_extreme,LOW,fg=28(Extreme Fear); sweep:pre_coverage; news:pre_coverage; unlock:no_data; whale_positions:no_data; token_unlock:no_data
514,2025-04-22 15:00:00+00:00,SUIUSDT,25.0,none,NONE,fg=43(Fear); sweep:pre_coverage; news:pre_coverage; unlock:no_data; whale_positions:no_data; token_unlock:no_data
515,2025-04-24 08:00:00+00:00,SUIUSDT,24.31,none,NONE,fg=68(Greed); sweep:pre_coverage; news:pre_coverage; unlock:no_data; whale_positions:no_data; token_unlock:no_data
516,2025-12-02 09:00:00+00:00,SUIUSDT,31.01,macro_extreme,LOW,fg=24(Extreme Fear); sweep:pre_coverage; news:pre_coverage; unlock:no_data; whale_positions:no_data; token_unlock:no_data
517,2026-01-05 14:00:00+00:00,SUIUSDT,17.63,none,NONE,fg=26(Extreme Fear); sweep:pre_coverage; news:pre_coverage; unlock:no_data; whale_positions:no_data; token_unlock:no_data
518,2026-02-06 00:00:00+00:00,SUIUSDT,17.37,macro_extreme,LOW,fg=13(Extreme Fear); sweep:pre_coverage; news:pre_coverage; unlock:no_data; whale_positions:no_data; token_unlock:no_data
519,2026-05-09 20:00:00+00:00,SUIUSDT,29.57,none,NONE,fg=38(Fear); unlock:no_data; whale_positions:no_data; token_unlock:no_data
520,2025-04-09 16:00:00+00:00,SUIUSDT,13.29,macro_extreme,LOW,fg=21(Extreme Fear); sweep:pre_coverage; news:pre_coverage; unlock:no_data; whale_positions:no_data; token_unlock:no_data
521,2024-05-20 14:00:00+00:00,TAOUSDT,20.13,none,NONE,fg=71(Greed); sweep:pre_coverage; news:pre_coverage; unlock:no_data; whale_positions:no_data; token_unlock:no_data
522,2024-07-08 16:00:00+00:00,TAOUSDT,16.5,none,NONE,fg=28(Fear); sweep:pre_coverage; news:pre_coverage; unlock:no_data; whale_positions:no_data; token_unlock:no_data
523,2024-08-05 06:00:00+00:00,TAOUSDT,48.22,none,NONE,fg=30(Fear); sweep:pre_coverage; news:pre_coverage; unlock:no_data; whale_positions:no_data; token_unlock:no_data
524,2024-08-07 23:00:00+00:00,TAOUSDT,27.91,macro_extreme,LOW,fg=23(Extreme Fear); sweep:pre_coverage; news:pre_coverage; unlock:no_data; whale_positions:no_data; token_unlock:no_data
525,2024-09-22 16:00:00+00:00,TAOUSDT,27.15,none,NONE,fg=53(Neutral); sweep:pre_coverage; news:pre_coverage; unlock:no_data; whale_positions:no_data; token_unlock:no_data
526,2025-01-25 17:00:00+00:00,TAOUSDT,19.5,none,NONE,fg=75(Greed); sweep:pre_coverage; news:pre_coverage; unlock:no_data; whale_positions:no_data; token_unlock:no_data
527,2025-01-27 10:00:00+00:00,TAOUSDT,21.24,none,NONE,fg=72(Greed); sweep:pre_coverage; news:pre_coverage; unlock:no_data; whale_positions:no_data; token_unlock:no_data
528,2025-02-03 01:00:00+00:00,TAOUSDT,43.51,none,NONE,fg=52(Fear); sweep:pre_coverage; news:pre_coverage; unlock:no_data; whale_positions:no_data; token_unlock:no_data
529,2025-04-07 06:00:00+00:00,TAOUSDT,27.31,macro_extreme,LOW,fg=28(Extreme Fear); sweep:pre_coverage; news:pre_coverage; unlock:no_data; whale_positions:no_data; token_unlock:no_data
530,2025-04-09 14:00:00+00:00,TAOUSDT,19.49,macro_extreme,LOW,fg=21(Extreme Fear); sweep:pre_coverage; news:pre_coverage; unlock:no_data; whale_positions:no_data; token_unlock:no_data
531,2025-10-09 16:00:00+00:00,TAOUSDT,21.68,none,NONE,fg=65(Greed); sweep:pre_coverage; news:pre_coverage; unlock:no_data; whale_positions:no_data; token_unlock:no_data
532,2025-10-11 01:00:00+00:00,TAOUSDT,17.02,none,NONE,fg=46(Fear); sweep:pre_coverage; news:pre_coverage; unlock:no_data; whale_positions:no_data; token_unlock:no_data
533,2025-10-12 02:00:00+00:00,TAOUSDT,41.16,macro_extreme,LOW,fg=26(Extreme Fear); sweep:pre_coverage; news:pre_coverage; unlock:no_data; whale_positions:no_data; token_unlock:no_data
534,2025-10-14 06:00:00+00:00,TAOUSDT,19.26,none,NONE,fg=38(Fear); sweep:pre_coverage; news:pre_coverage; unlock:no_data; whale_positions:no_data; token_unlock:no_data
535,2025-10-17 07:00:00+00:00,TAOUSDT,17.62,macro_extreme,LOW,fg=25(Extreme Fear); sweep:pre_coverage; news:pre_coverage; unlock:no_data; whale_positions:no_data; token_unlock:no_data
536,2025-10-18 13:00:00+00:00,TAOUSDT,18.3,macro_extreme,LOW,fg=22(Extreme Fear); sweep:pre_coverage; news:pre_coverage; unlock:no_data; whale_positions:no_data; token_unlock:no_data
537,2025-10-31 06:00:00+00:00,TAOUSDT,21.83,none,NONE,fg=32(Fear); sweep:pre_coverage; news:pre_coverage; unlock:no_data; whale_positions:no_data; token_unlock:no_data
538,2026-02-13 11:00:00+00:00,TAOUSDT,30.76,macro_extreme,LOW,fg=7(Extreme Fear); sweep:pre_coverage; news:pre_coverage; unlock:no_data; whale_positions:no_data; token_unlock:no_data
539,2026-03-14 19:00:00+00:00,TAOUSDT,22.16,macro_extreme,LOW,fg=16(Extreme Fear); sweep:pre_coverage; news:pre_coverage; unlock:no_data; whale_positions:no_data; token_unlock:no_data
540,2026-03-19 12:00:00+00:00,TAOUSDT,23.55,macro_extreme,LOW,fg=24(Extreme Fear); sweep:pre_coverage; news:pre_coverage; unlock:no_data; whale_positions:no_data; token_unlock:no_data
541,2026-03-23 09:00:00+00:00,TAOUSDT,19.41,macro_extreme,LOW,fg=9(Extreme Fear); sweep:pre_coverage; news:pre_coverage; unlock:no_data; whale_positions:no_data; token_unlock:no_data
542,2025-02-03 04:00:00+00:00,TAOUSDT,10.09,none,NONE,fg=52(Fear); sweep:pre_coverage; news:pre_coverage; unlock:no_data; whale_positions:no_data; token_unlock:no_data
543,2025-10-12 14:00:00+00:00,TAOUSDT,11.09,macro_extreme,LOW,fg=26(Extreme Fear); sweep:pre_coverage; news:pre_coverage; unlock:no_data; whale_positions:no_data; token_unlock:no_data
544,2024-05-09 13:00:00+00:00,TONUSDT,18.9,none,NONE,fg=60(Greed); sweep:pre_coverage; news:pre_coverage; unlock:no_data; whale_positions:no_data; token_unlock:no_data
545,2024-08-07 18:00:00+00:00,TONUSDT,18.3,macro_extreme,LOW,fg=23(Extreme Fear); sweep:pre_coverage; news:pre_coverage; unlock:no_data; whale_positions:no_data; token_unlock:no_data
546,2024-11-22 22:00:00+00:00,TONUSDT,20.63,macro_extreme|stablecoin_inflow,HIGH,fg=88(Extreme Greed); sweep:pre_coverage; news:pre_coverage; unlock:no_data; whale_positions:no_data; token_unlock:no_data
547,2025-02-03 02:00:00+00:00,TONUSDT,24.68,none,NONE,fg=52(Fear); sweep:pre_coverage; news:pre_coverage; unlock:no_data; whale_positions:no_data; token_unlock:no_data
548,2025-03-15 01:00:00+00:00,TONUSDT,23.11,none,NONE,fg=36(Fear); sweep:pre_coverage; news:pre_coverage; unlock:no_data; whale_positions:no_data; token_unlock:no_data
549,2025-05-28 06:00:00+00:00,TONUSDT,19.33,none,NONE,fg=72(Greed); sweep:pre_coverage; news:pre_coverage; unlock:no_data; whale_positions:no_data; token_unlock:no_data
550,2025-10-10 22:00:00+00:00,TONUSDT,17.32,none,NONE,fg=67(Greed); sweep:pre_coverage; news:pre_coverage; unlock:no_data; whale_positions:no_data; token_unlock:no_data
551,2026-04-10 18:00:00+00:00,TONUSDT,16.68,macro_extreme,LOW,fg=15(Extreme Fear); sweep:pre_coverage; news:pre_coverage; unlock:no_data; whale_positions:no_data; token_unlock:no_data
552,2026-05-04 13:00:00+00:00,TONUSDT,36.94,none,NONE,fg=44(Fear); unlock:no_data; whale_positions:no_data; token_unlock:no_data
553,2026-05-07 12:00:00+00:00,TONUSDT,16.25,liq_sweep,LOW,fg=46(Fear); unlock:no_data; whale_positions:no_data; token_unlock:no_data
554,2026-05-25 11:00:00+00:00,TONUSDT,15.98,none,NONE,fg=28(Extreme Fear); unlock:no_data; whale_positions:no_data; token_unlock:no_data
555,2025-10-27 03:00:00+00:00,UBUSDT,26.12,none,NONE,fg=46(Fear); sweep:pre_coverage; news:pre_coverage; unlock:no_data; whale_positions:no_data; token_unlock:no_data
556,2025-12-21 02:00:00+00:00,UBUSDT,18.36,macro_extreme,LOW,fg=20(Extreme Fear); sweep:pre_coverage; news:pre_coverage; unlock:no_data; whale_positions:no_data; token_unlock:no_data
557,2026-01-08 01:00:00+00:00,UBUSDT,25.5,none,NONE,fg=35(Fear); sweep:pre_coverage; news:pre_coverage; unlock:no_data; whale_positions:no_data; token_unlock:no_data
558,2026-02-03 01:00:00+00:00,UBUSDT,18.41,macro_extreme,LOW,fg=16(Extreme Fear); sweep:pre_coverage; news:pre_coverage; unlock:no_data; whale_positions:no_data; token_unlock:no_data
559,2026-02-22 16:00:00+00:00,UBUSDT,15.55,macro_extreme,LOW,fg=8(Extreme Fear); sweep:pre_coverage; news:pre_coverage; unlock:no_data; whale_positions:no_data; token_unlock:no_data
560,2026-02-23 22:00:00+00:00,UBUSDT,21.22,macro_extreme,LOW,fg=7(Extreme Fear); sweep:pre_coverage; news:pre_coverage; unlock:no_data; whale_positions:no_data; token_unlock:no_data
561,2026-02-26 03:00:00+00:00,UBUSDT,18.63,macro_extreme,LOW,fg=11(Extreme Fear); sweep:pre_coverage; news:pre_coverage; unlock:no_data; whale_positions:no_data; token_unlock:no_data
562,2026-03-26 16:00:00+00:00,UBUSDT,17.52,macro_extreme,LOW,fg=12(Extreme Fear); sweep:pre_coverage; news:pre_coverage; unlock:no_data; whale_positions:no_data; token_unlock:no_data
563,2026-03-27 11:00:00+00:00,UBUSDT,16.66,macro_extreme,LOW,fg=12(Extreme Fear); sweep:pre_coverage; news:pre_coverage; unlock:no_data; whale_positions:no_data; token_unlock:no_data
564,2026-03-28 07:00:00+00:00,UBUSDT,17.56,macro_extreme,LOW,fg=12(Extreme Fear); sweep:pre_coverage; news:pre_coverage; unlock:no_data; whale_positions:no_data; token_unlock:no_data
565,2026-03-29 05:00:00+00:00,UBUSDT,19.16,macro_extreme,LOW,fg=10(Extreme Fear); sweep:pre_coverage; news:pre_coverage; unlock:no_data; whale_positions:no_data; token_unlock:no_data
566,2026-04-06 23:00:00+00:00,UBUSDT,17.72,macro_extreme,LOW,fg=12(Extreme Fear); sweep:pre_coverage; news:pre_coverage; unlock:no_data; whale_positions:no_data; token_unlock:no_data
567,2026-04-10 06:00:00+00:00,UBUSDT,21.86,macro_extreme,LOW,fg=15(Extreme Fear); sweep:pre_coverage; news:pre_coverage; unlock:no_data; whale_positions:no_data; token_unlock:no_data
568,2026-04-16 14:00:00+00:00,UBUSDT,31.48,macro_extreme,LOW,fg=23(Extreme Fear); unlock:no_data; whale_positions:no_data; token_unlock:no_data
569,2026-04-22 00:00:00+00:00,UBUSDT,72.66,none,NONE,fg=31(Fear); unlock:no_data; whale_positions:no_data; token_unlock:no_data
570,2026-04-23 01:00:00+00:00,UBUSDT,17.46,liq_sweep,LOW,fg=39(Fear); unlock:no_data; whale_positions:no_data; token_unlock:no_data
571,2026-04-23 15:00:00+00:00,UBUSDT,19.45,liq_sweep,LOW,fg=39(Fear); unlock:no_data; whale_positions:no_data; token_unlock:no_data
572,2026-05-01 06:00:00+00:00,UBUSDT,121.84,none,NONE,fg=28(Fear); unlock:no_data; whale_positions:no_data; token_unlock:no_data
573,2026-05-03 11:00:00+00:00,UBUSDT,30.1,none,NONE,fg=43(Fear); unlock:no_data; whale_positions:no_data; token_unlock:no_data
574,2026-05-13 02:00:00+00:00,UBUSDT,34.8,none,NONE,fg=46(Fear); unlock:no_data; whale_positions:no_data; token_unlock:no_data
575,2025-10-22 12:00:00+00:00,UBUSDT,14.15,none,NONE,fg=30(Extreme Fear); sweep:pre_coverage; news:pre_coverage; unlock:no_data; whale_positions:no_data; token_unlock:no_data
576,2025-10-23 12:00:00+00:00,UBUSDT,11.82,none,NONE,fg=26(Extreme Fear); sweep:pre_coverage; news:pre_coverage; unlock:no_data; whale_positions:no_data; token_unlock:no_data
577,2025-10-27 06:00:00+00:00,UBUSDT,17.76,none,NONE,fg=46(Fear); sweep:pre_coverage; news:pre_coverage; unlock:no_data; whale_positions:no_data; token_unlock:no_data
578,2026-03-27 02:00:00+00:00,UBUSDT,13.03,macro_extreme,LOW,fg=12(Extreme Fear); sweep:pre_coverage; news:pre_coverage; unlock:no_data; whale_positions:no_data; token_unlock:no_data
579,2026-04-22 17:00:00+00:00,UBUSDT,15.86,none,NONE,fg=32(Fear); unlock:no_data; whale_positions:no_data; token_unlock:no_data
580,2026-04-22 19:00:00+00:00,UBUSDT,14.16,liq_sweep,LOW,fg=32(Fear); unlock:no_data; whale_positions:no_data; token_unlock:no_data
581,2026-04-23 01:00:00+00:00,UBUSDT,17.46,liq_sweep,LOW,fg=39(Fear); unlock:no_data; whale_positions:no_data; token_unlock:no_data
582,2026-04-23 13:00:00+00:00,UBUSDT,12.22,none,NONE,fg=39(Fear); unlock:no_data; whale_positions:no_data; token_unlock:no_data
583,2026-04-23 16:00:00+00:00,UBUSDT,11.43,liq_sweep,LOW,fg=39(Fear); unlock:no_data; whale_positions:no_data; token_unlock:no_data
584,2026-04-30 12:00:00+00:00,UBUSDT,28.72,none,NONE,fg=28(Fear); unlock:no_data; whale_positions:no_data; token_unlock:no_data
585,2026-05-01 07:00:00+00:00,UBUSDT,19.03,none,NONE,fg=28(Fear); unlock:no_data; whale_positions:no_data; token_unlock:no_data
586,2026-05-01 11:00:00+00:00,UBUSDT,16.12,none,NONE,fg=28(Fear); unlock:no_data; whale_positions:no_data; token_unlock:no_data
587,2026-05-01 13:00:00+00:00,UBUSDT,15.03,none,NONE,fg=28(Fear); unlock:no_data; whale_positions:no_data; token_unlock:no_data
588,2026-05-01 19:00:00+00:00,UBUSDT,15.22,none,NONE,fg=28(Fear); unlock:no_data; whale_positions:no_data; token_unlock:no_data
589,2026-05-02 11:00:00+00:00,UBUSDT,11.49,none,NONE,fg=32(Fear); unlock:no_data; whale_positions:no_data; token_unlock:no_data
590,2026-05-02 13:00:00+00:00,UBUSDT,10.72,none,NONE,fg=32(Fear); unlock:no_data; whale_positions:no_data; token_unlock:no_data
591,2026-05-03 08:00:00+00:00,UBUSDT,12.22,none,NONE,fg=43(Fear); unlock:no_data; whale_positions:no_data; token_unlock:no_data
592,2026-05-03 12:00:00+00:00,UBUSDT,14.65,none,NONE,fg=43(Fear); unlock:no_data; whale_positions:no_data; token_unlock:no_data
593,2026-05-08 05:00:00+00:00,UBUSDT,14.86,none,NONE,fg=42(Fear); unlock:no_data; whale_positions:no_data; token_unlock:no_data
594,2026-05-09 13:00:00+00:00,UBUSDT,10.81,none,NONE,fg=38(Fear); unlock:no_data; whale_positions:no_data; token_unlock:no_data
595,2024-07-16 12:00:00+00:00,WLDUSDT,48.31,none,NONE,fg=58(Greed); sweep:pre_coverage; news:pre_coverage; unlock:no_data; whale_positions:no_data; token_unlock:no_data
596,2024-09-24 19:00:00+00:00,WLDUSDT,22.95,none,NONE,fg=52(Neutral); sweep:pre_coverage; news:pre_coverage; unlock:no_data; whale_positions:no_data; token_unlock:no_data
597,2024-11-11 05:00:00+00:00,WLDUSDT,29.46,macro_extreme,LOW,fg=77(Extreme Greed); sweep:pre_coverage; news:pre_coverage; unlock:no_data; whale_positions:no_data; token_unlock:no_data
598,2025-01-21 15:00:00+00:00,WLDUSDT,28.46,macro_extreme,LOW,fg=76(Extreme Greed); sweep:pre_coverage; news:pre_coverage; unlock:no_data; whale_positions:no_data; token_unlock:no_data
599,2025-02-03 01:00:00+00:00,WLDUSDT,23.9,none,NONE,fg=52(Fear); sweep:pre_coverage; news:pre_coverage; unlock:no_data; whale_positions:no_data; token_unlock:no_data
600,2025-05-21 18:00:00+00:00,WLDUSDT,39.68,none,NONE,fg=70(Greed); sweep:pre_coverage; news:pre_coverage; unlock:no_data; whale_positions:no_data; token_unlock:no_data
601,2025-09-08 00:00:00+00:00,WLDUSDT,68.43,none,NONE,fg=46(Fear); sweep:pre_coverage; news:pre_coverage; unlock:no_data; whale_positions:no_data; token_unlock:no_data
602,2025-10-10 21:00:00+00:00,WLDUSDT,24.52,none,NONE,fg=67(Greed); sweep:pre_coverage; news:pre_coverage; unlock:no_data; whale_positions:no_data; token_unlock:no_data
603,2026-01-28 16:00:00+00:00,WLDUSDT,38.21,none,NONE,fg=29(Fear); sweep:pre_coverage; news:pre_coverage; unlock:no_data; whale_positions:no_data; token_unlock:no_data
604,2026-02-06 00:00:00+00:00,WLDUSDT,20.12,macro_extreme,LOW,fg=13(Extreme Fear); sweep:pre_coverage; news:pre_coverage; unlock:no_data; whale_positions:no_data; token_unlock:no_data
605,2026-05-21 14:00:00+00:00,WLDUSDT,15.27,news_signal,MEDIUM,fg=28(Fear); news=screener_proxy_not_external_news; unlock:no_data; whale_positions:no_data; token_unlock:no_data
606,2026-05-25 15:00:00+00:00,WLDUSDT,33.47,news_signal,MEDIUM,fg=28(Extreme Fear); news=screener_proxy_not_external_news; unlock:no_data; whale_positions:no_data; token_unlock:no_data
607,2024-07-16 12:00:00+00:00,WLDUSDT,12.17,none,NONE,fg=58(Greed); sweep:pre_coverage; news:pre_coverage; unlock:no_data; whale_positions:no_data; token_unlock:no_data
608,2024-07-16 14:00:00+00:00,WLDUSDT,11.27,none,NONE,fg=58(Greed); sweep:pre_coverage; news:pre_coverage; unlock:no_data; whale_positions:no_data; token_unlock:no_data
609,2024-11-11 23:00:00+00:00,WLDUSDT,10.49,macro_extreme,LOW,fg=77(Extreme Greed); sweep:pre_coverage; news:pre_coverage; unlock:no_data; whale_positions:no_data; token_unlock:no_data
610,2024-12-05 15:00:00+00:00,WLDUSDT,12.03,macro_extreme,LOW,fg=81(Extreme Greed); sweep:pre_coverage; news:pre_coverage; unlock:no_data; whale_positions:no_data; token_unlock:no_data
611,2025-01-21 16:00:00+00:00,WLDUSDT,17.8,macro_extreme,LOW,fg=76(Extreme Greed); sweep:pre_coverage; news:pre_coverage; unlock:no_data; whale_positions:no_data; token_unlock:no_data
612,2025-04-25 23:00:00+00:00,WLDUSDT,10.11,none,NONE,fg=62(Greed); sweep:pre_coverage; news:pre_coverage; unlock:no_data; whale_positions:no_data; token_unlock:no_data
613,2025-05-22 13:00:00+00:00,WLDUSDT,10.88,none,NONE,fg=71(Greed); sweep:pre_coverage; news:pre_coverage; unlock:no_data; whale_positions:no_data; token_unlock:no_data
614,2025-09-08 13:00:00+00:00,WLDUSDT,14.93,none,NONE,fg=48(Fear); sweep:pre_coverage; news:pre_coverage; unlock:no_data; whale_positions:no_data; token_unlock:no_data
615,2025-09-08 23:00:00+00:00,WLDUSDT,11.55,none,NONE,fg=48(Fear); sweep:pre_coverage; news:pre_coverage; unlock:no_data; whale_positions:no_data; token_unlock:no_data
616,2026-01-28 20:00:00+00:00,WLDUSDT,19.42,none,NONE,fg=29(Fear); sweep:pre_coverage; news:pre_coverage; unlock:no_data; whale_positions:no_data; token_unlock:no_data
617,2024-07-12 19:00:00+00:00,XRPUSDT,19.36,none,NONE,fg=27(Extreme Fear); sweep:pre_coverage; news:pre_coverage; unlock:no_data; whale_positions:no_data; token_unlock:no_data
618,2024-08-07 14:00:00+00:00,XRPUSDT,25.65,macro_extreme,LOW,fg=23(Extreme Fear); sweep:pre_coverage; news:pre_coverage; unlock:no_data; whale_positions:no_data; token_unlock:no_data
619,2024-11-12 05:00:00+00:00,XRPUSDT,20.28,macro_extreme,LOW,fg=78(Extreme Greed); sweep:pre_coverage; news:pre_coverage; unlock:no_data; whale_positions:no_data; token_unlock:no_data
620,2024-11-15 15:00:00+00:00,XRPUSDT,37.87,macro_extreme|stablecoin_inflow,HIGH,fg=84(Extreme Greed); sweep:pre_coverage; news:pre_coverage; unlock:no_data; whale_positions:no_data; token_unlock:no_data
621,2024-11-17 05:00:00+00:00,XRPUSDT,15.44,macro_extreme,LOW,fg=88(Extreme Greed); sweep:pre_coverage; news:pre_coverage; unlock:no_data; whale_positions:no_data; token_unlock:no_data
622,2024-11-21 15:00:00+00:00,XRPUSDT,34.01,macro_extreme|stablecoin_inflow,HIGH,fg=82(Extreme Greed); sweep:pre_coverage; news:pre_coverage; unlock:no_data; whale_positions:no_data; token_unlock:no_data
623,2024-12-01 16:00:00+00:00,XRPUSDT,43.29,macro_extreme,LOW,fg=82(Extreme Greed); sweep:pre_coverage; news:pre_coverage; unlock:no_data; whale_positions:no_data; token_unlock:no_data
624,2025-01-15 12:00:00+00:00,XRPUSDT,20.75,none,NONE,fg=66(Greed); sweep:pre_coverage; news:pre_coverage; unlock:no_data; whale_positions:no_data; token_unlock:no_data
625,2025-02-03 01:00:00+00:00,XRPUSDT,31.22,none,NONE,fg=52(Fear); sweep:pre_coverage; news:pre_coverage; unlock:no_data; whale_positions:no_data; token_unlock:no_data
626,2025-03-02 00:00:00+00:00,XRPUSDT,34.18,macro_extreme,LOW,fg=18(Extreme Fear); sweep:pre_coverage; news:pre_coverage; unlock:no_data; whale_positions:no_data; token_unlock:no_data
627,2025-04-07 06:00:00+00:00,XRPUSDT,16.62,macro_extreme,LOW,fg=28(Extreme Fear); sweep:pre_coverage; news:pre_coverage; unlock:no_data; whale_positions:no_data; token_unlock:no_data
628,2025-04-09 03:00:00+00:00,XRPUSDT,18.9,macro_extreme,LOW,fg=21(Extreme Fear); sweep:pre_coverage; news:pre_coverage; unlock:no_data; whale_positions:no_data; token_unlock:no_data
629,2025-07-10 14:00:00+00:00,XRPUSDT,15.74,none,NONE,fg=68(Greed); sweep:pre_coverage; news:pre_coverage; unlock:no_data; whale_positions:no_data; token_unlock:no_data
630,2025-07-17 01:00:00+00:00,XRPUSDT,20.97,stablecoin_inflow,HIGH,fg=72(Greed); sweep:pre_coverage; news:pre_coverage; unlock:no_data; whale_positions:no_data; token_unlock:no_data
631,2026-02-05 21:00:00+00:00,XRPUSDT,30.14,macro_extreme,LOW,fg=13(Extreme Fear); sweep:pre_coverage; news:pre_coverage; unlock:no_data; whale_positions:no_data; token_unlock:no_data
632,2024-08-07 19:00:00+00:00,XRPUSDT,12.87,macro_extreme,LOW,fg=23(Extreme Fear); sweep:pre_coverage; news:pre_coverage; unlock:no_data; whale_positions:no_data; token_unlock:no_data
633,2024-11-12 07:00:00+00:00,XRPUSDT,11.36,macro_extreme,LOW,fg=78(Extreme Greed); sweep:pre_coverage; news:pre_coverage; unlock:no_data; whale_positions:no_data; token_unlock:no_data
634,2024-12-03 10:00:00+00:00,XRPUSDT,10.66,macro_extreme,LOW,fg=78(Extreme Greed); sweep:pre_coverage; news:pre_coverage; unlock:no_data; whale_positions:no_data; token_unlock:no_data
635,2025-03-02 14:00:00+00:00,XRPUSDT,16.71,macro_extreme,LOW,fg=23(Extreme Fear); sweep:pre_coverage; news:pre_coverage; unlock:no_data; whale_positions:no_data; token_unlock:no_data
636,2025-04-09 16:00:00+00:00,XRPUSDT,11.13,macro_extreme,LOW,fg=21(Extreme Fear); sweep:pre_coverage; news:pre_coverage; unlock:no_data; whale_positions:no_data; token_unlock:no_data
637,2024-07-08 07:00:00+00:00,ZECUSDT,15.95,none,NONE,fg=28(Fear); sweep:pre_coverage; news:pre_coverage; unlock:no_data; whale_positions:no_data; token_unlock:no_data
638,2024-08-02 03:00:00+00:00,ZECUSDT,15.3,none,NONE,fg=54(Greed); sweep:pre_coverage; news:pre_coverage; unlock:no_data; whale_positions:no_data; token_unlock:no_data
639,2024-08-05 05:00:00+00:00,ZECUSDT,18.41,none,NONE,fg=30(Fear); sweep:pre_coverage; news:pre_coverage; unlock:no_data; whale_positions:no_data; token_unlock:no_data
640,2024-10-10 04:00:00+00:00,ZECUSDT,21.78,none,NONE,fg=44(Fear); sweep:pre_coverage; news:pre_coverage; unlock:no_data; whale_positions:no_data; token_unlock:no_data
641,2024-10-27 15:00:00+00:00,ZECUSDT,16.5,none,NONE,fg=74(Greed); sweep:pre_coverage; news:pre_coverage; unlock:no_data; whale_positions:no_data; token_unlock:no_data
642,2024-11-26 15:00:00+00:00,ZECUSDT,30.12,macro_extreme,LOW,fg=80(Extreme Greed); sweep:pre_coverage; news:pre_coverage; unlock:no_data; whale_positions:no_data; token_unlock:no_data
643,2024-12-02 12:00:00+00:00,ZECUSDT,34.49,macro_extreme,LOW,fg=80(Extreme Greed); sweep:pre_coverage; news:pre_coverage; unlock:no_data; whale_positions:no_data; token_unlock:no_data
644,2024-12-23 11:00:00+00:00,ZECUSDT,19.66,none,NONE,fg=72(Greed); sweep:pre_coverage; news:pre_coverage; unlock:no_data; whale_positions:no_data; token_unlock:no_data
645,2025-02-03 01:00:00+00:00,ZECUSDT,29.37,none,NONE,fg=52(Fear); sweep:pre_coverage; news:pre_coverage; unlock:no_data; whale_positions:no_data; token_unlock:no_data
646,2025-03-25 03:00:00+00:00,ZECUSDT,15.54,none,NONE,fg=46(Fear); sweep:pre_coverage; news:pre_coverage; unlock:no_data; whale_positions:no_data; token_unlock:no_data
647,2025-04-07 06:00:00+00:00,ZECUSDT,25.4,macro_extreme,LOW,fg=28(Extreme Fear); sweep:pre_coverage; news:pre_coverage; unlock:no_data; whale_positions:no_data; token_unlock:no_data
648,2025-04-10 15:00:00+00:00,ZECUSDT,22.0,macro_extreme,LOW,fg=28(Extreme Fear); sweep:pre_coverage; news:pre_coverage; unlock:no_data; whale_positions:no_data; token_unlock:no_data
649,2025-04-28 01:00:00+00:00,ZECUSDT,19.93,none,NONE,fg=58(Greed); sweep:pre_coverage; news:pre_coverage; unlock:no_data; whale_positions:no_data; token_unlock:no_data
650,2025-05-22 01:00:00+00:00,ZECUSDT,16.96,none,NONE,fg=71(Greed); sweep:pre_coverage; news:pre_coverage; unlock:no_data; whale_positions:no_data; token_unlock:no_data
651,2025-05-25 10:00:00+00:00,ZECUSDT,19.08,none,NONE,fg=70(Greed); sweep:pre_coverage; news:pre_coverage; unlock:no_data; whale_positions:no_data; token_unlock:no_data
652,2025-07-08 01:00:00+00:00,ZECUSDT,15.96,none,NONE,fg=69(Greed); sweep:pre_coverage; news:pre_coverage; unlock:no_data; whale_positions:no_data; token_unlock:no_data
653,2025-09-06 01:00:00+00:00,ZECUSDT,15.43,stablecoin_inflow,HIGH,fg=48(Neutral); sweep:pre_coverage; news:pre_coverage; unlock:no_data; whale_positions:no_data; token_unlock:no_data
654,2025-09-28 01:00:00+00:00,ZECUSDT,21.33,none,NONE,fg=35(Fear); sweep:pre_coverage; news:pre_coverage; unlock:no_data; whale_positions:no_data; token_unlock:no_data
655,2025-10-01 06:00:00+00:00,ZECUSDT,93.33,stablecoin_inflow,HIGH,fg=50(Neutral); sweep:pre_coverage; news:pre_coverage; unlock:no_data; whale_positions:no_data; token_unlock:no_data
656,2025-10-03 03:00:00+00:00,ZECUSDT,23.79,none,NONE,fg=64(Greed); sweep:pre_coverage; news:pre_coverage; unlock:no_data; whale_positions:no_data; token_unlock:no_data
657,2025-10-04 02:00:00+00:00,ZECUSDT,35.38,stablecoin_inflow,HIGH,fg=67(Greed); sweep:pre_coverage; news:pre_coverage; unlock:no_data; whale_positions:no_data; token_unlock:no_data
658,2025-10-05 11:00:00+00:00,ZECUSDT,17.97,stablecoin_inflow,HIGH,fg=72(Greed); sweep:pre_coverage; news:pre_coverage; unlock:no_data; whale_positions:no_data; token_unlock:no_data
659,2025-10-09 08:00:00+00:00,ZECUSDT,59.38,none,NONE,fg=65(Greed); sweep:pre_coverage; news:pre_coverage; unlock:no_data; whale_positions:no_data; token_unlock:no_data
660,2025-10-10 21:00:00+00:00,ZECUSDT,49.61,none,NONE,fg=67(Greed); sweep:pre_coverage; news:pre_coverage; unlock:no_data; whale_positions:no_data; token_unlock:no_data
661,2025-10-14 05:00:00+00:00,ZECUSDT,16.34,none,NONE,fg=38(Fear); sweep:pre_coverage; news:pre_coverage; unlock:no_data; whale_positions:no_data; token_unlock:no_data
662,2026-03-16 12:00:00+00:00,ZECUSDT,22.83,macro_extreme,LOW,fg=19(Extreme Fear); sweep:pre_coverage; news:pre_coverage; unlock:no_data; whale_positions:no_data; token_unlock:no_data
663,2026-04-07 13:00:00+00:00,ZECUSDT,27.73,macro_extreme,LOW,fg=12(Extreme Fear); sweep:pre_coverage; news:pre_coverage; unlock:no_data; whale_positions:no_data; token_unlock:no_data
664,2026-05-05 09:00:00+00:00,ZECUSDT,42.19,news_signal,MEDIUM,fg=45(Fear); news=screener_proxy_not_external_news; unlock:no_data; whale_positions:no_data; token_unlock:no_data
665,2024-12-02 19:00:00+00:00,ZECUSDT,13.34,macro_extreme,LOW,fg=80(Extreme Greed); sweep:pre_coverage; news:pre_coverage; unlock:no_data; whale_positions:no_data; token_unlock:no_data
666,2024-12-20 14:00:00+00:00,ZECUSDT,16.57,none,NONE,fg=74(Greed); sweep:pre_coverage; news:pre_coverage; unlock:no_data; whale_positions:no_data; token_unlock:no_data
667,2025-09-30 13:00:00+00:00,ZECUSDT,14.77,none,NONE,fg=50(Neutral); sweep:pre_coverage; news:pre_coverage; unlock:no_data; whale_positions:no_data; token_unlock:no_data
668,2025-10-01 06:00:00+00:00,ZECUSDT,12.82,stablecoin_inflow,HIGH,fg=50(Neutral); sweep:pre_coverage; news:pre_coverage; unlock:no_data; whale_positions:no_data; token_unlock:no_data
669,2025-10-01 17:00:00+00:00,ZECUSDT,12.96,stablecoin_inflow,HIGH,fg=50(Neutral); sweep:pre_coverage; news:pre_coverage; unlock:no_data; whale_positions:no_data; token_unlock:no_data
670,2025-10-02 03:00:00+00:00,ZECUSDT,14.87,stablecoin_inflow,HIGH,fg=56(Greed); sweep:pre_coverage; news:pre_coverage; unlock:no_data; whale_positions:no_data; token_unlock:no_data
671,2025-10-10 04:00:00+00:00,ZECUSDT,10.79,none,NONE,fg=67(Greed); sweep:pre_coverage; news:pre_coverage; unlock:no_data; whale_positions:no_data; token_unlock:no_data
672,2025-10-10 21:00:00+00:00,ZECUSDT,11.29,none,NONE,fg=67(Greed); sweep:pre_coverage; news:pre_coverage; unlock:no_data; whale_positions:no_data; token_unlock:no_data
673,2025-10-11 06:00:00+00:00,ZECUSDT,13.03,none,NONE,fg=46(Fear); sweep:pre_coverage; news:pre_coverage; unlock:no_data; whale_positions:no_data; token_unlock:no_data
674,2025-11-07 13:00:00+00:00,ZECUSDT,10.72,macro_extreme,LOW,fg=26(Extreme Fear); sweep:pre_coverage; news:pre_coverage; unlock:no_data; whale_positions:no_data; token_unlock:no_data
675,2025-11-08 16:00:00+00:00,ZECUSDT,12.57,macro_extreme,LOW,fg=22(Extreme Fear); sweep:pre_coverage; news:pre_coverage; unlock:no_data; whale_positions:no_data; token_unlock:no_data
676,2026-04-07 20:00:00+00:00,ZECUSDT,11.79,macro_extreme,LOW,fg=12(Extreme Fear); sweep:pre_coverage; news:pre_coverage; unlock:no_data; whale_positions:no_data; token_unlock:no_data
