symbol,start_ts,end_ts,matched_pump_id,split
1000PEPEUSDT,2024-06-01 02:00:00+00:00,2024-06-02 02:00:00+00:00,0,train
1000PEPEUSDT,2024-10-04 07:00:00+00:00,2024-10-05 07:00:00+00:00,0,train
1000PEPEUSDT,2025-03-03 07:00:00+00:00,2025-03-04 07:00:00+00:00,0,train
1000PEPEUSDT,2025-07-11 12:00:00+00:00,2025-07-12 12:00:00+00:00,0,train
1000PEPEUSDT,2025-10-31 00:00:00+00:00,2025-11-01 00:00:00+00:00,0,train
1000PEPEUSDT,2024-05-02 00:00:00+00:00,2024-05-03 00:00:00+00:00,1,train
1000PEPEUSDT,2024-09-17 21:00:00+00:00,2024-09-18 21:00:00+00:00,1,train
1000PEPEUSDT,2025-01-24 04:00:00+00:00,2025-01-25 04:00:00+00:00,1,train
1000PEPEUSDT,2025-05-30 12:00:00+00:00,2025-05-31 12:00:00+00:00,1,train
1000PEPEUSDT,2025-10-31 00:00:00+00:00,2025-11-01 00:00:00+00:00,1,train
1000PEPEUSDT,2024-05-17 09:00:00+00:00,2024-05-18 09:00:00+00:00,2,train
1000PEPEUSDT,2024-09-03 21:00:00+00:00,2024-09-04 21:00:00+00:00,2,train
1000PEPEUSDT,2025-02-16 06:00:00+00:00,2025-02-17 06:00:00+00:00,2,train
1000PEPEUSDT,2025-06-10 04:00:00+00:00,2025-06-11 04:00:00+00:00,2,train
1000PEPEUSDT,2025-10-31 00:00:00+00:00,2025-11-01 00:00:00+00:00,2,train
1000PEPEUSDT,2024-05-02 00:00:00+00:00,2024-05-03 00:00:00+00:00,3,train
1000PEPEUSDT,2024-10-19 02:00:00+00:00,2024-10-20 02:00:00+00:00,3,train
1000PEPEUSDT,2025-02-24 00:00:00+00:00,2025-02-25 00:00:00+00:00,3,train
1000PEPEUSDT,2025-06-07 09:00:00+00:00,2025-06-08 09:00:00+00:00,3,train
1000PEPEUSDT,2025-10-31 00:00:00+00:00,2025-11-01 00:00:00+00:00,3,train
1000PEPEUSDT,2024-05-02 00:00:00+00:00,2024-05-03 00:00:00+00:00,4,train
1000PEPEUSDT,2024-08-30 08:00:00+00:00,2024-08-31 08:00:00+00:00,4,train
1000PEPEUSDT,2025-01-20 22:00:00+00:00,2025-01-21 22:00:00+00:00,4,train
1000PEPEUSDT,2025-06-27 00:00:00+00:00,2025-06-28 00:00:00+00:00,4,train
1000PEPEUSDT,2025-10-31 00:00:00+00:00,2025-11-01 00:00:00+00:00,4,train
1000PEPEUSDT,2024-05-02 00:00:00+00:00,2024-05-03 00:00:00+00:00,5,train
1000PEPEUSDT,2024-10-13 13:00:00+00:00,2024-10-14 13:00:00+00:00,5,train
1000PEPEUSDT,2025-01-31 16:00:00+00:00,2025-02-01 16:00:00+00:00,5,train
1000PEPEUSDT,2025-06-25 00:00:00+00:00,2025-06-26 00:00:00+00:00,5,train
1000PEPEUSDT,2025-10-31 00:00:00+00:00,2025-11-01 00:00:00+00:00,5,train
1000PEPEUSDT,2024-05-02 00:00:00+00:00,2024-05-03 00:00:00+00:00,6,train
1000PEPEUSDT,2024-10-08 08:00:00+00:00,2024-10-09 08:00:00+00:00,6,train
1000PEPEUSDT,2025-02-12 19:00:00+00:00,2025-02-13 19:00:00+00:00,6,train
1000PEPEUSDT,2025-07-05 18:00:00+00:00,2025-07-06 18:00:00+00:00,6,train
1000PEPEUSDT,2025-10-29 02:00:00+00:00,2025-10-30 02:00:00+00:00,6,train
1000PEPEUSDT,2024-05-15 17:00:00+00:00,2024-05-16 17:00:00+00:00,7,train
1000PEPEUSDT,2024-10-16 13:00:00+00:00,2024-10-17 13:00:00+00:00,7,train
1000PEPEUSDT,2025-02-11 03:00:00+00:00,2025-02-12 03:00:00+00:00,7,train
1000PEPEUSDT,2025-05-27 17:00:00+00:00,2025-05-28 17:00:00+00:00,7,train
1000PEPEUSDT,2025-10-31 00:00:00+00:00,2025-11-01 00:00:00+00:00,7,train
1000PEPEUSDT,2025-11-01 01:00:00+00:00,2025-11-02 01:00:00+00:00,8,test
1000PEPEUSDT,2025-12-19 10:00:00+00:00,2025-12-20 10:00:00+00:00,8,test
1000PEPEUSDT,2026-02-25 05:00:00+00:00,2026-02-26 05:00:00+00:00,8,test
1000PEPEUSDT,2026-04-04 21:00:00+00:00,2026-04-05 21:00:00+00:00,8,test
1000PEPEUSDT,2026-05-26 17:00:00+00:00,2026-05-27 17:00:00+00:00,8,test
1000PEPEUSDT,2025-11-01 01:00:00+00:00,2025-11-02 01:00:00+00:00,9,test
1000PEPEUSDT,2025-12-18 02:00:00+00:00,2025-12-19 02:00:00+00:00,9,test
1000PEPEUSDT,2026-02-20 02:00:00+00:00,2026-02-21 02:00:00+00:00,9,test
1000PEPEUSDT,2026-04-15 14:00:00+00:00,2026-04-16 14:00:00+00:00,9,test
1000PEPEUSDT,2026-05-19 15:00:00+00:00,2026-05-20 15:00:00+00:00,9,test
1000PEPEUSDT,2025-11-07 20:00:00+00:00,2025-11-08 20:00:00+00:00,10,test
1000PEPEUSDT,2025-12-22 04:00:00+00:00,2025-12-23 04:00:00+00:00,10,test
1000PEPEUSDT,2026-02-02 22:00:00+00:00,2026-02-03 22:00:00+00:00,10,test
1000PEPEUSDT,2026-04-16 11:00:00+00:00,2026-04-17 11:00:00+00:00,10,test
1000PEPEUSDT,2026-05-26 17:00:00+00:00,2026-05-27 17:00:00+00:00,10,test
1000PEPEUSDT,2025-11-09 14:00:00+00:00,2025-11-10 14:00:00+00:00,11,test
1000PEPEUSDT,2025-12-19 00:00:00+00:00,2025-12-20 00:00:00+00:00,11,test
1000PEPEUSDT,2026-02-27 00:00:00+00:00,2026-02-28 00:00:00+00:00,11,test
1000PEPEUSDT,2026-04-02 15:00:00+00:00,2026-04-03 15:00:00+00:00,11,test
1000PEPEUSDT,2026-05-26 00:00:00+00:00,2026-05-27 00:00:00+00:00,11,test
1000PEPEUSDT,2025-11-01 01:00:00+00:00,2025-11-02 01:00:00+00:00,12,test
1000PEPEUSDT,2025-12-25 12:00:00+00:00,2025-12-26 12:00:00+00:00,12,test
1000PEPEUSDT,2026-02-01 04:00:00+00:00,2026-02-02 04:00:00+00:00,12,test
1000PEPEUSDT,2026-04-16 04:00:00+00:00,2026-04-17 04:00:00+00:00,12,test
1000PEPEUSDT,2026-05-26 17:00:00+00:00,2026-05-27 17:00:00+00:00,12,test
1000PEPEUSDT,2024-05-27 21:00:00+00:00,2024-05-28 21:00:00+00:00,13,train
1000PEPEUSDT,2024-10-11 00:00:00+00:00,2024-10-12 00:00:00+00:00,13,train
1000PEPEUSDT,2025-02-07 18:00:00+00:00,2025-02-08 18:00:00+00:00,13,train
1000PEPEUSDT,2025-07-12 22:00:00+00:00,2025-07-13 22:00:00+00:00,13,train
1000PEPEUSDT,2025-10-31 00:00:00+00:00,2025-11-01 00:00:00+00:00,13,train
1000PEPEUSDT,2024-05-02 00:00:00+00:00,2024-05-03 00:00:00+00:00,14,train
1000PEPEUSDT,2024-09-28 20:00:00+00:00,2024-09-29 20:00:00+00:00,14,train
1000PEPEUSDT,2025-01-17 03:00:00+00:00,2025-01-18 03:00:00+00:00,14,train
1000PEPEUSDT,2025-06-04 06:00:00+00:00,2025-06-05 06:00:00+00:00,14,train
1000PEPEUSDT,2025-10-31 00:00:00+00:00,2025-11-01 00:00:00+00:00,14,train
1000PEPEUSDT,2024-05-02 00:00:00+00:00,2024-05-03 00:00:00+00:00,15,train
1000PEPEUSDT,2024-10-02 10:00:00+00:00,2024-10-03 10:00:00+00:00,15,train
1000PEPEUSDT,2025-01-29 09:00:00+00:00,2025-01-30 09:00:00+00:00,15,train
1000PEPEUSDT,2025-07-08 05:00:00+00:00,2025-07-09 05:00:00+00:00,15,train
1000PEPEUSDT,2025-10-17 23:00:00+00:00,2025-10-18 23:00:00+00:00,15,train
1000PEPEUSDT,2024-05-06 15:00:00+00:00,2024-05-07 15:00:00+00:00,16,train
1000PEPEUSDT,2024-09-12 12:00:00+00:00,2024-09-13 12:00:00+00:00,16,train
1000PEPEUSDT,2025-02-20 19:00:00+00:00,2025-02-21 19:00:00+00:00,16,train
1000PEPEUSDT,2025-07-10 17:00:00+00:00,2025-07-11 17:00:00+00:00,16,train
1000PEPEUSDT,2025-10-31 00:00:00+00:00,2025-11-01 00:00:00+00:00,16,train
1000PEPEUSDT,2024-05-02 00:00:00+00:00,2024-05-03 00:00:00+00:00,17,train
1000PEPEUSDT,2024-09-30 06:00:00+00:00,2024-10-01 06:00:00+00:00,17,train
1000PEPEUSDT,2025-01-18 05:00:00+00:00,2025-01-19 05:00:00+00:00,17,train
1000PEPEUSDT,2025-06-11 16:00:00+00:00,2025-06-12 16:00:00+00:00,17,train
1000PEPEUSDT,2025-10-26 04:00:00+00:00,2025-10-27 04:00:00+00:00,17,train
1000PEPEUSDT,2024-05-29 12:00:00+00:00,2024-05-30 12:00:00+00:00,18,train
1000PEPEUSDT,2024-10-17 15:00:00+00:00,2024-10-18 15:00:00+00:00,18,train
1000PEPEUSDT,2025-01-11 00:00:00+00:00,2025-01-12 00:00:00+00:00,18,train
1000PEPEUSDT,2025-05-29 13:00:00+00:00,2025-05-30 13:00:00+00:00,18,train
1000PEPEUSDT,2025-10-27 08:00:00+00:00,2025-10-28 08:00:00+00:00,18,train
ADAUSDT,2024-05-24 23:00:00+00:00,2024-05-25 23:00:00+00:00,0,train
ADAUSDT,2024-09-06 03:00:00+00:00,2024-09-07 03:00:00+00:00,0,train
ADAUSDT,2025-02-21 01:00:00+00:00,2025-02-22 01:00:00+00:00,0,train
ADAUSDT,2025-07-06 08:00:00+00:00,2025-07-07 08:00:00+00:00,0,train
ADAUSDT,2025-10-30 15:00:00+00:00,2025-10-31 15:00:00+00:00,0,train
ADAUSDT,2024-05-02 00:00:00+00:00,2024-05-03 00:00:00+00:00,1,train
ADAUSDT,2024-08-27 14:00:00+00:00,2024-08-28 14:00:00+00:00,1,train
ADAUSDT,2025-01-13 22:00:00+00:00,2025-01-14 22:00:00+00:00,1,train
ADAUSDT,2025-06-03 16:00:00+00:00,2025-06-04 16:00:00+00:00,1,train
ADAUSDT,2025-10-15 13:00:00+00:00,2025-10-16 13:00:00+00:00,1,train
ADAUSDT,2024-05-19 08:00:00+00:00,2024-05-20 08:00:00+00:00,2,train
ADAUSDT,2024-08-11 20:00:00+00:00,2024-08-12 20:00:00+00:00,2,train
ADAUSDT,2025-02-19 14:00:00+00:00,2025-02-20 14:00:00+00:00,2,train
ADAUSDT,2025-05-24 12:00:00+00:00,2025-05-25 12:00:00+00:00,2,train
ADAUSDT,2025-10-14 07:00:00+00:00,2025-10-15 07:00:00+00:00,2,train
ADAUSDT,2024-05-09 10:00:00+00:00,2024-05-10 10:00:00+00:00,3,train
ADAUSDT,2024-09-17 21:00:00+00:00,2024-09-18 21:00:00+00:00,3,train
ADAUSDT,2025-02-19 19:00:00+00:00,2025-02-20 19:00:00+00:00,3,train
ADAUSDT,2025-07-02 13:00:00+00:00,2025-07-03 13:00:00+00:00,3,train
ADAUSDT,2025-10-26 21:00:00+00:00,2025-10-27 21:00:00+00:00,3,train
ADAUSDT,2024-05-02 00:00:00+00:00,2024-05-03 00:00:00+00:00,4,train
ADAUSDT,2024-09-12 16:00:00+00:00,2024-09-13 16:00:00+00:00,4,train
ADAUSDT,2025-01-06 00:00:00+00:00,2025-01-07 00:00:00+00:00,4,train
ADAUSDT,2025-06-16 09:00:00+00:00,2025-06-17 09:00:00+00:00,4,train
ADAUSDT,2025-10-31 00:00:00+00:00,2025-11-01 00:00:00+00:00,4,train
ADAUSDT,2024-05-16 23:00:00+00:00,2024-05-17 23:00:00+00:00,5,train
ADAUSDT,2024-09-04 16:00:00+00:00,2024-09-05 16:00:00+00:00,5,train
ADAUSDT,2025-01-28 16:00:00+00:00,2025-01-29 16:00:00+00:00,5,train
ADAUSDT,2025-06-30 18:00:00+00:00,2025-07-01 18:00:00+00:00,5,train
ADAUSDT,2025-10-26 21:00:00+00:00,2025-10-27 21:00:00+00:00,5,train
ADAUSDT,2024-05-08 21:00:00+00:00,2024-05-09 21:00:00+00:00,6,train
ADAUSDT,2024-08-26 17:00:00+00:00,2024-08-27 17:00:00+00:00,6,train
ADAUSDT,2025-02-12 01:00:00+00:00,2025-02-13 01:00:00+00:00,6,train
ADAUSDT,2025-06-21 00:00:00+00:00,2025-06-22 00:00:00+00:00,6,train
ADAUSDT,2025-10-22 07:00:00+00:00,2025-10-23 07:00:00+00:00,6,train
ADAUSDT,2024-05-02 00:00:00+00:00,2024-05-03 00:00:00+00:00,7,train
ADAUSDT,2024-09-22 10:00:00+00:00,2024-09-23 10:00:00+00:00,7,train
ADAUSDT,2025-02-12 22:00:00+00:00,2025-02-13 22:00:00+00:00,7,train
ADAUSDT,2025-06-23 21:00:00+00:00,2025-06-24 21:00:00+00:00,7,train
ADAUSDT,2025-10-31 00:00:00+00:00,2025-11-01 00:00:00+00:00,7,train
ADAUSDT,2024-05-02 00:00:00+00:00,2024-05-03 00:00:00+00:00,8,train
ADAUSDT,2024-09-21 16:00:00+00:00,2024-09-22 16:00:00+00:00,8,train
ADAUSDT,2025-01-05 21:00:00+00:00,2025-01-06 21:00:00+00:00,8,train
ADAUSDT,2025-06-08 02:00:00+00:00,2025-06-09 02:00:00+00:00,8,train
ADAUSDT,2025-10-15 13:00:00+00:00,2025-10-16 13:00:00+00:00,8,train
ADAUSDT,2024-05-08 03:00:00+00:00,2024-05-09 03:00:00+00:00,9,train
ADAUSDT,2024-09-28 22:00:00+00:00,2024-09-29 22:00:00+00:00,9,train
ADAUSDT,2025-01-24 10:00:00+00:00,2025-01-25 10:00:00+00:00,9,train
ADAUSDT,2025-07-02 01:00:00+00:00,2025-07-03 01:00:00+00:00,9,train
ADAUSDT,2025-10-27 19:00:00+00:00,2025-10-28 19:00:00+00:00,9,train
ADAUSDT,2024-05-26 06:00:00+00:00,2024-05-27 06:00:00+00:00,10,train
ADAUSDT,2024-09-25 09:00:00+00:00,2024-09-26 09:00:00+00:00,10,train
ADAUSDT,2025-01-25 23:00:00+00:00,2025-01-26 23:00:00+00:00,10,train
ADAUSDT,2025-06-16 07:00:00+00:00,2025-06-17 07:00:00+00:00,10,train
ADAUSDT,2025-10-29 03:00:00+00:00,2025-10-30 03:00:00+00:00,10,train
ADAUSDT,2024-05-19 03:00:00+00:00,2024-05-20 03:00:00+00:00,11,train
ADAUSDT,2024-09-06 01:00:00+00:00,2024-09-07 01:00:00+00:00,11,train
ADAUSDT,2025-02-08 22:00:00+00:00,2025-02-09 22:00:00+00:00,11,train
ADAUSDT,2025-07-01 17:00:00+00:00,2025-07-02 17:00:00+00:00,11,train
ADAUSDT,2025-10-13 20:00:00+00:00,2025-10-14 20:00:00+00:00,11,train
ADAUSDT,2025-11-01 01:00:00+00:00,2025-11-02 01:00:00+00:00,12,test
ADAUSDT,2025-12-27 10:00:00+00:00,2025-12-28 10:00:00+00:00,12,test
ADAUSDT,2026-02-20 08:00:00+00:00,2026-02-21 08:00:00+00:00,12,test
ADAUSDT,2026-04-07 21:00:00+00:00,2026-04-08 21:00:00+00:00,12,test
ADAUSDT,2026-05-26 17:00:00+00:00,2026-05-27 17:00:00+00:00,12,test
ADAUSDT,2024-05-03 07:00:00+00:00,2024-05-04 07:00:00+00:00,13,train
ADAUSDT,2024-09-05 07:00:00+00:00,2024-09-06 07:00:00+00:00,13,train
ADAUSDT,2025-02-16 07:00:00+00:00,2025-02-17 07:00:00+00:00,13,train
ADAUSDT,2025-06-17 11:00:00+00:00,2025-06-18 11:00:00+00:00,13,train
ADAUSDT,2025-10-31 00:00:00+00:00,2025-11-01 00:00:00+00:00,13,train
ALTUSDT,2024-05-02 00:00:00+00:00,2024-05-03 00:00:00+00:00,0,train
ALTUSDT,2024-09-29 02:00:00+00:00,2024-09-30 02:00:00+00:00,0,train
ALTUSDT,2025-02-14 16:00:00+00:00,2025-02-15 16:00:00+00:00,0,train
ALTUSDT,2025-06-10 00:00:00+00:00,2025-06-11 00:00:00+00:00,0,train
ALTUSDT,2025-10-30 06:00:00+00:00,2025-10-31 06:00:00+00:00,0,train
ALTUSDT,2024-05-18 13:00:00+00:00,2024-05-19 13:00:00+00:00,1,train
ALTUSDT,2024-10-16 15:00:00+00:00,2024-10-17 15:00:00+00:00,1,train
ALTUSDT,2025-02-16 03:00:00+00:00,2025-02-17 03:00:00+00:00,1,train
ALTUSDT,2025-05-27 07:00:00+00:00,2025-05-28 07:00:00+00:00,1,train
ALTUSDT,2025-10-01 13:00:00+00:00,2025-10-02 13:00:00+00:00,1,train
ALTUSDT,2024-05-05 15:00:00+00:00,2024-05-06 15:00:00+00:00,2,train
ALTUSDT,2024-08-30 23:00:00+00:00,2024-08-31 23:00:00+00:00,2,train
ALTUSDT,2025-02-22 15:00:00+00:00,2025-02-23 15:00:00+00:00,2,train
ALTUSDT,2025-06-07 15:00:00+00:00,2025-06-08 15:00:00+00:00,2,train
ALTUSDT,2025-10-30 06:00:00+00:00,2025-10-31 06:00:00+00:00,2,train
ALTUSDT,2024-05-09 07:00:00+00:00,2024-05-10 07:00:00+00:00,3,train
ALTUSDT,2024-09-01 02:00:00+00:00,2024-09-02 02:00:00+00:00,3,train
ALTUSDT,2025-02-21 20:00:00+00:00,2025-02-22 20:00:00+00:00,3,train
ALTUSDT,2025-05-31 01:00:00+00:00,2025-06-01 01:00:00+00:00,3,train
ALTUSDT,2025-10-06 14:00:00+00:00,2025-10-07 14:00:00+00:00,3,train
ALTUSDT,2024-05-02 00:00:00+00:00,2024-05-03 00:00:00+00:00,4,train
ALTUSDT,2024-10-02 13:00:00+00:00,2024-10-03 13:00:00+00:00,4,train
ALTUSDT,2025-01-25 09:00:00+00:00,2025-01-26 09:00:00+00:00,4,train
ALTUSDT,2025-06-03 06:00:00+00:00,2025-06-04 06:00:00+00:00,4,train
ALTUSDT,2025-10-30 06:00:00+00:00,2025-10-31 06:00:00+00:00,4,train
ALTUSDT,2024-05-02 00:00:00+00:00,2024-05-03 00:00:00+00:00,5,train
ALTUSDT,2024-10-11 12:00:00+00:00,2024-10-12 12:00:00+00:00,5,train
ALTUSDT,2025-02-18 08:00:00+00:00,2025-02-19 08:00:00+00:00,5,train
ALTUSDT,2025-05-28 14:00:00+00:00,2025-05-29 14:00:00+00:00,5,train
ALTUSDT,2025-10-30 06:00:00+00:00,2025-10-31 06:00:00+00:00,5,train
ALTUSDT,2024-05-02 00:00:00+00:00,2024-05-03 00:00:00+00:00,6,train
ALTUSDT,2024-09-10 03:00:00+00:00,2024-09-11 03:00:00+00:00,6,train
ALTUSDT,2025-02-14 12:00:00+00:00,2025-02-15 12:00:00+00:00,6,train
ALTUSDT,2025-06-30 05:00:00+00:00,2025-07-01 05:00:00+00:00,6,train
ALTUSDT,2025-10-30 06:00:00+00:00,2025-10-31 06:00:00+00:00,6,train
ALTUSDT,2024-05-02 00:00:00+00:00,2024-05-03 00:00:00+00:00,7,train
ALTUSDT,2024-08-27 22:00:00+00:00,2024-08-28 22:00:00+00:00,7,train
ALTUSDT,2025-02-23 00:00:00+00:00,2025-02-24 00:00:00+00:00,7,train
ALTUSDT,2025-06-11 23:00:00+00:00,2025-06-12 23:00:00+00:00,7,train
ALTUSDT,2025-10-30 06:00:00+00:00,2025-10-31 06:00:00+00:00,7,train
ALTUSDT,2024-05-02 00:00:00+00:00,2024-05-03 00:00:00+00:00,8,train
ALTUSDT,2024-09-04 21:00:00+00:00,2024-09-05 21:00:00+00:00,8,train
ALTUSDT,2025-02-23 08:00:00+00:00,2025-02-24 08:00:00+00:00,8,train
ALTUSDT,2025-06-25 02:00:00+00:00,2025-06-26 02:00:00+00:00,8,train
ALTUSDT,2025-10-26 20:00:00+00:00,2025-10-27 20:00:00+00:00,8,train
ALTUSDT,2024-05-02 00:00:00+00:00,2024-05-03 00:00:00+00:00,9,train
ALTUSDT,2024-09-01 18:00:00+00:00,2024-09-02 18:00:00+00:00,9,train
ALTUSDT,2025-01-14 15:00:00+00:00,2025-01-15 15:00:00+00:00,9,train
ALTUSDT,2025-06-06 00:00:00+00:00,2025-06-07 00:00:00+00:00,9,train
ALTUSDT,2025-10-30 06:00:00+00:00,2025-10-31 06:00:00+00:00,9,train
ALTUSDT,2024-05-21 06:00:00+00:00,2024-05-22 06:00:00+00:00,10,train
ALTUSDT,2024-10-07 07:00:00+00:00,2024-10-08 07:00:00+00:00,10,train
ALTUSDT,2025-01-08 17:00:00+00:00,2025-01-09 17:00:00+00:00,10,train
ALTUSDT,2025-07-05 18:00:00+00:00,2025-07-06 18:00:00+00:00,10,train
ALTUSDT,2025-10-17 17:00:00+00:00,2025-10-18 17:00:00+00:00,10,train
ALTUSDT,2024-05-02 00:00:00+00:00,2024-05-03 00:00:00+00:00,11,train
ALTUSDT,2024-10-14 19:00:00+00:00,2024-10-15 19:00:00+00:00,11,train
ALTUSDT,2025-03-01 07:00:00+00:00,2025-03-02 07:00:00+00:00,11,train
ALTUSDT,2025-05-22 23:00:00+00:00,2025-05-23 23:00:00+00:00,11,train
ALTUSDT,2025-10-30 06:00:00+00:00,2025-10-31 06:00:00+00:00,11,train
ALTUSDT,2024-05-02 00:00:00+00:00,2024-05-03 00:00:00+00:00,12,train
ALTUSDT,2024-09-07 15:00:00+00:00,2024-09-08 15:00:00+00:00,12,train
ALTUSDT,2025-01-14 23:00:00+00:00,2025-01-15 23:00:00+00:00,12,train
ALTUSDT,2025-05-24 20:00:00+00:00,2025-05-25 20:00:00+00:00,12,train
ALTUSDT,2025-10-30 06:00:00+00:00,2025-10-31 06:00:00+00:00,12,train
ALTUSDT,2024-05-03 08:00:00+00:00,2024-05-04 08:00:00+00:00,13,train
ALTUSDT,2024-08-26 03:00:00+00:00,2024-08-27 03:00:00+00:00,13,train
ALTUSDT,2025-01-23 17:00:00+00:00,2025-01-24 17:00:00+00:00,13,train
ALTUSDT,2025-06-12 20:00:00+00:00,2025-06-13 20:00:00+00:00,13,train
ALTUSDT,2025-10-05 14:00:00+00:00,2025-10-06 14:00:00+00:00,13,train
ALTUSDT,2024-05-02 00:00:00+00:00,2024-05-03 00:00:00+00:00,14,train
ALTUSDT,2024-10-08 16:00:00+00:00,2024-10-09 16:00:00+00:00,14,train
ALTUSDT,2025-02-23 14:00:00+00:00,2025-02-24 14:00:00+00:00,14,train
ALTUSDT,2025-06-05 16:00:00+00:00,2025-06-06 16:00:00+00:00,14,train
ALTUSDT,2025-10-30 06:00:00+00:00,2025-10-31 06:00:00+00:00,14,train
ALTUSDT,2024-05-18 18:00:00+00:00,2024-05-19 18:00:00+00:00,15,train
ALTUSDT,2024-08-28 12:00:00+00:00,2024-08-29 12:00:00+00:00,15,train
ALTUSDT,2025-02-20 09:00:00+00:00,2025-02-21 09:00:00+00:00,15,train
ALTUSDT,2025-06-08 04:00:00+00:00,2025-06-09 04:00:00+00:00,15,train
ALTUSDT,2025-10-30 06:00:00+00:00,2025-10-31 06:00:00+00:00,15,train
ALTUSDT,2024-05-02 00:00:00+00:00,2024-05-03 00:00:00+00:00,16,train
ALTUSDT,2024-09-27 06:00:00+00:00,2024-09-28 06:00:00+00:00,16,train
ALTUSDT,2025-03-03 01:00:00+00:00,2025-03-04 01:00:00+00:00,16,train
ALTUSDT,2025-06-27 01:00:00+00:00,2025-06-28 01:00:00+00:00,16,train
ALTUSDT,2025-10-26 07:00:00+00:00,2025-10-27 07:00:00+00:00,16,train
ALTUSDT,2024-05-18 16:00:00+00:00,2024-05-19 16:00:00+00:00,17,train
ALTUSDT,2024-09-10 09:00:00+00:00,2024-09-11 09:00:00+00:00,17,train
ALTUSDT,2025-03-02 14:00:00+00:00,2025-03-03 14:00:00+00:00,17,train
ALTUSDT,2025-06-29 15:00:00+00:00,2025-06-30 15:00:00+00:00,17,train
ALTUSDT,2025-10-03 01:00:00+00:00,2025-10-04 01:00:00+00:00,17,train
ALTUSDT,2024-05-02 00:00:00+00:00,2024-05-03 00:00:00+00:00,18,train
ALTUSDT,2024-09-14 06:00:00+00:00,2024-09-15 06:00:00+00:00,18,train
ALTUSDT,2025-01-31 09:00:00+00:00,2025-02-01 09:00:00+00:00,18,train
ALTUSDT,2025-05-23 17:00:00+00:00,2025-05-24 17:00:00+00:00,18,train
ALTUSDT,2025-10-16 13:00:00+00:00,2025-10-17 13:00:00+00:00,18,train
ALTUSDT,2024-05-12 03:00:00+00:00,2024-05-13 03:00:00+00:00,19,train
ALTUSDT,2024-09-02 15:00:00+00:00,2024-09-03 15:00:00+00:00,19,train
ALTUSDT,2025-02-23 15:00:00+00:00,2025-02-24 15:00:00+00:00,19,train
ALTUSDT,2025-07-08 09:00:00+00:00,2025-07-09 09:00:00+00:00,19,train
ALTUSDT,2025-10-26 00:00:00+00:00,2025-10-27 00:00:00+00:00,19,train
ALTUSDT,2025-11-08 16:00:00+00:00,2025-11-09 16:00:00+00:00,20,test
ALTUSDT,2025-12-27 04:00:00+00:00,2025-12-28 04:00:00+00:00,20,test
ALTUSDT,2026-02-07 11:00:00+00:00,2026-02-08 11:00:00+00:00,20,test
ALTUSDT,2026-03-17 16:00:00+00:00,2026-03-18 16:00:00+00:00,20,test
ALTUSDT,2026-05-11 23:00:00+00:00,2026-05-12 23:00:00+00:00,20,test
ALTUSDT,2025-11-04 08:00:00+00:00,2025-11-05 08:00:00+00:00,21,test
ALTUSDT,2025-12-16 13:00:00+00:00,2025-12-17 13:00:00+00:00,21,test
ALTUSDT,2026-01-28 10:00:00+00:00,2026-01-29 10:00:00+00:00,21,test
ALTUSDT,2026-03-24 16:00:00+00:00,2026-03-25 16:00:00+00:00,21,test
ALTUSDT,2026-05-24 16:00:00+00:00,2026-05-25 16:00:00+00:00,21,test
ALTUSDT,2025-11-04 08:00:00+00:00,2025-11-05 08:00:00+00:00,22,test
ALTUSDT,2025-12-16 10:00:00+00:00,2025-12-17 10:00:00+00:00,22,test
ALTUSDT,2026-02-16 21:00:00+00:00,2026-02-17 21:00:00+00:00,22,test
ALTUSDT,2026-03-17 18:00:00+00:00,2026-03-18 18:00:00+00:00,22,test
ALTUSDT,2026-05-14 15:00:00+00:00,2026-05-15 15:00:00+00:00,22,test
ALTUSDT,2025-11-11 07:00:00+00:00,2025-11-12 07:00:00+00:00,23,test
ALTUSDT,2025-12-24 05:00:00+00:00,2025-12-25 05:00:00+00:00,23,test
ALTUSDT,2026-01-29 06:00:00+00:00,2026-01-30 06:00:00+00:00,23,test
ALTUSDT,2026-03-29 04:00:00+00:00,2026-03-30 04:00:00+00:00,23,test
ALTUSDT,2026-05-24 16:00:00+00:00,2026-05-25 16:00:00+00:00,23,test
ALTUSDT,2025-11-08 01:00:00+00:00,2025-11-09 01:00:00+00:00,24,test
ALTUSDT,2025-12-22 01:00:00+00:00,2025-12-23 01:00:00+00:00,24,test
ALTUSDT,2026-02-05 07:00:00+00:00,2026-02-06 07:00:00+00:00,24,test
ALTUSDT,2026-03-21 15:00:00+00:00,2026-03-22 15:00:00+00:00,24,test
ALTUSDT,2026-05-18 08:00:00+00:00,2026-05-19 08:00:00+00:00,24,test
ALTUSDT,2025-11-04 08:00:00+00:00,2025-11-05 08:00:00+00:00,25,test
ALTUSDT,2025-12-22 11:00:00+00:00,2025-12-23 11:00:00+00:00,25,test
ALTUSDT,2026-02-11 21:00:00+00:00,2026-02-12 21:00:00+00:00,25,test
ALTUSDT,2026-04-08 17:00:00+00:00,2026-04-09 17:00:00+00:00,25,test
ALTUSDT,2026-05-17 05:00:00+00:00,2026-05-18 05:00:00+00:00,25,test
ALTUSDT,2025-11-06 03:00:00+00:00,2025-11-07 03:00:00+00:00,26,test
ALTUSDT,2025-12-27 23:00:00+00:00,2025-12-28 23:00:00+00:00,26,test
ALTUSDT,2026-02-06 16:00:00+00:00,2026-02-07 16:00:00+00:00,26,test
ALTUSDT,2026-03-18 06:00:00+00:00,2026-03-19 06:00:00+00:00,26,test
ALTUSDT,2026-05-24 16:00:00+00:00,2026-05-25 16:00:00+00:00,26,test
ALTUSDT,2024-05-02 11:00:00+00:00,2024-05-03 11:00:00+00:00,27,train
ALTUSDT,2024-09-14 13:00:00+00:00,2024-09-15 13:00:00+00:00,27,train
ALTUSDT,2025-02-15 14:00:00+00:00,2025-02-16 14:00:00+00:00,27,train
ALTUSDT,2025-06-24 11:00:00+00:00,2025-06-25 11:00:00+00:00,27,train
ALTUSDT,2025-10-30 06:00:00+00:00,2025-10-31 06:00:00+00:00,27,train
ALTUSDT,2024-05-18 23:00:00+00:00,2024-05-19 23:00:00+00:00,28,train
ALTUSDT,2024-08-28 06:00:00+00:00,2024-08-29 06:00:00+00:00,28,train
ALTUSDT,2025-02-07 10:00:00+00:00,2025-02-08 10:00:00+00:00,28,train
ALTUSDT,2025-07-01 02:00:00+00:00,2025-07-02 02:00:00+00:00,28,train
ALTUSDT,2025-10-17 09:00:00+00:00,2025-10-18 09:00:00+00:00,28,train
ALTUSDT,2024-05-23 04:00:00+00:00,2024-05-24 04:00:00+00:00,29,train
ALTUSDT,2024-10-02 05:00:00+00:00,2024-10-03 05:00:00+00:00,29,train
ALTUSDT,2025-02-09 10:00:00+00:00,2025-02-10 10:00:00+00:00,29,train
ALTUSDT,2025-07-06 18:00:00+00:00,2025-07-07 18:00:00+00:00,29,train
ALTUSDT,2025-10-24 03:00:00+00:00,2025-10-25 03:00:00+00:00,29,train
ALTUSDT,2024-05-02 00:00:00+00:00,2024-05-03 00:00:00+00:00,30,train
ALTUSDT,2024-10-05 02:00:00+00:00,2024-10-06 02:00:00+00:00,30,train
ALTUSDT,2025-02-24 15:00:00+00:00,2025-02-25 15:00:00+00:00,30,train
ALTUSDT,2025-05-24 02:00:00+00:00,2025-05-25 02:00:00+00:00,30,train
ALTUSDT,2025-10-30 06:00:00+00:00,2025-10-31 06:00:00+00:00,30,train
ALTUSDT,2024-05-02 00:00:00+00:00,2024-05-03 00:00:00+00:00,31,train
ALTUSDT,2024-09-04 04:00:00+00:00,2024-09-05 04:00:00+00:00,31,train
ALTUSDT,2025-02-08 08:00:00+00:00,2025-02-09 08:00:00+00:00,31,train
ALTUSDT,2025-06-08 06:00:00+00:00,2025-06-09 06:00:00+00:00,31,train
ALTUSDT,2025-10-30 06:00:00+00:00,2025-10-31 06:00:00+00:00,31,train
ALTUSDT,2024-05-19 09:00:00+00:00,2024-05-20 09:00:00+00:00,32,train
ALTUSDT,2024-09-10 10:00:00+00:00,2024-09-11 10:00:00+00:00,32,train
ALTUSDT,2025-02-21 18:00:00+00:00,2025-02-22 18:00:00+00:00,32,train
ALTUSDT,2025-06-28 16:00:00+00:00,2025-06-29 16:00:00+00:00,32,train
ALTUSDT,2025-10-30 06:00:00+00:00,2025-10-31 06:00:00+00:00,32,train
ALTUSDT,2025-11-04 08:00:00+00:00,2025-11-05 08:00:00+00:00,33,test
ALTUSDT,2025-12-20 21:00:00+00:00,2025-12-21 21:00:00+00:00,33,test
ALTUSDT,2026-02-09 02:00:00+00:00,2026-02-10 02:00:00+00:00,33,test
ALTUSDT,2026-03-20 03:00:00+00:00,2026-03-21 03:00:00+00:00,33,test
ALTUSDT,2026-05-18 10:00:00+00:00,2026-05-19 10:00:00+00:00,33,test
ALTUSDT,2025-11-04 08:00:00+00:00,2025-11-05 08:00:00+00:00,34,test
ALTUSDT,2025-12-20 18:00:00+00:00,2025-12-21 18:00:00+00:00,34,test
ALTUSDT,2026-02-14 10:00:00+00:00,2026-02-15 10:00:00+00:00,34,test
ALTUSDT,2026-03-19 22:00:00+00:00,2026-03-20 22:00:00+00:00,34,test
ALTUSDT,2026-05-24 16:00:00+00:00,2026-05-25 16:00:00+00:00,34,test
ALTUSDT,2025-11-08 04:00:00+00:00,2025-11-09 04:00:00+00:00,35,test
ALTUSDT,2025-12-22 00:00:00+00:00,2025-12-23 00:00:00+00:00,35,test
ALTUSDT,2026-02-08 10:00:00+00:00,2026-02-09 10:00:00+00:00,35,test
ALTUSDT,2026-03-31 02:00:00+00:00,2026-04-01 02:00:00+00:00,35,test
ALTUSDT,2026-05-24 16:00:00+00:00,2026-05-25 16:00:00+00:00,35,test
BEATUSDT,2025-11-15 15:00:00+00:00,2025-11-16 15:00:00+00:00,0,test
BEATUSDT,2026-01-19 19:00:00+00:00,2026-01-20 19:00:00+00:00,0,test
BEATUSDT,2026-03-02 13:00:00+00:00,2026-03-03 13:00:00+00:00,0,test
BEATUSDT,2026-04-15 10:00:00+00:00,2026-04-16 10:00:00+00:00,0,test
BEATUSDT,2026-05-16 10:00:00+00:00,2026-05-17 10:00:00+00:00,0,test
BEATUSDT,2025-11-15 15:00:00+00:00,2025-11-16 15:00:00+00:00,1,test
BEATUSDT,2026-01-11 17:00:00+00:00,2026-01-12 17:00:00+00:00,1,test
BEATUSDT,2026-02-23 20:00:00+00:00,2026-02-24 20:00:00+00:00,1,test
BEATUSDT,2026-04-21 09:00:00+00:00,2026-04-22 09:00:00+00:00,1,test
BEATUSDT,2026-05-20 02:00:00+00:00,2026-05-21 02:00:00+00:00,1,test
BEATUSDT,2025-11-15 15:00:00+00:00,2025-11-16 15:00:00+00:00,2,test
BEATUSDT,2026-01-21 14:00:00+00:00,2026-01-22 14:00:00+00:00,2,test
BEATUSDT,2026-03-02 18:00:00+00:00,2026-03-03 18:00:00+00:00,2,test
BEATUSDT,2026-04-18 09:00:00+00:00,2026-04-19 09:00:00+00:00,2,test
BEATUSDT,2026-05-18 08:00:00+00:00,2026-05-19 08:00:00+00:00,2,test
BEATUSDT,2025-11-16 01:00:00+00:00,2025-11-17 01:00:00+00:00,3,test
BEATUSDT,2026-01-21 17:00:00+00:00,2026-01-22 17:00:00+00:00,3,test
BEATUSDT,2026-02-25 14:00:00+00:00,2026-02-26 14:00:00+00:00,3,test
BEATUSDT,2026-04-18 05:00:00+00:00,2026-04-19 05:00:00+00:00,3,test
BEATUSDT,2026-05-20 02:00:00+00:00,2026-05-21 02:00:00+00:00,3,test
BEATUSDT,2025-11-15 15:00:00+00:00,2025-11-16 15:00:00+00:00,4,test
BEATUSDT,2026-01-18 00:00:00+00:00,2026-01-19 00:00:00+00:00,4,test
BEATUSDT,2026-03-01 02:00:00+00:00,2026-03-02 02:00:00+00:00,4,test
BEATUSDT,2026-04-18 02:00:00+00:00,2026-04-19 02:00:00+00:00,4,test
BEATUSDT,2026-05-20 02:00:00+00:00,2026-05-21 02:00:00+00:00,4,test
BEATUSDT,2025-11-15 15:00:00+00:00,2025-11-16 15:00:00+00:00,5,test
BEATUSDT,2026-01-20 23:00:00+00:00,2026-01-21 23:00:00+00:00,5,test
BEATUSDT,2026-02-21 23:00:00+00:00,2026-02-22 23:00:00+00:00,5,test
BEATUSDT,2026-04-18 07:00:00+00:00,2026-04-19 07:00:00+00:00,5,test
BEATUSDT,2026-05-13 23:00:00+00:00,2026-05-14 23:00:00+00:00,5,test
BEATUSDT,2025-11-23 12:00:00+00:00,2025-11-24 12:00:00+00:00,6,test
BEATUSDT,2026-01-27 16:00:00+00:00,2026-01-28 16:00:00+00:00,6,test
BEATUSDT,2026-02-23 13:00:00+00:00,2026-02-24 13:00:00+00:00,6,test
BEATUSDT,2026-04-18 11:00:00+00:00,2026-04-19 11:00:00+00:00,6,test
BEATUSDT,2026-05-18 20:00:00+00:00,2026-05-19 20:00:00+00:00,6,test
BEATUSDT,2025-11-15 15:00:00+00:00,2025-11-16 15:00:00+00:00,7,test
BEATUSDT,2026-01-19 07:00:00+00:00,2026-01-20 07:00:00+00:00,7,test
BEATUSDT,2026-03-01 10:00:00+00:00,2026-03-02 10:00:00+00:00,7,test
BEATUSDT,2026-04-24 13:00:00+00:00,2026-04-25 13:00:00+00:00,7,test
BEATUSDT,2026-05-20 02:00:00+00:00,2026-05-21 02:00:00+00:00,7,test
BEATUSDT,2025-11-17 11:00:00+00:00,2025-11-18 11:00:00+00:00,8,test
BEATUSDT,2026-01-18 11:00:00+00:00,2026-01-19 11:00:00+00:00,8,test
BEATUSDT,2026-03-03 03:00:00+00:00,2026-03-04 03:00:00+00:00,8,test
BEATUSDT,2026-04-23 12:00:00+00:00,2026-04-24 12:00:00+00:00,8,test
BEATUSDT,2026-05-17 02:00:00+00:00,2026-05-18 02:00:00+00:00,8,test
BEATUSDT,2025-11-15 21:00:00+00:00,2025-11-16 21:00:00+00:00,9,test
BEATUSDT,2026-01-21 14:00:00+00:00,2026-01-22 14:00:00+00:00,9,test
BEATUSDT,2026-02-23 03:00:00+00:00,2026-02-24 03:00:00+00:00,9,test
BEATUSDT,2026-04-20 22:00:00+00:00,2026-04-21 22:00:00+00:00,9,test
BEATUSDT,2026-05-20 02:00:00+00:00,2026-05-21 02:00:00+00:00,9,test
BEATUSDT,2025-11-22 17:00:00+00:00,2025-11-23 17:00:00+00:00,10,test
BEATUSDT,2026-01-18 11:00:00+00:00,2026-01-19 11:00:00+00:00,10,test
BEATUSDT,2026-02-21 12:00:00+00:00,2026-02-22 12:00:00+00:00,10,test
BEATUSDT,2026-04-17 03:00:00+00:00,2026-04-18 03:00:00+00:00,10,test
BEATUSDT,2026-05-20 02:00:00+00:00,2026-05-21 02:00:00+00:00,10,test
BEATUSDT,2025-11-17 23:00:00+00:00,2025-11-18 23:00:00+00:00,11,test
BEATUSDT,2026-01-24 16:00:00+00:00,2026-01-25 16:00:00+00:00,11,test
BEATUSDT,2026-02-21 04:00:00+00:00,2026-02-22 04:00:00+00:00,11,test
BEATUSDT,2026-04-17 09:00:00+00:00,2026-04-18 09:00:00+00:00,11,test
BEATUSDT,2026-05-20 02:00:00+00:00,2026-05-21 02:00:00+00:00,11,test
BEATUSDT,2025-11-24 03:00:00+00:00,2025-11-25 03:00:00+00:00,12,test
BEATUSDT,2026-01-24 20:00:00+00:00,2026-01-25 20:00:00+00:00,12,test
BEATUSDT,2026-02-20 12:00:00+00:00,2026-02-21 12:00:00+00:00,12,test
BEATUSDT,2026-04-23 15:00:00+00:00,2026-04-24 15:00:00+00:00,12,test
BEATUSDT,2026-05-14 08:00:00+00:00,2026-05-15 08:00:00+00:00,12,test
BEATUSDT,2025-11-23 19:00:00+00:00,2025-11-24 19:00:00+00:00,13,test
BEATUSDT,2026-01-19 18:00:00+00:00,2026-01-20 18:00:00+00:00,13,test
BEATUSDT,2026-03-03 15:00:00+00:00,2026-03-04 15:00:00+00:00,13,test
BEATUSDT,2026-04-20 17:00:00+00:00,2026-04-21 17:00:00+00:00,13,test
BEATUSDT,2026-05-20 02:00:00+00:00,2026-05-21 02:00:00+00:00,13,test
BEATUSDT,2025-11-23 23:00:00+00:00,2025-11-24 23:00:00+00:00,14,test
BEATUSDT,2026-01-21 17:00:00+00:00,2026-01-22 17:00:00+00:00,14,test
BEATUSDT,2026-02-23 13:00:00+00:00,2026-02-24 13:00:00+00:00,14,test
BEATUSDT,2026-04-23 22:00:00+00:00,2026-04-24 22:00:00+00:00,14,test
BEATUSDT,2026-05-14 02:00:00+00:00,2026-05-15 02:00:00+00:00,14,test
BEATUSDT,2025-11-15 15:00:00+00:00,2025-11-16 15:00:00+00:00,15,test
BEATUSDT,2026-01-27 06:00:00+00:00,2026-01-28 06:00:00+00:00,15,test
BEATUSDT,2026-03-01 20:00:00+00:00,2026-03-02 20:00:00+00:00,15,test
BEATUSDT,2026-04-23 23:00:00+00:00,2026-04-24 23:00:00+00:00,15,test
BEATUSDT,2026-05-20 02:00:00+00:00,2026-05-21 02:00:00+00:00,15,test
BEATUSDT,2025-11-15 19:00:00+00:00,2025-11-16 19:00:00+00:00,16,test
BEATUSDT,2026-01-23 00:00:00+00:00,2026-01-24 00:00:00+00:00,16,test
BEATUSDT,2026-02-26 08:00:00+00:00,2026-02-27 08:00:00+00:00,16,test
BEATUSDT,2026-04-14 14:00:00+00:00,2026-04-15 14:00:00+00:00,16,test
BEATUSDT,2026-05-20 02:00:00+00:00,2026-05-21 02:00:00+00:00,16,test
BEATUSDT,2025-11-15 15:00:00+00:00,2025-11-16 15:00:00+00:00,17,test
BEATUSDT,2026-01-26 18:00:00+00:00,2026-01-27 18:00:00+00:00,17,test
BEATUSDT,2026-02-22 06:00:00+00:00,2026-02-23 06:00:00+00:00,17,test
BEATUSDT,2026-04-20 05:00:00+00:00,2026-04-21 05:00:00+00:00,17,test
BEATUSDT,2026-05-15 17:00:00+00:00,2026-05-16 17:00:00+00:00,17,test
BEATUSDT,2025-11-15 15:00:00+00:00,2025-11-16 15:00:00+00:00,18,test
BEATUSDT,2026-01-27 11:00:00+00:00,2026-01-28 11:00:00+00:00,18,test
BEATUSDT,2026-02-20 01:00:00+00:00,2026-02-21 01:00:00+00:00,18,test
BEATUSDT,2026-04-17 04:00:00+00:00,2026-04-18 04:00:00+00:00,18,test
BEATUSDT,2026-05-20 02:00:00+00:00,2026-05-21 02:00:00+00:00,18,test
BEATUSDT,2025-11-23 15:00:00+00:00,2025-11-24 15:00:00+00:00,19,test
BEATUSDT,2026-01-17 01:00:00+00:00,2026-01-18 01:00:00+00:00,19,test
BEATUSDT,2026-02-28 12:00:00+00:00,2026-03-01 12:00:00+00:00,19,test
BEATUSDT,2026-04-16 23:00:00+00:00,2026-04-17 23:00:00+00:00,19,test
BEATUSDT,2026-05-20 02:00:00+00:00,2026-05-21 02:00:00+00:00,19,test
BEATUSDT,2025-11-15 15:00:00+00:00,2025-11-16 15:00:00+00:00,20,test
BEATUSDT,2026-01-19 08:00:00+00:00,2026-01-20 08:00:00+00:00,20,test
BEATUSDT,2026-02-24 08:00:00+00:00,2026-02-25 08:00:00+00:00,20,test
BEATUSDT,2026-04-17 14:00:00+00:00,2026-04-18 14:00:00+00:00,20,test
BEATUSDT,2026-05-20 02:00:00+00:00,2026-05-21 02:00:00+00:00,20,test
BEATUSDT,2025-11-15 15:00:00+00:00,2025-11-16 15:00:00+00:00,21,test
BEATUSDT,2026-01-18 17:00:00+00:00,2026-01-19 17:00:00+00:00,21,test
BEATUSDT,2026-02-28 14:00:00+00:00,2026-03-01 14:00:00+00:00,21,test
BEATUSDT,2026-04-24 18:00:00+00:00,2026-04-25 18:00:00+00:00,21,test
BEATUSDT,2026-05-20 02:00:00+00:00,2026-05-21 02:00:00+00:00,21,test
BEATUSDT,2025-11-16 07:00:00+00:00,2025-11-17 07:00:00+00:00,22,test
BEATUSDT,2026-01-23 14:00:00+00:00,2026-01-24 14:00:00+00:00,22,test
BEATUSDT,2026-03-01 00:00:00+00:00,2026-03-02 00:00:00+00:00,22,test
BEATUSDT,2026-04-20 14:00:00+00:00,2026-04-21 14:00:00+00:00,22,test
BEATUSDT,2026-05-18 01:00:00+00:00,2026-05-19 01:00:00+00:00,22,test
BEATUSDT,2025-11-15 15:00:00+00:00,2025-11-16 15:00:00+00:00,23,test
BEATUSDT,2026-01-19 14:00:00+00:00,2026-01-20 14:00:00+00:00,23,test
BEATUSDT,2026-02-25 21:00:00+00:00,2026-02-26 21:00:00+00:00,23,test
BEATUSDT,2026-04-19 12:00:00+00:00,2026-04-20 12:00:00+00:00,23,test
BEATUSDT,2026-05-20 02:00:00+00:00,2026-05-21 02:00:00+00:00,23,test
BEATUSDT,2025-11-22 21:00:00+00:00,2025-11-23 21:00:00+00:00,24,test
BEATUSDT,2026-01-17 03:00:00+00:00,2026-01-18 03:00:00+00:00,24,test
BEATUSDT,2026-03-02 17:00:00+00:00,2026-03-03 17:00:00+00:00,24,test
BEATUSDT,2026-04-20 20:00:00+00:00,2026-04-21 20:00:00+00:00,24,test
BEATUSDT,2026-05-14 11:00:00+00:00,2026-05-15 11:00:00+00:00,24,test
BEATUSDT,2025-11-25 04:00:00+00:00,2025-11-26 04:00:00+00:00,25,test
BEATUSDT,2026-01-24 15:00:00+00:00,2026-01-25 15:00:00+00:00,25,test
BEATUSDT,2026-03-03 11:00:00+00:00,2026-03-04 11:00:00+00:00,25,test
BEATUSDT,2026-04-24 14:00:00+00:00,2026-04-25 14:00:00+00:00,25,test
BEATUSDT,2026-05-16 12:00:00+00:00,2026-05-17 12:00:00+00:00,25,test
BEATUSDT,2025-11-15 15:00:00+00:00,2025-11-16 15:00:00+00:00,26,test
BEATUSDT,2026-01-24 15:00:00+00:00,2026-01-25 15:00:00+00:00,26,test
BEATUSDT,2026-02-27 08:00:00+00:00,2026-02-28 08:00:00+00:00,26,test
BEATUSDT,2026-04-14 00:00:00+00:00,2026-04-15 00:00:00+00:00,26,test
BEATUSDT,2026-05-20 02:00:00+00:00,2026-05-21 02:00:00+00:00,26,test
BEATUSDT,2025-11-15 15:00:00+00:00,2025-11-16 15:00:00+00:00,27,test
BEATUSDT,2026-01-25 07:00:00+00:00,2026-01-26 07:00:00+00:00,27,test
BEATUSDT,2026-02-22 17:00:00+00:00,2026-02-23 17:00:00+00:00,27,test
BEATUSDT,2026-04-24 06:00:00+00:00,2026-04-25 06:00:00+00:00,27,test
BEATUSDT,2026-05-20 02:00:00+00:00,2026-05-21 02:00:00+00:00,27,test
BEATUSDT,2025-11-18 01:00:00+00:00,2025-11-19 01:00:00+00:00,28,test
BEATUSDT,2026-01-24 21:00:00+00:00,2026-01-25 21:00:00+00:00,28,test
BEATUSDT,2026-02-21 17:00:00+00:00,2026-02-22 17:00:00+00:00,28,test
BEATUSDT,2026-04-19 05:00:00+00:00,2026-04-20 05:00:00+00:00,28,test
BEATUSDT,2026-05-16 19:00:00+00:00,2026-05-17 19:00:00+00:00,28,test
BNBUSDT,2024-05-22 04:00:00+00:00,2024-05-23 04:00:00+00:00,0,train
BNBUSDT,2024-09-06 18:00:00+00:00,2024-09-07 18:00:00+00:00,0,train
BNBUSDT,2025-02-18 23:00:00+00:00,2025-02-19 23:00:00+00:00,0,train
BNBUSDT,2025-06-27 19:00:00+00:00,2025-06-28 19:00:00+00:00,0,train
BNBUSDT,2025-10-31 00:00:00+00:00,2025-11-01 00:00:00+00:00,0,train
BNBUSDT,2024-05-24 08:00:00+00:00,2024-05-25 08:00:00+00:00,1,train
BNBUSDT,2024-10-08 22:00:00+00:00,2024-10-09 22:00:00+00:00,1,train
BNBUSDT,2025-01-29 23:00:00+00:00,2025-01-30 23:00:00+00:00,1,train
BNBUSDT,2025-07-02 14:00:00+00:00,2025-07-03 14:00:00+00:00,1,train
BNBUSDT,2025-10-03 22:00:00+00:00,2025-10-04 22:00:00+00:00,1,train
BNBUSDT,2024-05-19 19:00:00+00:00,2024-05-20 19:00:00+00:00,2,train
BNBUSDT,2024-10-10 16:00:00+00:00,2024-10-11 16:00:00+00:00,2,train
BNBUSDT,2025-02-14 05:00:00+00:00,2025-02-15 05:00:00+00:00,2,train
BNBUSDT,2025-06-04 21:00:00+00:00,2025-06-05 21:00:00+00:00,2,train
BNBUSDT,2025-10-31 00:00:00+00:00,2025-11-01 00:00:00+00:00,2,train
BSBUSDT,2026-03-26 11:00:00+00:00,2026-03-27 11:00:00+00:00,0,test
BSBUSDT,2026-04-02 05:00:00+00:00,2026-04-03 05:00:00+00:00,0,test
BSBUSDT,2026-04-08 05:00:00+00:00,2026-04-09 05:00:00+00:00,0,test
BSBUSDT,2026-04-14 13:00:00+00:00,2026-04-15 13:00:00+00:00,0,test
BSBUSDT,2026-05-14 14:00:00+00:00,2026-05-15 14:00:00+00:00,0,test
BSBUSDT,2026-03-26 11:00:00+00:00,2026-03-27 11:00:00+00:00,1,test
BSBUSDT,2026-04-01 01:00:00+00:00,2026-04-02 01:00:00+00:00,1,test
BSBUSDT,2026-04-09 09:00:00+00:00,2026-04-10 09:00:00+00:00,1,test
BSBUSDT,2026-04-14 17:00:00+00:00,2026-04-15 17:00:00+00:00,1,test
BSBUSDT,2026-05-14 14:00:00+00:00,2026-05-15 14:00:00+00:00,1,test
BSBUSDT,2026-03-26 20:00:00+00:00,2026-03-27 20:00:00+00:00,2,test
BSBUSDT,2026-04-01 03:00:00+00:00,2026-04-02 03:00:00+00:00,2,test
BSBUSDT,2026-04-09 13:00:00+00:00,2026-04-10 13:00:00+00:00,2,test
BSBUSDT,2026-04-15 07:00:00+00:00,2026-04-16 07:00:00+00:00,2,test
BSBUSDT,2026-05-13 10:00:00+00:00,2026-05-14 10:00:00+00:00,2,test
BSBUSDT,2026-03-26 11:00:00+00:00,2026-03-27 11:00:00+00:00,3,test
BSBUSDT,2026-04-02 07:00:00+00:00,2026-04-03 07:00:00+00:00,3,test
BSBUSDT,2026-04-09 01:00:00+00:00,2026-04-10 01:00:00+00:00,3,test
BSBUSDT,2026-04-14 12:00:00+00:00,2026-04-15 12:00:00+00:00,3,test
BSBUSDT,2026-05-14 14:00:00+00:00,2026-05-15 14:00:00+00:00,3,test
BSBUSDT,2026-03-26 11:00:00+00:00,2026-03-27 11:00:00+00:00,4,test
BSBUSDT,2026-04-02 15:00:00+00:00,2026-04-03 15:00:00+00:00,4,test
BSBUSDT,2026-04-07 15:00:00+00:00,2026-04-08 15:00:00+00:00,4,test
BSBUSDT,2026-04-15 16:00:00+00:00,2026-04-16 16:00:00+00:00,4,test
BSBUSDT,2026-05-14 12:00:00+00:00,2026-05-15 12:00:00+00:00,4,test
BSBUSDT,2026-03-26 11:00:00+00:00,2026-03-27 11:00:00+00:00,5,test
BSBUSDT,2026-04-03 07:00:00+00:00,2026-04-04 07:00:00+00:00,5,test
BSBUSDT,2026-04-09 17:00:00+00:00,2026-04-10 17:00:00+00:00,5,test
BSBUSDT,2026-04-15 19:00:00+00:00,2026-04-16 19:00:00+00:00,5,test
BSBUSDT,2026-05-14 00:00:00+00:00,2026-05-15 00:00:00+00:00,5,test
BSBUSDT,2026-03-26 17:00:00+00:00,2026-03-27 17:00:00+00:00,6,test
BSBUSDT,2026-04-02 15:00:00+00:00,2026-04-03 15:00:00+00:00,6,test
BSBUSDT,2026-04-08 00:00:00+00:00,2026-04-09 00:00:00+00:00,6,test
BSBUSDT,2026-04-16 14:00:00+00:00,2026-04-17 14:00:00+00:00,6,test
BSBUSDT,2026-05-14 01:00:00+00:00,2026-05-15 01:00:00+00:00,6,test
BSBUSDT,2026-03-27 15:00:00+00:00,2026-03-28 15:00:00+00:00,7,test
BSBUSDT,2026-04-02 09:00:00+00:00,2026-04-03 09:00:00+00:00,7,test
BSBUSDT,2026-04-07 12:00:00+00:00,2026-04-08 12:00:00+00:00,7,test
BSBUSDT,2026-04-14 07:00:00+00:00,2026-04-15 07:00:00+00:00,7,test
BSBUSDT,2026-05-14 14:00:00+00:00,2026-05-15 14:00:00+00:00,7,test
BSBUSDT,2026-03-27 17:00:00+00:00,2026-03-28 17:00:00+00:00,8,test
BSBUSDT,2026-04-01 19:00:00+00:00,2026-04-02 19:00:00+00:00,8,test
BSBUSDT,2026-04-09 19:00:00+00:00,2026-04-10 19:00:00+00:00,8,test
BSBUSDT,2026-04-15 13:00:00+00:00,2026-04-16 13:00:00+00:00,8,test
BSBUSDT,2026-05-14 14:00:00+00:00,2026-05-15 14:00:00+00:00,8,test
BSBUSDT,2026-03-26 11:00:00+00:00,2026-03-27 11:00:00+00:00,9,test
BSBUSDT,2026-04-03 04:00:00+00:00,2026-04-04 04:00:00+00:00,9,test
BSBUSDT,2026-04-09 07:00:00+00:00,2026-04-10 07:00:00+00:00,9,test
BSBUSDT,2026-04-16 01:00:00+00:00,2026-04-17 01:00:00+00:00,9,test
BSBUSDT,2026-05-14 13:00:00+00:00,2026-05-15 13:00:00+00:00,9,test
BSBUSDT,2026-03-26 23:00:00+00:00,2026-03-27 23:00:00+00:00,10,test
BSBUSDT,2026-04-03 07:00:00+00:00,2026-04-04 07:00:00+00:00,10,test
BSBUSDT,2026-04-09 10:00:00+00:00,2026-04-10 10:00:00+00:00,10,test
BSBUSDT,2026-04-15 01:00:00+00:00,2026-04-16 01:00:00+00:00,10,test
BSBUSDT,2026-05-14 14:00:00+00:00,2026-05-15 14:00:00+00:00,10,test
BSBUSDT,2026-03-26 11:00:00+00:00,2026-03-27 11:00:00+00:00,11,test
BSBUSDT,2026-04-01 14:00:00+00:00,2026-04-02 14:00:00+00:00,11,test
BSBUSDT,2026-04-09 20:00:00+00:00,2026-04-10 20:00:00+00:00,11,test
BSBUSDT,2026-04-14 22:00:00+00:00,2026-04-15 22:00:00+00:00,11,test
BSBUSDT,2026-05-14 14:00:00+00:00,2026-05-15 14:00:00+00:00,11,test
BSBUSDT,2026-03-27 03:00:00+00:00,2026-03-28 03:00:00+00:00,12,test
BSBUSDT,2026-04-01 08:00:00+00:00,2026-04-02 08:00:00+00:00,12,test
BSBUSDT,2026-04-08 02:00:00+00:00,2026-04-09 02:00:00+00:00,12,test
BSBUSDT,2026-04-15 11:00:00+00:00,2026-04-16 11:00:00+00:00,12,test
BSBUSDT,2026-05-13 06:00:00+00:00,2026-05-14 06:00:00+00:00,12,test
BSBUSDT,2026-03-27 08:00:00+00:00,2026-03-28 08:00:00+00:00,13,test
BSBUSDT,2026-03-31 21:00:00+00:00,2026-04-01 21:00:00+00:00,13,test
BSBUSDT,2026-04-08 03:00:00+00:00,2026-04-09 03:00:00+00:00,13,test
BSBUSDT,2026-04-16 13:00:00+00:00,2026-04-17 13:00:00+00:00,13,test
BSBUSDT,2026-05-13 17:00:00+00:00,2026-05-14 17:00:00+00:00,13,test
BSBUSDT,2026-03-26 11:00:00+00:00,2026-03-27 11:00:00+00:00,14,test
BSBUSDT,2026-04-01 18:00:00+00:00,2026-04-02 18:00:00+00:00,14,test
BSBUSDT,2026-04-08 15:00:00+00:00,2026-04-09 15:00:00+00:00,14,test
BSBUSDT,2026-04-14 12:00:00+00:00,2026-04-15 12:00:00+00:00,14,test
BSBUSDT,2026-05-14 14:00:00+00:00,2026-05-15 14:00:00+00:00,14,test
BSBUSDT,2026-03-26 11:00:00+00:00,2026-03-27 11:00:00+00:00,15,test
BSBUSDT,2026-04-03 04:00:00+00:00,2026-04-04 04:00:00+00:00,15,test
BSBUSDT,2026-04-09 23:00:00+00:00,2026-04-10 23:00:00+00:00,15,test
BSBUSDT,2026-04-16 06:00:00+00:00,2026-04-17 06:00:00+00:00,15,test
BSBUSDT,2026-05-14 09:00:00+00:00,2026-05-15 09:00:00+00:00,15,test
BSBUSDT,2026-03-26 19:00:00+00:00,2026-03-27 19:00:00+00:00,16,test
BSBUSDT,2026-04-03 10:00:00+00:00,2026-04-04 10:00:00+00:00,16,test
BSBUSDT,2026-04-08 14:00:00+00:00,2026-04-09 14:00:00+00:00,16,test
BSBUSDT,2026-04-16 19:00:00+00:00,2026-04-17 19:00:00+00:00,16,test
BSBUSDT,2026-05-13 22:00:00+00:00,2026-05-14 22:00:00+00:00,16,test
BSBUSDT,2026-03-26 11:00:00+00:00,2026-03-27 11:00:00+00:00,17,test
BSBUSDT,2026-04-01 23:00:00+00:00,2026-04-02 23:00:00+00:00,17,test
BSBUSDT,2026-04-08 00:00:00+00:00,2026-04-09 00:00:00+00:00,17,test
BSBUSDT,2026-04-16 02:00:00+00:00,2026-04-17 02:00:00+00:00,17,test
BSBUSDT,2026-05-14 14:00:00+00:00,2026-05-15 14:00:00+00:00,17,test
BSBUSDT,2026-03-26 11:00:00+00:00,2026-03-27 11:00:00+00:00,18,test
BSBUSDT,2026-04-02 17:00:00+00:00,2026-04-03 17:00:00+00:00,18,test
BSBUSDT,2026-04-08 12:00:00+00:00,2026-04-09 12:00:00+00:00,18,test
BSBUSDT,2026-04-14 14:00:00+00:00,2026-04-15 14:00:00+00:00,18,test
BSBUSDT,2026-05-14 14:00:00+00:00,2026-05-15 14:00:00+00:00,18,test
BSBUSDT,2026-03-26 11:00:00+00:00,2026-03-27 11:00:00+00:00,19,test
BSBUSDT,2026-03-31 23:00:00+00:00,2026-04-01 23:00:00+00:00,19,test
BSBUSDT,2026-04-08 20:00:00+00:00,2026-04-09 20:00:00+00:00,19,test
BSBUSDT,2026-04-16 21:00:00+00:00,2026-04-17 21:00:00+00:00,19,test
BSBUSDT,2026-05-13 23:00:00+00:00,2026-05-14 23:00:00+00:00,19,test
BSBUSDT,2026-03-27 03:00:00+00:00,2026-03-28 03:00:00+00:00,20,test
BSBUSDT,2026-04-01 05:00:00+00:00,2026-04-02 05:00:00+00:00,20,test
BSBUSDT,2026-04-08 13:00:00+00:00,2026-04-09 13:00:00+00:00,20,test
BSBUSDT,2026-04-16 19:00:00+00:00,2026-04-17 19:00:00+00:00,20,test
BSBUSDT,2026-05-14 14:00:00+00:00,2026-05-15 14:00:00+00:00,20,test
BSBUSDT,2026-03-26 11:00:00+00:00,2026-03-27 11:00:00+00:00,21,test
BSBUSDT,2026-04-02 19:00:00+00:00,2026-04-03 19:00:00+00:00,21,test
BSBUSDT,2026-04-08 20:00:00+00:00,2026-04-09 20:00:00+00:00,21,test
BSBUSDT,2026-04-14 05:00:00+00:00,2026-04-15 05:00:00+00:00,21,test
BSBUSDT,2026-05-14 02:00:00+00:00,2026-05-15 02:00:00+00:00,21,test
BSBUSDT,2026-03-27 09:00:00+00:00,2026-03-28 09:00:00+00:00,22,test
BSBUSDT,2026-04-01 00:00:00+00:00,2026-04-02 00:00:00+00:00,22,test
BSBUSDT,2026-04-07 16:00:00+00:00,2026-04-08 16:00:00+00:00,22,test
BSBUSDT,2026-04-14 07:00:00+00:00,2026-04-15 07:00:00+00:00,22,test
BSBUSDT,2026-05-14 14:00:00+00:00,2026-05-15 14:00:00+00:00,22,test
BSBUSDT,2026-03-26 11:00:00+00:00,2026-03-27 11:00:00+00:00,23,test
BSBUSDT,2026-04-02 23:00:00+00:00,2026-04-03 23:00:00+00:00,23,test
BSBUSDT,2026-04-09 00:00:00+00:00,2026-04-10 00:00:00+00:00,23,test
BSBUSDT,2026-04-14 21:00:00+00:00,2026-04-15 21:00:00+00:00,23,test
BSBUSDT,2026-05-13 06:00:00+00:00,2026-05-14 06:00:00+00:00,23,test
BSBUSDT,2026-03-27 05:00:00+00:00,2026-03-28 05:00:00+00:00,24,test
BSBUSDT,2026-04-02 15:00:00+00:00,2026-04-03 15:00:00+00:00,24,test
BSBUSDT,2026-04-07 15:00:00+00:00,2026-04-08 15:00:00+00:00,24,test
BSBUSDT,2026-04-16 18:00:00+00:00,2026-04-17 18:00:00+00:00,24,test
BSBUSDT,2026-05-14 14:00:00+00:00,2026-05-15 14:00:00+00:00,24,test
BSBUSDT,2026-03-26 11:00:00+00:00,2026-03-27 11:00:00+00:00,25,test
BSBUSDT,2026-04-02 04:00:00+00:00,2026-04-03 04:00:00+00:00,25,test
BSBUSDT,2026-04-09 02:00:00+00:00,2026-04-10 02:00:00+00:00,25,test
BSBUSDT,2026-04-15 06:00:00+00:00,2026-04-16 06:00:00+00:00,25,test
BSBUSDT,2026-05-14 14:00:00+00:00,2026-05-15 14:00:00+00:00,25,test
BSBUSDT,2026-03-27 08:00:00+00:00,2026-03-28 08:00:00+00:00,26,test
BSBUSDT,2026-03-31 21:00:00+00:00,2026-04-01 21:00:00+00:00,26,test
BSBUSDT,2026-04-09 13:00:00+00:00,2026-04-10 13:00:00+00:00,26,test
BSBUSDT,2026-04-14 16:00:00+00:00,2026-04-15 16:00:00+00:00,26,test
BSBUSDT,2026-05-14 14:00:00+00:00,2026-05-15 14:00:00+00:00,26,test
BSBUSDT,2026-03-27 08:00:00+00:00,2026-03-28 08:00:00+00:00,27,test
BSBUSDT,2026-03-31 23:00:00+00:00,2026-04-01 23:00:00+00:00,27,test
BSBUSDT,2026-04-09 20:00:00+00:00,2026-04-10 20:00:00+00:00,27,test
BSBUSDT,2026-04-14 21:00:00+00:00,2026-04-15 21:00:00+00:00,27,test
BSBUSDT,2026-05-14 14:00:00+00:00,2026-05-15 14:00:00+00:00,27,test
BSBUSDT,2026-03-26 11:00:00+00:00,2026-03-27 11:00:00+00:00,28,test
BSBUSDT,2026-04-01 08:00:00+00:00,2026-04-02 08:00:00+00:00,28,test
BSBUSDT,2026-04-09 14:00:00+00:00,2026-04-10 14:00:00+00:00,28,test
BSBUSDT,2026-04-15 18:00:00+00:00,2026-04-16 18:00:00+00:00,28,test
BSBUSDT,2026-05-14 14:00:00+00:00,2026-05-15 14:00:00+00:00,28,test
BSBUSDT,2026-03-26 16:00:00+00:00,2026-03-27 16:00:00+00:00,29,test
BSBUSDT,2026-04-02 20:00:00+00:00,2026-04-03 20:00:00+00:00,29,test
BSBUSDT,2026-04-08 17:00:00+00:00,2026-04-09 17:00:00+00:00,29,test
BSBUSDT,2026-04-16 07:00:00+00:00,2026-04-17 07:00:00+00:00,29,test
BSBUSDT,2026-05-14 14:00:00+00:00,2026-05-15 14:00:00+00:00,29,test
BSBUSDT,2026-03-27 06:00:00+00:00,2026-03-28 06:00:00+00:00,30,test
BSBUSDT,2026-04-02 08:00:00+00:00,2026-04-03 08:00:00+00:00,30,test
BSBUSDT,2026-04-08 17:00:00+00:00,2026-04-09 17:00:00+00:00,30,test
BSBUSDT,2026-04-16 07:00:00+00:00,2026-04-17 07:00:00+00:00,30,test
BSBUSDT,2026-05-13 10:00:00+00:00,2026-05-14 10:00:00+00:00,30,test
BSBUSDT,2026-03-26 11:00:00+00:00,2026-03-27 11:00:00+00:00,31,test
BSBUSDT,2026-03-31 22:00:00+00:00,2026-04-01 22:00:00+00:00,31,test
BSBUSDT,2026-04-07 21:00:00+00:00,2026-04-08 21:00:00+00:00,31,test
BSBUSDT,2026-04-16 12:00:00+00:00,2026-04-17 12:00:00+00:00,31,test
BSBUSDT,2026-05-13 22:00:00+00:00,2026-05-14 22:00:00+00:00,31,test
BSBUSDT,2026-03-26 11:00:00+00:00,2026-03-27 11:00:00+00:00,32,test
BSBUSDT,2026-04-02 04:00:00+00:00,2026-04-03 04:00:00+00:00,32,test
BSBUSDT,2026-04-07 17:00:00+00:00,2026-04-08 17:00:00+00:00,32,test
BSBUSDT,2026-04-16 09:00:00+00:00,2026-04-17 09:00:00+00:00,32,test
BSBUSDT,2026-05-14 14:00:00+00:00,2026-05-15 14:00:00+00:00,32,test
BSBUSDT,2026-03-26 11:00:00+00:00,2026-03-27 11:00:00+00:00,33,test
BSBUSDT,2026-04-03 01:00:00+00:00,2026-04-04 01:00:00+00:00,33,test
BSBUSDT,2026-04-08 03:00:00+00:00,2026-04-09 03:00:00+00:00,33,test
BSBUSDT,2026-04-14 12:00:00+00:00,2026-04-15 12:00:00+00:00,33,test
BSBUSDT,2026-05-13 09:00:00+00:00,2026-05-14 09:00:00+00:00,33,test
BSBUSDT,2026-03-26 11:00:00+00:00,2026-03-27 11:00:00+00:00,34,test
BSBUSDT,2026-04-03 02:00:00+00:00,2026-04-04 02:00:00+00:00,34,test
BSBUSDT,2026-04-08 12:00:00+00:00,2026-04-09 12:00:00+00:00,34,test
BSBUSDT,2026-04-15 07:00:00+00:00,2026-04-16 07:00:00+00:00,34,test
BSBUSDT,2026-05-14 13:00:00+00:00,2026-05-15 13:00:00+00:00,34,test
BSBUSDT,2026-03-27 04:00:00+00:00,2026-03-28 04:00:00+00:00,35,test
BSBUSDT,2026-04-03 07:00:00+00:00,2026-04-04 07:00:00+00:00,35,test
BSBUSDT,2026-04-09 14:00:00+00:00,2026-04-10 14:00:00+00:00,35,test
BSBUSDT,2026-04-14 23:00:00+00:00,2026-04-15 23:00:00+00:00,35,test
BSBUSDT,2026-05-14 02:00:00+00:00,2026-05-15 02:00:00+00:00,35,test
BSBUSDT,2026-03-26 11:00:00+00:00,2026-03-27 11:00:00+00:00,36,test
BSBUSDT,2026-04-02 12:00:00+00:00,2026-04-03 12:00:00+00:00,36,test
BSBUSDT,2026-04-10 00:00:00+00:00,2026-04-11 00:00:00+00:00,36,test
BSBUSDT,2026-04-15 02:00:00+00:00,2026-04-16 02:00:00+00:00,36,test
BSBUSDT,2026-05-14 02:00:00+00:00,2026-05-15 02:00:00+00:00,36,test
BSBUSDT,2026-03-26 11:00:00+00:00,2026-03-27 11:00:00+00:00,37,test
BSBUSDT,2026-03-31 23:00:00+00:00,2026-04-01 23:00:00+00:00,37,test
BSBUSDT,2026-04-07 23:00:00+00:00,2026-04-08 23:00:00+00:00,37,test
BSBUSDT,2026-04-16 02:00:00+00:00,2026-04-17 02:00:00+00:00,37,test
BSBUSDT,2026-05-14 14:00:00+00:00,2026-05-15 14:00:00+00:00,37,test
BSBUSDT,2026-03-27 03:00:00+00:00,2026-03-28 03:00:00+00:00,38,test
BSBUSDT,2026-04-02 15:00:00+00:00,2026-04-03 15:00:00+00:00,38,test
BSBUSDT,2026-04-08 14:00:00+00:00,2026-04-09 14:00:00+00:00,38,test
BSBUSDT,2026-04-15 06:00:00+00:00,2026-04-16 06:00:00+00:00,38,test
BSBUSDT,2026-05-14 14:00:00+00:00,2026-05-15 14:00:00+00:00,38,test
BSBUSDT,2026-03-27 10:00:00+00:00,2026-03-28 10:00:00+00:00,39,test
BSBUSDT,2026-04-03 09:00:00+00:00,2026-04-04 09:00:00+00:00,39,test
BSBUSDT,2026-04-09 11:00:00+00:00,2026-04-10 11:00:00+00:00,39,test
BSBUSDT,2026-04-16 17:00:00+00:00,2026-04-17 17:00:00+00:00,39,test
BSBUSDT,2026-05-14 07:00:00+00:00,2026-05-15 07:00:00+00:00,39,test
BSBUSDT,2026-03-26 14:00:00+00:00,2026-03-27 14:00:00+00:00,40,test
BSBUSDT,2026-03-31 19:00:00+00:00,2026-04-01 19:00:00+00:00,40,test
BSBUSDT,2026-04-07 19:00:00+00:00,2026-04-08 19:00:00+00:00,40,test
BSBUSDT,2026-04-16 08:00:00+00:00,2026-04-17 08:00:00+00:00,40,test
BSBUSDT,2026-05-14 14:00:00+00:00,2026-05-15 14:00:00+00:00,40,test
BSBUSDT,2026-03-27 10:00:00+00:00,2026-03-28 10:00:00+00:00,41,test
BSBUSDT,2026-04-01 08:00:00+00:00,2026-04-02 08:00:00+00:00,41,test
BSBUSDT,2026-04-08 15:00:00+00:00,2026-04-09 15:00:00+00:00,41,test
BSBUSDT,2026-04-14 06:00:00+00:00,2026-04-15 06:00:00+00:00,41,test
BSBUSDT,2026-05-14 07:00:00+00:00,2026-05-15 07:00:00+00:00,41,test
DOGEUSDT,2024-05-02 00:00:00+00:00,2024-05-03 00:00:00+00:00,0,train
DOGEUSDT,2024-09-10 08:00:00+00:00,2024-09-11 08:00:00+00:00,0,train
DOGEUSDT,2025-02-17 05:00:00+00:00,2025-02-18 05:00:00+00:00,0,train
DOGEUSDT,2025-07-09 16:00:00+00:00,2025-07-10 16:00:00+00:00,0,train
DOGEUSDT,2025-10-31 00:00:00+00:00,2025-11-01 00:00:00+00:00,0,train
DOGEUSDT,2024-05-15 21:00:00+00:00,2024-05-16 21:00:00+00:00,1,train
DOGEUSDT,2024-09-12 11:00:00+00:00,2024-09-13 11:00:00+00:00,1,train
DOGEUSDT,2025-01-17 14:00:00+00:00,2025-01-18 14:00:00+00:00,1,train
DOGEUSDT,2025-06-30 07:00:00+00:00,2025-07-01 07:00:00+00:00,1,train
DOGEUSDT,2025-10-31 00:00:00+00:00,2025-11-01 00:00:00+00:00,1,train
DOGEUSDT,2024-05-20 21:00:00+00:00,2024-05-21 21:00:00+00:00,2,train
DOGEUSDT,2024-09-01 10:00:00+00:00,2024-09-02 10:00:00+00:00,2,train
DOGEUSDT,2025-01-03 15:00:00+00:00,2025-01-04 15:00:00+00:00,2,train
DOGEUSDT,2025-06-26 11:00:00+00:00,2025-06-27 11:00:00+00:00,2,train
DOGEUSDT,2025-10-31 00:00:00+00:00,2025-11-01 00:00:00+00:00,2,train
DOGEUSDT,2024-05-02 00:00:00+00:00,2024-05-03 00:00:00+00:00,3,train
DOGEUSDT,2024-08-17 11:00:00+00:00,2024-08-18 11:00:00+00:00,3,train
DOGEUSDT,2025-02-14 06:00:00+00:00,2025-02-15 06:00:00+00:00,3,train
DOGEUSDT,2025-06-19 02:00:00+00:00,2025-06-20 02:00:00+00:00,3,train
DOGEUSDT,2025-10-07 14:00:00+00:00,2025-10-08 14:00:00+00:00,3,train
DOGEUSDT,2024-05-02 00:00:00+00:00,2024-05-03 00:00:00+00:00,4,train
DOGEUSDT,2024-08-15 00:00:00+00:00,2024-08-16 00:00:00+00:00,4,train
DOGEUSDT,2025-01-12 04:00:00+00:00,2025-01-13 04:00:00+00:00,4,train
DOGEUSDT,2025-06-01 06:00:00+00:00,2025-06-02 06:00:00+00:00,4,train
DOGEUSDT,2025-10-31 00:00:00+00:00,2025-11-01 00:00:00+00:00,4,train
DOGEUSDT,2024-05-02 00:00:00+00:00,2024-05-03 00:00:00+00:00,5,train
DOGEUSDT,2024-08-21 17:00:00+00:00,2024-08-22 17:00:00+00:00,5,train
DOGEUSDT,2025-01-07 02:00:00+00:00,2025-01-08 02:00:00+00:00,5,train
DOGEUSDT,2025-05-29 03:00:00+00:00,2025-05-30 03:00:00+00:00,5,train
DOGEUSDT,2025-10-31 00:00:00+00:00,2025-11-01 00:00:00+00:00,5,train
DOGEUSDT,2024-05-08 18:00:00+00:00,2024-05-09 18:00:00+00:00,6,train
DOGEUSDT,2024-09-06 00:00:00+00:00,2024-09-07 00:00:00+00:00,6,train
DOGEUSDT,2025-01-24 06:00:00+00:00,2025-01-25 06:00:00+00:00,6,train
DOGEUSDT,2025-06-22 06:00:00+00:00,2025-06-23 06:00:00+00:00,6,train
DOGEUSDT,2025-10-31 00:00:00+00:00,2025-11-01 00:00:00+00:00,6,train
DOGEUSDT,2024-05-02 00:00:00+00:00,2024-05-03 00:00:00+00:00,7,train
DOGEUSDT,2024-09-17 18:00:00+00:00,2024-09-18 18:00:00+00:00,7,train
DOGEUSDT,2025-02-08 00:00:00+00:00,2025-02-09 00:00:00+00:00,7,train
DOGEUSDT,2025-06-08 06:00:00+00:00,2025-06-09 06:00:00+00:00,7,train
DOGEUSDT,2025-10-31 00:00:00+00:00,2025-11-01 00:00:00+00:00,7,train
DOGEUSDT,2024-05-02 00:00:00+00:00,2024-05-03 00:00:00+00:00,8,train
DOGEUSDT,2024-09-16 08:00:00+00:00,2024-09-17 08:00:00+00:00,8,train
DOGEUSDT,2025-01-17 01:00:00+00:00,2025-01-18 01:00:00+00:00,8,train
DOGEUSDT,2025-07-01 00:00:00+00:00,2025-07-02 00:00:00+00:00,8,train
DOGEUSDT,2025-10-31 00:00:00+00:00,2025-11-01 00:00:00+00:00,8,train
DOGEUSDT,2024-05-09 05:00:00+00:00,2024-05-10 05:00:00+00:00,9,train
DOGEUSDT,2024-09-18 16:00:00+00:00,2024-09-19 16:00:00+00:00,9,train
DOGEUSDT,2025-01-12 14:00:00+00:00,2025-01-13 14:00:00+00:00,9,train
DOGEUSDT,2025-06-19 08:00:00+00:00,2025-06-20 08:00:00+00:00,9,train
DOGEUSDT,2025-10-31 00:00:00+00:00,2025-11-01 00:00:00+00:00,9,train
DOGEUSDT,2024-05-02 00:00:00+00:00,2024-05-03 00:00:00+00:00,10,train
DOGEUSDT,2024-09-04 01:00:00+00:00,2024-09-05 01:00:00+00:00,10,train
DOGEUSDT,2025-02-18 18:00:00+00:00,2025-02-19 18:00:00+00:00,10,train
DOGEUSDT,2025-05-27 23:00:00+00:00,2025-05-28 23:00:00+00:00,10,train
DOGEUSDT,2025-10-26 02:00:00+00:00,2025-10-27 02:00:00+00:00,10,train
DOGEUSDT,2024-05-02 00:00:00+00:00,2024-05-03 00:00:00+00:00,11,train
DOGEUSDT,2024-08-12 09:00:00+00:00,2024-08-13 09:00:00+00:00,11,train
DOGEUSDT,2025-02-07 08:00:00+00:00,2025-02-08 08:00:00+00:00,11,train
DOGEUSDT,2025-06-01 15:00:00+00:00,2025-06-02 15:00:00+00:00,11,train
DOGEUSDT,2025-10-31 00:00:00+00:00,2025-11-01 00:00:00+00:00,11,train
DOGEUSDT,2025-11-01 01:00:00+00:00,2025-11-02 01:00:00+00:00,12,test
DOGEUSDT,2025-12-29 11:00:00+00:00,2025-12-30 11:00:00+00:00,12,test
DOGEUSDT,2026-02-02 08:00:00+00:00,2026-02-03 08:00:00+00:00,12,test
DOGEUSDT,2026-04-14 13:00:00+00:00,2026-04-15 13:00:00+00:00,12,test
DOGEUSDT,2026-05-24 16:00:00+00:00,2026-05-25 16:00:00+00:00,12,test
DOGEUSDT,2024-05-12 21:00:00+00:00,2024-05-13 21:00:00+00:00,13,train
DOGEUSDT,2024-09-11 00:00:00+00:00,2024-09-12 00:00:00+00:00,13,train
DOGEUSDT,2025-02-24 04:00:00+00:00,2025-02-25 04:00:00+00:00,13,train
DOGEUSDT,2025-06-03 22:00:00+00:00,2025-06-04 22:00:00+00:00,13,train
DOGEUSDT,2025-10-20 04:00:00+00:00,2025-10-21 04:00:00+00:00,13,train
DOGEUSDT,2024-05-25 04:00:00+00:00,2024-05-26 04:00:00+00:00,14,train
DOGEUSDT,2024-09-16 01:00:00+00:00,2024-09-17 01:00:00+00:00,14,train
DOGEUSDT,2025-02-10 14:00:00+00:00,2025-02-11 14:00:00+00:00,14,train
DOGEUSDT,2025-06-06 02:00:00+00:00,2025-06-07 02:00:00+00:00,14,train
DOGEUSDT,2025-10-28 18:00:00+00:00,2025-10-29 18:00:00+00:00,14,train
DRIFTUSDT,2024-11-09 15:00:00+00:00,2024-11-10 15:00:00+00:00,0,train
DRIFTUSDT,2025-01-20 16:00:00+00:00,2025-01-21 16:00:00+00:00,0,train
DRIFTUSDT,2025-05-15 03:00:00+00:00,2025-05-16 03:00:00+00:00,0,train
DRIFTUSDT,2025-07-06 16:00:00+00:00,2025-07-07 16:00:00+00:00,0,train
DRIFTUSDT,2025-10-20 14:00:00+00:00,2025-10-21 14:00:00+00:00,0,train
DRIFTUSDT,2024-11-22 17:00:00+00:00,2024-11-23 17:00:00+00:00,1,train
DRIFTUSDT,2025-01-28 04:00:00+00:00,2025-01-29 04:00:00+00:00,1,train
DRIFTUSDT,2025-05-14 18:00:00+00:00,2025-05-15 18:00:00+00:00,1,train
DRIFTUSDT,2025-07-12 10:00:00+00:00,2025-07-13 10:00:00+00:00,1,train
DRIFTUSDT,2025-10-31 00:00:00+00:00,2025-11-01 00:00:00+00:00,1,train
DRIFTUSDT,2024-11-09 15:00:00+00:00,2024-11-10 15:00:00+00:00,2,train
DRIFTUSDT,2025-02-16 20:00:00+00:00,2025-02-17 20:00:00+00:00,2,train
DRIFTUSDT,2025-04-12 12:00:00+00:00,2025-04-13 12:00:00+00:00,2,train
DRIFTUSDT,2025-07-17 12:00:00+00:00,2025-07-18 12:00:00+00:00,2,train
DRIFTUSDT,2025-10-31 00:00:00+00:00,2025-11-01 00:00:00+00:00,2,train
DRIFTUSDT,2024-11-09 15:00:00+00:00,2024-11-10 15:00:00+00:00,3,train
DRIFTUSDT,2025-01-15 09:00:00+00:00,2025-01-16 09:00:00+00:00,3,train
DRIFTUSDT,2025-04-19 02:00:00+00:00,2025-04-20 02:00:00+00:00,3,train
DRIFTUSDT,2025-08-07 10:00:00+00:00,2025-08-08 10:00:00+00:00,3,train
DRIFTUSDT,2025-10-31 00:00:00+00:00,2025-11-01 00:00:00+00:00,3,train
DRIFTUSDT,2024-11-09 15:00:00+00:00,2024-11-10 15:00:00+00:00,4,train
DRIFTUSDT,2025-01-28 03:00:00+00:00,2025-01-29 03:00:00+00:00,4,train
DRIFTUSDT,2025-05-17 09:00:00+00:00,2025-05-18 09:00:00+00:00,4,train
DRIFTUSDT,2025-07-25 09:00:00+00:00,2025-07-26 09:00:00+00:00,4,train
DRIFTUSDT,2025-10-31 00:00:00+00:00,2025-11-01 00:00:00+00:00,4,train
DRIFTUSDT,2024-11-12 22:00:00+00:00,2024-11-13 22:00:00+00:00,5,train
DRIFTUSDT,2025-02-14 01:00:00+00:00,2025-02-15 01:00:00+00:00,5,train
DRIFTUSDT,2025-04-16 01:00:00+00:00,2025-04-17 01:00:00+00:00,5,train
DRIFTUSDT,2025-08-04 21:00:00+00:00,2025-08-05 21:00:00+00:00,5,train
DRIFTUSDT,2025-10-30 02:00:00+00:00,2025-10-31 02:00:00+00:00,5,train
DRIFTUSDT,2024-11-09 15:00:00+00:00,2024-11-10 15:00:00+00:00,6,train
DRIFTUSDT,2025-01-28 18:00:00+00:00,2025-01-29 18:00:00+00:00,6,train
DRIFTUSDT,2025-04-27 18:00:00+00:00,2025-04-28 18:00:00+00:00,6,train
DRIFTUSDT,2025-07-30 19:00:00+00:00,2025-07-31 19:00:00+00:00,6,train
DRIFTUSDT,2025-10-22 13:00:00+00:00,2025-10-23 13:00:00+00:00,6,train
DRIFTUSDT,2024-11-19 23:00:00+00:00,2024-11-20 23:00:00+00:00,7,train
DRIFTUSDT,2025-02-11 14:00:00+00:00,2025-02-12 14:00:00+00:00,7,train
DRIFTUSDT,2025-05-13 05:00:00+00:00,2025-05-14 05:00:00+00:00,7,train
DRIFTUSDT,2025-07-24 00:00:00+00:00,2025-07-25 00:00:00+00:00,7,train
DRIFTUSDT,2025-10-30 04:00:00+00:00,2025-10-31 04:00:00+00:00,7,train
DRIFTUSDT,2024-11-19 07:00:00+00:00,2024-11-20 07:00:00+00:00,8,train
DRIFTUSDT,2025-01-29 09:00:00+00:00,2025-01-30 09:00:00+00:00,8,train
DRIFTUSDT,2025-04-21 15:00:00+00:00,2025-04-22 15:00:00+00:00,8,train
DRIFTUSDT,2025-07-17 21:00:00+00:00,2025-07-18 21:00:00+00:00,8,train
DRIFTUSDT,2025-10-28 23:00:00+00:00,2025-10-29 23:00:00+00:00,8,train
DRIFTUSDT,2024-11-09 15:00:00+00:00,2024-11-10 15:00:00+00:00,9,train
DRIFTUSDT,2025-01-15 01:00:00+00:00,2025-01-16 01:00:00+00:00,9,train
DRIFTUSDT,2025-04-27 21:00:00+00:00,2025-04-28 21:00:00+00:00,9,train
DRIFTUSDT,2025-07-09 21:00:00+00:00,2025-07-10 21:00:00+00:00,9,train
DRIFTUSDT,2025-10-31 00:00:00+00:00,2025-11-01 00:00:00+00:00,9,train
DRIFTUSDT,2024-11-19 09:00:00+00:00,2024-11-20 09:00:00+00:00,10,train
DRIFTUSDT,2025-01-20 08:00:00+00:00,2025-01-21 08:00:00+00:00,10,train
DRIFTUSDT,2025-05-16 21:00:00+00:00,2025-05-17 21:00:00+00:00,10,train
DRIFTUSDT,2025-07-08 09:00:00+00:00,2025-07-09 09:00:00+00:00,10,train
DRIFTUSDT,2025-10-20 13:00:00+00:00,2025-10-21 13:00:00+00:00,10,train
DRIFTUSDT,2024-11-12 05:00:00+00:00,2024-11-13 05:00:00+00:00,11,train
DRIFTUSDT,2025-01-27 04:00:00+00:00,2025-01-28 04:00:00+00:00,11,train
DRIFTUSDT,2025-04-24 09:00:00+00:00,2025-04-25 09:00:00+00:00,11,train
DRIFTUSDT,2025-08-06 08:00:00+00:00,2025-08-07 08:00:00+00:00,11,train
DRIFTUSDT,2025-10-31 00:00:00+00:00,2025-11-01 00:00:00+00:00,11,train
DRIFTUSDT,2024-11-22 00:00:00+00:00,2024-11-23 00:00:00+00:00,12,train
DRIFTUSDT,2025-02-06 09:00:00+00:00,2025-02-07 09:00:00+00:00,12,train
DRIFTUSDT,2025-04-13 01:00:00+00:00,2025-04-14 01:00:00+00:00,12,train
DRIFTUSDT,2025-08-04 15:00:00+00:00,2025-08-05 15:00:00+00:00,12,train
DRIFTUSDT,2025-10-22 19:00:00+00:00,2025-10-23 19:00:00+00:00,12,train
DRIFTUSDT,2024-11-23 04:00:00+00:00,2024-11-24 04:00:00+00:00,13,train
DRIFTUSDT,2025-01-20 21:00:00+00:00,2025-01-21 21:00:00+00:00,13,train
DRIFTUSDT,2025-04-21 11:00:00+00:00,2025-04-22 11:00:00+00:00,13,train
DRIFTUSDT,2025-08-01 15:00:00+00:00,2025-08-02 15:00:00+00:00,13,train
DRIFTUSDT,2025-10-31 00:00:00+00:00,2025-11-01 00:00:00+00:00,13,train
DRIFTUSDT,2024-11-09 15:00:00+00:00,2024-11-10 15:00:00+00:00,14,train
DRIFTUSDT,2025-01-16 11:00:00+00:00,2025-01-17 11:00:00+00:00,14,train
DRIFTUSDT,2025-04-20 08:00:00+00:00,2025-04-21 08:00:00+00:00,14,train
DRIFTUSDT,2025-08-07 14:00:00+00:00,2025-08-08 14:00:00+00:00,14,train
DRIFTUSDT,2025-10-31 00:00:00+00:00,2025-11-01 00:00:00+00:00,14,train
DRIFTUSDT,2024-11-11 18:00:00+00:00,2024-11-12 18:00:00+00:00,15,train
DRIFTUSDT,2025-01-22 07:00:00+00:00,2025-01-23 07:00:00+00:00,15,train
DRIFTUSDT,2025-05-14 22:00:00+00:00,2025-05-15 22:00:00+00:00,15,train
DRIFTUSDT,2025-07-30 08:00:00+00:00,2025-07-31 08:00:00+00:00,15,train
DRIFTUSDT,2025-10-31 00:00:00+00:00,2025-11-01 00:00:00+00:00,15,train
DRIFTUSDT,2025-11-01 01:00:00+00:00,2025-11-02 01:00:00+00:00,16,test
DRIFTUSDT,2025-12-08 19:00:00+00:00,2025-12-09 19:00:00+00:00,16,test
DRIFTUSDT,2026-01-30 08:00:00+00:00,2026-01-31 08:00:00+00:00,16,test
DRIFTUSDT,2026-03-23 04:00:00+00:00,2026-03-24 04:00:00+00:00,16,test
DRIFTUSDT,2026-05-23 06:00:00+00:00,2026-05-24 06:00:00+00:00,16,test
DRIFTUSDT,2025-11-01 01:00:00+00:00,2025-11-02 01:00:00+00:00,17,test
DRIFTUSDT,2025-12-05 18:00:00+00:00,2025-12-06 18:00:00+00:00,17,test
DRIFTUSDT,2026-01-23 18:00:00+00:00,2026-01-24 18:00:00+00:00,17,test
DRIFTUSDT,2026-03-23 04:00:00+00:00,2026-03-24 04:00:00+00:00,17,test
DRIFTUSDT,2026-05-23 06:00:00+00:00,2026-05-24 06:00:00+00:00,17,test
DRIFTUSDT,2025-11-01 01:00:00+00:00,2025-11-02 01:00:00+00:00,18,test
DRIFTUSDT,2025-12-07 18:00:00+00:00,2025-12-08 18:00:00+00:00,18,test
DRIFTUSDT,2026-02-11 01:00:00+00:00,2026-02-12 01:00:00+00:00,18,test
DRIFTUSDT,2026-03-11 13:00:00+00:00,2026-03-12 13:00:00+00:00,18,test
DRIFTUSDT,2026-05-15 03:00:00+00:00,2026-05-16 03:00:00+00:00,18,test
DRIFTUSDT,2025-11-01 01:00:00+00:00,2025-11-02 01:00:00+00:00,19,test
DRIFTUSDT,2025-12-17 22:00:00+00:00,2025-12-18 22:00:00+00:00,19,test
DRIFTUSDT,2026-02-12 08:00:00+00:00,2026-02-13 08:00:00+00:00,19,test
DRIFTUSDT,2026-03-16 01:00:00+00:00,2026-03-17 01:00:00+00:00,19,test
DRIFTUSDT,2026-05-23 06:00:00+00:00,2026-05-24 06:00:00+00:00,19,test
DRIFTUSDT,2025-11-09 06:00:00+00:00,2025-11-10 06:00:00+00:00,20,test
DRIFTUSDT,2025-12-10 19:00:00+00:00,2025-12-11 19:00:00+00:00,20,test
DRIFTUSDT,2026-02-10 06:00:00+00:00,2026-02-11 06:00:00+00:00,20,test
DRIFTUSDT,2026-03-20 15:00:00+00:00,2026-03-21 15:00:00+00:00,20,test
DRIFTUSDT,2026-05-23 06:00:00+00:00,2026-05-24 06:00:00+00:00,20,test
DRIFTUSDT,2025-11-01 17:00:00+00:00,2025-11-02 17:00:00+00:00,21,test
DRIFTUSDT,2025-12-11 20:00:00+00:00,2025-12-12 20:00:00+00:00,21,test
DRIFTUSDT,2026-01-20 08:00:00+00:00,2026-01-21 08:00:00+00:00,21,test
DRIFTUSDT,2026-03-17 16:00:00+00:00,2026-03-18 16:00:00+00:00,21,test
DRIFTUSDT,2026-05-20 14:00:00+00:00,2026-05-21 14:00:00+00:00,21,test
DRIFTUSDT,2025-11-03 14:00:00+00:00,2025-11-04 14:00:00+00:00,22,test
DRIFTUSDT,2025-12-10 17:00:00+00:00,2025-12-11 17:00:00+00:00,22,test
DRIFTUSDT,2026-01-21 16:00:00+00:00,2026-01-22 16:00:00+00:00,22,test
DRIFTUSDT,2026-03-24 15:00:00+00:00,2026-03-25 15:00:00+00:00,22,test
DRIFTUSDT,2026-05-23 06:00:00+00:00,2026-05-24 06:00:00+00:00,22,test
DRIFTUSDT,2025-11-01 01:00:00+00:00,2025-11-02 01:00:00+00:00,23,test
DRIFTUSDT,2025-12-09 14:00:00+00:00,2025-12-10 14:00:00+00:00,23,test
DRIFTUSDT,2026-01-23 16:00:00+00:00,2026-01-24 16:00:00+00:00,23,test
DRIFTUSDT,2026-03-15 22:00:00+00:00,2026-03-16 22:00:00+00:00,23,test
DRIFTUSDT,2026-05-23 06:00:00+00:00,2026-05-24 06:00:00+00:00,23,test
DRIFTUSDT,2025-11-04 21:00:00+00:00,2025-11-05 21:00:00+00:00,24,test
DRIFTUSDT,2025-12-15 22:00:00+00:00,2025-12-16 22:00:00+00:00,24,test
DRIFTUSDT,2026-02-10 02:00:00+00:00,2026-02-11 02:00:00+00:00,24,test
DRIFTUSDT,2026-03-22 22:00:00+00:00,2026-03-23 22:00:00+00:00,24,test
DRIFTUSDT,2026-05-17 19:00:00+00:00,2026-05-18 19:00:00+00:00,24,test
DRIFTUSDT,2025-11-01 01:00:00+00:00,2025-11-02 01:00:00+00:00,25,test
DRIFTUSDT,2025-12-04 15:00:00+00:00,2025-12-05 15:00:00+00:00,25,test
DRIFTUSDT,2026-02-03 09:00:00+00:00,2026-02-04 09:00:00+00:00,25,test
DRIFTUSDT,2026-03-24 21:00:00+00:00,2026-03-25 21:00:00+00:00,25,test
DRIFTUSDT,2026-05-23 06:00:00+00:00,2026-05-24 06:00:00+00:00,25,test
DRIFTUSDT,2025-11-01 01:00:00+00:00,2025-11-02 01:00:00+00:00,26,test
DRIFTUSDT,2025-12-09 18:00:00+00:00,2025-12-10 18:00:00+00:00,26,test
DRIFTUSDT,2026-02-01 03:00:00+00:00,2026-02-02 03:00:00+00:00,26,test
DRIFTUSDT,2026-03-12 02:00:00+00:00,2026-03-13 02:00:00+00:00,26,test
DRIFTUSDT,2026-05-23 06:00:00+00:00,2026-05-24 06:00:00+00:00,26,test
DRIFTUSDT,2025-11-07 03:00:00+00:00,2025-11-08 03:00:00+00:00,27,test
DRIFTUSDT,2025-12-16 18:00:00+00:00,2025-12-17 18:00:00+00:00,27,test
DRIFTUSDT,2026-02-12 18:00:00+00:00,2026-02-13 18:00:00+00:00,27,test
DRIFTUSDT,2026-03-27 15:00:00+00:00,2026-03-28 15:00:00+00:00,27,test
DRIFTUSDT,2026-05-23 06:00:00+00:00,2026-05-24 06:00:00+00:00,27,test
DRIFTUSDT,2025-11-01 01:00:00+00:00,2025-11-02 01:00:00+00:00,28,test
DRIFTUSDT,2025-12-08 12:00:00+00:00,2025-12-09 12:00:00+00:00,28,test
DRIFTUSDT,2026-02-01 13:00:00+00:00,2026-02-02 13:00:00+00:00,28,test
DRIFTUSDT,2026-03-15 18:00:00+00:00,2026-03-16 18:00:00+00:00,28,test
DRIFTUSDT,2026-05-19 06:00:00+00:00,2026-05-20 06:00:00+00:00,28,test
DRIFTUSDT,2024-11-14 15:00:00+00:00,2024-11-15 15:00:00+00:00,29,train
DRIFTUSDT,2025-01-29 16:00:00+00:00,2025-01-30 16:00:00+00:00,29,train
DRIFTUSDT,2025-04-25 14:00:00+00:00,2025-04-26 14:00:00+00:00,29,train
DRIFTUSDT,2025-07-12 04:00:00+00:00,2025-07-13 04:00:00+00:00,29,train
DRIFTUSDT,2025-10-22 03:00:00+00:00,2025-10-23 03:00:00+00:00,29,train
DRIFTUSDT,2024-11-09 15:00:00+00:00,2024-11-10 15:00:00+00:00,30,train
DRIFTUSDT,2025-02-13 23:00:00+00:00,2025-02-14 23:00:00+00:00,30,train
DRIFTUSDT,2025-04-27 20:00:00+00:00,2025-04-28 20:00:00+00:00,30,train
DRIFTUSDT,2025-07-08 18:00:00+00:00,2025-07-09 18:00:00+00:00,30,train
DRIFTUSDT,2025-10-18 01:00:00+00:00,2025-10-19 01:00:00+00:00,30,train
DRIFTUSDT,2024-11-14 17:00:00+00:00,2024-11-15 17:00:00+00:00,31,train
DRIFTUSDT,2025-01-27 04:00:00+00:00,2025-01-28 04:00:00+00:00,31,train
DRIFTUSDT,2025-04-24 11:00:00+00:00,2025-04-25 11:00:00+00:00,31,train
DRIFTUSDT,2025-07-28 15:00:00+00:00,2025-07-29 15:00:00+00:00,31,train
DRIFTUSDT,2025-10-31 00:00:00+00:00,2025-11-01 00:00:00+00:00,31,train
DRIFTUSDT,2024-11-12 08:00:00+00:00,2024-11-13 08:00:00+00:00,32,train
DRIFTUSDT,2025-01-29 06:00:00+00:00,2025-01-30 06:00:00+00:00,32,train
DRIFTUSDT,2025-05-17 18:00:00+00:00,2025-05-18 18:00:00+00:00,32,train
DRIFTUSDT,2025-07-29 04:00:00+00:00,2025-07-30 04:00:00+00:00,32,train
DRIFTUSDT,2025-10-24 10:00:00+00:00,2025-10-25 10:00:00+00:00,32,train
DRIFTUSDT,2024-11-09 15:00:00+00:00,2024-11-10 15:00:00+00:00,33,train
DRIFTUSDT,2025-02-12 10:00:00+00:00,2025-02-13 10:00:00+00:00,33,train
DRIFTUSDT,2025-04-27 13:00:00+00:00,2025-04-28 13:00:00+00:00,33,train
DRIFTUSDT,2025-08-08 05:00:00+00:00,2025-08-09 05:00:00+00:00,33,train
DRIFTUSDT,2025-10-31 00:00:00+00:00,2025-11-01 00:00:00+00:00,33,train
DRIFTUSDT,2024-11-09 15:00:00+00:00,2024-11-10 15:00:00+00:00,34,train
DRIFTUSDT,2025-01-20 13:00:00+00:00,2025-01-21 13:00:00+00:00,34,train
DRIFTUSDT,2025-04-20 12:00:00+00:00,2025-04-21 12:00:00+00:00,34,train
DRIFTUSDT,2025-07-29 20:00:00+00:00,2025-07-30 20:00:00+00:00,34,train
DRIFTUSDT,2025-10-29 21:00:00+00:00,2025-10-30 21:00:00+00:00,34,train
DRIFTUSDT,2025-11-01 01:00:00+00:00,2025-11-02 01:00:00+00:00,35,test
DRIFTUSDT,2025-12-10 14:00:00+00:00,2025-12-11 14:00:00+00:00,35,test
DRIFTUSDT,2026-02-09 18:00:00+00:00,2026-02-10 18:00:00+00:00,35,test
DRIFTUSDT,2026-03-13 18:00:00+00:00,2026-03-14 18:00:00+00:00,35,test
DRIFTUSDT,2026-05-23 06:00:00+00:00,2026-05-24 06:00:00+00:00,35,test
DRIFTUSDT,2025-11-01 01:00:00+00:00,2025-11-02 01:00:00+00:00,36,test
DRIFTUSDT,2025-12-07 22:00:00+00:00,2025-12-08 22:00:00+00:00,36,test
DRIFTUSDT,2026-01-22 20:00:00+00:00,2026-01-23 20:00:00+00:00,36,test
DRIFTUSDT,2026-03-23 09:00:00+00:00,2026-03-24 09:00:00+00:00,36,test
DRIFTUSDT,2026-05-23 06:00:00+00:00,2026-05-24 06:00:00+00:00,36,test
DRIFTUSDT,2025-11-09 00:00:00+00:00,2025-11-10 00:00:00+00:00,37,test
DRIFTUSDT,2025-12-12 22:00:00+00:00,2025-12-13 22:00:00+00:00,37,test
DRIFTUSDT,2026-02-12 02:00:00+00:00,2026-02-13 02:00:00+00:00,37,test
DRIFTUSDT,2026-03-11 20:00:00+00:00,2026-03-12 20:00:00+00:00,37,test
DRIFTUSDT,2026-05-20 06:00:00+00:00,2026-05-21 06:00:00+00:00,37,test
DRIFTUSDT,2025-11-07 21:00:00+00:00,2025-11-08 21:00:00+00:00,38,test
DRIFTUSDT,2025-12-14 15:00:00+00:00,2025-12-15 15:00:00+00:00,38,test
DRIFTUSDT,2026-01-31 06:00:00+00:00,2026-02-01 06:00:00+00:00,38,test
DRIFTUSDT,2026-03-18 17:00:00+00:00,2026-03-19 17:00:00+00:00,38,test
DRIFTUSDT,2026-05-21 06:00:00+00:00,2026-05-22 06:00:00+00:00,38,test
DRIFTUSDT,2025-11-01 01:00:00+00:00,2025-11-02 01:00:00+00:00,39,test
DRIFTUSDT,2025-12-11 16:00:00+00:00,2025-12-12 16:00:00+00:00,39,test
DRIFTUSDT,2026-02-01 01:00:00+00:00,2026-02-02 01:00:00+00:00,39,test
DRIFTUSDT,2026-03-25 11:00:00+00:00,2026-03-26 11:00:00+00:00,39,test
DRIFTUSDT,2026-05-21 15:00:00+00:00,2026-05-22 15:00:00+00:00,39,test
DRIFTUSDT,2025-11-01 01:00:00+00:00,2025-11-02 01:00:00+00:00,40,test
DRIFTUSDT,2025-12-16 01:00:00+00:00,2025-12-17 01:00:00+00:00,40,test
DRIFTUSDT,2026-01-22 08:00:00+00:00,2026-01-23 08:00:00+00:00,40,test
DRIFTUSDT,2026-03-17 09:00:00+00:00,2026-03-18 09:00:00+00:00,40,test
DRIFTUSDT,2026-05-21 08:00:00+00:00,2026-05-22 08:00:00+00:00,40,test
DRIFTUSDT,2025-11-01 01:00:00+00:00,2025-11-02 01:00:00+00:00,41,test
DRIFTUSDT,2025-12-19 14:00:00+00:00,2025-12-20 14:00:00+00:00,41,test
DRIFTUSDT,2026-01-21 18:00:00+00:00,2026-01-22 18:00:00+00:00,41,test
DRIFTUSDT,2026-03-25 04:00:00+00:00,2026-03-26 04:00:00+00:00,41,test
DRIFTUSDT,2026-05-18 10:00:00+00:00,2026-05-19 10:00:00+00:00,41,test
ESPORTSUSDT,2025-08-07 09:00:00+00:00,2025-08-08 09:00:00+00:00,0,train
ESPORTSUSDT,2025-08-26 05:00:00+00:00,2025-08-27 05:00:00+00:00,0,train
ESPORTSUSDT,2025-09-22 08:00:00+00:00,2025-09-23 08:00:00+00:00,0,train
ESPORTSUSDT,2025-10-08 01:00:00+00:00,2025-10-09 01:00:00+00:00,0,train
ESPORTSUSDT,2025-10-30 05:00:00+00:00,2025-10-31 05:00:00+00:00,0,train
ESPORTSUSDT,2025-08-07 08:00:00+00:00,2025-08-08 08:00:00+00:00,1,train
ESPORTSUSDT,2025-08-22 02:00:00+00:00,2025-08-23 02:00:00+00:00,1,train
ESPORTSUSDT,2025-09-20 09:00:00+00:00,2025-09-21 09:00:00+00:00,1,train
ESPORTSUSDT,2025-10-04 12:00:00+00:00,2025-10-05 12:00:00+00:00,1,train
ESPORTSUSDT,2025-10-31 00:00:00+00:00,2025-11-01 00:00:00+00:00,1,train
ESPORTSUSDT,2025-08-08 03:00:00+00:00,2025-08-09 03:00:00+00:00,2,train
ESPORTSUSDT,2025-08-22 15:00:00+00:00,2025-08-23 15:00:00+00:00,2,train
ESPORTSUSDT,2025-09-18 18:00:00+00:00,2025-09-19 18:00:00+00:00,2,train
ESPORTSUSDT,2025-10-17 02:00:00+00:00,2025-10-18 02:00:00+00:00,2,train
ESPORTSUSDT,2025-10-28 19:00:00+00:00,2025-10-29 19:00:00+00:00,2,train
ESPORTSUSDT,2025-08-06 10:00:00+00:00,2025-08-07 10:00:00+00:00,3,train
ESPORTSUSDT,2025-08-21 07:00:00+00:00,2025-08-22 07:00:00+00:00,3,train
ESPORTSUSDT,2025-09-23 10:00:00+00:00,2025-09-24 10:00:00+00:00,3,train
ESPORTSUSDT,2025-10-05 06:00:00+00:00,2025-10-06 06:00:00+00:00,3,train
ESPORTSUSDT,2025-10-28 08:00:00+00:00,2025-10-29 08:00:00+00:00,3,train
ESPORTSUSDT,2025-08-06 10:00:00+00:00,2025-08-07 10:00:00+00:00,4,train
ESPORTSUSDT,2025-08-23 07:00:00+00:00,2025-08-24 07:00:00+00:00,4,train
ESPORTSUSDT,2025-09-22 05:00:00+00:00,2025-09-23 05:00:00+00:00,4,train
ESPORTSUSDT,2025-10-15 05:00:00+00:00,2025-10-16 05:00:00+00:00,4,train
ESPORTSUSDT,2025-10-31 00:00:00+00:00,2025-11-01 00:00:00+00:00,4,train
ESPORTSUSDT,2025-11-19 04:00:00+00:00,2025-11-20 04:00:00+00:00,5,test
ESPORTSUSDT,2025-12-31 19:00:00+00:00,2026-01-01 19:00:00+00:00,5,test
ESPORTSUSDT,2026-02-14 03:00:00+00:00,2026-02-15 03:00:00+00:00,5,test
ESPORTSUSDT,2026-04-07 06:00:00+00:00,2026-04-08 06:00:00+00:00,5,test
ESPORTSUSDT,2026-05-08 15:00:00+00:00,2026-05-09 15:00:00+00:00,5,test
ESPORTSUSDT,2025-11-01 01:00:00+00:00,2025-11-02 01:00:00+00:00,6,test
ESPORTSUSDT,2026-01-10 18:00:00+00:00,2026-01-11 18:00:00+00:00,6,test
ESPORTSUSDT,2026-02-19 17:00:00+00:00,2026-02-20 17:00:00+00:00,6,test
ESPORTSUSDT,2026-03-29 00:00:00+00:00,2026-03-30 00:00:00+00:00,6,test
ESPORTSUSDT,2026-05-17 08:00:00+00:00,2026-05-18 08:00:00+00:00,6,test
ESPORTSUSDT,2025-11-01 01:00:00+00:00,2025-11-02 01:00:00+00:00,7,test
ESPORTSUSDT,2026-01-10 18:00:00+00:00,2026-01-11 18:00:00+00:00,7,test
ESPORTSUSDT,2026-02-16 01:00:00+00:00,2026-02-17 01:00:00+00:00,7,test
ESPORTSUSDT,2026-03-12 12:00:00+00:00,2026-03-13 12:00:00+00:00,7,test
ESPORTSUSDT,2026-05-24 13:00:00+00:00,2026-05-25 13:00:00+00:00,7,test
ESPORTSUSDT,2025-11-29 18:00:00+00:00,2025-11-30 18:00:00+00:00,8,test
ESPORTSUSDT,2025-12-27 03:00:00+00:00,2025-12-28 03:00:00+00:00,8,test
ESPORTSUSDT,2026-02-19 00:00:00+00:00,2026-02-20 00:00:00+00:00,8,test
ESPORTSUSDT,2026-04-01 05:00:00+00:00,2026-04-02 05:00:00+00:00,8,test
ESPORTSUSDT,2026-05-24 13:00:00+00:00,2026-05-25 13:00:00+00:00,8,test
ESPORTSUSDT,2025-11-01 01:00:00+00:00,2025-11-02 01:00:00+00:00,9,test
ESPORTSUSDT,2025-12-27 00:00:00+00:00,2025-12-28 00:00:00+00:00,9,test
ESPORTSUSDT,2026-02-12 16:00:00+00:00,2026-02-13 16:00:00+00:00,9,test
ESPORTSUSDT,2026-03-21 01:00:00+00:00,2026-03-22 01:00:00+00:00,9,test
ESPORTSUSDT,2026-05-24 13:00:00+00:00,2026-05-25 13:00:00+00:00,9,test
ESPORTSUSDT,2025-12-01 06:00:00+00:00,2025-12-02 06:00:00+00:00,10,test
ESPORTSUSDT,2025-12-28 21:00:00+00:00,2025-12-29 21:00:00+00:00,10,test
ESPORTSUSDT,2026-02-12 07:00:00+00:00,2026-02-13 07:00:00+00:00,10,test
ESPORTSUSDT,2026-03-20 11:00:00+00:00,2026-03-21 11:00:00+00:00,10,test
ESPORTSUSDT,2026-05-24 13:00:00+00:00,2026-05-25 13:00:00+00:00,10,test
ESPORTSUSDT,2025-11-01 01:00:00+00:00,2025-11-02 01:00:00+00:00,11,test
ESPORTSUSDT,2026-01-11 08:00:00+00:00,2026-01-12 08:00:00+00:00,11,test
ESPORTSUSDT,2026-02-15 12:00:00+00:00,2026-02-16 12:00:00+00:00,11,test
ESPORTSUSDT,2026-03-29 20:00:00+00:00,2026-03-30 20:00:00+00:00,11,test
ESPORTSUSDT,2026-05-24 13:00:00+00:00,2026-05-25 13:00:00+00:00,11,test
ESPORTSUSDT,2025-11-01 01:00:00+00:00,2025-11-02 01:00:00+00:00,12,test
ESPORTSUSDT,2026-01-09 17:00:00+00:00,2026-01-10 17:00:00+00:00,12,test
ESPORTSUSDT,2026-02-15 08:00:00+00:00,2026-02-16 08:00:00+00:00,12,test
ESPORTSUSDT,2026-03-28 13:00:00+00:00,2026-03-29 13:00:00+00:00,12,test
ESPORTSUSDT,2026-05-17 06:00:00+00:00,2026-05-18 06:00:00+00:00,12,test
ESPORTSUSDT,2025-11-01 01:00:00+00:00,2025-11-02 01:00:00+00:00,13,test
ESPORTSUSDT,2025-12-29 13:00:00+00:00,2025-12-30 13:00:00+00:00,13,test
ESPORTSUSDT,2026-02-10 03:00:00+00:00,2026-02-11 03:00:00+00:00,13,test
ESPORTSUSDT,2026-04-08 03:00:00+00:00,2026-04-09 03:00:00+00:00,13,test
ESPORTSUSDT,2026-05-24 13:00:00+00:00,2026-05-25 13:00:00+00:00,13,test
ESPORTSUSDT,2025-11-01 01:00:00+00:00,2025-11-02 01:00:00+00:00,14,test
ESPORTSUSDT,2025-12-24 23:00:00+00:00,2025-12-25 23:00:00+00:00,14,test
ESPORTSUSDT,2026-02-21 06:00:00+00:00,2026-02-22 06:00:00+00:00,14,test
ESPORTSUSDT,2026-03-30 11:00:00+00:00,2026-03-31 11:00:00+00:00,14,test
ESPORTSUSDT,2026-05-06 19:00:00+00:00,2026-05-07 19:00:00+00:00,14,test
ESPORTSUSDT,2025-11-24 04:00:00+00:00,2025-11-25 04:00:00+00:00,15,test
ESPORTSUSDT,2026-01-06 21:00:00+00:00,2026-01-07 21:00:00+00:00,15,test
ESPORTSUSDT,2026-02-13 14:00:00+00:00,2026-02-14 14:00:00+00:00,15,test
ESPORTSUSDT,2026-03-13 00:00:00+00:00,2026-03-14 00:00:00+00:00,15,test
ESPORTSUSDT,2026-05-24 13:00:00+00:00,2026-05-25 13:00:00+00:00,15,test
ESPORTSUSDT,2025-12-01 08:00:00+00:00,2025-12-02 08:00:00+00:00,16,test
ESPORTSUSDT,2026-01-09 10:00:00+00:00,2026-01-10 10:00:00+00:00,16,test
ESPORTSUSDT,2026-02-17 21:00:00+00:00,2026-02-18 21:00:00+00:00,16,test
ESPORTSUSDT,2026-03-31 16:00:00+00:00,2026-04-01 16:00:00+00:00,16,test
ESPORTSUSDT,2026-05-08 13:00:00+00:00,2026-05-09 13:00:00+00:00,16,test
ESPORTSUSDT,2025-11-30 19:00:00+00:00,2025-12-01 19:00:00+00:00,17,test
ESPORTSUSDT,2025-12-28 06:00:00+00:00,2025-12-29 06:00:00+00:00,17,test
ESPORTSUSDT,2026-02-17 01:00:00+00:00,2026-02-18 01:00:00+00:00,17,test
ESPORTSUSDT,2026-03-28 20:00:00+00:00,2026-03-29 20:00:00+00:00,17,test
ESPORTSUSDT,2026-05-23 05:00:00+00:00,2026-05-24 05:00:00+00:00,17,test
ESPORTSUSDT,2025-11-01 01:00:00+00:00,2025-11-02 01:00:00+00:00,18,test
ESPORTSUSDT,2026-01-07 17:00:00+00:00,2026-01-08 17:00:00+00:00,18,test
ESPORTSUSDT,2026-02-13 23:00:00+00:00,2026-02-14 23:00:00+00:00,18,test
ESPORTSUSDT,2026-03-31 14:00:00+00:00,2026-04-01 14:00:00+00:00,18,test
ESPORTSUSDT,2026-05-24 13:00:00+00:00,2026-05-25 13:00:00+00:00,18,test
ESPORTSUSDT,2025-11-01 01:00:00+00:00,2025-11-02 01:00:00+00:00,19,test
ESPORTSUSDT,2026-01-07 11:00:00+00:00,2026-01-08 11:00:00+00:00,19,test
ESPORTSUSDT,2026-02-09 05:00:00+00:00,2026-02-10 05:00:00+00:00,19,test
ESPORTSUSDT,2026-03-12 13:00:00+00:00,2026-03-13 13:00:00+00:00,19,test
ESPORTSUSDT,2026-05-08 00:00:00+00:00,2026-05-09 00:00:00+00:00,19,test
ESPORTSUSDT,2025-11-24 07:00:00+00:00,2025-11-25 07:00:00+00:00,20,test
ESPORTSUSDT,2026-01-10 11:00:00+00:00,2026-01-11 11:00:00+00:00,20,test
ESPORTSUSDT,2026-02-17 00:00:00+00:00,2026-02-18 00:00:00+00:00,20,test
ESPORTSUSDT,2026-04-01 12:00:00+00:00,2026-04-02 12:00:00+00:00,20,test
ESPORTSUSDT,2026-05-24 13:00:00+00:00,2026-05-25 13:00:00+00:00,20,test
ESPORTSUSDT,2025-11-24 05:00:00+00:00,2025-11-25 05:00:00+00:00,21,test
ESPORTSUSDT,2025-12-25 01:00:00+00:00,2025-12-26 01:00:00+00:00,21,test
ESPORTSUSDT,2026-02-15 01:00:00+00:00,2026-02-16 01:00:00+00:00,21,test
ESPORTSUSDT,2026-03-13 09:00:00+00:00,2026-03-14 09:00:00+00:00,21,test
ESPORTSUSDT,2026-05-22 18:00:00+00:00,2026-05-23 18:00:00+00:00,21,test
ESPORTSUSDT,2025-11-01 01:00:00+00:00,2025-11-02 01:00:00+00:00,22,test
ESPORTSUSDT,2026-01-07 17:00:00+00:00,2026-01-08 17:00:00+00:00,22,test
ESPORTSUSDT,2026-02-20 20:00:00+00:00,2026-02-21 20:00:00+00:00,22,test
ESPORTSUSDT,2026-03-20 08:00:00+00:00,2026-03-21 08:00:00+00:00,22,test
ESPORTSUSDT,2026-05-24 07:00:00+00:00,2026-05-25 07:00:00+00:00,22,test
ESPORTSUSDT,2025-11-01 01:00:00+00:00,2025-11-02 01:00:00+00:00,23,test
ESPORTSUSDT,2025-12-26 15:00:00+00:00,2025-12-27 15:00:00+00:00,23,test
ESPORTSUSDT,2026-02-10 08:00:00+00:00,2026-02-11 08:00:00+00:00,23,test
ESPORTSUSDT,2026-03-13 14:00:00+00:00,2026-03-14 14:00:00+00:00,23,test
ESPORTSUSDT,2026-05-07 01:00:00+00:00,2026-05-08 01:00:00+00:00,23,test
ESPORTSUSDT,2025-11-01 14:00:00+00:00,2025-11-02 14:00:00+00:00,24,test
ESPORTSUSDT,2025-12-31 06:00:00+00:00,2026-01-01 06:00:00+00:00,24,test
ESPORTSUSDT,2026-02-11 19:00:00+00:00,2026-02-12 19:00:00+00:00,24,test
ESPORTSUSDT,2026-03-20 20:00:00+00:00,2026-03-21 20:00:00+00:00,24,test
ESPORTSUSDT,2026-05-23 02:00:00+00:00,2026-05-24 02:00:00+00:00,24,test
ESPORTSUSDT,2025-08-07 10:00:00+00:00,2025-08-08 10:00:00+00:00,25,train
ESPORTSUSDT,2025-08-23 15:00:00+00:00,2025-08-24 15:00:00+00:00,25,train
ESPORTSUSDT,2025-09-18 13:00:00+00:00,2025-09-19 13:00:00+00:00,25,train
ESPORTSUSDT,2025-10-06 20:00:00+00:00,2025-10-07 20:00:00+00:00,25,train
ESPORTSUSDT,2025-10-28 21:00:00+00:00,2025-10-29 21:00:00+00:00,25,train
ESPORTSUSDT,2025-08-08 14:00:00+00:00,2025-08-09 14:00:00+00:00,26,train
ESPORTSUSDT,2025-08-24 03:00:00+00:00,2025-08-25 03:00:00+00:00,26,train
ESPORTSUSDT,2025-09-17 22:00:00+00:00,2025-09-18 22:00:00+00:00,26,train
ESPORTSUSDT,2025-10-06 16:00:00+00:00,2025-10-07 16:00:00+00:00,26,train
ESPORTSUSDT,2025-10-31 00:00:00+00:00,2025-11-01 00:00:00+00:00,26,train
ESPORTSUSDT,2025-08-09 01:00:00+00:00,2025-08-10 01:00:00+00:00,27,train
ESPORTSUSDT,2025-08-26 11:00:00+00:00,2025-08-27 11:00:00+00:00,27,train
ESPORTSUSDT,2025-09-22 12:00:00+00:00,2025-09-23 12:00:00+00:00,27,train
ESPORTSUSDT,2025-10-06 09:00:00+00:00,2025-10-07 09:00:00+00:00,27,train
ESPORTSUSDT,2025-10-30 06:00:00+00:00,2025-10-31 06:00:00+00:00,27,train
ESPORTSUSDT,2025-08-08 10:00:00+00:00,2025-08-09 10:00:00+00:00,28,train
ESPORTSUSDT,2025-08-22 07:00:00+00:00,2025-08-23 07:00:00+00:00,28,train
ESPORTSUSDT,2025-09-21 21:00:00+00:00,2025-09-22 21:00:00+00:00,28,train
ESPORTSUSDT,2025-10-06 14:00:00+00:00,2025-10-07 14:00:00+00:00,28,train
ESPORTSUSDT,2025-10-29 02:00:00+00:00,2025-10-30 02:00:00+00:00,28,train
ESPORTSUSDT,2025-08-07 19:00:00+00:00,2025-08-08 19:00:00+00:00,29,train
ESPORTSUSDT,2025-08-21 03:00:00+00:00,2025-08-22 03:00:00+00:00,29,train
ESPORTSUSDT,2025-09-18 15:00:00+00:00,2025-09-19 15:00:00+00:00,29,train
ESPORTSUSDT,2025-10-16 17:00:00+00:00,2025-10-17 17:00:00+00:00,29,train
ESPORTSUSDT,2025-10-28 01:00:00+00:00,2025-10-29 01:00:00+00:00,29,train
ESPORTSUSDT,2025-08-06 10:00:00+00:00,2025-08-07 10:00:00+00:00,30,train
ESPORTSUSDT,2025-08-20 12:00:00+00:00,2025-08-21 12:00:00+00:00,30,train
ESPORTSUSDT,2025-09-22 03:00:00+00:00,2025-09-23 03:00:00+00:00,30,train
ESPORTSUSDT,2025-10-06 02:00:00+00:00,2025-10-07 02:00:00+00:00,30,train
ESPORTSUSDT,2025-10-29 20:00:00+00:00,2025-10-30 20:00:00+00:00,30,train
ESPORTSUSDT,2025-11-01 01:00:00+00:00,2025-11-02 01:00:00+00:00,31,test
ESPORTSUSDT,2025-12-27 04:00:00+00:00,2025-12-28 04:00:00+00:00,31,test
ESPORTSUSDT,2026-02-13 06:00:00+00:00,2026-02-14 06:00:00+00:00,31,test
ESPORTSUSDT,2026-03-28 14:00:00+00:00,2026-03-29 14:00:00+00:00,31,test
ESPORTSUSDT,2026-05-24 13:00:00+00:00,2026-05-25 13:00:00+00:00,31,test
ESPORTSUSDT,2025-11-01 01:00:00+00:00,2025-11-02 01:00:00+00:00,32,test
ESPORTSUSDT,2026-01-10 19:00:00+00:00,2026-01-11 19:00:00+00:00,32,test
ESPORTSUSDT,2026-02-19 01:00:00+00:00,2026-02-20 01:00:00+00:00,32,test
ESPORTSUSDT,2026-03-13 16:00:00+00:00,2026-03-14 16:00:00+00:00,32,test
ESPORTSUSDT,2026-05-24 13:00:00+00:00,2026-05-25 13:00:00+00:00,32,test
ESPORTSUSDT,2025-11-01 01:00:00+00:00,2025-11-02 01:00:00+00:00,33,test
ESPORTSUSDT,2026-01-08 05:00:00+00:00,2026-01-09 05:00:00+00:00,33,test
ESPORTSUSDT,2026-02-18 19:00:00+00:00,2026-02-19 19:00:00+00:00,33,test
ESPORTSUSDT,2026-03-30 15:00:00+00:00,2026-03-31 15:00:00+00:00,33,test
ESPORTSUSDT,2026-05-24 13:00:00+00:00,2026-05-25 13:00:00+00:00,33,test
ESPORTSUSDT,2025-11-01 01:00:00+00:00,2025-11-02 01:00:00+00:00,34,test
ESPORTSUSDT,2026-01-07 03:00:00+00:00,2026-01-08 03:00:00+00:00,34,test
ESPORTSUSDT,2026-02-20 23:00:00+00:00,2026-02-21 23:00:00+00:00,34,test
ESPORTSUSDT,2026-03-12 21:00:00+00:00,2026-03-13 21:00:00+00:00,34,test
ESPORTSUSDT,2026-05-23 14:00:00+00:00,2026-05-24 14:00:00+00:00,34,test
ESPORTSUSDT,2025-11-18 23:00:00+00:00,2025-11-19 23:00:00+00:00,35,test
ESPORTSUSDT,2025-12-27 10:00:00+00:00,2025-12-28 10:00:00+00:00,35,test
ESPORTSUSDT,2026-02-12 23:00:00+00:00,2026-02-13 23:00:00+00:00,35,test
ESPORTSUSDT,2026-03-13 22:00:00+00:00,2026-03-14 22:00:00+00:00,35,test
ESPORTSUSDT,2026-05-07 09:00:00+00:00,2026-05-08 09:00:00+00:00,35,test
ESPORTSUSDT,2025-11-01 01:00:00+00:00,2025-11-02 01:00:00+00:00,36,test
ESPORTSUSDT,2026-01-10 21:00:00+00:00,2026-01-11 21:00:00+00:00,36,test
ESPORTSUSDT,2026-02-14 02:00:00+00:00,2026-02-15 02:00:00+00:00,36,test
ESPORTSUSDT,2026-03-31 19:00:00+00:00,2026-04-01 19:00:00+00:00,36,test
ESPORTSUSDT,2026-05-22 17:00:00+00:00,2026-05-23 17:00:00+00:00,36,test
ESPORTSUSDT,2025-11-17 02:00:00+00:00,2025-11-18 02:00:00+00:00,37,test
ESPORTSUSDT,2025-12-29 03:00:00+00:00,2025-12-30 03:00:00+00:00,37,test
ESPORTSUSDT,2026-02-09 03:00:00+00:00,2026-02-10 03:00:00+00:00,37,test
ESPORTSUSDT,2026-04-07 17:00:00+00:00,2026-04-08 17:00:00+00:00,37,test
ESPORTSUSDT,2026-05-17 22:00:00+00:00,2026-05-18 22:00:00+00:00,37,test
ESPORTSUSDT,2025-11-01 01:00:00+00:00,2025-11-02 01:00:00+00:00,38,test
ESPORTSUSDT,2025-12-25 14:00:00+00:00,2025-12-26 14:00:00+00:00,38,test
ESPORTSUSDT,2026-02-11 00:00:00+00:00,2026-02-12 00:00:00+00:00,38,test
ESPORTSUSDT,2026-04-08 21:00:00+00:00,2026-04-09 21:00:00+00:00,38,test
ESPORTSUSDT,2026-05-06 20:00:00+00:00,2026-05-07 20:00:00+00:00,38,test
ESPORTSUSDT,2025-11-01 01:00:00+00:00,2025-11-02 01:00:00+00:00,39,test
ESPORTSUSDT,2026-01-07 18:00:00+00:00,2026-01-08 18:00:00+00:00,39,test
ESPORTSUSDT,2026-02-19 15:00:00+00:00,2026-02-20 15:00:00+00:00,39,test
ESPORTSUSDT,2026-03-23 10:00:00+00:00,2026-03-24 10:00:00+00:00,39,test
ESPORTSUSDT,2026-05-17 02:00:00+00:00,2026-05-18 02:00:00+00:00,39,test
ESPORTSUSDT,2025-11-18 21:00:00+00:00,2025-11-19 21:00:00+00:00,40,test
ESPORTSUSDT,2026-01-07 00:00:00+00:00,2026-01-08 00:00:00+00:00,40,test
ESPORTSUSDT,2026-02-16 23:00:00+00:00,2026-02-17 23:00:00+00:00,40,test
ESPORTSUSDT,2026-03-13 05:00:00+00:00,2026-03-14 05:00:00+00:00,40,test
ESPORTSUSDT,2026-05-17 10:00:00+00:00,2026-05-18 10:00:00+00:00,40,test
ETHUSDT,2024-05-02 00:00:00+00:00,2024-05-03 00:00:00+00:00,0,train
ETHUSDT,2024-08-21 13:00:00+00:00,2024-08-22 13:00:00+00:00,0,train
ETHUSDT,2025-01-29 18:00:00+00:00,2025-01-30 18:00:00+00:00,0,train
ETHUSDT,2025-07-09 10:00:00+00:00,2025-07-10 10:00:00+00:00,0,train
ETHUSDT,2025-10-31 00:00:00+00:00,2025-11-01 00:00:00+00:00,0,train
ETHUSDT,2024-05-02 00:00:00+00:00,2024-05-03 00:00:00+00:00,1,train
ETHUSDT,2024-09-29 11:00:00+00:00,2024-09-30 11:00:00+00:00,1,train
ETHUSDT,2025-02-17 10:00:00+00:00,2025-02-18 10:00:00+00:00,1,train
ETHUSDT,2025-06-06 12:00:00+00:00,2025-06-07 12:00:00+00:00,1,train
ETHUSDT,2025-10-21 03:00:00+00:00,2025-10-22 03:00:00+00:00,1,train
ETHUSDT,2024-05-02 00:00:00+00:00,2024-05-03 00:00:00+00:00,2,train
ETHUSDT,2024-09-14 19:00:00+00:00,2024-09-15 19:00:00+00:00,2,train
ETHUSDT,2025-01-03 01:00:00+00:00,2025-01-04 01:00:00+00:00,2,train
ETHUSDT,2025-07-02 21:00:00+00:00,2025-07-03 21:00:00+00:00,2,train
ETHUSDT,2025-10-31 00:00:00+00:00,2025-11-01 00:00:00+00:00,2,train
ETHUSDT,2024-05-10 07:00:00+00:00,2024-05-11 07:00:00+00:00,3,train
ETHUSDT,2024-09-18 21:00:00+00:00,2024-09-19 21:00:00+00:00,3,train
ETHUSDT,2025-01-22 02:00:00+00:00,2025-01-23 02:00:00+00:00,3,train
ETHUSDT,2025-07-18 01:00:00+00:00,2025-07-19 01:00:00+00:00,3,train
ETHUSDT,2025-10-31 00:00:00+00:00,2025-11-01 00:00:00+00:00,3,train
ETHUSDT,2024-05-02 00:00:00+00:00,2024-05-03 00:00:00+00:00,4,train
ETHUSDT,2024-09-27 13:00:00+00:00,2024-09-28 13:00:00+00:00,4,train
ETHUSDT,2025-02-12 15:00:00+00:00,2025-02-13 15:00:00+00:00,4,train
ETHUSDT,2025-06-12 20:00:00+00:00,2025-06-13 20:00:00+00:00,4,train
ETHUSDT,2025-10-30 11:00:00+00:00,2025-10-31 11:00:00+00:00,4,train
FFUSDT,2025-11-03 05:00:00+00:00,2025-11-04 05:00:00+00:00,0,test
FFUSDT,2025-12-08 09:00:00+00:00,2025-12-09 09:00:00+00:00,0,test
FFUSDT,2026-02-03 11:00:00+00:00,2026-02-04 11:00:00+00:00,0,test
FFUSDT,2026-03-26 02:00:00+00:00,2026-03-27 02:00:00+00:00,0,test
FFUSDT,2026-05-19 19:00:00+00:00,2026-05-20 19:00:00+00:00,0,test
FFUSDT,2025-11-01 01:00:00+00:00,2025-11-02 01:00:00+00:00,1,test
FFUSDT,2025-12-20 08:00:00+00:00,2025-12-21 08:00:00+00:00,1,test
FFUSDT,2026-01-31 22:00:00+00:00,2026-02-01 22:00:00+00:00,1,test
FFUSDT,2026-03-25 05:00:00+00:00,2026-03-26 05:00:00+00:00,1,test
FFUSDT,2026-05-24 12:00:00+00:00,2026-05-25 12:00:00+00:00,1,test
FFUSDT,2025-11-01 01:00:00+00:00,2025-11-02 01:00:00+00:00,2,test
FFUSDT,2025-12-25 11:00:00+00:00,2025-12-26 11:00:00+00:00,2,test
FFUSDT,2026-02-09 09:00:00+00:00,2026-02-10 09:00:00+00:00,2,test
FFUSDT,2026-04-03 22:00:00+00:00,2026-04-04 22:00:00+00:00,2,test
FFUSDT,2026-05-10 14:00:00+00:00,2026-05-11 14:00:00+00:00,2,test
FFUSDT,2025-11-01 01:00:00+00:00,2025-11-02 01:00:00+00:00,3,test
FFUSDT,2025-12-23 11:00:00+00:00,2025-12-24 11:00:00+00:00,3,test
FFUSDT,2026-01-28 00:00:00+00:00,2026-01-29 00:00:00+00:00,3,test
FFUSDT,2026-04-03 07:00:00+00:00,2026-04-04 07:00:00+00:00,3,test
FFUSDT,2026-05-24 12:00:00+00:00,2026-05-25 12:00:00+00:00,3,test
FFUSDT,2025-11-08 09:00:00+00:00,2025-11-09 09:00:00+00:00,4,test
FFUSDT,2025-12-16 13:00:00+00:00,2025-12-17 13:00:00+00:00,4,test
FFUSDT,2026-02-03 13:00:00+00:00,2026-02-04 13:00:00+00:00,4,test
FFUSDT,2026-03-20 10:00:00+00:00,2026-03-21 10:00:00+00:00,4,test
FFUSDT,2026-05-24 12:00:00+00:00,2026-05-25 12:00:00+00:00,4,test
FFUSDT,2025-11-01 01:00:00+00:00,2025-11-02 01:00:00+00:00,5,test
FFUSDT,2025-12-23 17:00:00+00:00,2025-12-24 17:00:00+00:00,5,test
FFUSDT,2026-02-14 17:00:00+00:00,2026-02-15 17:00:00+00:00,5,test
FFUSDT,2026-03-29 05:00:00+00:00,2026-03-30 05:00:00+00:00,5,test
FFUSDT,2026-05-22 09:00:00+00:00,2026-05-23 09:00:00+00:00,5,test
FFUSDT,2025-11-01 01:00:00+00:00,2025-11-02 01:00:00+00:00,6,test
FFUSDT,2025-12-25 01:00:00+00:00,2025-12-26 01:00:00+00:00,6,test
FFUSDT,2026-02-12 05:00:00+00:00,2026-02-13 05:00:00+00:00,6,test
FFUSDT,2026-03-30 01:00:00+00:00,2026-03-31 01:00:00+00:00,6,test
FFUSDT,2026-05-24 12:00:00+00:00,2026-05-25 12:00:00+00:00,6,test
FFUSDT,2025-11-01 01:00:00+00:00,2025-11-02 01:00:00+00:00,7,test
FFUSDT,2025-12-19 05:00:00+00:00,2025-12-20 05:00:00+00:00,7,test
FFUSDT,2026-02-19 02:00:00+00:00,2026-02-20 02:00:00+00:00,7,test
FFUSDT,2026-03-23 18:00:00+00:00,2026-03-24 18:00:00+00:00,7,test
FFUSDT,2026-05-24 12:00:00+00:00,2026-05-25 12:00:00+00:00,7,test
FILUSDT,2024-05-19 16:00:00+00:00,2024-05-20 16:00:00+00:00,0,train
FILUSDT,2024-09-19 08:00:00+00:00,2024-09-20 08:00:00+00:00,0,train
FILUSDT,2025-01-07 17:00:00+00:00,2025-01-08 17:00:00+00:00,0,train
FILUSDT,2025-07-03 06:00:00+00:00,2025-07-04 06:00:00+00:00,0,train
FILUSDT,2025-10-24 06:00:00+00:00,2025-10-25 06:00:00+00:00,0,train
FILUSDT,2024-05-02 00:00:00+00:00,2024-05-03 00:00:00+00:00,1,train
FILUSDT,2024-08-26 15:00:00+00:00,2024-08-27 15:00:00+00:00,1,train
FILUSDT,2025-02-11 11:00:00+00:00,2025-02-12 11:00:00+00:00,1,train
FILUSDT,2025-06-22 09:00:00+00:00,2025-06-23 09:00:00+00:00,1,train
FILUSDT,2025-10-15 17:00:00+00:00,2025-10-16 17:00:00+00:00,1,train
FILUSDT,2024-05-28 00:00:00+00:00,2024-05-29 00:00:00+00:00,2,train
FILUSDT,2024-09-01 03:00:00+00:00,2024-09-02 03:00:00+00:00,2,train
FILUSDT,2025-01-17 14:00:00+00:00,2025-01-18 14:00:00+00:00,2,train
FILUSDT,2025-07-01 22:00:00+00:00,2025-07-02 22:00:00+00:00,2,train
FILUSDT,2025-10-31 00:00:00+00:00,2025-11-01 00:00:00+00:00,2,train
FILUSDT,2025-11-11 20:00:00+00:00,2025-11-12 20:00:00+00:00,3,test
FILUSDT,2025-12-26 23:00:00+00:00,2025-12-27 23:00:00+00:00,3,test
FILUSDT,2026-02-17 23:00:00+00:00,2026-02-18 23:00:00+00:00,3,test
FILUSDT,2026-03-27 07:00:00+00:00,2026-03-28 07:00:00+00:00,3,test
FILUSDT,2026-05-24 21:00:00+00:00,2026-05-25 21:00:00+00:00,3,test
FILUSDT,2025-11-01 01:00:00+00:00,2025-11-02 01:00:00+00:00,4,test
FILUSDT,2026-01-04 16:00:00+00:00,2026-01-05 16:00:00+00:00,4,test
FILUSDT,2026-02-07 16:00:00+00:00,2026-02-08 16:00:00+00:00,4,test
FILUSDT,2026-04-09 06:00:00+00:00,2026-04-10 06:00:00+00:00,4,test
FILUSDT,2026-05-24 02:00:00+00:00,2026-05-25 02:00:00+00:00,4,test
FILUSDT,2025-11-10 09:00:00+00:00,2025-11-11 09:00:00+00:00,5,test
FILUSDT,2025-12-18 21:00:00+00:00,2025-12-19 21:00:00+00:00,5,test
FILUSDT,2026-02-13 23:00:00+00:00,2026-02-14 23:00:00+00:00,5,test
FILUSDT,2026-03-30 23:00:00+00:00,2026-03-31 23:00:00+00:00,5,test
FILUSDT,2026-05-26 17:00:00+00:00,2026-05-27 17:00:00+00:00,5,test
FILUSDT,2025-11-01 01:00:00+00:00,2025-11-02 01:00:00+00:00,6,test
FILUSDT,2026-01-05 00:00:00+00:00,2026-01-06 00:00:00+00:00,6,test
FILUSDT,2026-02-04 19:00:00+00:00,2026-02-05 19:00:00+00:00,6,test
FILUSDT,2026-04-10 05:00:00+00:00,2026-04-11 05:00:00+00:00,6,test
FILUSDT,2026-05-26 17:00:00+00:00,2026-05-27 17:00:00+00:00,6,test
FILUSDT,2025-11-12 14:00:00+00:00,2025-11-13 14:00:00+00:00,7,test
FILUSDT,2025-12-27 03:00:00+00:00,2025-12-28 03:00:00+00:00,7,test
FILUSDT,2026-02-07 14:00:00+00:00,2026-02-08 14:00:00+00:00,7,test
FILUSDT,2026-04-01 09:00:00+00:00,2026-04-02 09:00:00+00:00,7,test
FILUSDT,2026-05-26 17:00:00+00:00,2026-05-27 17:00:00+00:00,7,test
FILUSDT,2025-11-01 01:00:00+00:00,2025-11-02 01:00:00+00:00,8,test
FILUSDT,2026-01-04 14:00:00+00:00,2026-01-05 14:00:00+00:00,8,test
FILUSDT,2026-02-17 14:00:00+00:00,2026-02-18 14:00:00+00:00,8,test
FILUSDT,2026-04-01 20:00:00+00:00,2026-04-02 20:00:00+00:00,8,test
FILUSDT,2026-05-26 17:00:00+00:00,2026-05-27 17:00:00+00:00,8,test
FILUSDT,2025-11-15 05:00:00+00:00,2025-11-16 05:00:00+00:00,9,test
FILUSDT,2025-12-26 02:00:00+00:00,2025-12-27 02:00:00+00:00,9,test
FILUSDT,2026-02-14 08:00:00+00:00,2026-02-15 08:00:00+00:00,9,test
FILUSDT,2026-04-07 22:00:00+00:00,2026-04-08 22:00:00+00:00,9,test
FILUSDT,2026-05-17 23:00:00+00:00,2026-05-18 23:00:00+00:00,9,test
FILUSDT,2025-11-01 01:00:00+00:00,2025-11-02 01:00:00+00:00,10,test
FILUSDT,2025-12-26 16:00:00+00:00,2025-12-27 16:00:00+00:00,10,test
FILUSDT,2026-02-11 04:00:00+00:00,2026-02-12 04:00:00+00:00,10,test
FILUSDT,2026-03-30 23:00:00+00:00,2026-03-31 23:00:00+00:00,10,test
FILUSDT,2026-05-25 19:00:00+00:00,2026-05-26 19:00:00+00:00,10,test
GUAUSDT,2025-12-22 10:00:00+00:00,2025-12-23 10:00:00+00:00,0,test
GUAUSDT,2026-01-12 15:00:00+00:00,2026-01-13 15:00:00+00:00,0,test
GUAUSDT,2026-02-14 19:00:00+00:00,2026-02-15 19:00:00+00:00,0,test
GUAUSDT,2026-04-05 21:00:00+00:00,2026-04-06 21:00:00+00:00,0,test
GUAUSDT,2026-05-09 14:00:00+00:00,2026-05-10 14:00:00+00:00,0,test
GUAUSDT,2025-12-22 10:00:00+00:00,2025-12-23 10:00:00+00:00,1,test
GUAUSDT,2026-01-19 14:00:00+00:00,2026-01-20 14:00:00+00:00,1,test
GUAUSDT,2026-02-14 14:00:00+00:00,2026-02-15 14:00:00+00:00,1,test
GUAUSDT,2026-04-07 18:00:00+00:00,2026-04-08 18:00:00+00:00,1,test
GUAUSDT,2026-05-09 14:00:00+00:00,2026-05-10 14:00:00+00:00,1,test
GUAUSDT,2025-12-27 00:00:00+00:00,2025-12-28 00:00:00+00:00,2,test
GUAUSDT,2026-01-21 13:00:00+00:00,2026-01-22 13:00:00+00:00,2,test
GUAUSDT,2026-02-15 10:00:00+00:00,2026-02-16 10:00:00+00:00,2,test
GUAUSDT,2026-04-07 08:00:00+00:00,2026-04-08 08:00:00+00:00,2,test
GUAUSDT,2026-05-09 14:00:00+00:00,2026-05-10 14:00:00+00:00,2,test
GUAUSDT,2025-12-22 10:00:00+00:00,2025-12-23 10:00:00+00:00,3,test
GUAUSDT,2026-01-26 01:00:00+00:00,2026-01-27 01:00:00+00:00,3,test
GUAUSDT,2026-02-19 09:00:00+00:00,2026-02-20 09:00:00+00:00,3,test
GUAUSDT,2026-04-12 22:00:00+00:00,2026-04-13 22:00:00+00:00,3,test
GUAUSDT,2026-05-09 14:00:00+00:00,2026-05-10 14:00:00+00:00,3,test
GUAUSDT,2025-12-22 10:00:00+00:00,2025-12-23 10:00:00+00:00,4,test
GUAUSDT,2026-01-21 23:00:00+00:00,2026-01-22 23:00:00+00:00,4,test
GUAUSDT,2026-02-12 14:00:00+00:00,2026-02-13 14:00:00+00:00,4,test
GUAUSDT,2026-03-25 20:00:00+00:00,2026-03-26 20:00:00+00:00,4,test
GUAUSDT,2026-05-04 12:00:00+00:00,2026-05-05 12:00:00+00:00,4,test
GUAUSDT,2025-12-22 10:00:00+00:00,2025-12-23 10:00:00+00:00,5,test
GUAUSDT,2026-01-18 22:00:00+00:00,2026-01-19 22:00:00+00:00,5,test
GUAUSDT,2026-02-21 07:00:00+00:00,2026-02-22 07:00:00+00:00,5,test
GUAUSDT,2026-04-10 06:00:00+00:00,2026-04-11 06:00:00+00:00,5,test
GUAUSDT,2026-05-04 16:00:00+00:00,2026-05-05 16:00:00+00:00,5,test
GUAUSDT,2025-12-22 10:00:00+00:00,2025-12-23 10:00:00+00:00,6,test
GUAUSDT,2026-01-13 07:00:00+00:00,2026-01-14 07:00:00+00:00,6,test
GUAUSDT,2026-02-17 10:00:00+00:00,2026-02-18 10:00:00+00:00,6,test
GUAUSDT,2026-04-12 22:00:00+00:00,2026-04-13 22:00:00+00:00,6,test
GUAUSDT,2026-05-06 20:00:00+00:00,2026-05-07 20:00:00+00:00,6,test
GUAUSDT,2025-12-22 10:00:00+00:00,2025-12-23 10:00:00+00:00,7,test
GUAUSDT,2026-01-26 17:00:00+00:00,2026-01-27 17:00:00+00:00,7,test
GUAUSDT,2026-02-19 03:00:00+00:00,2026-02-20 03:00:00+00:00,7,test
GUAUSDT,2026-04-10 07:00:00+00:00,2026-04-11 07:00:00+00:00,7,test
GUAUSDT,2026-05-07 17:00:00+00:00,2026-05-08 17:00:00+00:00,7,test
GUAUSDT,2025-12-22 10:00:00+00:00,2025-12-23 10:00:00+00:00,8,test
GUAUSDT,2026-01-23 00:00:00+00:00,2026-01-24 00:00:00+00:00,8,test
GUAUSDT,2026-02-21 08:00:00+00:00,2026-02-22 08:00:00+00:00,8,test
GUAUSDT,2026-03-25 18:00:00+00:00,2026-03-26 18:00:00+00:00,8,test
GUAUSDT,2026-05-09 14:00:00+00:00,2026-05-10 14:00:00+00:00,8,test
GUAUSDT,2025-12-26 14:00:00+00:00,2025-12-27 14:00:00+00:00,9,test
GUAUSDT,2026-01-26 13:00:00+00:00,2026-01-27 13:00:00+00:00,9,test
GUAUSDT,2026-02-12 21:00:00+00:00,2026-02-13 21:00:00+00:00,9,test
GUAUSDT,2026-04-07 21:00:00+00:00,2026-04-08 21:00:00+00:00,9,test
GUAUSDT,2026-05-09 12:00:00+00:00,2026-05-10 12:00:00+00:00,9,test
GUAUSDT,2025-12-27 02:00:00+00:00,2025-12-28 02:00:00+00:00,10,test
GUAUSDT,2026-01-20 16:00:00+00:00,2026-01-21 16:00:00+00:00,10,test
GUAUSDT,2026-02-15 09:00:00+00:00,2026-02-16 09:00:00+00:00,10,test
GUAUSDT,2026-04-05 17:00:00+00:00,2026-04-06 17:00:00+00:00,10,test
GUAUSDT,2026-05-09 14:00:00+00:00,2026-05-10 14:00:00+00:00,10,test
GUAUSDT,2025-12-22 10:00:00+00:00,2025-12-23 10:00:00+00:00,11,test
GUAUSDT,2026-01-21 01:00:00+00:00,2026-01-22 01:00:00+00:00,11,test
GUAUSDT,2026-02-12 19:00:00+00:00,2026-02-13 19:00:00+00:00,11,test
GUAUSDT,2026-04-07 06:00:00+00:00,2026-04-08 06:00:00+00:00,11,test
GUAUSDT,2026-05-09 14:00:00+00:00,2026-05-10 14:00:00+00:00,11,test
GUAUSDT,2025-12-22 10:00:00+00:00,2025-12-23 10:00:00+00:00,12,test
GUAUSDT,2026-01-22 02:00:00+00:00,2026-01-23 02:00:00+00:00,12,test
GUAUSDT,2026-02-21 12:00:00+00:00,2026-02-22 12:00:00+00:00,12,test
GUAUSDT,2026-03-26 20:00:00+00:00,2026-03-27 20:00:00+00:00,12,test
GUAUSDT,2026-05-09 14:00:00+00:00,2026-05-10 14:00:00+00:00,12,test
GUAUSDT,2025-12-25 06:00:00+00:00,2025-12-26 06:00:00+00:00,13,test
GUAUSDT,2026-01-23 08:00:00+00:00,2026-01-24 08:00:00+00:00,13,test
GUAUSDT,2026-02-21 18:00:00+00:00,2026-02-22 18:00:00+00:00,13,test
GUAUSDT,2026-04-06 01:00:00+00:00,2026-04-07 01:00:00+00:00,13,test
GUAUSDT,2026-05-09 14:00:00+00:00,2026-05-10 14:00:00+00:00,13,test
GUAUSDT,2025-12-22 10:00:00+00:00,2025-12-23 10:00:00+00:00,14,test
GUAUSDT,2026-01-25 14:00:00+00:00,2026-01-26 14:00:00+00:00,14,test
GUAUSDT,2026-02-14 00:00:00+00:00,2026-02-15 00:00:00+00:00,14,test
GUAUSDT,2026-03-26 16:00:00+00:00,2026-03-27 16:00:00+00:00,14,test
GUAUSDT,2026-05-04 12:00:00+00:00,2026-05-05 12:00:00+00:00,14,test
GUAUSDT,2025-12-22 22:00:00+00:00,2025-12-23 22:00:00+00:00,15,test
GUAUSDT,2026-01-24 18:00:00+00:00,2026-01-25 18:00:00+00:00,15,test
GUAUSDT,2026-02-21 18:00:00+00:00,2026-02-22 18:00:00+00:00,15,test
GUAUSDT,2026-04-11 21:00:00+00:00,2026-04-12 21:00:00+00:00,15,test
GUAUSDT,2026-05-09 11:00:00+00:00,2026-05-10 11:00:00+00:00,15,test
GUAUSDT,2025-12-25 18:00:00+00:00,2025-12-26 18:00:00+00:00,16,test
GUAUSDT,2026-01-18 13:00:00+00:00,2026-01-19 13:00:00+00:00,16,test
GUAUSDT,2026-02-15 08:00:00+00:00,2026-02-16 08:00:00+00:00,16,test
GUAUSDT,2026-04-13 08:00:00+00:00,2026-04-14 08:00:00+00:00,16,test
GUAUSDT,2026-05-09 14:00:00+00:00,2026-05-10 14:00:00+00:00,16,test
GUAUSDT,2025-12-24 11:00:00+00:00,2025-12-25 11:00:00+00:00,17,test
GUAUSDT,2026-01-20 17:00:00+00:00,2026-01-21 17:00:00+00:00,17,test
GUAUSDT,2026-02-18 10:00:00+00:00,2026-02-19 10:00:00+00:00,17,test
GUAUSDT,2026-04-11 03:00:00+00:00,2026-04-12 03:00:00+00:00,17,test
GUAUSDT,2026-05-05 20:00:00+00:00,2026-05-06 20:00:00+00:00,17,test
HYPEUSDT,2025-11-05 00:00:00+00:00,2025-11-06 00:00:00+00:00,0,test
HYPEUSDT,2025-12-15 00:00:00+00:00,2025-12-16 00:00:00+00:00,0,test
HYPEUSDT,2026-02-13 08:00:00+00:00,2026-02-14 08:00:00+00:00,0,test
HYPEUSDT,2026-03-22 18:00:00+00:00,2026-03-23 18:00:00+00:00,0,test
HYPEUSDT,2026-05-09 00:00:00+00:00,2026-05-10 00:00:00+00:00,0,test
HYPEUSDT,2025-11-01 01:00:00+00:00,2025-11-02 01:00:00+00:00,1,test
HYPEUSDT,2025-12-20 05:00:00+00:00,2025-12-21 05:00:00+00:00,1,test
HYPEUSDT,2026-02-10 20:00:00+00:00,2026-02-11 20:00:00+00:00,1,test
HYPEUSDT,2026-04-01 15:00:00+00:00,2026-04-02 15:00:00+00:00,1,test
HYPEUSDT,2026-05-26 17:00:00+00:00,2026-05-27 17:00:00+00:00,1,test
HYPEUSDT,2025-11-01 01:00:00+00:00,2025-11-02 01:00:00+00:00,2,test
HYPEUSDT,2025-12-15 10:00:00+00:00,2025-12-16 10:00:00+00:00,2,test
HYPEUSDT,2026-02-14 23:00:00+00:00,2026-02-15 23:00:00+00:00,2,test
HYPEUSDT,2026-03-21 17:00:00+00:00,2026-03-22 17:00:00+00:00,2,test
HYPEUSDT,2026-05-05 22:00:00+00:00,2026-05-06 22:00:00+00:00,2,test
HYPEUSDT,2025-11-06 14:00:00+00:00,2025-11-07 14:00:00+00:00,3,test
HYPEUSDT,2025-12-09 08:00:00+00:00,2025-12-10 08:00:00+00:00,3,test
HYPEUSDT,2026-02-15 23:00:00+00:00,2026-02-16 23:00:00+00:00,3,test
HYPEUSDT,2026-03-29 06:00:00+00:00,2026-03-30 06:00:00+00:00,3,test
HYPEUSDT,2026-05-26 17:00:00+00:00,2026-05-27 17:00:00+00:00,3,test
HYPEUSDT,2025-11-02 18:00:00+00:00,2025-11-03 18:00:00+00:00,4,test
HYPEUSDT,2025-12-16 16:00:00+00:00,2025-12-17 16:00:00+00:00,4,test
HYPEUSDT,2026-02-07 15:00:00+00:00,2026-02-08 15:00:00+00:00,4,test
HYPEUSDT,2026-04-02 09:00:00+00:00,2026-04-03 09:00:00+00:00,4,test
HYPEUSDT,2026-05-11 06:00:00+00:00,2026-05-12 06:00:00+00:00,4,test
ICPUSDT,2024-05-02 00:00:00+00:00,2024-05-03 00:00:00+00:00,0,train
ICPUSDT,2024-09-03 07:00:00+00:00,2024-09-04 07:00:00+00:00,0,train
ICPUSDT,2025-01-30 23:00:00+00:00,2025-01-31 23:00:00+00:00,0,train
ICPUSDT,2025-06-25 16:00:00+00:00,2025-06-26 16:00:00+00:00,0,train
ICPUSDT,2025-10-31 00:00:00+00:00,2025-11-01 00:00:00+00:00,0,train
ICPUSDT,2024-05-02 00:00:00+00:00,2024-05-03 00:00:00+00:00,1,train
ICPUSDT,2024-09-16 15:00:00+00:00,2024-09-17 15:00:00+00:00,1,train
ICPUSDT,2025-03-02 17:00:00+00:00,2025-03-03 17:00:00+00:00,1,train
ICPUSDT,2025-06-06 12:00:00+00:00,2025-06-07 12:00:00+00:00,1,train
ICPUSDT,2025-10-08 08:00:00+00:00,2025-10-09 08:00:00+00:00,1,train
ICPUSDT,2024-05-02 00:00:00+00:00,2024-05-03 00:00:00+00:00,2,train
ICPUSDT,2024-09-22 14:00:00+00:00,2024-09-23 14:00:00+00:00,2,train
ICPUSDT,2025-01-07 11:00:00+00:00,2025-01-08 11:00:00+00:00,2,train
ICPUSDT,2025-05-28 05:00:00+00:00,2025-05-29 05:00:00+00:00,2,train
ICPUSDT,2025-10-28 01:00:00+00:00,2025-10-29 01:00:00+00:00,2,train
ICPUSDT,2024-05-10 06:00:00+00:00,2024-05-11 06:00:00+00:00,3,train
ICPUSDT,2024-09-25 03:00:00+00:00,2024-09-26 03:00:00+00:00,3,train
ICPUSDT,2025-02-24 22:00:00+00:00,2025-02-25 22:00:00+00:00,3,train
ICPUSDT,2025-06-13 23:00:00+00:00,2025-06-14 23:00:00+00:00,3,train
ICPUSDT,2025-10-22 14:00:00+00:00,2025-10-23 14:00:00+00:00,3,train
ICPUSDT,2024-05-03 20:00:00+00:00,2024-05-04 20:00:00+00:00,4,train
ICPUSDT,2024-09-03 17:00:00+00:00,2024-09-04 17:00:00+00:00,4,train
ICPUSDT,2025-01-10 14:00:00+00:00,2025-01-11 14:00:00+00:00,4,train
ICPUSDT,2025-06-06 12:00:00+00:00,2025-06-07 12:00:00+00:00,4,train
ICPUSDT,2025-10-29 09:00:00+00:00,2025-10-30 09:00:00+00:00,4,train
ICPUSDT,2025-11-10 03:00:00+00:00,2025-11-11 03:00:00+00:00,5,test
ICPUSDT,2026-01-04 20:00:00+00:00,2026-01-05 20:00:00+00:00,5,test
ICPUSDT,2026-02-18 20:00:00+00:00,2026-02-19 20:00:00+00:00,5,test
ICPUSDT,2026-03-29 12:00:00+00:00,2026-03-30 12:00:00+00:00,5,test
ICPUSDT,2026-05-20 00:00:00+00:00,2026-05-21 00:00:00+00:00,5,test
ICPUSDT,2025-11-10 03:00:00+00:00,2025-11-11 03:00:00+00:00,6,test
ICPUSDT,2025-12-28 06:00:00+00:00,2025-12-29 06:00:00+00:00,6,test
ICPUSDT,2026-02-19 05:00:00+00:00,2026-02-20 05:00:00+00:00,6,test
ICPUSDT,2026-03-29 16:00:00+00:00,2026-03-30 16:00:00+00:00,6,test
ICPUSDT,2026-05-26 17:00:00+00:00,2026-05-27 17:00:00+00:00,6,test
ICPUSDT,2025-11-10 19:00:00+00:00,2025-11-11 19:00:00+00:00,7,test
ICPUSDT,2026-01-07 07:00:00+00:00,2026-01-08 07:00:00+00:00,7,test
ICPUSDT,2026-02-17 08:00:00+00:00,2026-02-18 08:00:00+00:00,7,test
ICPUSDT,2026-04-12 07:00:00+00:00,2026-04-13 07:00:00+00:00,7,test
ICPUSDT,2026-05-26 17:00:00+00:00,2026-05-27 17:00:00+00:00,7,test
ICPUSDT,2025-11-10 03:00:00+00:00,2025-11-11 03:00:00+00:00,8,test
ICPUSDT,2026-01-06 03:00:00+00:00,2026-01-07 03:00:00+00:00,8,test
ICPUSDT,2026-02-12 14:00:00+00:00,2026-02-13 14:00:00+00:00,8,test
ICPUSDT,2026-04-07 16:00:00+00:00,2026-04-08 16:00:00+00:00,8,test
ICPUSDT,2026-05-26 17:00:00+00:00,2026-05-27 17:00:00+00:00,8,test
ICPUSDT,2025-11-14 19:00:00+00:00,2025-11-15 19:00:00+00:00,9,test
ICPUSDT,2026-01-09 17:00:00+00:00,2026-01-10 17:00:00+00:00,9,test
ICPUSDT,2026-02-12 00:00:00+00:00,2026-02-13 00:00:00+00:00,9,test
ICPUSDT,2026-04-11 22:00:00+00:00,2026-04-12 22:00:00+00:00,9,test
ICPUSDT,2026-05-26 17:00:00+00:00,2026-05-27 17:00:00+00:00,9,test
ICPUSDT,2025-11-10 03:00:00+00:00,2025-11-11 03:00:00+00:00,10,test
ICPUSDT,2026-01-04 03:00:00+00:00,2026-01-05 03:00:00+00:00,10,test
ICPUSDT,2026-02-17 16:00:00+00:00,2026-02-18 16:00:00+00:00,10,test
ICPUSDT,2026-04-14 19:00:00+00:00,2026-04-15 19:00:00+00:00,10,test
ICPUSDT,2026-05-26 17:00:00+00:00,2026-05-27 17:00:00+00:00,10,test
ICPUSDT,2025-11-11 14:00:00+00:00,2025-11-12 14:00:00+00:00,11,test
ICPUSDT,2026-01-06 01:00:00+00:00,2026-01-07 01:00:00+00:00,11,test
ICPUSDT,2026-02-18 15:00:00+00:00,2026-02-19 15:00:00+00:00,11,test
ICPUSDT,2026-04-05 23:00:00+00:00,2026-04-06 23:00:00+00:00,11,test
ICPUSDT,2026-05-18 19:00:00+00:00,2026-05-19 19:00:00+00:00,11,test
ICPUSDT,2025-11-10 03:00:00+00:00,2025-11-11 03:00:00+00:00,12,test
ICPUSDT,2026-01-09 11:00:00+00:00,2026-01-10 11:00:00+00:00,12,test
ICPUSDT,2026-02-26 05:00:00+00:00,2026-02-27 05:00:00+00:00,12,test
ICPUSDT,2026-04-14 09:00:00+00:00,2026-04-15 09:00:00+00:00,12,test
ICPUSDT,2026-05-26 17:00:00+00:00,2026-05-27 17:00:00+00:00,12,test
ICPUSDT,2025-11-10 03:00:00+00:00,2025-11-11 03:00:00+00:00,13,test
ICPUSDT,2025-12-24 11:00:00+00:00,2025-12-25 11:00:00+00:00,13,test
ICPUSDT,2026-02-14 12:00:00+00:00,2026-02-15 12:00:00+00:00,13,test
ICPUSDT,2026-04-06 17:00:00+00:00,2026-04-07 17:00:00+00:00,13,test
ICPUSDT,2026-05-26 17:00:00+00:00,2026-05-27 17:00:00+00:00,13,test
ICPUSDT,2025-11-12 18:00:00+00:00,2025-11-13 18:00:00+00:00,14,test
ICPUSDT,2025-12-31 13:00:00+00:00,2026-01-01 13:00:00+00:00,14,test
ICPUSDT,2026-02-16 19:00:00+00:00,2026-02-17 19:00:00+00:00,14,test
ICPUSDT,2026-04-09 20:00:00+00:00,2026-04-10 20:00:00+00:00,14,test
ICPUSDT,2026-05-26 14:00:00+00:00,2026-05-27 14:00:00+00:00,14,test
ICPUSDT,2025-11-10 03:00:00+00:00,2025-11-11 03:00:00+00:00,15,test
ICPUSDT,2026-01-03 00:00:00+00:00,2026-01-04 00:00:00+00:00,15,test
ICPUSDT,2026-02-18 23:00:00+00:00,2026-02-19 23:00:00+00:00,15,test
ICPUSDT,2026-04-13 20:00:00+00:00,2026-04-14 20:00:00+00:00,15,test
ICPUSDT,2026-05-18 09:00:00+00:00,2026-05-19 09:00:00+00:00,15,test
ICPUSDT,2025-11-10 03:00:00+00:00,2025-11-11 03:00:00+00:00,16,test
ICPUSDT,2026-01-09 00:00:00+00:00,2026-01-10 00:00:00+00:00,16,test
ICPUSDT,2026-02-10 21:00:00+00:00,2026-02-11 21:00:00+00:00,16,test
ICPUSDT,2026-04-03 13:00:00+00:00,2026-04-04 13:00:00+00:00,16,test
ICPUSDT,2026-05-26 17:00:00+00:00,2026-05-27 17:00:00+00:00,16,test
ICPUSDT,2025-11-10 03:00:00+00:00,2025-11-11 03:00:00+00:00,17,test
ICPUSDT,2025-12-25 23:00:00+00:00,2025-12-26 23:00:00+00:00,17,test
ICPUSDT,2026-02-10 14:00:00+00:00,2026-02-11 14:00:00+00:00,17,test
ICPUSDT,2026-04-07 09:00:00+00:00,2026-04-08 09:00:00+00:00,17,test
ICPUSDT,2026-05-26 17:00:00+00:00,2026-05-27 17:00:00+00:00,17,test
ICPUSDT,2025-11-10 03:00:00+00:00,2025-11-11 03:00:00+00:00,18,test
ICPUSDT,2025-12-27 16:00:00+00:00,2025-12-28 16:00:00+00:00,18,test
ICPUSDT,2026-02-26 01:00:00+00:00,2026-02-27 01:00:00+00:00,18,test
ICPUSDT,2026-03-30 14:00:00+00:00,2026-03-31 14:00:00+00:00,18,test
ICPUSDT,2026-05-26 17:00:00+00:00,2026-05-27 17:00:00+00:00,18,test
ICPUSDT,2025-11-21 16:00:00+00:00,2025-11-22 16:00:00+00:00,19,test
ICPUSDT,2026-01-04 10:00:00+00:00,2026-01-05 10:00:00+00:00,19,test
ICPUSDT,2026-02-16 01:00:00+00:00,2026-02-17 01:00:00+00:00,19,test
ICPUSDT,2026-04-01 02:00:00+00:00,2026-04-02 02:00:00+00:00,19,test
ICPUSDT,2026-05-26 17:00:00+00:00,2026-05-27 17:00:00+00:00,19,test
LABUSDT,2025-10-18 14:00:00+00:00,2025-10-19 14:00:00+00:00,0,train
LABUSDT,2025-10-21 03:00:00+00:00,2025-10-22 03:00:00+00:00,0,train
LABUSDT,2025-10-23 14:00:00+00:00,2025-10-24 14:00:00+00:00,0,train
LABUSDT,2025-10-26 08:00:00+00:00,2025-10-27 08:00:00+00:00,0,train
LABUSDT,2025-10-28 13:00:00+00:00,2025-10-29 13:00:00+00:00,0,train
LABUSDT,2025-10-18 14:00:00+00:00,2025-10-19 14:00:00+00:00,1,train
LABUSDT,2025-10-20 15:00:00+00:00,2025-10-21 15:00:00+00:00,1,train
LABUSDT,2025-10-23 17:00:00+00:00,2025-10-24 17:00:00+00:00,1,train
LABUSDT,2025-10-26 00:00:00+00:00,2025-10-27 00:00:00+00:00,1,train
LABUSDT,2025-10-28 13:00:00+00:00,2025-10-29 13:00:00+00:00,1,train
LABUSDT,2025-11-09 15:00:00+00:00,2025-11-10 15:00:00+00:00,2,test
LABUSDT,2025-12-12 00:00:00+00:00,2025-12-13 00:00:00+00:00,2,test
LABUSDT,2026-01-30 14:00:00+00:00,2026-01-31 14:00:00+00:00,2,test
LABUSDT,2026-03-16 03:00:00+00:00,2026-03-17 03:00:00+00:00,2,test
LABUSDT,2026-05-26 17:00:00+00:00,2026-05-27 17:00:00+00:00,2,test
LABUSDT,2025-11-14 15:00:00+00:00,2025-11-15 15:00:00+00:00,3,test
LABUSDT,2025-12-13 13:00:00+00:00,2025-12-14 13:00:00+00:00,3,test
LABUSDT,2026-01-27 17:00:00+00:00,2026-01-28 17:00:00+00:00,3,test
LABUSDT,2026-03-03 06:00:00+00:00,2026-03-04 06:00:00+00:00,3,test
LABUSDT,2026-05-26 17:00:00+00:00,2026-05-27 17:00:00+00:00,3,test
LABUSDT,2025-11-09 15:00:00+00:00,2025-11-10 15:00:00+00:00,4,test
LABUSDT,2025-12-28 22:00:00+00:00,2025-12-29 22:00:00+00:00,4,test
LABUSDT,2026-02-04 18:00:00+00:00,2026-02-05 18:00:00+00:00,4,test
LABUSDT,2026-02-25 15:00:00+00:00,2026-02-26 15:00:00+00:00,4,test
LABUSDT,2026-05-24 00:00:00+00:00,2026-05-25 00:00:00+00:00,4,test
LABUSDT,2025-11-09 15:00:00+00:00,2025-11-10 15:00:00+00:00,5,test
LABUSDT,2025-12-17 04:00:00+00:00,2025-12-18 04:00:00+00:00,5,test
LABUSDT,2026-01-30 23:00:00+00:00,2026-01-31 23:00:00+00:00,5,test
LABUSDT,2026-02-24 20:00:00+00:00,2026-02-25 20:00:00+00:00,5,test
LABUSDT,2026-05-24 07:00:00+00:00,2026-05-25 07:00:00+00:00,5,test
LABUSDT,2025-11-09 15:00:00+00:00,2025-11-10 15:00:00+00:00,6,test
LABUSDT,2025-12-24 21:00:00+00:00,2025-12-25 21:00:00+00:00,6,test
LABUSDT,2026-01-29 04:00:00+00:00,2026-01-30 04:00:00+00:00,6,test
LABUSDT,2026-03-13 12:00:00+00:00,2026-03-14 12:00:00+00:00,6,test
LABUSDT,2026-05-26 17:00:00+00:00,2026-05-27 17:00:00+00:00,6,test
LABUSDT,2025-11-09 15:00:00+00:00,2025-11-10 15:00:00+00:00,7,test
LABUSDT,2025-12-13 01:00:00+00:00,2025-12-14 01:00:00+00:00,7,test
LABUSDT,2026-01-27 17:00:00+00:00,2026-01-28 17:00:00+00:00,7,test
LABUSDT,2026-03-02 21:00:00+00:00,2026-03-03 21:00:00+00:00,7,test
LABUSDT,2026-05-26 17:00:00+00:00,2026-05-27 17:00:00+00:00,7,test
LABUSDT,2025-11-12 12:00:00+00:00,2025-11-13 12:00:00+00:00,8,test
LABUSDT,2025-12-29 00:00:00+00:00,2025-12-30 00:00:00+00:00,8,test
LABUSDT,2026-02-05 22:00:00+00:00,2026-02-06 22:00:00+00:00,8,test
LABUSDT,2026-03-14 17:00:00+00:00,2026-03-15 17:00:00+00:00,8,test
LABUSDT,2026-05-21 09:00:00+00:00,2026-05-22 09:00:00+00:00,8,test
LABUSDT,2025-11-10 20:00:00+00:00,2025-11-11 20:00:00+00:00,9,test
LABUSDT,2025-12-26 13:00:00+00:00,2025-12-27 13:00:00+00:00,9,test
LABUSDT,2026-01-31 23:00:00+00:00,2026-02-01 23:00:00+00:00,9,test
LABUSDT,2026-02-27 12:00:00+00:00,2026-02-28 12:00:00+00:00,9,test
LABUSDT,2026-05-23 16:00:00+00:00,2026-05-24 16:00:00+00:00,9,test
LABUSDT,2025-11-12 11:00:00+00:00,2025-11-13 11:00:00+00:00,10,test
LABUSDT,2025-12-26 08:00:00+00:00,2025-12-27 08:00:00+00:00,10,test
LABUSDT,2026-01-30 02:00:00+00:00,2026-01-31 02:00:00+00:00,10,test
LABUSDT,2026-02-28 11:00:00+00:00,2026-03-01 11:00:00+00:00,10,test
LABUSDT,2026-05-26 17:00:00+00:00,2026-05-27 17:00:00+00:00,10,test
LABUSDT,2025-11-09 15:00:00+00:00,2025-11-10 15:00:00+00:00,11,test
LABUSDT,2025-12-11 14:00:00+00:00,2025-12-12 14:00:00+00:00,11,test
LABUSDT,2026-02-05 03:00:00+00:00,2026-02-06 03:00:00+00:00,11,test
LABUSDT,2026-02-28 18:00:00+00:00,2026-03-01 18:00:00+00:00,11,test
LABUSDT,2026-05-26 17:00:00+00:00,2026-05-27 17:00:00+00:00,11,test
LABUSDT,2025-11-12 20:00:00+00:00,2025-11-13 20:00:00+00:00,12,test
LABUSDT,2025-12-25 02:00:00+00:00,2025-12-26 02:00:00+00:00,12,test
LABUSDT,2026-01-30 18:00:00+00:00,2026-01-31 18:00:00+00:00,12,test
LABUSDT,2026-02-26 05:00:00+00:00,2026-02-27 05:00:00+00:00,12,test
LABUSDT,2026-05-24 04:00:00+00:00,2026-05-25 04:00:00+00:00,12,test
LABUSDT,2025-11-09 15:00:00+00:00,2025-11-10 15:00:00+00:00,13,test
LABUSDT,2025-12-17 19:00:00+00:00,2025-12-18 19:00:00+00:00,13,test
LABUSDT,2026-01-30 10:00:00+00:00,2026-01-31 10:00:00+00:00,13,test
LABUSDT,2026-02-28 02:00:00+00:00,2026-03-01 02:00:00+00:00,13,test
LABUSDT,2026-05-24 20:00:00+00:00,2026-05-25 20:00:00+00:00,13,test
LABUSDT,2025-11-10 02:00:00+00:00,2025-11-11 02:00:00+00:00,14,test
LABUSDT,2025-12-17 20:00:00+00:00,2025-12-18 20:00:00+00:00,14,test
LABUSDT,2026-02-04 12:00:00+00:00,2026-02-05 12:00:00+00:00,14,test
LABUSDT,2026-03-15 07:00:00+00:00,2026-03-16 07:00:00+00:00,14,test
LABUSDT,2026-05-21 02:00:00+00:00,2026-05-22 02:00:00+00:00,14,test
LABUSDT,2025-11-13 07:00:00+00:00,2025-11-14 07:00:00+00:00,15,test
LABUSDT,2025-12-27 08:00:00+00:00,2025-12-28 08:00:00+00:00,15,test
LABUSDT,2026-01-30 07:00:00+00:00,2026-01-31 07:00:00+00:00,15,test
LABUSDT,2026-03-01 08:00:00+00:00,2026-03-02 08:00:00+00:00,15,test
LABUSDT,2026-05-26 17:00:00+00:00,2026-05-27 17:00:00+00:00,15,test
LABUSDT,2025-11-09 15:00:00+00:00,2025-11-10 15:00:00+00:00,16,test
LABUSDT,2025-12-25 17:00:00+00:00,2025-12-26 17:00:00+00:00,16,test
LABUSDT,2026-02-03 00:00:00+00:00,2026-02-04 00:00:00+00:00,16,test
LABUSDT,2026-02-28 06:00:00+00:00,2026-03-01 06:00:00+00:00,16,test
LABUSDT,2026-05-26 17:00:00+00:00,2026-05-27 17:00:00+00:00,16,test
LABUSDT,2025-11-09 15:00:00+00:00,2025-11-10 15:00:00+00:00,17,test
LABUSDT,2025-12-17 02:00:00+00:00,2025-12-18 02:00:00+00:00,17,test
LABUSDT,2026-01-31 12:00:00+00:00,2026-02-01 12:00:00+00:00,17,test
LABUSDT,2026-03-01 15:00:00+00:00,2026-03-02 15:00:00+00:00,17,test
LABUSDT,2026-05-21 09:00:00+00:00,2026-05-22 09:00:00+00:00,17,test
LABUSDT,2025-11-14 20:00:00+00:00,2025-11-15 20:00:00+00:00,18,test
LABUSDT,2025-12-14 04:00:00+00:00,2025-12-15 04:00:00+00:00,18,test
LABUSDT,2026-02-05 09:00:00+00:00,2026-02-06 09:00:00+00:00,18,test
LABUSDT,2026-02-26 05:00:00+00:00,2026-02-27 05:00:00+00:00,18,test
LABUSDT,2026-05-26 17:00:00+00:00,2026-05-27 17:00:00+00:00,18,test
LABUSDT,2025-11-14 22:00:00+00:00,2025-11-15 22:00:00+00:00,19,test
LABUSDT,2025-12-25 01:00:00+00:00,2025-12-26 01:00:00+00:00,19,test
LABUSDT,2026-01-30 14:00:00+00:00,2026-01-31 14:00:00+00:00,19,test
LABUSDT,2026-03-01 03:00:00+00:00,2026-03-02 03:00:00+00:00,19,test
LABUSDT,2026-05-26 17:00:00+00:00,2026-05-27 17:00:00+00:00,19,test
LABUSDT,2025-11-09 15:00:00+00:00,2025-11-10 15:00:00+00:00,20,test
LABUSDT,2025-12-14 15:00:00+00:00,2025-12-15 15:00:00+00:00,20,test
LABUSDT,2026-02-04 18:00:00+00:00,2026-02-05 18:00:00+00:00,20,test
LABUSDT,2026-02-25 10:00:00+00:00,2026-02-26 10:00:00+00:00,20,test
LABUSDT,2026-05-21 03:00:00+00:00,2026-05-22 03:00:00+00:00,20,test
LABUSDT,2025-11-09 15:00:00+00:00,2025-11-10 15:00:00+00:00,21,test
LABUSDT,2025-12-25 11:00:00+00:00,2025-12-26 11:00:00+00:00,21,test
LABUSDT,2026-01-27 16:00:00+00:00,2026-01-28 16:00:00+00:00,21,test
LABUSDT,2026-02-25 00:00:00+00:00,2026-02-26 00:00:00+00:00,21,test
LABUSDT,2026-05-24 15:00:00+00:00,2026-05-25 15:00:00+00:00,21,test
LABUSDT,2025-11-09 15:00:00+00:00,2025-11-10 15:00:00+00:00,22,test
LABUSDT,2025-12-12 04:00:00+00:00,2025-12-13 04:00:00+00:00,22,test
LABUSDT,2026-02-06 05:00:00+00:00,2026-02-07 05:00:00+00:00,22,test
LABUSDT,2026-03-01 14:00:00+00:00,2026-03-02 14:00:00+00:00,22,test
LABUSDT,2026-05-26 17:00:00+00:00,2026-05-27 17:00:00+00:00,22,test
LABUSDT,2025-11-09 15:00:00+00:00,2025-11-10 15:00:00+00:00,23,test
LABUSDT,2025-12-27 13:00:00+00:00,2025-12-28 13:00:00+00:00,23,test
LABUSDT,2026-02-03 07:00:00+00:00,2026-02-04 07:00:00+00:00,23,test
LABUSDT,2026-03-14 10:00:00+00:00,2026-03-15 10:00:00+00:00,23,test
LABUSDT,2026-05-25 23:00:00+00:00,2026-05-26 23:00:00+00:00,23,test
LABUSDT,2025-11-11 13:00:00+00:00,2025-11-12 13:00:00+00:00,24,test
LABUSDT,2025-12-14 13:00:00+00:00,2025-12-15 13:00:00+00:00,24,test
LABUSDT,2026-02-04 21:00:00+00:00,2026-02-05 21:00:00+00:00,24,test
LABUSDT,2026-03-02 18:00:00+00:00,2026-03-03 18:00:00+00:00,24,test
LABUSDT,2026-05-22 13:00:00+00:00,2026-05-23 13:00:00+00:00,24,test
LABUSDT,2025-11-09 15:00:00+00:00,2025-11-10 15:00:00+00:00,25,test
LABUSDT,2025-12-16 14:00:00+00:00,2025-12-17 14:00:00+00:00,25,test
LABUSDT,2026-02-04 12:00:00+00:00,2026-02-05 12:00:00+00:00,25,test
LABUSDT,2026-03-15 08:00:00+00:00,2026-03-16 08:00:00+00:00,25,test
LABUSDT,2026-05-22 11:00:00+00:00,2026-05-23 11:00:00+00:00,25,test
LABUSDT,2025-11-09 15:00:00+00:00,2025-11-10 15:00:00+00:00,26,test
LABUSDT,2025-12-26 06:00:00+00:00,2025-12-27 06:00:00+00:00,26,test
LABUSDT,2026-02-04 23:00:00+00:00,2026-02-05 23:00:00+00:00,26,test
LABUSDT,2026-03-03 03:00:00+00:00,2026-03-04 03:00:00+00:00,26,test
LABUSDT,2026-05-22 00:00:00+00:00,2026-05-23 00:00:00+00:00,26,test
LABUSDT,2025-10-18 21:00:00+00:00,2025-10-19 21:00:00+00:00,27,train
LABUSDT,2025-10-20 17:00:00+00:00,2025-10-21 17:00:00+00:00,27,train
LABUSDT,2025-10-23 04:00:00+00:00,2025-10-24 04:00:00+00:00,27,train
LABUSDT,2025-10-26 00:00:00+00:00,2025-10-27 00:00:00+00:00,27,train
LABUSDT,2025-10-28 13:00:00+00:00,2025-10-29 13:00:00+00:00,27,train
LABUSDT,2025-10-19 01:00:00+00:00,2025-10-20 01:00:00+00:00,28,train
LABUSDT,2025-10-21 06:00:00+00:00,2025-10-22 06:00:00+00:00,28,train
LABUSDT,2025-10-23 17:00:00+00:00,2025-10-24 17:00:00+00:00,28,train
LABUSDT,2025-10-26 07:00:00+00:00,2025-10-27 07:00:00+00:00,28,train
LABUSDT,2025-10-28 09:00:00+00:00,2025-10-29 09:00:00+00:00,28,train
LABUSDT,2025-10-18 14:00:00+00:00,2025-10-19 14:00:00+00:00,29,train
LABUSDT,2025-10-21 09:00:00+00:00,2025-10-22 09:00:00+00:00,29,train
LABUSDT,2025-10-23 02:00:00+00:00,2025-10-24 02:00:00+00:00,29,train
LABUSDT,2025-10-25 16:00:00+00:00,2025-10-26 16:00:00+00:00,29,train
LABUSDT,2025-10-28 02:00:00+00:00,2025-10-29 02:00:00+00:00,29,train
LABUSDT,2025-10-18 16:00:00+00:00,2025-10-19 16:00:00+00:00,30,train
LABUSDT,2025-10-20 14:00:00+00:00,2025-10-21 14:00:00+00:00,30,train
LABUSDT,2025-10-23 04:00:00+00:00,2025-10-24 04:00:00+00:00,30,train
LABUSDT,2025-10-25 18:00:00+00:00,2025-10-26 18:00:00+00:00,30,train
LABUSDT,2025-10-28 07:00:00+00:00,2025-10-29 07:00:00+00:00,30,train
LABUSDT,2025-11-14 01:00:00+00:00,2025-11-15 01:00:00+00:00,31,test
LABUSDT,2025-12-25 09:00:00+00:00,2025-12-26 09:00:00+00:00,31,test
LABUSDT,2026-02-06 08:00:00+00:00,2026-02-07 08:00:00+00:00,31,test
LABUSDT,2026-03-01 17:00:00+00:00,2026-03-02 17:00:00+00:00,31,test
LABUSDT,2026-05-26 17:00:00+00:00,2026-05-27 17:00:00+00:00,31,test
LABUSDT,2025-11-09 15:00:00+00:00,2025-11-10 15:00:00+00:00,32,test
LABUSDT,2025-12-27 12:00:00+00:00,2025-12-28 12:00:00+00:00,32,test
LABUSDT,2026-01-27 20:00:00+00:00,2026-01-28 20:00:00+00:00,32,test
LABUSDT,2026-02-26 04:00:00+00:00,2026-02-27 04:00:00+00:00,32,test
LABUSDT,2026-05-21 21:00:00+00:00,2026-05-22 21:00:00+00:00,32,test
LABUSDT,2025-11-13 07:00:00+00:00,2025-11-14 07:00:00+00:00,33,test
LABUSDT,2025-12-11 11:00:00+00:00,2025-12-12 11:00:00+00:00,33,test
LABUSDT,2026-01-31 06:00:00+00:00,2026-02-01 06:00:00+00:00,33,test
LABUSDT,2026-03-15 05:00:00+00:00,2026-03-16 05:00:00+00:00,33,test
LABUSDT,2026-05-24 15:00:00+00:00,2026-05-25 15:00:00+00:00,33,test
LABUSDT,2025-11-09 15:00:00+00:00,2025-11-10 15:00:00+00:00,34,test
LABUSDT,2025-12-11 05:00:00+00:00,2025-12-12 05:00:00+00:00,34,test
LABUSDT,2026-01-28 19:00:00+00:00,2026-01-29 19:00:00+00:00,34,test
LABUSDT,2026-03-01 03:00:00+00:00,2026-03-02 03:00:00+00:00,34,test
LABUSDT,2026-05-21 14:00:00+00:00,2026-05-22 14:00:00+00:00,34,test
LABUSDT,2025-11-13 13:00:00+00:00,2025-11-14 13:00:00+00:00,35,test
LABUSDT,2025-12-14 15:00:00+00:00,2025-12-15 15:00:00+00:00,35,test
LABUSDT,2026-02-01 12:00:00+00:00,2026-02-02 12:00:00+00:00,35,test
LABUSDT,2026-03-14 20:00:00+00:00,2026-03-15 20:00:00+00:00,35,test
LABUSDT,2026-05-26 17:00:00+00:00,2026-05-27 17:00:00+00:00,35,test
LABUSDT,2025-11-09 15:00:00+00:00,2025-11-10 15:00:00+00:00,36,test
LABUSDT,2025-12-13 21:00:00+00:00,2025-12-14 21:00:00+00:00,36,test
LABUSDT,2026-02-02 21:00:00+00:00,2026-02-03 21:00:00+00:00,36,test
LABUSDT,2026-03-14 18:00:00+00:00,2026-03-15 18:00:00+00:00,36,test
LABUSDT,2026-05-26 17:00:00+00:00,2026-05-27 17:00:00+00:00,36,test
LABUSDT,2025-11-10 18:00:00+00:00,2025-11-11 18:00:00+00:00,37,test
LABUSDT,2025-12-11 13:00:00+00:00,2025-12-12 13:00:00+00:00,37,test
LABUSDT,2026-02-04 05:00:00+00:00,2026-02-05 05:00:00+00:00,37,test
LABUSDT,2026-03-01 10:00:00+00:00,2026-03-02 10:00:00+00:00,37,test
LABUSDT,2026-05-26 17:00:00+00:00,2026-05-27 17:00:00+00:00,37,test
LABUSDT,2025-11-09 15:00:00+00:00,2025-11-10 15:00:00+00:00,38,test
LABUSDT,2025-12-15 00:00:00+00:00,2025-12-16 00:00:00+00:00,38,test
LABUSDT,2026-02-07 04:00:00+00:00,2026-02-08 04:00:00+00:00,38,test
LABUSDT,2026-03-15 22:00:00+00:00,2026-03-16 22:00:00+00:00,38,test
LABUSDT,2026-05-26 13:00:00+00:00,2026-05-27 13:00:00+00:00,38,test
LABUSDT,2025-11-14 22:00:00+00:00,2025-11-15 22:00:00+00:00,39,test
LABUSDT,2025-12-24 18:00:00+00:00,2025-12-25 18:00:00+00:00,39,test
LABUSDT,2026-01-27 03:00:00+00:00,2026-01-28 03:00:00+00:00,39,test
LABUSDT,2026-02-27 04:00:00+00:00,2026-02-28 04:00:00+00:00,39,test
LABUSDT,2026-05-26 01:00:00+00:00,2026-05-27 01:00:00+00:00,39,test
LABUSDT,2025-11-09 15:00:00+00:00,2025-11-10 15:00:00+00:00,40,test
LABUSDT,2025-12-24 22:00:00+00:00,2025-12-25 22:00:00+00:00,40,test
LABUSDT,2026-02-04 14:00:00+00:00,2026-02-05 14:00:00+00:00,40,test
LABUSDT,2026-03-03 09:00:00+00:00,2026-03-04 09:00:00+00:00,40,test
LABUSDT,2026-05-26 00:00:00+00:00,2026-05-27 00:00:00+00:00,40,test
LABUSDT,2025-11-09 15:00:00+00:00,2025-11-10 15:00:00+00:00,41,test
LABUSDT,2025-12-17 15:00:00+00:00,2025-12-18 15:00:00+00:00,41,test
LABUSDT,2026-02-04 17:00:00+00:00,2026-02-05 17:00:00+00:00,41,test
LABUSDT,2026-03-01 00:00:00+00:00,2026-03-02 00:00:00+00:00,41,test
LABUSDT,2026-05-26 17:00:00+00:00,2026-05-27 17:00:00+00:00,41,test
LABUSDT,2025-11-09 15:00:00+00:00,2025-11-10 15:00:00+00:00,42,test
LABUSDT,2025-12-11 23:00:00+00:00,2025-12-12 23:00:00+00:00,42,test
LABUSDT,2026-01-27 03:00:00+00:00,2026-01-28 03:00:00+00:00,42,test
LABUSDT,2026-03-01 11:00:00+00:00,2026-03-02 11:00:00+00:00,42,test
LABUSDT,2026-05-22 11:00:00+00:00,2026-05-23 11:00:00+00:00,42,test
LABUSDT,2025-11-12 04:00:00+00:00,2025-11-13 04:00:00+00:00,43,test
LABUSDT,2025-12-27 20:00:00+00:00,2025-12-28 20:00:00+00:00,43,test
LABUSDT,2026-01-29 13:00:00+00:00,2026-01-30 13:00:00+00:00,43,test
LABUSDT,2026-03-03 05:00:00+00:00,2026-03-04 05:00:00+00:00,43,test
LABUSDT,2026-05-26 17:00:00+00:00,2026-05-27 17:00:00+00:00,43,test
LABUSDT,2025-11-12 12:00:00+00:00,2025-11-13 12:00:00+00:00,44,test
LABUSDT,2025-12-11 15:00:00+00:00,2025-12-12 15:00:00+00:00,44,test
LABUSDT,2026-02-03 15:00:00+00:00,2026-02-04 15:00:00+00:00,44,test
LABUSDT,2026-03-15 07:00:00+00:00,2026-03-16 07:00:00+00:00,44,test
LABUSDT,2026-05-26 17:00:00+00:00,2026-05-27 17:00:00+00:00,44,test
LABUSDT,2025-11-14 09:00:00+00:00,2025-11-15 09:00:00+00:00,45,test
LABUSDT,2025-12-16 09:00:00+00:00,2025-12-17 09:00:00+00:00,45,test
LABUSDT,2026-02-05 03:00:00+00:00,2026-02-06 03:00:00+00:00,45,test
LABUSDT,2026-03-12 22:00:00+00:00,2026-03-13 22:00:00+00:00,45,test
LABUSDT,2026-05-22 15:00:00+00:00,2026-05-23 15:00:00+00:00,45,test
LABUSDT,2025-11-13 05:00:00+00:00,2025-11-14 05:00:00+00:00,46,test
LABUSDT,2025-12-25 07:00:00+00:00,2025-12-26 07:00:00+00:00,46,test
LABUSDT,2026-02-03 12:00:00+00:00,2026-02-04 12:00:00+00:00,46,test
LABUSDT,2026-03-02 19:00:00+00:00,2026-03-03 19:00:00+00:00,46,test
LABUSDT,2026-05-26 06:00:00+00:00,2026-05-27 06:00:00+00:00,46,test
LABUSDT,2025-11-13 16:00:00+00:00,2025-11-14 16:00:00+00:00,47,test
LABUSDT,2025-12-11 11:00:00+00:00,2025-12-12 11:00:00+00:00,47,test
LABUSDT,2026-02-01 11:00:00+00:00,2026-02-02 11:00:00+00:00,47,test
LABUSDT,2026-03-16 05:00:00+00:00,2026-03-17 05:00:00+00:00,47,test
LABUSDT,2026-05-26 17:00:00+00:00,2026-05-27 17:00:00+00:00,47,test
LABUSDT,2025-11-09 15:00:00+00:00,2025-11-10 15:00:00+00:00,48,test
LABUSDT,2025-12-14 17:00:00+00:00,2025-12-15 17:00:00+00:00,48,test
LABUSDT,2026-02-03 09:00:00+00:00,2026-02-04 09:00:00+00:00,48,test
LABUSDT,2026-03-13 06:00:00+00:00,2026-03-14 06:00:00+00:00,48,test
LABUSDT,2026-05-25 23:00:00+00:00,2026-05-26 23:00:00+00:00,48,test
LABUSDT,2025-11-13 00:00:00+00:00,2025-11-14 00:00:00+00:00,49,test
LABUSDT,2025-12-15 21:00:00+00:00,2025-12-16 21:00:00+00:00,49,test
LABUSDT,2026-02-02 03:00:00+00:00,2026-02-03 03:00:00+00:00,49,test
LABUSDT,2026-02-25 14:00:00+00:00,2026-02-26 14:00:00+00:00,49,test
LABUSDT,2026-05-26 16:00:00+00:00,2026-05-27 16:00:00+00:00,49,test
LABUSDT,2025-11-13 14:00:00+00:00,2025-11-14 14:00:00+00:00,50,test
LABUSDT,2025-12-14 07:00:00+00:00,2025-12-15 07:00:00+00:00,50,test
LABUSDT,2026-01-27 03:00:00+00:00,2026-01-28 03:00:00+00:00,50,test
LABUSDT,2026-03-02 15:00:00+00:00,2026-03-03 15:00:00+00:00,50,test
LABUSDT,2026-05-26 17:00:00+00:00,2026-05-27 17:00:00+00:00,50,test
LABUSDT,2025-11-09 15:00:00+00:00,2025-11-10 15:00:00+00:00,51,test
LABUSDT,2025-12-14 00:00:00+00:00,2025-12-15 00:00:00+00:00,51,test
LABUSDT,2026-01-30 20:00:00+00:00,2026-01-31 20:00:00+00:00,51,test
LABUSDT,2026-03-14 09:00:00+00:00,2026-03-15 09:00:00+00:00,51,test
LABUSDT,2026-05-26 17:00:00+00:00,2026-05-27 17:00:00+00:00,51,test
LABUSDT,2025-11-09 15:00:00+00:00,2025-11-10 15:00:00+00:00,52,test
LABUSDT,2025-12-14 04:00:00+00:00,2025-12-15 04:00:00+00:00,52,test
LABUSDT,2026-02-02 19:00:00+00:00,2026-02-03 19:00:00+00:00,52,test
LABUSDT,2026-03-03 13:00:00+00:00,2026-03-04 13:00:00+00:00,52,test
LABUSDT,2026-05-24 17:00:00+00:00,2026-05-25 17:00:00+00:00,52,test
LABUSDT,2025-11-11 06:00:00+00:00,2025-11-12 06:00:00+00:00,53,test
LABUSDT,2025-12-28 20:00:00+00:00,2025-12-29 20:00:00+00:00,53,test
LABUSDT,2026-01-30 03:00:00+00:00,2026-01-31 03:00:00+00:00,53,test
LABUSDT,2026-03-15 10:00:00+00:00,2026-03-16 10:00:00+00:00,53,test
LABUSDT,2026-05-24 05:00:00+00:00,2026-05-25 05:00:00+00:00,53,test
LABUSDT,2025-11-10 13:00:00+00:00,2025-11-11 13:00:00+00:00,54,test
LABUSDT,2025-12-15 05:00:00+00:00,2025-12-16 05:00:00+00:00,54,test
LABUSDT,2026-01-31 08:00:00+00:00,2026-02-01 08:00:00+00:00,54,test
LABUSDT,2026-03-02 00:00:00+00:00,2026-03-03 00:00:00+00:00,54,test
LABUSDT,2026-05-25 06:00:00+00:00,2026-05-26 06:00:00+00:00,54,test
LABUSDT,2025-11-09 15:00:00+00:00,2025-11-10 15:00:00+00:00,55,test
LABUSDT,2025-12-14 13:00:00+00:00,2025-12-15 13:00:00+00:00,55,test
LABUSDT,2026-02-01 11:00:00+00:00,2026-02-02 11:00:00+00:00,55,test
LABUSDT,2026-02-28 05:00:00+00:00,2026-03-01 05:00:00+00:00,55,test
LABUSDT,2026-05-26 17:00:00+00:00,2026-05-27 17:00:00+00:00,55,test
LABUSDT,2025-11-09 21:00:00+00:00,2025-11-10 21:00:00+00:00,56,test
LABUSDT,2025-12-13 20:00:00+00:00,2025-12-14 20:00:00+00:00,56,test
LABUSDT,2026-01-30 06:00:00+00:00,2026-01-31 06:00:00+00:00,56,test
LABUSDT,2026-03-13 12:00:00+00:00,2026-03-14 12:00:00+00:00,56,test
LABUSDT,2026-05-26 17:00:00+00:00,2026-05-27 17:00:00+00:00,56,test
LABUSDT,2025-11-09 15:00:00+00:00,2025-11-10 15:00:00+00:00,57,test
LABUSDT,2025-12-26 23:00:00+00:00,2025-12-27 23:00:00+00:00,57,test
LABUSDT,2026-01-31 08:00:00+00:00,2026-02-01 08:00:00+00:00,57,test
LABUSDT,2026-03-16 08:00:00+00:00,2026-03-17 08:00:00+00:00,57,test
LABUSDT,2026-05-25 14:00:00+00:00,2026-05-26 14:00:00+00:00,57,test
LABUSDT,2025-11-14 23:00:00+00:00,2025-11-15 23:00:00+00:00,58,test
LABUSDT,2025-12-11 06:00:00+00:00,2025-12-12 06:00:00+00:00,58,test
LABUSDT,2026-01-30 15:00:00+00:00,2026-01-31 15:00:00+00:00,58,test
LABUSDT,2026-03-01 09:00:00+00:00,2026-03-02 09:00:00+00:00,58,test
LABUSDT,2026-05-26 17:00:00+00:00,2026-05-27 17:00:00+00:00,58,test
LABUSDT,2025-11-10 08:00:00+00:00,2025-11-11 08:00:00+00:00,59,test
LABUSDT,2025-12-17 12:00:00+00:00,2025-12-18 12:00:00+00:00,59,test
LABUSDT,2026-01-27 14:00:00+00:00,2026-01-28 14:00:00+00:00,59,test
LABUSDT,2026-03-02 01:00:00+00:00,2026-03-03 01:00:00+00:00,59,test
LABUSDT,2026-05-26 17:00:00+00:00,2026-05-27 17:00:00+00:00,59,test
LABUSDT,2025-11-15 05:00:00+00:00,2025-11-16 05:00:00+00:00,60,test
LABUSDT,2025-12-12 22:00:00+00:00,2025-12-13 22:00:00+00:00,60,test
LABUSDT,2026-01-27 23:00:00+00:00,2026-01-28 23:00:00+00:00,60,test
LABUSDT,2026-02-28 23:00:00+00:00,2026-03-01 23:00:00+00:00,60,test
LABUSDT,2026-05-25 21:00:00+00:00,2026-05-26 21:00:00+00:00,60,test
LABUSDT,2025-11-09 15:00:00+00:00,2025-11-10 15:00:00+00:00,61,test
LABUSDT,2025-12-26 02:00:00+00:00,2025-12-27 02:00:00+00:00,61,test
LABUSDT,2026-01-29 05:00:00+00:00,2026-01-30 05:00:00+00:00,61,test
LABUSDT,2026-03-16 12:00:00+00:00,2026-03-17 12:00:00+00:00,61,test
LABUSDT,2026-05-26 17:00:00+00:00,2026-05-27 17:00:00+00:00,61,test
LABUSDT,2025-11-09 15:00:00+00:00,2025-11-10 15:00:00+00:00,62,test
LABUSDT,2025-12-12 06:00:00+00:00,2025-12-13 06:00:00+00:00,62,test
LABUSDT,2026-02-02 15:00:00+00:00,2026-02-03 15:00:00+00:00,62,test
LABUSDT,2026-03-15 04:00:00+00:00,2026-03-16 04:00:00+00:00,62,test
LABUSDT,2026-05-26 17:00:00+00:00,2026-05-27 17:00:00+00:00,62,test
LABUSDT,2025-11-09 15:00:00+00:00,2025-11-10 15:00:00+00:00,63,test
LABUSDT,2025-12-17 03:00:00+00:00,2025-12-18 03:00:00+00:00,63,test
LABUSDT,2026-01-31 12:00:00+00:00,2026-02-01 12:00:00+00:00,63,test
LABUSDT,2026-03-03 02:00:00+00:00,2026-03-04 02:00:00+00:00,63,test
LABUSDT,2026-05-26 17:00:00+00:00,2026-05-27 17:00:00+00:00,63,test
LABUSDT,2025-11-09 15:00:00+00:00,2025-11-10 15:00:00+00:00,64,test
LABUSDT,2025-12-14 08:00:00+00:00,2025-12-15 08:00:00+00:00,64,test
LABUSDT,2026-02-01 14:00:00+00:00,2026-02-02 14:00:00+00:00,64,test
LABUSDT,2026-02-28 06:00:00+00:00,2026-03-01 06:00:00+00:00,64,test
LABUSDT,2026-05-26 17:00:00+00:00,2026-05-27 17:00:00+00:00,64,test
LABUSDT,2025-11-09 15:00:00+00:00,2025-11-10 15:00:00+00:00,65,test
LABUSDT,2025-12-14 05:00:00+00:00,2025-12-15 05:00:00+00:00,65,test
LABUSDT,2026-01-28 17:00:00+00:00,2026-01-29 17:00:00+00:00,65,test
LABUSDT,2026-03-03 03:00:00+00:00,2026-03-04 03:00:00+00:00,65,test
LABUSDT,2026-05-23 23:00:00+00:00,2026-05-24 23:00:00+00:00,65,test
LABUSDT,2025-11-13 23:00:00+00:00,2025-11-14 23:00:00+00:00,66,test
LABUSDT,2025-12-12 15:00:00+00:00,2025-12-13 15:00:00+00:00,66,test
LABUSDT,2026-01-30 14:00:00+00:00,2026-01-31 14:00:00+00:00,66,test
LABUSDT,2026-03-16 04:00:00+00:00,2026-03-17 04:00:00+00:00,66,test
LABUSDT,2026-05-26 17:00:00+00:00,2026-05-27 17:00:00+00:00,66,test
LINKUSDT,2024-05-02 00:00:00+00:00,2024-05-03 00:00:00+00:00,0,train
LINKUSDT,2024-09-27 14:00:00+00:00,2024-09-28 14:00:00+00:00,0,train
LINKUSDT,2025-01-11 13:00:00+00:00,2025-01-12 13:00:00+00:00,0,train
LINKUSDT,2025-07-02 18:00:00+00:00,2025-07-03 18:00:00+00:00,0,train
LINKUSDT,2025-10-31 00:00:00+00:00,2025-11-01 00:00:00+00:00,0,train
LINKUSDT,2024-05-06 19:00:00+00:00,2024-05-07 19:00:00+00:00,1,train
LINKUSDT,2024-10-04 05:00:00+00:00,2024-10-05 05:00:00+00:00,1,train
LINKUSDT,2025-01-31 16:00:00+00:00,2025-02-01 16:00:00+00:00,1,train
LINKUSDT,2025-05-27 05:00:00+00:00,2025-05-28 05:00:00+00:00,1,train
LINKUSDT,2025-10-31 00:00:00+00:00,2025-11-01 00:00:00+00:00,1,train
LINKUSDT,2024-05-02 00:00:00+00:00,2024-05-03 00:00:00+00:00,2,train
LINKUSDT,2024-09-18 21:00:00+00:00,2024-09-19 21:00:00+00:00,2,train
LINKUSDT,2025-02-08 01:00:00+00:00,2025-02-09 01:00:00+00:00,2,train
LINKUSDT,2025-06-02 03:00:00+00:00,2025-06-03 03:00:00+00:00,2,train
LINKUSDT,2025-10-31 00:00:00+00:00,2025-11-01 00:00:00+00:00,2,train
LINKUSDT,2024-05-26 05:00:00+00:00,2024-05-27 05:00:00+00:00,3,train
LINKUSDT,2024-10-09 13:00:00+00:00,2024-10-10 13:00:00+00:00,3,train
LINKUSDT,2025-02-19 12:00:00+00:00,2025-02-20 12:00:00+00:00,3,train
LINKUSDT,2025-05-28 21:00:00+00:00,2025-05-29 21:00:00+00:00,3,train
LINKUSDT,2025-10-31 00:00:00+00:00,2025-11-01 00:00:00+00:00,3,train
LINKUSDT,2024-05-02 00:00:00+00:00,2024-05-03 00:00:00+00:00,4,train
LINKUSDT,2024-10-05 15:00:00+00:00,2024-10-06 15:00:00+00:00,4,train
LINKUSDT,2025-03-05 08:00:00+00:00,2025-03-06 08:00:00+00:00,4,train
LINKUSDT,2025-07-01 12:00:00+00:00,2025-07-02 12:00:00+00:00,4,train
LINKUSDT,2025-10-11 15:00:00+00:00,2025-10-12 15:00:00+00:00,4,train
LINKUSDT,2024-05-19 15:00:00+00:00,2024-05-20 15:00:00+00:00,5,train
LINKUSDT,2024-10-01 20:00:00+00:00,2024-10-02 20:00:00+00:00,5,train
LINKUSDT,2025-01-15 18:00:00+00:00,2025-01-16 18:00:00+00:00,5,train
LINKUSDT,2025-06-20 00:00:00+00:00,2025-06-21 00:00:00+00:00,5,train
LINKUSDT,2025-10-31 00:00:00+00:00,2025-11-01 00:00:00+00:00,5,train
LINKUSDT,2024-05-02 00:00:00+00:00,2024-05-03 00:00:00+00:00,6,train
LINKUSDT,2024-10-07 15:00:00+00:00,2024-10-08 15:00:00+00:00,6,train
LINKUSDT,2025-02-11 18:00:00+00:00,2025-02-12 18:00:00+00:00,6,train
LINKUSDT,2025-06-22 02:00:00+00:00,2025-06-23 02:00:00+00:00,6,train
LINKUSDT,2025-10-31 00:00:00+00:00,2025-11-01 00:00:00+00:00,6,train
LINKUSDT,2024-05-04 03:00:00+00:00,2024-05-05 03:00:00+00:00,7,train
LINKUSDT,2024-09-24 00:00:00+00:00,2024-09-25 00:00:00+00:00,7,train
LINKUSDT,2025-01-27 10:00:00+00:00,2025-01-28 10:00:00+00:00,7,train
LINKUSDT,2025-07-06 23:00:00+00:00,2025-07-07 23:00:00+00:00,7,train
LINKUSDT,2025-10-31 00:00:00+00:00,2025-11-01 00:00:00+00:00,7,train
NEARUSDT,2024-05-03 09:00:00+00:00,2024-05-04 09:00:00+00:00,0,train
NEARUSDT,2024-10-01 18:00:00+00:00,2024-10-02 18:00:00+00:00,0,train
NEARUSDT,2025-02-10 04:00:00+00:00,2025-02-11 04:00:00+00:00,0,train
NEARUSDT,2025-07-09 19:00:00+00:00,2025-07-10 19:00:00+00:00,0,train
NEARUSDT,2025-10-26 12:00:00+00:00,2025-10-27 12:00:00+00:00,0,train
NEARUSDT,2024-05-02 00:00:00+00:00,2024-05-03 00:00:00+00:00,1,train
NEARUSDT,2024-09-29 18:00:00+00:00,2024-09-30 18:00:00+00:00,1,train
NEARUSDT,2025-02-17 16:00:00+00:00,2025-02-18 16:00:00+00:00,1,train
NEARUSDT,2025-06-04 21:00:00+00:00,2025-06-05 21:00:00+00:00,1,train
NEARUSDT,2025-10-31 00:00:00+00:00,2025-11-01 00:00:00+00:00,1,train
NEARUSDT,2024-05-25 22:00:00+00:00,2024-05-26 22:00:00+00:00,2,train
NEARUSDT,2024-09-05 12:00:00+00:00,2024-09-06 12:00:00+00:00,2,train
NEARUSDT,2025-02-27 05:00:00+00:00,2025-02-28 05:00:00+00:00,2,train
NEARUSDT,2025-06-23 02:00:00+00:00,2025-06-24 02:00:00+00:00,2,train
NEARUSDT,2025-10-17 21:00:00+00:00,2025-10-18 21:00:00+00:00,2,train
NEARUSDT,2024-05-23 05:00:00+00:00,2024-05-24 05:00:00+00:00,3,train
NEARUSDT,2024-09-09 11:00:00+00:00,2024-09-10 11:00:00+00:00,3,train
NEARUSDT,2025-01-23 17:00:00+00:00,2025-01-24 17:00:00+00:00,3,train
NEARUSDT,2025-07-13 13:00:00+00:00,2025-07-14 13:00:00+00:00,3,train
NEARUSDT,2025-10-31 00:00:00+00:00,2025-11-01 00:00:00+00:00,3,train
NEARUSDT,2024-05-18 05:00:00+00:00,2024-05-19 05:00:00+00:00,4,train
NEARUSDT,2024-08-18 21:00:00+00:00,2024-08-19 21:00:00+00:00,4,train
NEARUSDT,2025-02-16 14:00:00+00:00,2025-02-17 14:00:00+00:00,4,train
NEARUSDT,2025-06-08 15:00:00+00:00,2025-06-09 15:00:00+00:00,4,train
NEARUSDT,2025-10-08 08:00:00+00:00,2025-10-09 08:00:00+00:00,4,train
NEARUSDT,2024-05-03 07:00:00+00:00,2024-05-04 07:00:00+00:00,5,train
NEARUSDT,2024-10-06 23:00:00+00:00,2024-10-07 23:00:00+00:00,5,train
NEARUSDT,2025-01-29 10:00:00+00:00,2025-01-30 10:00:00+00:00,5,train
NEARUSDT,2025-07-05 13:00:00+00:00,2025-07-06 13:00:00+00:00,5,train
NEARUSDT,2025-10-31 00:00:00+00:00,2025-11-01 00:00:00+00:00,5,train
NEARUSDT,2024-05-02 00:00:00+00:00,2024-05-03 00:00:00+00:00,6,train
NEARUSDT,2024-09-25 21:00:00+00:00,2024-09-26 21:00:00+00:00,6,train
NEARUSDT,2025-02-25 10:00:00+00:00,2025-02-26 10:00:00+00:00,6,train
NEARUSDT,2025-06-15 11:00:00+00:00,2025-06-16 11:00:00+00:00,6,train
NEARUSDT,2025-10-23 03:00:00+00:00,2025-10-24 03:00:00+00:00,6,train
NEARUSDT,2025-11-01 01:00:00+00:00,2025-11-02 01:00:00+00:00,7,test
NEARUSDT,2025-12-17 15:00:00+00:00,2025-12-18 15:00:00+00:00,7,test
NEARUSDT,2026-01-29 20:00:00+00:00,2026-01-30 20:00:00+00:00,7,test
NEARUSDT,2026-04-03 01:00:00+00:00,2026-04-04 01:00:00+00:00,7,test
NEARUSDT,2026-05-19 12:00:00+00:00,2026-05-20 12:00:00+00:00,7,test
NEARUSDT,2025-11-01 01:00:00+00:00,2025-11-02 01:00:00+00:00,8,test
NEARUSDT,2025-12-13 01:00:00+00:00,2025-12-14 01:00:00+00:00,8,test
NEARUSDT,2026-01-26 10:00:00+00:00,2026-01-27 10:00:00+00:00,8,test
NEARUSDT,2026-04-04 13:00:00+00:00,2026-04-05 13:00:00+00:00,8,test
NEARUSDT,2026-05-19 12:00:00+00:00,2026-05-20 12:00:00+00:00,8,test
NEARUSDT,2025-11-01 01:00:00+00:00,2025-11-02 01:00:00+00:00,9,test
NEARUSDT,2025-12-21 18:00:00+00:00,2025-12-22 18:00:00+00:00,9,test
NEARUSDT,2026-02-11 15:00:00+00:00,2026-02-12 15:00:00+00:00,9,test
NEARUSDT,2026-04-05 15:00:00+00:00,2026-04-06 15:00:00+00:00,9,test
NEARUSDT,2026-05-16 04:00:00+00:00,2026-05-17 04:00:00+00:00,9,test
NEARUSDT,2025-11-01 06:00:00+00:00,2025-11-02 06:00:00+00:00,10,test
NEARUSDT,2025-12-18 03:00:00+00:00,2025-12-19 03:00:00+00:00,10,test
NEARUSDT,2026-02-03 09:00:00+00:00,2026-02-04 09:00:00+00:00,10,test
NEARUSDT,2026-03-27 07:00:00+00:00,2026-03-28 07:00:00+00:00,10,test
NEARUSDT,2026-05-19 11:00:00+00:00,2026-05-20 11:00:00+00:00,10,test
NEARUSDT,2025-11-04 10:00:00+00:00,2025-11-05 10:00:00+00:00,11,test
NEARUSDT,2025-12-25 17:00:00+00:00,2025-12-26 17:00:00+00:00,11,test
NEARUSDT,2026-02-09 07:00:00+00:00,2026-02-10 07:00:00+00:00,11,test
NEARUSDT,2026-03-27 21:00:00+00:00,2026-03-28 21:00:00+00:00,11,test
NEARUSDT,2026-05-19 12:00:00+00:00,2026-05-20 12:00:00+00:00,11,test
NEARUSDT,2025-11-01 01:00:00+00:00,2025-11-02 01:00:00+00:00,12,test
NEARUSDT,2025-12-23 11:00:00+00:00,2025-12-24 11:00:00+00:00,12,test
NEARUSDT,2026-01-25 03:00:00+00:00,2026-01-26 03:00:00+00:00,12,test
NEARUSDT,2026-04-05 22:00:00+00:00,2026-04-06 22:00:00+00:00,12,test
NEARUSDT,2026-05-19 12:00:00+00:00,2026-05-20 12:00:00+00:00,12,test
NEARUSDT,2025-11-09 23:00:00+00:00,2025-11-10 23:00:00+00:00,13,test
NEARUSDT,2025-12-23 22:00:00+00:00,2025-12-24 22:00:00+00:00,13,test
NEARUSDT,2026-02-01 07:00:00+00:00,2026-02-02 07:00:00+00:00,13,test
NEARUSDT,2026-03-27 11:00:00+00:00,2026-03-28 11:00:00+00:00,13,test
NEARUSDT,2026-05-17 08:00:00+00:00,2026-05-18 08:00:00+00:00,13,test
NEARUSDT,2025-11-01 01:00:00+00:00,2025-11-02 01:00:00+00:00,14,test
NEARUSDT,2025-12-13 06:00:00+00:00,2025-12-14 06:00:00+00:00,14,test
NEARUSDT,2026-02-14 01:00:00+00:00,2026-02-15 01:00:00+00:00,14,test
NEARUSDT,2026-03-23 13:00:00+00:00,2026-03-24 13:00:00+00:00,14,test
NEARUSDT,2026-05-16 19:00:00+00:00,2026-05-17 19:00:00+00:00,14,test
ONDOUSDT,2024-05-28 08:00:00+00:00,2024-05-29 08:00:00+00:00,0,train
ONDOUSDT,2024-09-09 18:00:00+00:00,2024-09-10 18:00:00+00:00,0,train
ONDOUSDT,2025-01-28 18:00:00+00:00,2025-01-29 18:00:00+00:00,0,train
ONDOUSDT,2025-06-15 05:00:00+00:00,2025-06-16 05:00:00+00:00,0,train
ONDOUSDT,2025-10-31 00:00:00+00:00,2025-11-01 00:00:00+00:00,0,train
ONDOUSDT,2024-06-03 12:00:00+00:00,2024-06-04 12:00:00+00:00,1,train
ONDOUSDT,2024-09-14 13:00:00+00:00,2024-09-15 13:00:00+00:00,1,train
ONDOUSDT,2025-02-07 18:00:00+00:00,2025-02-08 18:00:00+00:00,1,train
ONDOUSDT,2025-06-14 02:00:00+00:00,2025-06-15 02:00:00+00:00,1,train
ONDOUSDT,2025-10-19 02:00:00+00:00,2025-10-20 02:00:00+00:00,1,train
ONDOUSDT,2024-05-02 00:00:00+00:00,2024-05-03 00:00:00+00:00,2,train
ONDOUSDT,2024-10-04 11:00:00+00:00,2024-10-05 11:00:00+00:00,2,train
ONDOUSDT,2025-02-09 12:00:00+00:00,2025-02-10 12:00:00+00:00,2,train
ONDOUSDT,2025-07-16 07:00:00+00:00,2025-07-17 07:00:00+00:00,2,train
ONDOUSDT,2025-10-26 04:00:00+00:00,2025-10-27 04:00:00+00:00,2,train
ONDOUSDT,2024-05-11 12:00:00+00:00,2024-05-12 12:00:00+00:00,3,train
ONDOUSDT,2024-09-30 12:00:00+00:00,2024-10-01 12:00:00+00:00,3,train
ONDOUSDT,2025-02-25 06:00:00+00:00,2025-02-26 06:00:00+00:00,3,train
ONDOUSDT,2025-06-19 21:00:00+00:00,2025-06-20 21:00:00+00:00,3,train
ONDOUSDT,2025-10-31 00:00:00+00:00,2025-11-01 00:00:00+00:00,3,train
ONDOUSDT,2024-05-02 00:00:00+00:00,2024-05-03 00:00:00+00:00,4,train
ONDOUSDT,2024-09-08 08:00:00+00:00,2024-09-09 08:00:00+00:00,4,train
ONDOUSDT,2025-01-12 15:00:00+00:00,2025-01-13 15:00:00+00:00,4,train
ONDOUSDT,2025-07-06 18:00:00+00:00,2025-07-07 18:00:00+00:00,4,train
ONDOUSDT,2025-10-22 05:00:00+00:00,2025-10-23 05:00:00+00:00,4,train
ONDOUSDT,2024-05-02 00:00:00+00:00,2024-05-03 00:00:00+00:00,5,train
ONDOUSDT,2024-09-20 09:00:00+00:00,2024-09-21 09:00:00+00:00,5,train
ONDOUSDT,2025-02-24 07:00:00+00:00,2025-02-25 07:00:00+00:00,5,train
ONDOUSDT,2025-07-15 22:00:00+00:00,2025-07-16 22:00:00+00:00,5,train
ONDOUSDT,2025-10-25 21:00:00+00:00,2025-10-26 21:00:00+00:00,5,train
ONDOUSDT,2024-05-12 23:00:00+00:00,2024-05-13 23:00:00+00:00,6,train
ONDOUSDT,2024-09-01 06:00:00+00:00,2024-09-02 06:00:00+00:00,6,train
ONDOUSDT,2025-01-29 19:00:00+00:00,2025-01-30 19:00:00+00:00,6,train
ONDOUSDT,2025-06-17 15:00:00+00:00,2025-06-18 15:00:00+00:00,6,train
ONDOUSDT,2025-10-08 12:00:00+00:00,2025-10-09 12:00:00+00:00,6,train
ONDOUSDT,2024-05-02 00:00:00+00:00,2024-05-03 00:00:00+00:00,7,train
ONDOUSDT,2024-10-05 04:00:00+00:00,2024-10-06 04:00:00+00:00,7,train
ONDOUSDT,2025-01-29 01:00:00+00:00,2025-01-30 01:00:00+00:00,7,train
ONDOUSDT,2025-06-21 03:00:00+00:00,2025-06-22 03:00:00+00:00,7,train
ONDOUSDT,2025-10-03 01:00:00+00:00,2025-10-04 01:00:00+00:00,7,train
ONDOUSDT,2024-05-02 00:00:00+00:00,2024-05-03 00:00:00+00:00,8,train
ONDOUSDT,2024-08-21 01:00:00+00:00,2024-08-22 01:00:00+00:00,8,train
ONDOUSDT,2025-02-20 20:00:00+00:00,2025-02-21 20:00:00+00:00,8,train
ONDOUSDT,2025-06-30 07:00:00+00:00,2025-07-01 07:00:00+00:00,8,train
ONDOUSDT,2025-10-08 03:00:00+00:00,2025-10-09 03:00:00+00:00,8,train
ONDOUSDT,2024-06-01 23:00:00+00:00,2024-06-02 23:00:00+00:00,9,train
ONDOUSDT,2024-10-01 06:00:00+00:00,2024-10-02 06:00:00+00:00,9,train
ONDOUSDT,2025-03-04 02:00:00+00:00,2025-03-05 02:00:00+00:00,9,train
ONDOUSDT,2025-06-03 18:00:00+00:00,2025-06-04 18:00:00+00:00,9,train
ONDOUSDT,2025-10-23 19:00:00+00:00,2025-10-24 19:00:00+00:00,9,train
ONDOUSDT,2024-05-02 06:00:00+00:00,2024-05-03 06:00:00+00:00,10,train
ONDOUSDT,2024-09-24 02:00:00+00:00,2024-09-25 02:00:00+00:00,10,train
ONDOUSDT,2025-01-13 07:00:00+00:00,2025-01-14 07:00:00+00:00,10,train
ONDOUSDT,2025-07-14 08:00:00+00:00,2025-07-15 08:00:00+00:00,10,train
ONDOUSDT,2025-10-18 06:00:00+00:00,2025-10-19 06:00:00+00:00,10,train
ONDOUSDT,2024-05-11 05:00:00+00:00,2024-05-12 05:00:00+00:00,11,train
ONDOUSDT,2024-08-29 20:00:00+00:00,2024-08-30 20:00:00+00:00,11,train
ONDOUSDT,2025-02-26 20:00:00+00:00,2025-02-27 20:00:00+00:00,11,train
ONDOUSDT,2025-06-07 13:00:00+00:00,2025-06-08 13:00:00+00:00,11,train
ONDOUSDT,2025-10-06 12:00:00+00:00,2025-10-07 12:00:00+00:00,11,train
ONDOUSDT,2024-05-12 21:00:00+00:00,2024-05-13 21:00:00+00:00,12,train
ONDOUSDT,2024-10-05 13:00:00+00:00,2024-10-06 13:00:00+00:00,12,train
ONDOUSDT,2025-02-06 14:00:00+00:00,2025-02-07 14:00:00+00:00,12,train
ONDOUSDT,2025-07-09 19:00:00+00:00,2025-07-10 19:00:00+00:00,12,train
ONDOUSDT,2025-10-17 02:00:00+00:00,2025-10-18 02:00:00+00:00,12,train
ONDOUSDT,2024-05-02 00:00:00+00:00,2024-05-03 00:00:00+00:00,13,train
ONDOUSDT,2024-09-25 18:00:00+00:00,2024-09-26 18:00:00+00:00,13,train
ONDOUSDT,2025-02-12 17:00:00+00:00,2025-02-13 17:00:00+00:00,13,train
ONDOUSDT,2025-07-13 03:00:00+00:00,2025-07-14 03:00:00+00:00,13,train
ONDOUSDT,2025-10-31 00:00:00+00:00,2025-11-01 00:00:00+00:00,13,train
ONDOUSDT,2024-06-04 01:00:00+00:00,2024-06-05 01:00:00+00:00,14,train
ONDOUSDT,2024-09-08 09:00:00+00:00,2024-09-09 09:00:00+00:00,14,train
ONDOUSDT,2025-03-02 19:00:00+00:00,2025-03-03 19:00:00+00:00,14,train
ONDOUSDT,2025-07-16 23:00:00+00:00,2025-07-17 23:00:00+00:00,14,train
ONDOUSDT,2025-10-31 00:00:00+00:00,2025-11-01 00:00:00+00:00,14,train
ONDOUSDT,2024-05-02 00:00:00+00:00,2024-05-03 00:00:00+00:00,15,train
ONDOUSDT,2024-10-04 06:00:00+00:00,2024-10-05 06:00:00+00:00,15,train
ONDOUSDT,2025-03-07 18:00:00+00:00,2025-03-08 18:00:00+00:00,15,train
ONDOUSDT,2025-06-06 01:00:00+00:00,2025-06-07 01:00:00+00:00,15,train
ONDOUSDT,2025-10-06 09:00:00+00:00,2025-10-07 09:00:00+00:00,15,train
ONDOUSDT,2025-11-01 01:00:00+00:00,2025-11-02 01:00:00+00:00,16,test
ONDOUSDT,2025-12-10 17:00:00+00:00,2025-12-11 17:00:00+00:00,16,test
ONDOUSDT,2026-02-14 03:00:00+00:00,2026-02-15 03:00:00+00:00,16,test
ONDOUSDT,2026-03-21 01:00:00+00:00,2026-03-22 01:00:00+00:00,16,test
ONDOUSDT,2026-05-23 04:00:00+00:00,2026-05-24 04:00:00+00:00,16,test
ONDOUSDT,2025-11-04 14:00:00+00:00,2025-11-05 14:00:00+00:00,17,test
ONDOUSDT,2025-12-28 01:00:00+00:00,2025-12-29 01:00:00+00:00,17,test
ONDOUSDT,2026-02-16 11:00:00+00:00,2026-02-17 11:00:00+00:00,17,test
ONDOUSDT,2026-03-26 21:00:00+00:00,2026-03-27 21:00:00+00:00,17,test
ONDOUSDT,2026-05-26 17:00:00+00:00,2026-05-27 17:00:00+00:00,17,test
ONDOUSDT,2025-11-01 01:00:00+00:00,2025-11-02 01:00:00+00:00,18,test
ONDOUSDT,2025-12-20 00:00:00+00:00,2025-12-21 00:00:00+00:00,18,test
ONDOUSDT,2026-01-31 20:00:00+00:00,2026-02-01 20:00:00+00:00,18,test
ONDOUSDT,2026-03-22 17:00:00+00:00,2026-03-23 17:00:00+00:00,18,test
ONDOUSDT,2026-05-23 09:00:00+00:00,2026-05-24 09:00:00+00:00,18,test
ONDOUSDT,2024-05-02 00:00:00+00:00,2024-05-03 00:00:00+00:00,19,train
ONDOUSDT,2024-08-31 06:00:00+00:00,2024-09-01 06:00:00+00:00,19,train
ONDOUSDT,2025-03-06 17:00:00+00:00,2025-03-07 17:00:00+00:00,19,train
ONDOUSDT,2025-07-07 23:00:00+00:00,2025-07-08 23:00:00+00:00,19,train
ONDOUSDT,2025-10-21 13:00:00+00:00,2025-10-22 13:00:00+00:00,19,train
ONDOUSDT,2024-05-04 22:00:00+00:00,2024-05-05 22:00:00+00:00,20,train
ONDOUSDT,2024-09-04 05:00:00+00:00,2024-09-05 05:00:00+00:00,20,train
ONDOUSDT,2025-02-21 08:00:00+00:00,2025-02-22 08:00:00+00:00,20,train
ONDOUSDT,2025-07-20 13:00:00+00:00,2025-07-21 13:00:00+00:00,20,train
ONDOUSDT,2025-10-26 05:00:00+00:00,2025-10-27 05:00:00+00:00,20,train
ONDOUSDT,2024-05-28 11:00:00+00:00,2024-05-29 11:00:00+00:00,21,train
ONDOUSDT,2024-08-22 18:00:00+00:00,2024-08-23 18:00:00+00:00,21,train
ONDOUSDT,2025-03-11 09:00:00+00:00,2025-03-12 09:00:00+00:00,21,train
ONDOUSDT,2025-06-06 22:00:00+00:00,2025-06-07 22:00:00+00:00,21,train
ONDOUSDT,2025-10-15 02:00:00+00:00,2025-10-16 02:00:00+00:00,21,train
ONDOUSDT,2024-05-14 23:00:00+00:00,2024-05-15 23:00:00+00:00,22,train
ONDOUSDT,2024-08-30 06:00:00+00:00,2024-08-31 06:00:00+00:00,22,train
ONDOUSDT,2025-03-10 14:00:00+00:00,2025-03-11 14:00:00+00:00,22,train
ONDOUSDT,2025-06-17 09:00:00+00:00,2025-06-18 09:00:00+00:00,22,train
ONDOUSDT,2025-10-31 00:00:00+00:00,2025-11-01 00:00:00+00:00,22,train
ONDOUSDT,2024-05-03 13:00:00+00:00,2024-05-04 13:00:00+00:00,23,train
ONDOUSDT,2024-09-21 00:00:00+00:00,2024-09-22 00:00:00+00:00,23,train
ONDOUSDT,2025-01-12 02:00:00+00:00,2025-01-13 02:00:00+00:00,23,train
ONDOUSDT,2025-07-09 17:00:00+00:00,2025-07-10 17:00:00+00:00,23,train
ONDOUSDT,2025-10-31 00:00:00+00:00,2025-11-01 00:00:00+00:00,23,train
ONDOUSDT,2024-05-02 00:00:00+00:00,2024-05-03 00:00:00+00:00,24,train
ONDOUSDT,2024-08-24 11:00:00+00:00,2024-08-25 11:00:00+00:00,24,train
ONDOUSDT,2025-02-10 04:00:00+00:00,2025-02-11 04:00:00+00:00,24,train
ONDOUSDT,2025-07-20 20:00:00+00:00,2025-07-21 20:00:00+00:00,24,train
ONDOUSDT,2025-10-31 00:00:00+00:00,2025-11-01 00:00:00+00:00,24,train
PLAYUSDT,2025-08-01 09:00:00+00:00,2025-08-02 09:00:00+00:00,0,train
PLAYUSDT,2025-09-01 15:00:00+00:00,2025-09-02 15:00:00+00:00,0,train
PLAYUSDT,2025-09-18 17:00:00+00:00,2025-09-19 17:00:00+00:00,0,train
PLAYUSDT,2025-10-07 09:00:00+00:00,2025-10-08 09:00:00+00:00,0,train
PLAYUSDT,2025-10-31 00:00:00+00:00,2025-11-01 00:00:00+00:00,0,train
PLAYUSDT,2025-08-03 15:00:00+00:00,2025-08-04 15:00:00+00:00,1,train
PLAYUSDT,2025-08-24 13:00:00+00:00,2025-08-25 13:00:00+00:00,1,train
PLAYUSDT,2025-09-24 08:00:00+00:00,2025-09-25 08:00:00+00:00,1,train
PLAYUSDT,2025-10-07 02:00:00+00:00,2025-10-08 02:00:00+00:00,1,train
PLAYUSDT,2025-10-31 00:00:00+00:00,2025-11-01 00:00:00+00:00,1,train
PLAYUSDT,2025-08-03 23:00:00+00:00,2025-08-04 23:00:00+00:00,2,train
PLAYUSDT,2025-08-24 09:00:00+00:00,2025-08-25 09:00:00+00:00,2,train
PLAYUSDT,2025-09-23 03:00:00+00:00,2025-09-24 03:00:00+00:00,2,train
PLAYUSDT,2025-10-17 16:00:00+00:00,2025-10-18 16:00:00+00:00,2,train
PLAYUSDT,2025-10-30 13:00:00+00:00,2025-10-31 13:00:00+00:00,2,train
PLAYUSDT,2025-08-01 09:00:00+00:00,2025-08-02 09:00:00+00:00,3,train
PLAYUSDT,2025-09-01 05:00:00+00:00,2025-09-02 05:00:00+00:00,3,train
PLAYUSDT,2025-09-23 22:00:00+00:00,2025-09-24 22:00:00+00:00,3,train
PLAYUSDT,2025-10-18 08:00:00+00:00,2025-10-19 08:00:00+00:00,3,train
PLAYUSDT,2025-10-30 00:00:00+00:00,2025-10-31 00:00:00+00:00,3,train
PLAYUSDT,2025-11-03 22:00:00+00:00,2025-11-04 22:00:00+00:00,4,test
PLAYUSDT,2025-12-04 03:00:00+00:00,2025-12-05 03:00:00+00:00,4,test
PLAYUSDT,2026-01-07 14:00:00+00:00,2026-01-08 14:00:00+00:00,4,test
PLAYUSDT,2026-03-07 07:00:00+00:00,2026-03-08 07:00:00+00:00,4,test
PLAYUSDT,2026-04-30 01:00:00+00:00,2026-05-01 01:00:00+00:00,4,test
PLAYUSDT,2025-11-01 01:00:00+00:00,2025-11-02 01:00:00+00:00,5,test
PLAYUSDT,2025-12-03 22:00:00+00:00,2025-12-04 22:00:00+00:00,5,test
PLAYUSDT,2026-01-16 02:00:00+00:00,2026-01-17 02:00:00+00:00,5,test
PLAYUSDT,2026-03-16 09:00:00+00:00,2026-03-17 09:00:00+00:00,5,test
PLAYUSDT,2026-05-17 04:00:00+00:00,2026-05-18 04:00:00+00:00,5,test
PLAYUSDT,2025-11-03 19:00:00+00:00,2025-11-04 19:00:00+00:00,6,test
PLAYUSDT,2025-12-05 19:00:00+00:00,2025-12-06 19:00:00+00:00,6,test
PLAYUSDT,2026-01-24 00:00:00+00:00,2026-01-25 00:00:00+00:00,6,test
PLAYUSDT,2026-02-28 21:00:00+00:00,2026-03-01 21:00:00+00:00,6,test
PLAYUSDT,2026-04-29 12:00:00+00:00,2026-04-30 12:00:00+00:00,6,test
PLAYUSDT,2025-11-01 01:00:00+00:00,2025-11-02 01:00:00+00:00,7,test
PLAYUSDT,2025-12-05 03:00:00+00:00,2025-12-06 03:00:00+00:00,7,test
PLAYUSDT,2026-01-21 19:00:00+00:00,2026-01-22 19:00:00+00:00,7,test
PLAYUSDT,2026-03-03 12:00:00+00:00,2026-03-04 12:00:00+00:00,7,test
PLAYUSDT,2026-05-17 04:00:00+00:00,2026-05-18 04:00:00+00:00,7,test
PLAYUSDT,2025-11-01 01:00:00+00:00,2025-11-02 01:00:00+00:00,8,test
PLAYUSDT,2025-12-04 06:00:00+00:00,2025-12-05 06:00:00+00:00,8,test
PLAYUSDT,2026-01-22 19:00:00+00:00,2026-01-23 19:00:00+00:00,8,test
PLAYUSDT,2026-03-06 04:00:00+00:00,2026-03-07 04:00:00+00:00,8,test
PLAYUSDT,2026-05-17 04:00:00+00:00,2026-05-18 04:00:00+00:00,8,test
PLAYUSDT,2025-11-01 17:00:00+00:00,2025-11-02 17:00:00+00:00,9,test
PLAYUSDT,2025-12-01 18:00:00+00:00,2025-12-02 18:00:00+00:00,9,test
PLAYUSDT,2026-01-08 12:00:00+00:00,2026-01-09 12:00:00+00:00,9,test
PLAYUSDT,2026-02-28 08:00:00+00:00,2026-03-01 08:00:00+00:00,9,test
PLAYUSDT,2026-05-02 16:00:00+00:00,2026-05-03 16:00:00+00:00,9,test
PLAYUSDT,2025-11-01 01:00:00+00:00,2025-11-02 01:00:00+00:00,10,test
PLAYUSDT,2025-12-01 16:00:00+00:00,2025-12-02 16:00:00+00:00,10,test
PLAYUSDT,2026-01-24 22:00:00+00:00,2026-01-25 22:00:00+00:00,10,test
PLAYUSDT,2026-02-28 00:00:00+00:00,2026-03-01 00:00:00+00:00,10,test
PLAYUSDT,2026-04-29 19:00:00+00:00,2026-04-30 19:00:00+00:00,10,test
PLAYUSDT,2025-11-04 18:00:00+00:00,2025-11-05 18:00:00+00:00,11,test
PLAYUSDT,2025-11-30 16:00:00+00:00,2025-12-01 16:00:00+00:00,11,test
PLAYUSDT,2026-01-06 20:00:00+00:00,2026-01-07 20:00:00+00:00,11,test
PLAYUSDT,2026-03-06 22:00:00+00:00,2026-03-07 22:00:00+00:00,11,test
PLAYUSDT,2026-05-17 04:00:00+00:00,2026-05-18 04:00:00+00:00,11,test
PLAYUSDT,2025-11-04 15:00:00+00:00,2025-11-05 15:00:00+00:00,12,test
PLAYUSDT,2025-12-06 15:00:00+00:00,2025-12-07 15:00:00+00:00,12,test
PLAYUSDT,2026-01-09 19:00:00+00:00,2026-01-10 19:00:00+00:00,12,test
PLAYUSDT,2026-03-05 04:00:00+00:00,2026-03-06 04:00:00+00:00,12,test
PLAYUSDT,2026-05-17 04:00:00+00:00,2026-05-18 04:00:00+00:00,12,test
PLAYUSDT,2025-11-01 01:00:00+00:00,2025-11-02 01:00:00+00:00,13,test
PLAYUSDT,2025-12-02 22:00:00+00:00,2025-12-03 22:00:00+00:00,13,test
PLAYUSDT,2026-01-24 07:00:00+00:00,2026-01-25 07:00:00+00:00,13,test
PLAYUSDT,2026-03-07 22:00:00+00:00,2026-03-08 22:00:00+00:00,13,test
PLAYUSDT,2026-05-01 12:00:00+00:00,2026-05-02 12:00:00+00:00,13,test
PLAYUSDT,2025-11-02 23:00:00+00:00,2025-11-03 23:00:00+00:00,14,test
PLAYUSDT,2025-12-06 10:00:00+00:00,2025-12-07 10:00:00+00:00,14,test
PLAYUSDT,2026-01-25 03:00:00+00:00,2026-01-26 03:00:00+00:00,14,test
PLAYUSDT,2026-03-02 18:00:00+00:00,2026-03-03 18:00:00+00:00,14,test
PLAYUSDT,2026-05-16 15:00:00+00:00,2026-05-17 15:00:00+00:00,14,test
PLAYUSDT,2025-11-01 01:00:00+00:00,2025-11-02 01:00:00+00:00,15,test
PLAYUSDT,2025-12-02 11:00:00+00:00,2025-12-03 11:00:00+00:00,15,test
PLAYUSDT,2026-01-25 10:00:00+00:00,2026-01-26 10:00:00+00:00,15,test
PLAYUSDT,2026-03-02 18:00:00+00:00,2026-03-03 18:00:00+00:00,15,test
PLAYUSDT,2026-04-30 10:00:00+00:00,2026-05-01 10:00:00+00:00,15,test
PLAYUSDT,2025-11-01 16:00:00+00:00,2025-11-02 16:00:00+00:00,16,test
PLAYUSDT,2025-12-03 19:00:00+00:00,2025-12-04 19:00:00+00:00,16,test
PLAYUSDT,2026-01-24 13:00:00+00:00,2026-01-25 13:00:00+00:00,16,test
PLAYUSDT,2026-03-05 11:00:00+00:00,2026-03-06 11:00:00+00:00,16,test
PLAYUSDT,2026-05-17 04:00:00+00:00,2026-05-18 04:00:00+00:00,16,test
PLAYUSDT,2025-11-02 15:00:00+00:00,2025-11-03 15:00:00+00:00,17,test
PLAYUSDT,2025-11-29 23:00:00+00:00,2025-11-30 23:00:00+00:00,17,test
PLAYUSDT,2026-01-22 15:00:00+00:00,2026-01-23 15:00:00+00:00,17,test
PLAYUSDT,2026-03-05 07:00:00+00:00,2026-03-06 07:00:00+00:00,17,test
PLAYUSDT,2026-04-29 12:00:00+00:00,2026-04-30 12:00:00+00:00,17,test
PLAYUSDT,2025-11-01 01:00:00+00:00,2025-11-02 01:00:00+00:00,18,test
PLAYUSDT,2025-12-05 21:00:00+00:00,2025-12-06 21:00:00+00:00,18,test
PLAYUSDT,2026-01-21 16:00:00+00:00,2026-01-22 16:00:00+00:00,18,test
PLAYUSDT,2026-03-04 22:00:00+00:00,2026-03-05 22:00:00+00:00,18,test
PLAYUSDT,2026-05-17 04:00:00+00:00,2026-05-18 04:00:00+00:00,18,test
PLAYUSDT,2025-11-02 06:00:00+00:00,2025-11-03 06:00:00+00:00,19,test
PLAYUSDT,2025-12-08 01:00:00+00:00,2025-12-09 01:00:00+00:00,19,test
PLAYUSDT,2026-01-22 17:00:00+00:00,2026-01-23 17:00:00+00:00,19,test
PLAYUSDT,2026-02-28 07:00:00+00:00,2026-03-01 07:00:00+00:00,19,test
PLAYUSDT,2026-04-30 18:00:00+00:00,2026-05-01 18:00:00+00:00,19,test
PLAYUSDT,2025-11-04 01:00:00+00:00,2025-11-05 01:00:00+00:00,20,test
PLAYUSDT,2025-11-29 11:00:00+00:00,2025-11-30 11:00:00+00:00,20,test
PLAYUSDT,2026-01-06 17:00:00+00:00,2026-01-07 17:00:00+00:00,20,test
PLAYUSDT,2026-03-03 01:00:00+00:00,2026-03-04 01:00:00+00:00,20,test
PLAYUSDT,2026-05-02 15:00:00+00:00,2026-05-03 15:00:00+00:00,20,test
PLAYUSDT,2025-11-01 01:00:00+00:00,2025-11-02 01:00:00+00:00,21,test
PLAYUSDT,2025-12-01 22:00:00+00:00,2025-12-02 22:00:00+00:00,21,test
PLAYUSDT,2026-01-22 20:00:00+00:00,2026-01-23 20:00:00+00:00,21,test
PLAYUSDT,2026-02-28 17:00:00+00:00,2026-03-01 17:00:00+00:00,21,test
PLAYUSDT,2026-05-17 01:00:00+00:00,2026-05-18 01:00:00+00:00,21,test
PLAYUSDT,2025-11-05 15:00:00+00:00,2025-11-06 15:00:00+00:00,22,test
PLAYUSDT,2025-12-03 22:00:00+00:00,2025-12-04 22:00:00+00:00,22,test
PLAYUSDT,2026-02-02 01:00:00+00:00,2026-02-03 01:00:00+00:00,22,test
PLAYUSDT,2026-03-02 12:00:00+00:00,2026-03-03 12:00:00+00:00,22,test
PLAYUSDT,2026-05-17 04:00:00+00:00,2026-05-18 04:00:00+00:00,22,test
PLAYUSDT,2025-11-01 23:00:00+00:00,2025-11-02 23:00:00+00:00,23,test
PLAYUSDT,2025-12-03 14:00:00+00:00,2025-12-04 14:00:00+00:00,23,test
PLAYUSDT,2026-01-23 11:00:00+00:00,2026-01-24 11:00:00+00:00,23,test
PLAYUSDT,2026-03-02 04:00:00+00:00,2026-03-03 04:00:00+00:00,23,test
PLAYUSDT,2026-05-17 04:00:00+00:00,2026-05-18 04:00:00+00:00,23,test
PLAYUSDT,2025-11-04 22:00:00+00:00,2025-11-05 22:00:00+00:00,24,test
PLAYUSDT,2025-12-06 16:00:00+00:00,2025-12-07 16:00:00+00:00,24,test
PLAYUSDT,2026-01-25 05:00:00+00:00,2026-01-26 05:00:00+00:00,24,test
PLAYUSDT,2026-03-01 04:00:00+00:00,2026-03-02 04:00:00+00:00,24,test
PLAYUSDT,2026-04-30 03:00:00+00:00,2026-05-01 03:00:00+00:00,24,test
PLAYUSDT,2025-11-01 13:00:00+00:00,2025-11-02 13:00:00+00:00,25,test
PLAYUSDT,2025-12-02 02:00:00+00:00,2025-12-03 02:00:00+00:00,25,test
PLAYUSDT,2026-01-09 18:00:00+00:00,2026-01-10 18:00:00+00:00,25,test
PLAYUSDT,2026-03-03 12:00:00+00:00,2026-03-04 12:00:00+00:00,25,test
PLAYUSDT,2026-05-17 04:00:00+00:00,2026-05-18 04:00:00+00:00,25,test
PLAYUSDT,2025-11-05 08:00:00+00:00,2025-11-06 08:00:00+00:00,26,test
PLAYUSDT,2025-12-04 08:00:00+00:00,2025-12-05 08:00:00+00:00,26,test
PLAYUSDT,2026-01-22 01:00:00+00:00,2026-01-23 01:00:00+00:00,26,test
PLAYUSDT,2026-03-07 01:00:00+00:00,2026-03-08 01:00:00+00:00,26,test
PLAYUSDT,2026-05-17 04:00:00+00:00,2026-05-18 04:00:00+00:00,26,test
PLAYUSDT,2025-11-01 01:00:00+00:00,2025-11-02 01:00:00+00:00,27,test
PLAYUSDT,2025-12-05 11:00:00+00:00,2025-12-06 11:00:00+00:00,27,test
PLAYUSDT,2026-01-23 22:00:00+00:00,2026-01-24 22:00:00+00:00,27,test
PLAYUSDT,2026-03-04 23:00:00+00:00,2026-03-05 23:00:00+00:00,27,test
PLAYUSDT,2026-05-02 10:00:00+00:00,2026-05-03 10:00:00+00:00,27,test
PLAYUSDT,2025-11-01 01:00:00+00:00,2025-11-02 01:00:00+00:00,28,test
PLAYUSDT,2025-12-04 04:00:00+00:00,2025-12-05 04:00:00+00:00,28,test
PLAYUSDT,2026-01-07 01:00:00+00:00,2026-01-08 01:00:00+00:00,28,test
PLAYUSDT,2026-03-06 16:00:00+00:00,2026-03-07 16:00:00+00:00,28,test
PLAYUSDT,2026-05-17 04:00:00+00:00,2026-05-18 04:00:00+00:00,28,test
PLAYUSDT,2025-11-01 01:00:00+00:00,2025-11-02 01:00:00+00:00,29,test
PLAYUSDT,2025-12-05 06:00:00+00:00,2025-12-06 06:00:00+00:00,29,test
PLAYUSDT,2026-01-07 20:00:00+00:00,2026-01-08 20:00:00+00:00,29,test
PLAYUSDT,2026-02-28 11:00:00+00:00,2026-03-01 11:00:00+00:00,29,test
PLAYUSDT,2026-05-17 04:00:00+00:00,2026-05-18 04:00:00+00:00,29,test
PLAYUSDT,2025-11-05 17:00:00+00:00,2025-11-06 17:00:00+00:00,30,test
PLAYUSDT,2025-11-29 17:00:00+00:00,2025-11-30 17:00:00+00:00,30,test
PLAYUSDT,2026-01-06 22:00:00+00:00,2026-01-07 22:00:00+00:00,30,test
PLAYUSDT,2026-02-27 18:00:00+00:00,2026-02-28 18:00:00+00:00,30,test
PLAYUSDT,2026-04-29 08:00:00+00:00,2026-04-30 08:00:00+00:00,30,test
PLAYUSDT,2025-11-03 07:00:00+00:00,2025-11-04 07:00:00+00:00,31,test
PLAYUSDT,2025-12-05 08:00:00+00:00,2025-12-06 08:00:00+00:00,31,test
PLAYUSDT,2026-01-24 17:00:00+00:00,2026-01-25 17:00:00+00:00,31,test
PLAYUSDT,2026-03-07 12:00:00+00:00,2026-03-08 12:00:00+00:00,31,test
PLAYUSDT,2026-05-17 04:00:00+00:00,2026-05-18 04:00:00+00:00,31,test
PLAYUSDT,2025-11-01 01:00:00+00:00,2025-11-02 01:00:00+00:00,32,test
PLAYUSDT,2025-12-02 12:00:00+00:00,2025-12-03 12:00:00+00:00,32,test
PLAYUSDT,2026-01-22 06:00:00+00:00,2026-01-23 06:00:00+00:00,32,test
PLAYUSDT,2026-03-08 04:00:00+00:00,2026-03-09 04:00:00+00:00,32,test
PLAYUSDT,2026-05-17 04:00:00+00:00,2026-05-18 04:00:00+00:00,32,test
PLAYUSDT,2025-11-01 01:00:00+00:00,2025-11-02 01:00:00+00:00,33,test
PLAYUSDT,2025-12-05 20:00:00+00:00,2025-12-06 20:00:00+00:00,33,test
PLAYUSDT,2026-01-25 22:00:00+00:00,2026-01-26 22:00:00+00:00,33,test
PLAYUSDT,2026-03-08 00:00:00+00:00,2026-03-09 00:00:00+00:00,33,test
PLAYUSDT,2026-05-17 04:00:00+00:00,2026-05-18 04:00:00+00:00,33,test
PLAYUSDT,2025-11-01 01:00:00+00:00,2025-11-02 01:00:00+00:00,34,test
PLAYUSDT,2025-12-06 17:00:00+00:00,2025-12-07 17:00:00+00:00,34,test
PLAYUSDT,2026-01-24 08:00:00+00:00,2026-01-25 08:00:00+00:00,34,test
PLAYUSDT,2026-03-03 20:00:00+00:00,2026-03-04 20:00:00+00:00,34,test
PLAYUSDT,2026-05-17 04:00:00+00:00,2026-05-18 04:00:00+00:00,34,test
PLAYUSDT,2025-11-02 12:00:00+00:00,2025-11-03 12:00:00+00:00,35,test
PLAYUSDT,2025-12-13 17:00:00+00:00,2025-12-14 17:00:00+00:00,35,test
PLAYUSDT,2026-01-22 04:00:00+00:00,2026-01-23 04:00:00+00:00,35,test
PLAYUSDT,2026-02-28 11:00:00+00:00,2026-03-01 11:00:00+00:00,35,test
PLAYUSDT,2026-05-17 04:00:00+00:00,2026-05-18 04:00:00+00:00,35,test
PLAYUSDT,2025-08-03 04:00:00+00:00,2025-08-04 04:00:00+00:00,36,train
PLAYUSDT,2025-08-23 14:00:00+00:00,2025-08-24 14:00:00+00:00,36,train
PLAYUSDT,2025-09-18 15:00:00+00:00,2025-09-19 15:00:00+00:00,36,train
PLAYUSDT,2025-10-04 13:00:00+00:00,2025-10-05 13:00:00+00:00,36,train
PLAYUSDT,2025-10-31 00:00:00+00:00,2025-11-01 00:00:00+00:00,36,train
PLAYUSDT,2025-08-04 02:00:00+00:00,2025-08-05 02:00:00+00:00,37,train
PLAYUSDT,2025-09-08 16:00:00+00:00,2025-09-09 16:00:00+00:00,37,train
PLAYUSDT,2025-09-23 09:00:00+00:00,2025-09-24 09:00:00+00:00,37,train
PLAYUSDT,2025-10-17 19:00:00+00:00,2025-10-18 19:00:00+00:00,37,train
PLAYUSDT,2025-10-29 18:00:00+00:00,2025-10-30 18:00:00+00:00,37,train
PLAYUSDT,2025-08-02 13:00:00+00:00,2025-08-03 13:00:00+00:00,38,train
PLAYUSDT,2025-09-08 02:00:00+00:00,2025-09-09 02:00:00+00:00,38,train
PLAYUSDT,2025-09-24 10:00:00+00:00,2025-09-25 10:00:00+00:00,38,train
PLAYUSDT,2025-10-07 09:00:00+00:00,2025-10-08 09:00:00+00:00,38,train
PLAYUSDT,2025-10-31 00:00:00+00:00,2025-11-01 00:00:00+00:00,38,train
PLAYUSDT,2025-08-01 22:00:00+00:00,2025-08-02 22:00:00+00:00,39,train
PLAYUSDT,2025-08-22 21:00:00+00:00,2025-08-23 21:00:00+00:00,39,train
PLAYUSDT,2025-09-21 23:00:00+00:00,2025-09-22 23:00:00+00:00,39,train
PLAYUSDT,2025-10-05 00:00:00+00:00,2025-10-06 00:00:00+00:00,39,train
PLAYUSDT,2025-10-28 09:00:00+00:00,2025-10-29 09:00:00+00:00,39,train
PLAYUSDT,2025-08-01 09:00:00+00:00,2025-08-02 09:00:00+00:00,40,train
PLAYUSDT,2025-08-23 04:00:00+00:00,2025-08-24 04:00:00+00:00,40,train
PLAYUSDT,2025-09-19 06:00:00+00:00,2025-09-20 06:00:00+00:00,40,train
PLAYUSDT,2025-10-05 21:00:00+00:00,2025-10-06 21:00:00+00:00,40,train
PLAYUSDT,2025-10-31 00:00:00+00:00,2025-11-01 00:00:00+00:00,40,train
PLAYUSDT,2025-08-04 12:00:00+00:00,2025-08-05 12:00:00+00:00,41,train
PLAYUSDT,2025-09-01 11:00:00+00:00,2025-09-02 11:00:00+00:00,41,train
PLAYUSDT,2025-09-19 23:00:00+00:00,2025-09-20 23:00:00+00:00,41,train
PLAYUSDT,2025-10-04 17:00:00+00:00,2025-10-05 17:00:00+00:00,41,train
PLAYUSDT,2025-10-31 00:00:00+00:00,2025-11-01 00:00:00+00:00,41,train
PLAYUSDT,2025-08-01 09:00:00+00:00,2025-08-02 09:00:00+00:00,42,train
PLAYUSDT,2025-09-02 17:00:00+00:00,2025-09-03 17:00:00+00:00,42,train
PLAYUSDT,2025-09-18 22:00:00+00:00,2025-09-19 22:00:00+00:00,42,train
PLAYUSDT,2025-10-04 18:00:00+00:00,2025-10-05 18:00:00+00:00,42,train
PLAYUSDT,2025-10-29 02:00:00+00:00,2025-10-30 02:00:00+00:00,42,train
PLAYUSDT,2025-08-01 09:00:00+00:00,2025-08-02 09:00:00+00:00,43,train
PLAYUSDT,2025-09-02 07:00:00+00:00,2025-09-03 07:00:00+00:00,43,train
PLAYUSDT,2025-09-22 18:00:00+00:00,2025-09-23 18:00:00+00:00,43,train
PLAYUSDT,2025-10-04 20:00:00+00:00,2025-10-05 20:00:00+00:00,43,train
PLAYUSDT,2025-10-31 00:00:00+00:00,2025-11-01 00:00:00+00:00,43,train
PLAYUSDT,2025-11-01 01:00:00+00:00,2025-11-02 01:00:00+00:00,44,test
PLAYUSDT,2025-12-04 22:00:00+00:00,2025-12-05 22:00:00+00:00,44,test
PLAYUSDT,2026-01-21 12:00:00+00:00,2026-01-22 12:00:00+00:00,44,test
PLAYUSDT,2026-03-06 21:00:00+00:00,2026-03-07 21:00:00+00:00,44,test
PLAYUSDT,2026-05-17 04:00:00+00:00,2026-05-18 04:00:00+00:00,44,test
PLAYUSDT,2025-11-01 01:00:00+00:00,2025-11-02 01:00:00+00:00,45,test
PLAYUSDT,2025-12-04 15:00:00+00:00,2025-12-05 15:00:00+00:00,45,test
PLAYUSDT,2026-01-21 14:00:00+00:00,2026-01-22 14:00:00+00:00,45,test
PLAYUSDT,2026-02-27 08:00:00+00:00,2026-02-28 08:00:00+00:00,45,test
PLAYUSDT,2026-04-28 18:00:00+00:00,2026-04-29 18:00:00+00:00,45,test
PLAYUSDT,2025-11-04 08:00:00+00:00,2025-11-05 08:00:00+00:00,46,test
PLAYUSDT,2025-12-04 18:00:00+00:00,2025-12-05 18:00:00+00:00,46,test
PLAYUSDT,2026-01-21 10:00:00+00:00,2026-01-22 10:00:00+00:00,46,test
PLAYUSDT,2026-03-16 09:00:00+00:00,2026-03-17 09:00:00+00:00,46,test
PLAYUSDT,2026-05-17 04:00:00+00:00,2026-05-18 04:00:00+00:00,46,test
PLAYUSDT,2025-11-01 01:00:00+00:00,2025-11-02 01:00:00+00:00,47,test
PLAYUSDT,2025-12-03 16:00:00+00:00,2025-12-04 16:00:00+00:00,47,test
PLAYUSDT,2026-01-16 18:00:00+00:00,2026-01-17 18:00:00+00:00,47,test
PLAYUSDT,2026-03-08 04:00:00+00:00,2026-03-09 04:00:00+00:00,47,test
PLAYUSDT,2026-04-29 01:00:00+00:00,2026-04-30 01:00:00+00:00,47,test
PLAYUSDT,2025-11-02 12:00:00+00:00,2025-11-03 12:00:00+00:00,48,test
PLAYUSDT,2025-12-04 14:00:00+00:00,2025-12-05 14:00:00+00:00,48,test
PLAYUSDT,2026-01-08 10:00:00+00:00,2026-01-09 10:00:00+00:00,48,test
PLAYUSDT,2026-03-08 06:00:00+00:00,2026-03-09 06:00:00+00:00,48,test
PLAYUSDT,2026-05-17 04:00:00+00:00,2026-05-18 04:00:00+00:00,48,test
PLAYUSDT,2025-11-01 01:00:00+00:00,2025-11-02 01:00:00+00:00,49,test
PLAYUSDT,2025-12-06 07:00:00+00:00,2025-12-07 07:00:00+00:00,49,test
PLAYUSDT,2026-01-21 18:00:00+00:00,2026-01-22 18:00:00+00:00,49,test
PLAYUSDT,2026-02-27 16:00:00+00:00,2026-02-28 16:00:00+00:00,49,test
PLAYUSDT,2026-05-17 04:00:00+00:00,2026-05-18 04:00:00+00:00,49,test
PLAYUSDT,2025-11-03 03:00:00+00:00,2025-11-04 03:00:00+00:00,50,test
PLAYUSDT,2025-12-02 20:00:00+00:00,2025-12-03 20:00:00+00:00,50,test
PLAYUSDT,2026-01-16 10:00:00+00:00,2026-01-17 10:00:00+00:00,50,test
PLAYUSDT,2026-03-01 13:00:00+00:00,2026-03-02 13:00:00+00:00,50,test
PLAYUSDT,2026-04-30 21:00:00+00:00,2026-05-01 21:00:00+00:00,50,test
PLAYUSDT,2025-11-01 01:00:00+00:00,2025-11-02 01:00:00+00:00,51,test
PLAYUSDT,2025-12-07 23:00:00+00:00,2025-12-08 23:00:00+00:00,51,test
PLAYUSDT,2026-01-25 16:00:00+00:00,2026-01-26 16:00:00+00:00,51,test
PLAYUSDT,2026-02-27 17:00:00+00:00,2026-02-28 17:00:00+00:00,51,test
PLAYUSDT,2026-05-17 04:00:00+00:00,2026-05-18 04:00:00+00:00,51,test
PLAYUSDT,2025-11-03 01:00:00+00:00,2025-11-04 01:00:00+00:00,52,test
PLAYUSDT,2025-12-06 19:00:00+00:00,2025-12-07 19:00:00+00:00,52,test
PLAYUSDT,2026-01-22 03:00:00+00:00,2026-01-23 03:00:00+00:00,52,test
PLAYUSDT,2026-02-27 23:00:00+00:00,2026-02-28 23:00:00+00:00,52,test
PLAYUSDT,2026-05-01 18:00:00+00:00,2026-05-02 18:00:00+00:00,52,test
PLAYUSDT,2025-11-02 07:00:00+00:00,2025-11-03 07:00:00+00:00,53,test
PLAYUSDT,2025-12-13 13:00:00+00:00,2025-12-14 13:00:00+00:00,53,test
PLAYUSDT,2026-01-09 10:00:00+00:00,2026-01-10 10:00:00+00:00,53,test
PLAYUSDT,2026-03-01 11:00:00+00:00,2026-03-02 11:00:00+00:00,53,test
PLAYUSDT,2026-05-17 04:00:00+00:00,2026-05-18 04:00:00+00:00,53,test
PLAYUSDT,2025-11-01 01:00:00+00:00,2025-11-02 01:00:00+00:00,54,test
PLAYUSDT,2025-12-07 00:00:00+00:00,2025-12-08 00:00:00+00:00,54,test
PLAYUSDT,2026-01-22 14:00:00+00:00,2026-01-23 14:00:00+00:00,54,test
PLAYUSDT,2026-03-03 18:00:00+00:00,2026-03-04 18:00:00+00:00,54,test
PLAYUSDT,2026-05-17 04:00:00+00:00,2026-05-18 04:00:00+00:00,54,test
PLAYUSDT,2025-11-01 19:00:00+00:00,2025-11-02 19:00:00+00:00,55,test
PLAYUSDT,2025-11-30 02:00:00+00:00,2025-12-01 02:00:00+00:00,55,test
PLAYUSDT,2026-01-22 20:00:00+00:00,2026-01-23 20:00:00+00:00,55,test
PLAYUSDT,2026-02-28 03:00:00+00:00,2026-03-01 03:00:00+00:00,55,test
PLAYUSDT,2026-05-17 04:00:00+00:00,2026-05-18 04:00:00+00:00,55,test
PLAYUSDT,2025-11-02 17:00:00+00:00,2025-11-03 17:00:00+00:00,56,test
PLAYUSDT,2025-11-30 19:00:00+00:00,2025-12-01 19:00:00+00:00,56,test
PLAYUSDT,2026-02-01 18:00:00+00:00,2026-02-02 18:00:00+00:00,56,test
PLAYUSDT,2026-03-01 09:00:00+00:00,2026-03-02 09:00:00+00:00,56,test
PLAYUSDT,2026-05-16 17:00:00+00:00,2026-05-17 17:00:00+00:00,56,test
PLAYUSDT,2025-11-02 12:00:00+00:00,2025-11-03 12:00:00+00:00,57,test
PLAYUSDT,2025-12-07 16:00:00+00:00,2025-12-08 16:00:00+00:00,57,test
PLAYUSDT,2026-01-08 02:00:00+00:00,2026-01-09 02:00:00+00:00,57,test
PLAYUSDT,2026-03-06 09:00:00+00:00,2026-03-07 09:00:00+00:00,57,test
PLAYUSDT,2026-04-28 19:00:00+00:00,2026-04-29 19:00:00+00:00,57,test
PLAYUSDT,2025-11-04 03:00:00+00:00,2025-11-05 03:00:00+00:00,58,test
PLAYUSDT,2025-12-01 15:00:00+00:00,2025-12-02 15:00:00+00:00,58,test
PLAYUSDT,2026-01-24 07:00:00+00:00,2026-01-25 07:00:00+00:00,58,test
PLAYUSDT,2026-02-27 23:00:00+00:00,2026-02-28 23:00:00+00:00,58,test
PLAYUSDT,2026-04-29 08:00:00+00:00,2026-04-30 08:00:00+00:00,58,test
PLAYUSDT,2025-11-01 06:00:00+00:00,2025-11-02 06:00:00+00:00,59,test
PLAYUSDT,2025-12-02 05:00:00+00:00,2025-12-03 05:00:00+00:00,59,test
PLAYUSDT,2026-01-06 16:00:00+00:00,2026-01-07 16:00:00+00:00,59,test
PLAYUSDT,2026-03-16 03:00:00+00:00,2026-03-17 03:00:00+00:00,59,test
PLAYUSDT,2026-04-29 05:00:00+00:00,2026-04-30 05:00:00+00:00,59,test
PLAYUSDT,2025-11-01 01:00:00+00:00,2025-11-02 01:00:00+00:00,60,test
PLAYUSDT,2025-12-08 06:00:00+00:00,2025-12-09 06:00:00+00:00,60,test
PLAYUSDT,2026-01-09 20:00:00+00:00,2026-01-10 20:00:00+00:00,60,test
PLAYUSDT,2026-03-06 21:00:00+00:00,2026-03-07 21:00:00+00:00,60,test
PLAYUSDT,2026-04-30 22:00:00+00:00,2026-05-01 22:00:00+00:00,60,test
PLAYUSDT,2025-11-01 19:00:00+00:00,2025-11-02 19:00:00+00:00,61,test
PLAYUSDT,2025-12-04 06:00:00+00:00,2025-12-05 06:00:00+00:00,61,test
PLAYUSDT,2026-01-07 12:00:00+00:00,2026-01-08 12:00:00+00:00,61,test
PLAYUSDT,2026-03-05 21:00:00+00:00,2026-03-06 21:00:00+00:00,61,test
PLAYUSDT,2026-05-17 04:00:00+00:00,2026-05-18 04:00:00+00:00,61,test
PLAYUSDT,2025-11-01 01:00:00+00:00,2025-11-02 01:00:00+00:00,62,test
PLAYUSDT,2025-12-05 09:00:00+00:00,2025-12-06 09:00:00+00:00,62,test
PLAYUSDT,2026-01-23 17:00:00+00:00,2026-01-24 17:00:00+00:00,62,test
PLAYUSDT,2026-03-06 23:00:00+00:00,2026-03-07 23:00:00+00:00,62,test
PLAYUSDT,2026-05-01 03:00:00+00:00,2026-05-02 03:00:00+00:00,62,test
PLAYUSDT,2025-11-02 10:00:00+00:00,2025-11-03 10:00:00+00:00,63,test
PLAYUSDT,2025-12-01 07:00:00+00:00,2025-12-02 07:00:00+00:00,63,test
PLAYUSDT,2026-01-09 03:00:00+00:00,2026-01-10 03:00:00+00:00,63,test
PLAYUSDT,2026-03-03 17:00:00+00:00,2026-03-04 17:00:00+00:00,63,test
PLAYUSDT,2026-05-17 04:00:00+00:00,2026-05-18 04:00:00+00:00,63,test
PLAYUSDT,2025-11-02 13:00:00+00:00,2025-11-03 13:00:00+00:00,64,test
PLAYUSDT,2025-12-05 14:00:00+00:00,2025-12-06 14:00:00+00:00,64,test
PLAYUSDT,2026-01-21 15:00:00+00:00,2026-01-22 15:00:00+00:00,64,test
PLAYUSDT,2026-03-02 07:00:00+00:00,2026-03-03 07:00:00+00:00,64,test
PLAYUSDT,2026-04-29 21:00:00+00:00,2026-04-30 21:00:00+00:00,64,test
PLAYUSDT,2025-11-01 01:00:00+00:00,2025-11-02 01:00:00+00:00,65,test
PLAYUSDT,2025-12-04 03:00:00+00:00,2025-12-05 03:00:00+00:00,65,test
PLAYUSDT,2026-01-23 17:00:00+00:00,2026-01-24 17:00:00+00:00,65,test
PLAYUSDT,2026-03-03 07:00:00+00:00,2026-03-04 07:00:00+00:00,65,test
PLAYUSDT,2026-05-17 04:00:00+00:00,2026-05-18 04:00:00+00:00,65,test
PLAYUSDT,2025-11-01 01:00:00+00:00,2025-11-02 01:00:00+00:00,66,test
PLAYUSDT,2025-12-06 14:00:00+00:00,2025-12-07 14:00:00+00:00,66,test
PLAYUSDT,2026-01-24 07:00:00+00:00,2026-01-25 07:00:00+00:00,66,test
PLAYUSDT,2026-03-03 01:00:00+00:00,2026-03-04 01:00:00+00:00,66,test
PLAYUSDT,2026-05-17 04:00:00+00:00,2026-05-18 04:00:00+00:00,66,test
PLAYUSDT,2025-11-01 01:00:00+00:00,2025-11-02 01:00:00+00:00,67,test
PLAYUSDT,2025-12-06 21:00:00+00:00,2025-12-07 21:00:00+00:00,67,test
PLAYUSDT,2026-02-06 10:00:00+00:00,2026-02-07 10:00:00+00:00,67,test
PLAYUSDT,2026-03-05 05:00:00+00:00,2026-03-06 05:00:00+00:00,67,test
PLAYUSDT,2026-05-01 06:00:00+00:00,2026-05-02 06:00:00+00:00,67,test
PLAYUSDT,2025-11-01 03:00:00+00:00,2025-11-02 03:00:00+00:00,68,test
PLAYUSDT,2025-12-03 23:00:00+00:00,2025-12-04 23:00:00+00:00,68,test
PLAYUSDT,2026-02-02 01:00:00+00:00,2026-02-03 01:00:00+00:00,68,test
PLAYUSDT,2026-03-01 02:00:00+00:00,2026-03-02 02:00:00+00:00,68,test
PLAYUSDT,2026-05-17 04:00:00+00:00,2026-05-18 04:00:00+00:00,68,test
PLAYUSDT,2025-11-01 01:00:00+00:00,2025-11-02 01:00:00+00:00,69,test
PLAYUSDT,2025-12-04 04:00:00+00:00,2025-12-05 04:00:00+00:00,69,test
PLAYUSDT,2026-01-08 09:00:00+00:00,2026-01-09 09:00:00+00:00,69,test
PLAYUSDT,2026-03-05 20:00:00+00:00,2026-03-06 20:00:00+00:00,69,test
PLAYUSDT,2026-05-17 04:00:00+00:00,2026-05-18 04:00:00+00:00,69,test
PLAYUSDT,2025-11-04 13:00:00+00:00,2025-11-05 13:00:00+00:00,70,test
PLAYUSDT,2025-11-29 10:00:00+00:00,2025-11-30 10:00:00+00:00,70,test
PLAYUSDT,2026-01-23 06:00:00+00:00,2026-01-24 06:00:00+00:00,70,test
PLAYUSDT,2026-03-01 02:00:00+00:00,2026-03-02 02:00:00+00:00,70,test
PLAYUSDT,2026-05-17 04:00:00+00:00,2026-05-18 04:00:00+00:00,70,test
PLAYUSDT,2025-11-02 06:00:00+00:00,2025-11-03 06:00:00+00:00,71,test
PLAYUSDT,2025-12-07 12:00:00+00:00,2025-12-08 12:00:00+00:00,71,test
PLAYUSDT,2026-01-08 11:00:00+00:00,2026-01-09 11:00:00+00:00,71,test
PLAYUSDT,2026-03-02 09:00:00+00:00,2026-03-03 09:00:00+00:00,71,test
PLAYUSDT,2026-05-17 04:00:00+00:00,2026-05-18 04:00:00+00:00,71,test
PLAYUSDT,2025-11-01 01:00:00+00:00,2025-11-02 01:00:00+00:00,72,test
PLAYUSDT,2025-12-03 13:00:00+00:00,2025-12-04 13:00:00+00:00,72,test
PLAYUSDT,2026-01-22 19:00:00+00:00,2026-01-23 19:00:00+00:00,72,test
PLAYUSDT,2026-03-02 21:00:00+00:00,2026-03-03 21:00:00+00:00,72,test
PLAYUSDT,2026-05-17 04:00:00+00:00,2026-05-18 04:00:00+00:00,72,test
PLAYUSDT,2025-11-01 01:00:00+00:00,2025-11-02 01:00:00+00:00,73,test
PLAYUSDT,2025-12-01 19:00:00+00:00,2025-12-02 19:00:00+00:00,73,test
PLAYUSDT,2026-01-22 20:00:00+00:00,2026-01-23 20:00:00+00:00,73,test
PLAYUSDT,2026-03-01 05:00:00+00:00,2026-03-02 05:00:00+00:00,73,test
PLAYUSDT,2026-04-28 18:00:00+00:00,2026-04-29 18:00:00+00:00,73,test
PLAYUSDT,2025-11-04 20:00:00+00:00,2025-11-05 20:00:00+00:00,74,test
PLAYUSDT,2025-12-03 17:00:00+00:00,2025-12-04 17:00:00+00:00,74,test
PLAYUSDT,2026-01-21 19:00:00+00:00,2026-01-22 19:00:00+00:00,74,test
PLAYUSDT,2026-03-03 01:00:00+00:00,2026-03-04 01:00:00+00:00,74,test
PLAYUSDT,2026-05-17 04:00:00+00:00,2026-05-18 04:00:00+00:00,74,test
SOLUSDT,2024-05-05 14:00:00+00:00,2024-05-06 14:00:00+00:00,0,train
SOLUSDT,2024-09-11 00:00:00+00:00,2024-09-12 00:00:00+00:00,0,train
SOLUSDT,2025-02-07 03:00:00+00:00,2025-02-08 03:00:00+00:00,0,train
SOLUSDT,2025-06-19 23:00:00+00:00,2025-06-20 23:00:00+00:00,0,train
SOLUSDT,2025-10-31 00:00:00+00:00,2025-11-01 00:00:00+00:00,0,train
SOLUSDT,2024-05-02 00:00:00+00:00,2024-05-03 00:00:00+00:00,1,train
SOLUSDT,2024-08-20 14:00:00+00:00,2024-08-21 14:00:00+00:00,1,train
SOLUSDT,2025-02-13 19:00:00+00:00,2025-02-14 19:00:00+00:00,1,train
SOLUSDT,2025-07-12 22:00:00+00:00,2025-07-13 22:00:00+00:00,1,train
SOLUSDT,2025-10-31 00:00:00+00:00,2025-11-01 00:00:00+00:00,1,train
SOLUSDT,2024-05-02 00:00:00+00:00,2024-05-03 00:00:00+00:00,2,train
SOLUSDT,2024-09-02 09:00:00+00:00,2024-09-03 09:00:00+00:00,2,train
SOLUSDT,2025-02-02 04:00:00+00:00,2025-02-03 04:00:00+00:00,2,train
SOLUSDT,2025-06-28 03:00:00+00:00,2025-06-29 03:00:00+00:00,2,train
SOLUSDT,2025-10-31 00:00:00+00:00,2025-11-01 00:00:00+00:00,2,train
SOLUSDT,2024-05-14 19:00:00+00:00,2024-05-15 19:00:00+00:00,3,train
SOLUSDT,2024-09-14 06:00:00+00:00,2024-09-15 06:00:00+00:00,3,train
SOLUSDT,2025-02-08 14:00:00+00:00,2025-02-09 14:00:00+00:00,3,train
SOLUSDT,2025-06-22 16:00:00+00:00,2025-06-23 16:00:00+00:00,3,train
SOLUSDT,2025-10-31 00:00:00+00:00,2025-11-01 00:00:00+00:00,3,train
SOLUSDT,2024-05-26 06:00:00+00:00,2024-05-27 06:00:00+00:00,4,train
SOLUSDT,2024-09-16 03:00:00+00:00,2024-09-17 03:00:00+00:00,4,train
SOLUSDT,2025-01-08 06:00:00+00:00,2025-01-09 06:00:00+00:00,4,train
SOLUSDT,2025-07-08 05:00:00+00:00,2025-07-09 05:00:00+00:00,4,train
SOLUSDT,2025-10-27 20:00:00+00:00,2025-10-28 20:00:00+00:00,4,train
SOLUSDT,2024-05-06 05:00:00+00:00,2024-05-07 05:00:00+00:00,5,train
SOLUSDT,2024-09-26 03:00:00+00:00,2024-09-27 03:00:00+00:00,5,train
SOLUSDT,2025-02-12 02:00:00+00:00,2025-02-13 02:00:00+00:00,5,train
SOLUSDT,2025-06-22 22:00:00+00:00,2025-06-23 22:00:00+00:00,5,train
SOLUSDT,2025-10-22 06:00:00+00:00,2025-10-23 06:00:00+00:00,5,train
SOLUSDT,2024-05-27 20:00:00+00:00,2024-05-28 20:00:00+00:00,6,train
SOLUSDT,2024-09-25 04:00:00+00:00,2024-09-26 04:00:00+00:00,6,train
SOLUSDT,2025-01-07 05:00:00+00:00,2025-01-08 05:00:00+00:00,6,train
SOLUSDT,2025-07-19 00:00:00+00:00,2025-07-20 00:00:00+00:00,6,train
SOLUSDT,2025-10-16 06:00:00+00:00,2025-10-17 06:00:00+00:00,6,train
SOLUSDT,2025-11-01 01:00:00+00:00,2025-11-02 01:00:00+00:00,7,test
SOLUSDT,2025-12-27 18:00:00+00:00,2025-12-28 18:00:00+00:00,7,test
SOLUSDT,2026-02-18 17:00:00+00:00,2026-02-19 17:00:00+00:00,7,test
SOLUSDT,2026-04-12 19:00:00+00:00,2026-04-13 19:00:00+00:00,7,test
SOLUSDT,2026-05-24 04:00:00+00:00,2026-05-25 04:00:00+00:00,7,test
SOLUSDT,2024-05-02 00:00:00+00:00,2024-05-03 00:00:00+00:00,8,train
SOLUSDT,2024-09-11 19:00:00+00:00,2024-09-12 19:00:00+00:00,8,train
SOLUSDT,2025-02-10 15:00:00+00:00,2025-02-11 15:00:00+00:00,8,train
SOLUSDT,2025-06-22 00:00:00+00:00,2025-06-23 00:00:00+00:00,8,train
SOLUSDT,2025-10-15 10:00:00+00:00,2025-10-16 10:00:00+00:00,8,train
SOLUSDT,2024-05-12 11:00:00+00:00,2024-05-13 11:00:00+00:00,9,train
SOLUSDT,2024-08-26 17:00:00+00:00,2024-08-27 17:00:00+00:00,9,train
SOLUSDT,2025-02-04 08:00:00+00:00,2025-02-05 08:00:00+00:00,9,train
SOLUSDT,2025-07-12 18:00:00+00:00,2025-07-13 18:00:00+00:00,9,train
SOLUSDT,2025-10-31 00:00:00+00:00,2025-11-01 00:00:00+00:00,9,train
SUIUSDT,2024-05-04 08:00:00+00:00,2024-05-05 08:00:00+00:00,0,train
SUIUSDT,2024-10-18 15:00:00+00:00,2024-10-19 15:00:00+00:00,0,train
SUIUSDT,2025-02-26 12:00:00+00:00,2025-02-27 12:00:00+00:00,0,train
SUIUSDT,2025-07-08 10:00:00+00:00,2025-07-09 10:00:00+00:00,0,train
SUIUSDT,2025-10-13 15:00:00+00:00,2025-10-14 15:00:00+00:00,0,train
SUIUSDT,2024-05-02 00:00:00+00:00,2024-05-03 00:00:00+00:00,1,train
SUIUSDT,2024-10-04 20:00:00+00:00,2024-10-05 20:00:00+00:00,1,train
SUIUSDT,2025-01-09 16:00:00+00:00,2025-01-10 16:00:00+00:00,1,train
SUIUSDT,2025-06-05 23:00:00+00:00,2025-06-06 23:00:00+00:00,1,train
SUIUSDT,2025-10-18 10:00:00+00:00,2025-10-19 10:00:00+00:00,1,train
SUIUSDT,2024-05-02 00:00:00+00:00,2024-05-03 00:00:00+00:00,2,train
SUIUSDT,2024-10-13 14:00:00+00:00,2024-10-14 14:00:00+00:00,2,train
SUIUSDT,2025-02-25 19:00:00+00:00,2025-02-26 19:00:00+00:00,2,train
SUIUSDT,2025-07-10 02:00:00+00:00,2025-07-11 02:00:00+00:00,2,train
SUIUSDT,2025-10-18 01:00:00+00:00,2025-10-19 01:00:00+00:00,2,train
SUIUSDT,2024-05-02 00:00:00+00:00,2024-05-03 00:00:00+00:00,3,train
SUIUSDT,2024-10-03 01:00:00+00:00,2024-10-04 01:00:00+00:00,3,train
SUIUSDT,2025-01-19 18:00:00+00:00,2025-01-20 18:00:00+00:00,3,train
SUIUSDT,2025-06-17 15:00:00+00:00,2025-06-18 15:00:00+00:00,3,train
SUIUSDT,2025-10-23 01:00:00+00:00,2025-10-24 01:00:00+00:00,3,train
SUIUSDT,2024-05-02 00:00:00+00:00,2024-05-03 00:00:00+00:00,4,train
SUIUSDT,2024-10-17 14:00:00+00:00,2024-10-18 14:00:00+00:00,4,train
SUIUSDT,2025-01-29 23:00:00+00:00,2025-01-30 23:00:00+00:00,4,train
SUIUSDT,2025-07-06 09:00:00+00:00,2025-07-07 09:00:00+00:00,4,train
SUIUSDT,2025-10-25 18:00:00+00:00,2025-10-26 18:00:00+00:00,4,train
SUIUSDT,2024-05-18 17:00:00+00:00,2024-05-19 17:00:00+00:00,5,train
SUIUSDT,2024-09-06 07:00:00+00:00,2024-09-07 07:00:00+00:00,5,train
SUIUSDT,2025-01-28 16:00:00+00:00,2025-01-29 16:00:00+00:00,5,train
SUIUSDT,2025-07-11 09:00:00+00:00,2025-07-12 09:00:00+00:00,5,train
SUIUSDT,2025-10-17 09:00:00+00:00,2025-10-18 09:00:00+00:00,5,train
SUIUSDT,2024-05-02 00:00:00+00:00,2024-05-03 00:00:00+00:00,6,train
SUIUSDT,2024-09-21 09:00:00+00:00,2024-09-22 09:00:00+00:00,6,train
SUIUSDT,2025-01-04 22:00:00+00:00,2025-01-05 22:00:00+00:00,6,train
SUIUSDT,2025-07-08 20:00:00+00:00,2025-07-09 20:00:00+00:00,6,train
SUIUSDT,2025-10-07 03:00:00+00:00,2025-10-08 03:00:00+00:00,6,train
SUIUSDT,2024-05-02 00:00:00+00:00,2024-05-03 00:00:00+00:00,7,train
SUIUSDT,2024-08-31 01:00:00+00:00,2024-09-01 01:00:00+00:00,7,train
SUIUSDT,2025-01-25 19:00:00+00:00,2025-01-26 19:00:00+00:00,7,train
SUIUSDT,2025-07-09 08:00:00+00:00,2025-07-10 08:00:00+00:00,7,train
SUIUSDT,2025-10-13 14:00:00+00:00,2025-10-14 14:00:00+00:00,7,train
SUIUSDT,2025-11-01 01:00:00+00:00,2025-11-02 01:00:00+00:00,8,test
SUIUSDT,2025-12-16 01:00:00+00:00,2025-12-17 01:00:00+00:00,8,test
SUIUSDT,2026-02-21 17:00:00+00:00,2026-02-22 17:00:00+00:00,8,test
SUIUSDT,2026-04-09 20:00:00+00:00,2026-04-10 20:00:00+00:00,8,test
SUIUSDT,2026-05-17 13:00:00+00:00,2026-05-18 13:00:00+00:00,8,test
SUIUSDT,2025-11-01 01:00:00+00:00,2025-11-02 01:00:00+00:00,9,test
SUIUSDT,2025-12-14 06:00:00+00:00,2025-12-15 06:00:00+00:00,9,test
SUIUSDT,2026-02-12 15:00:00+00:00,2026-02-13 15:00:00+00:00,9,test
SUIUSDT,2026-03-29 00:00:00+00:00,2026-03-30 00:00:00+00:00,9,test
SUIUSDT,2026-05-20 02:00:00+00:00,2026-05-21 02:00:00+00:00,9,test
SUIUSDT,2025-11-05 10:00:00+00:00,2025-11-06 10:00:00+00:00,10,test
SUIUSDT,2025-12-17 10:00:00+00:00,2025-12-18 10:00:00+00:00,10,test
SUIUSDT,2026-02-13 23:00:00+00:00,2026-02-14 23:00:00+00:00,10,test
SUIUSDT,2026-04-10 23:00:00+00:00,2026-04-11 23:00:00+00:00,10,test
SUIUSDT,2026-05-26 17:00:00+00:00,2026-05-27 17:00:00+00:00,10,test
SUIUSDT,2025-11-01 01:00:00+00:00,2025-11-02 01:00:00+00:00,11,test
SUIUSDT,2025-12-20 07:00:00+00:00,2025-12-21 07:00:00+00:00,11,test
SUIUSDT,2026-02-11 13:00:00+00:00,2026-02-12 13:00:00+00:00,11,test
SUIUSDT,2026-03-29 19:00:00+00:00,2026-03-30 19:00:00+00:00,11,test
SUIUSDT,2026-05-26 17:00:00+00:00,2026-05-27 17:00:00+00:00,11,test
SUIUSDT,2024-05-02 00:00:00+00:00,2024-05-03 00:00:00+00:00,12,train
SUIUSDT,2024-09-22 23:00:00+00:00,2024-09-23 23:00:00+00:00,12,train
SUIUSDT,2025-01-13 21:00:00+00:00,2025-01-14 21:00:00+00:00,12,train
SUIUSDT,2025-06-22 11:00:00+00:00,2025-06-23 11:00:00+00:00,12,train
SUIUSDT,2025-10-31 00:00:00+00:00,2025-11-01 00:00:00+00:00,12,train
TAOUSDT,2024-05-02 00:00:00+00:00,2024-05-03 00:00:00+00:00,0,train
TAOUSDT,2024-09-11 03:00:00+00:00,2024-09-12 03:00:00+00:00,0,train
TAOUSDT,2025-01-11 18:00:00+00:00,2025-01-12 18:00:00+00:00,0,train
TAOUSDT,2025-06-12 02:00:00+00:00,2025-06-13 02:00:00+00:00,0,train
TAOUSDT,2025-10-29 05:00:00+00:00,2025-10-30 05:00:00+00:00,0,train
TAOUSDT,2024-05-02 00:00:00+00:00,2024-05-03 00:00:00+00:00,1,train
TAOUSDT,2024-10-14 22:00:00+00:00,2024-10-15 22:00:00+00:00,1,train
TAOUSDT,2025-02-16 22:00:00+00:00,2025-02-17 22:00:00+00:00,1,train
TAOUSDT,2025-05-29 20:00:00+00:00,2025-05-30 20:00:00+00:00,1,train
TAOUSDT,2025-10-06 09:00:00+00:00,2025-10-07 09:00:00+00:00,1,train
TAOUSDT,2024-05-08 10:00:00+00:00,2024-05-09 10:00:00+00:00,2,train
TAOUSDT,2024-09-03 17:00:00+00:00,2024-09-04 17:00:00+00:00,2,train
TAOUSDT,2025-01-03 12:00:00+00:00,2025-01-04 12:00:00+00:00,2,train
TAOUSDT,2025-06-16 02:00:00+00:00,2025-06-17 02:00:00+00:00,2,train
TAOUSDT,2025-10-29 05:00:00+00:00,2025-10-30 05:00:00+00:00,2,train
TAOUSDT,2024-05-10 00:00:00+00:00,2024-05-11 00:00:00+00:00,3,train
TAOUSDT,2024-10-11 03:00:00+00:00,2024-10-12 03:00:00+00:00,3,train
TAOUSDT,2025-02-08 10:00:00+00:00,2025-02-09 10:00:00+00:00,3,train
TAOUSDT,2025-05-23 08:00:00+00:00,2025-05-24 08:00:00+00:00,3,train
TAOUSDT,2025-10-29 05:00:00+00:00,2025-10-30 05:00:00+00:00,3,train
TAOUSDT,2024-05-14 03:00:00+00:00,2024-05-15 03:00:00+00:00,4,train
TAOUSDT,2024-09-13 11:00:00+00:00,2024-09-14 11:00:00+00:00,4,train
TAOUSDT,2025-01-02 23:00:00+00:00,2025-01-03 23:00:00+00:00,4,train
TAOUSDT,2025-07-04 10:00:00+00:00,2025-07-05 10:00:00+00:00,4,train
TAOUSDT,2025-10-29 05:00:00+00:00,2025-10-30 05:00:00+00:00,4,train
TAOUSDT,2024-05-24 12:00:00+00:00,2024-05-25 12:00:00+00:00,5,train
TAOUSDT,2024-09-04 07:00:00+00:00,2024-09-05 07:00:00+00:00,5,train
TAOUSDT,2025-02-12 08:00:00+00:00,2025-02-13 08:00:00+00:00,5,train
TAOUSDT,2025-06-18 05:00:00+00:00,2025-06-19 05:00:00+00:00,5,train
TAOUSDT,2025-10-29 05:00:00+00:00,2025-10-30 05:00:00+00:00,5,train
TAOUSDT,2024-05-02 00:00:00+00:00,2024-05-03 00:00:00+00:00,6,train
TAOUSDT,2024-09-28 23:00:00+00:00,2024-09-29 23:00:00+00:00,6,train
TAOUSDT,2025-01-13 00:00:00+00:00,2025-01-14 00:00:00+00:00,6,train
TAOUSDT,2025-06-22 09:00:00+00:00,2025-06-23 09:00:00+00:00,6,train
TAOUSDT,2025-10-25 15:00:00+00:00,2025-10-26 15:00:00+00:00,6,train
TAOUSDT,2024-05-02 00:00:00+00:00,2024-05-03 00:00:00+00:00,7,train
TAOUSDT,2024-08-26 04:00:00+00:00,2024-08-27 04:00:00+00:00,7,train
TAOUSDT,2025-01-21 09:00:00+00:00,2025-01-22 09:00:00+00:00,7,train
TAOUSDT,2025-06-09 18:00:00+00:00,2025-06-10 18:00:00+00:00,7,train
TAOUSDT,2025-09-27 13:00:00+00:00,2025-09-28 13:00:00+00:00,7,train
TAOUSDT,2024-05-02 00:00:00+00:00,2024-05-03 00:00:00+00:00,8,train
TAOUSDT,2024-10-15 02:00:00+00:00,2024-10-16 02:00:00+00:00,8,train
TAOUSDT,2025-01-29 18:00:00+00:00,2025-01-30 18:00:00+00:00,8,train
TAOUSDT,2025-06-27 15:00:00+00:00,2025-06-28 15:00:00+00:00,8,train
TAOUSDT,2025-10-27 22:00:00+00:00,2025-10-28 22:00:00+00:00,8,train
TAOUSDT,2024-05-02 00:00:00+00:00,2024-05-03 00:00:00+00:00,9,train
TAOUSDT,2024-10-16 10:00:00+00:00,2024-10-17 10:00:00+00:00,9,train
TAOUSDT,2025-01-23 07:00:00+00:00,2025-01-24 07:00:00+00:00,9,train
TAOUSDT,2025-06-24 10:00:00+00:00,2025-06-25 10:00:00+00:00,9,train
TAOUSDT,2025-10-24 03:00:00+00:00,2025-10-25 03:00:00+00:00,9,train
TAOUSDT,2024-05-02 00:00:00+00:00,2024-05-03 00:00:00+00:00,10,train
TAOUSDT,2024-10-01 17:00:00+00:00,2024-10-02 17:00:00+00:00,10,train
TAOUSDT,2025-02-15 10:00:00+00:00,2025-02-16 10:00:00+00:00,10,train
TAOUSDT,2025-06-06 01:00:00+00:00,2025-06-07 01:00:00+00:00,10,train
TAOUSDT,2025-10-29 05:00:00+00:00,2025-10-30 05:00:00+00:00,10,train
TAOUSDT,2024-05-02 00:00:00+00:00,2024-05-03 00:00:00+00:00,11,train
TAOUSDT,2024-09-06 15:00:00+00:00,2024-09-07 15:00:00+00:00,11,train
TAOUSDT,2025-01-01 21:00:00+00:00,2025-01-02 21:00:00+00:00,11,train
TAOUSDT,2025-06-10 04:00:00+00:00,2025-06-11 04:00:00+00:00,11,train
TAOUSDT,2025-10-29 05:00:00+00:00,2025-10-30 05:00:00+00:00,11,train
TAOUSDT,2024-05-02 00:00:00+00:00,2024-05-03 00:00:00+00:00,12,train
TAOUSDT,2024-10-17 11:00:00+00:00,2024-10-18 11:00:00+00:00,12,train
TAOUSDT,2025-02-22 09:00:00+00:00,2025-02-23 09:00:00+00:00,12,train
TAOUSDT,2025-07-02 14:00:00+00:00,2025-07-03 14:00:00+00:00,12,train
TAOUSDT,2025-10-29 05:00:00+00:00,2025-10-30 05:00:00+00:00,12,train
TAOUSDT,2024-05-16 02:00:00+00:00,2024-05-17 02:00:00+00:00,13,train
TAOUSDT,2024-09-28 02:00:00+00:00,2024-09-29 02:00:00+00:00,13,train
TAOUSDT,2025-01-31 16:00:00+00:00,2025-02-01 16:00:00+00:00,13,train
TAOUSDT,2025-05-31 18:00:00+00:00,2025-06-01 18:00:00+00:00,13,train
TAOUSDT,2025-10-29 05:00:00+00:00,2025-10-30 05:00:00+00:00,13,train
TAOUSDT,2024-05-17 16:00:00+00:00,2024-05-18 16:00:00+00:00,14,train
TAOUSDT,2024-09-10 02:00:00+00:00,2024-09-11 02:00:00+00:00,14,train
TAOUSDT,2025-01-22 21:00:00+00:00,2025-01-23 21:00:00+00:00,14,train
TAOUSDT,2025-06-16 23:00:00+00:00,2025-06-17 23:00:00+00:00,14,train
TAOUSDT,2025-10-29 05:00:00+00:00,2025-10-30 05:00:00+00:00,14,train
TAOUSDT,2024-05-25 16:00:00+00:00,2024-05-26 16:00:00+00:00,15,train
TAOUSDT,2024-10-17 11:00:00+00:00,2024-10-18 11:00:00+00:00,15,train
TAOUSDT,2025-01-30 02:00:00+00:00,2025-01-31 02:00:00+00:00,15,train
TAOUSDT,2025-07-07 03:00:00+00:00,2025-07-08 03:00:00+00:00,15,train
TAOUSDT,2025-10-29 05:00:00+00:00,2025-10-30 05:00:00+00:00,15,train
TAOUSDT,2024-05-05 08:00:00+00:00,2024-05-06 08:00:00+00:00,16,train
TAOUSDT,2024-09-06 01:00:00+00:00,2024-09-07 01:00:00+00:00,16,train
TAOUSDT,2025-02-18 14:00:00+00:00,2025-02-19 14:00:00+00:00,16,train
TAOUSDT,2025-07-06 20:00:00+00:00,2025-07-07 20:00:00+00:00,16,train
TAOUSDT,2025-10-01 00:00:00+00:00,2025-10-02 00:00:00+00:00,16,train
TAOUSDT,2025-11-03 06:00:00+00:00,2025-11-04 06:00:00+00:00,17,test
TAOUSDT,2025-12-22 05:00:00+00:00,2025-12-23 05:00:00+00:00,17,test
TAOUSDT,2026-02-08 11:00:00+00:00,2026-02-09 11:00:00+00:00,17,test
TAOUSDT,2026-04-01 22:00:00+00:00,2026-04-02 22:00:00+00:00,17,test
TAOUSDT,2026-05-22 20:00:00+00:00,2026-05-23 20:00:00+00:00,17,test
TAOUSDT,2025-11-08 15:00:00+00:00,2025-11-09 15:00:00+00:00,18,test
TAOUSDT,2025-12-18 14:00:00+00:00,2025-12-19 14:00:00+00:00,18,test
TAOUSDT,2026-02-06 15:00:00+00:00,2026-02-07 15:00:00+00:00,18,test
TAOUSDT,2026-04-17 17:00:00+00:00,2026-04-18 17:00:00+00:00,18,test
TAOUSDT,2026-05-26 17:00:00+00:00,2026-05-27 17:00:00+00:00,18,test
TAOUSDT,2025-11-03 06:00:00+00:00,2025-11-04 06:00:00+00:00,19,test
TAOUSDT,2025-12-26 08:00:00+00:00,2025-12-27 08:00:00+00:00,19,test
TAOUSDT,2026-01-31 11:00:00+00:00,2026-02-01 11:00:00+00:00,19,test
TAOUSDT,2026-04-10 08:00:00+00:00,2026-04-11 08:00:00+00:00,19,test
TAOUSDT,2026-05-25 06:00:00+00:00,2026-05-26 06:00:00+00:00,19,test
TAOUSDT,2025-11-04 23:00:00+00:00,2025-11-05 23:00:00+00:00,20,test
TAOUSDT,2025-12-25 22:00:00+00:00,2025-12-26 22:00:00+00:00,20,test
TAOUSDT,2026-02-17 22:00:00+00:00,2026-02-18 22:00:00+00:00,20,test
TAOUSDT,2026-04-06 11:00:00+00:00,2026-04-07 11:00:00+00:00,20,test
TAOUSDT,2026-05-26 04:00:00+00:00,2026-05-27 04:00:00+00:00,20,test
TAOUSDT,2024-05-16 17:00:00+00:00,2024-05-17 17:00:00+00:00,21,train
TAOUSDT,2024-09-13 21:00:00+00:00,2024-09-14 21:00:00+00:00,21,train
TAOUSDT,2025-02-10 07:00:00+00:00,2025-02-11 07:00:00+00:00,21,train
TAOUSDT,2025-06-30 20:00:00+00:00,2025-07-01 20:00:00+00:00,21,train
TAOUSDT,2025-10-29 05:00:00+00:00,2025-10-30 05:00:00+00:00,21,train
TAOUSDT,2024-05-02 00:00:00+00:00,2024-05-03 00:00:00+00:00,22,train
TAOUSDT,2024-09-14 16:00:00+00:00,2024-09-15 16:00:00+00:00,22,train
TAOUSDT,2025-02-21 04:00:00+00:00,2025-02-22 04:00:00+00:00,22,train
TAOUSDT,2025-05-27 10:00:00+00:00,2025-05-28 10:00:00+00:00,22,train
TAOUSDT,2025-09-28 15:00:00+00:00,2025-09-29 15:00:00+00:00,22,train
TONUSDT,2024-05-22 04:00:00+00:00,2024-05-23 04:00:00+00:00,0,train
TONUSDT,2024-09-14 01:00:00+00:00,2024-09-15 01:00:00+00:00,0,train
TONUSDT,2025-01-04 07:00:00+00:00,2025-01-05 07:00:00+00:00,0,train
TONUSDT,2025-06-07 00:00:00+00:00,2025-06-08 00:00:00+00:00,0,train
TONUSDT,2025-10-31 00:00:00+00:00,2025-11-01 00:00:00+00:00,0,train
TONUSDT,2024-05-02 00:00:00+00:00,2024-05-03 00:00:00+00:00,1,train
TONUSDT,2024-10-07 02:00:00+00:00,2024-10-08 02:00:00+00:00,1,train
TONUSDT,2025-02-16 04:00:00+00:00,2025-02-17 04:00:00+00:00,1,train
TONUSDT,2025-06-05 20:00:00+00:00,2025-06-06 20:00:00+00:00,1,train
TONUSDT,2025-10-31 00:00:00+00:00,2025-11-01 00:00:00+00:00,1,train
TONUSDT,2024-05-18 15:00:00+00:00,2024-05-19 15:00:00+00:00,2,train
TONUSDT,2024-09-02 16:00:00+00:00,2024-09-03 16:00:00+00:00,2,train
TONUSDT,2025-02-11 08:00:00+00:00,2025-02-12 08:00:00+00:00,2,train
TONUSDT,2025-06-20 01:00:00+00:00,2025-06-21 01:00:00+00:00,2,train
TONUSDT,2025-10-31 00:00:00+00:00,2025-11-01 00:00:00+00:00,2,train
TONUSDT,2024-05-20 02:00:00+00:00,2024-05-21 02:00:00+00:00,3,train
TONUSDT,2024-09-03 08:00:00+00:00,2024-09-04 08:00:00+00:00,3,train
TONUSDT,2025-02-06 15:00:00+00:00,2025-02-07 15:00:00+00:00,3,train
TONUSDT,2025-07-01 10:00:00+00:00,2025-07-02 10:00:00+00:00,3,train
TONUSDT,2025-10-16 15:00:00+00:00,2025-10-17 15:00:00+00:00,3,train
TONUSDT,2024-05-26 17:00:00+00:00,2024-05-27 17:00:00+00:00,4,train
TONUSDT,2024-09-11 10:00:00+00:00,2024-09-12 10:00:00+00:00,4,train
TONUSDT,2025-02-15 11:00:00+00:00,2025-02-16 11:00:00+00:00,4,train
TONUSDT,2025-06-04 13:00:00+00:00,2025-06-05 13:00:00+00:00,4,train
TONUSDT,2025-10-07 05:00:00+00:00,2025-10-08 05:00:00+00:00,4,train
TONUSDT,2024-05-25 22:00:00+00:00,2024-05-26 22:00:00+00:00,5,train
TONUSDT,2024-09-10 05:00:00+00:00,2024-09-11 05:00:00+00:00,5,train
TONUSDT,2025-01-10 23:00:00+00:00,2025-01-11 23:00:00+00:00,5,train
TONUSDT,2025-05-26 02:00:00+00:00,2025-05-27 02:00:00+00:00,5,train
TONUSDT,2025-09-30 18:00:00+00:00,2025-10-01 18:00:00+00:00,5,train
TONUSDT,2024-05-21 15:00:00+00:00,2024-05-22 15:00:00+00:00,6,train
TONUSDT,2024-09-26 22:00:00+00:00,2024-09-27 22:00:00+00:00,6,train
TONUSDT,2025-01-29 06:00:00+00:00,2025-01-30 06:00:00+00:00,6,train
TONUSDT,2025-06-02 04:00:00+00:00,2025-06-03 04:00:00+00:00,6,train
TONUSDT,2025-10-26 19:00:00+00:00,2025-10-27 19:00:00+00:00,6,train
TONUSDT,2025-11-09 22:00:00+00:00,2025-11-10 22:00:00+00:00,7,test
TONUSDT,2025-12-26 04:00:00+00:00,2025-12-27 04:00:00+00:00,7,test
TONUSDT,2026-02-07 10:00:00+00:00,2026-02-08 10:00:00+00:00,7,test
TONUSDT,2026-03-26 16:00:00+00:00,2026-03-27 16:00:00+00:00,7,test
TONUSDT,2026-05-19 20:00:00+00:00,2026-05-20 20:00:00+00:00,7,test
TONUSDT,2025-11-01 01:00:00+00:00,2025-11-02 01:00:00+00:00,8,test
TONUSDT,2025-12-10 00:00:00+00:00,2025-12-11 00:00:00+00:00,8,test
TONUSDT,2026-02-04 06:00:00+00:00,2026-02-05 06:00:00+00:00,8,test
TONUSDT,2026-03-27 11:00:00+00:00,2026-03-28 11:00:00+00:00,8,test
TONUSDT,2026-05-18 18:00:00+00:00,2026-05-19 18:00:00+00:00,8,test
TONUSDT,2025-11-09 17:00:00+00:00,2025-11-10 17:00:00+00:00,9,test
TONUSDT,2025-12-21 17:00:00+00:00,2025-12-22 17:00:00+00:00,9,test
TONUSDT,2026-01-31 17:00:00+00:00,2026-02-01 17:00:00+00:00,9,test
TONUSDT,2026-03-31 03:00:00+00:00,2026-04-01 03:00:00+00:00,9,test
TONUSDT,2026-05-15 12:00:00+00:00,2026-05-16 12:00:00+00:00,9,test
TONUSDT,2025-11-07 21:00:00+00:00,2025-11-08 21:00:00+00:00,10,test
TONUSDT,2025-12-23 22:00:00+00:00,2025-12-24 22:00:00+00:00,10,test
TONUSDT,2026-02-05 07:00:00+00:00,2026-02-06 07:00:00+00:00,10,test
TONUSDT,2026-03-28 07:00:00+00:00,2026-03-29 07:00:00+00:00,10,test
TONUSDT,2026-05-22 12:00:00+00:00,2026-05-23 12:00:00+00:00,10,test
UBUSDT,2025-09-14 21:00:00+00:00,2025-09-15 21:00:00+00:00,0,train
UBUSDT,2025-09-21 08:00:00+00:00,2025-09-22 08:00:00+00:00,0,train
UBUSDT,2025-10-04 12:00:00+00:00,2025-10-05 12:00:00+00:00,0,train
UBUSDT,2025-10-11 07:00:00+00:00,2025-10-12 07:00:00+00:00,0,train
UBUSDT,2025-10-31 00:00:00+00:00,2025-11-01 00:00:00+00:00,0,train
UBUSDT,2025-11-01 01:00:00+00:00,2025-11-02 01:00:00+00:00,1,test
UBUSDT,2025-12-01 00:00:00+00:00,2025-12-02 00:00:00+00:00,1,test
UBUSDT,2026-01-14 09:00:00+00:00,2026-01-15 09:00:00+00:00,1,test
UBUSDT,2026-03-07 04:00:00+00:00,2026-03-08 04:00:00+00:00,1,test
UBUSDT,2026-05-23 20:00:00+00:00,2026-05-24 20:00:00+00:00,1,test
UBUSDT,2025-11-07 16:00:00+00:00,2025-11-08 16:00:00+00:00,2,test
UBUSDT,2025-12-07 00:00:00+00:00,2025-12-08 00:00:00+00:00,2,test
UBUSDT,2026-01-14 06:00:00+00:00,2026-01-15 06:00:00+00:00,2,test
UBUSDT,2026-03-07 09:00:00+00:00,2026-03-08 09:00:00+00:00,2,test
UBUSDT,2026-05-20 22:00:00+00:00,2026-05-21 22:00:00+00:00,2,test
UBUSDT,2025-11-07 22:00:00+00:00,2025-11-08 22:00:00+00:00,3,test
UBUSDT,2025-12-02 14:00:00+00:00,2025-12-03 14:00:00+00:00,3,test
UBUSDT,2026-01-24 12:00:00+00:00,2026-01-25 12:00:00+00:00,3,test
UBUSDT,2026-03-12 12:00:00+00:00,2026-03-13 12:00:00+00:00,3,test
UBUSDT,2026-05-26 02:00:00+00:00,2026-05-27 02:00:00+00:00,3,test
UBUSDT,2025-11-01 01:00:00+00:00,2025-11-02 01:00:00+00:00,4,test
UBUSDT,2025-12-08 01:00:00+00:00,2025-12-09 01:00:00+00:00,4,test
UBUSDT,2026-01-19 01:00:00+00:00,2026-01-20 01:00:00+00:00,4,test
UBUSDT,2026-03-04 17:00:00+00:00,2026-03-05 17:00:00+00:00,4,test
UBUSDT,2026-05-24 06:00:00+00:00,2026-05-25 06:00:00+00:00,4,test
UBUSDT,2025-11-05 11:00:00+00:00,2025-11-06 11:00:00+00:00,5,test
UBUSDT,2025-12-07 11:00:00+00:00,2025-12-08 11:00:00+00:00,5,test
UBUSDT,2026-01-24 15:00:00+00:00,2026-01-25 15:00:00+00:00,5,test
UBUSDT,2026-03-08 11:00:00+00:00,2026-03-09 11:00:00+00:00,5,test
UBUSDT,2026-05-26 17:00:00+00:00,2026-05-27 17:00:00+00:00,5,test
UBUSDT,2025-11-02 14:00:00+00:00,2025-11-03 14:00:00+00:00,6,test
UBUSDT,2025-12-01 17:00:00+00:00,2025-12-02 17:00:00+00:00,6,test
UBUSDT,2026-01-15 20:00:00+00:00,2026-01-16 20:00:00+00:00,6,test
UBUSDT,2026-03-11 17:00:00+00:00,2026-03-12 17:00:00+00:00,6,test
UBUSDT,2026-05-24 20:00:00+00:00,2026-05-25 20:00:00+00:00,6,test
UBUSDT,2025-11-01 01:00:00+00:00,2025-11-02 01:00:00+00:00,7,test
UBUSDT,2025-12-10 13:00:00+00:00,2025-12-11 13:00:00+00:00,7,test
UBUSDT,2026-01-17 19:00:00+00:00,2026-01-18 19:00:00+00:00,7,test
UBUSDT,2026-03-14 11:00:00+00:00,2026-03-15 11:00:00+00:00,7,test
UBUSDT,2026-05-26 12:00:00+00:00,2026-05-27 12:00:00+00:00,7,test
UBUSDT,2025-11-05 22:00:00+00:00,2025-11-06 22:00:00+00:00,8,test
UBUSDT,2025-12-10 03:00:00+00:00,2025-12-11 03:00:00+00:00,8,test
UBUSDT,2026-01-26 03:00:00+00:00,2026-01-27 03:00:00+00:00,8,test
UBUSDT,2026-03-07 23:00:00+00:00,2026-03-08 23:00:00+00:00,8,test
UBUSDT,2026-05-26 17:00:00+00:00,2026-05-27 17:00:00+00:00,8,test
UBUSDT,2025-11-01 01:00:00+00:00,2025-11-02 01:00:00+00:00,9,test
UBUSDT,2025-12-05 00:00:00+00:00,2025-12-06 00:00:00+00:00,9,test
UBUSDT,2026-01-21 06:00:00+00:00,2026-01-22 06:00:00+00:00,9,test
UBUSDT,2026-03-14 03:00:00+00:00,2026-03-15 03:00:00+00:00,9,test
UBUSDT,2026-05-26 17:00:00+00:00,2026-05-27 17:00:00+00:00,9,test
UBUSDT,2025-11-07 22:00:00+00:00,2025-11-08 22:00:00+00:00,10,test
UBUSDT,2025-12-08 08:00:00+00:00,2025-12-09 08:00:00+00:00,10,test
UBUSDT,2026-01-14 12:00:00+00:00,2026-01-15 12:00:00+00:00,10,test
UBUSDT,2026-03-09 10:00:00+00:00,2026-03-10 10:00:00+00:00,10,test
UBUSDT,2026-05-22 12:00:00+00:00,2026-05-23 12:00:00+00:00,10,test
UBUSDT,2025-11-05 00:00:00+00:00,2025-11-06 00:00:00+00:00,11,test
UBUSDT,2025-11-29 04:00:00+00:00,2025-11-30 04:00:00+00:00,11,test
UBUSDT,2026-01-18 00:00:00+00:00,2026-01-19 00:00:00+00:00,11,test
UBUSDT,2026-03-05 20:00:00+00:00,2026-03-06 20:00:00+00:00,11,test
UBUSDT,2026-05-23 06:00:00+00:00,2026-05-24 06:00:00+00:00,11,test
UBUSDT,2025-11-01 01:00:00+00:00,2025-11-02 01:00:00+00:00,12,test
UBUSDT,2025-12-04 09:00:00+00:00,2025-12-05 09:00:00+00:00,12,test
UBUSDT,2026-01-23 10:00:00+00:00,2026-01-24 10:00:00+00:00,12,test
UBUSDT,2026-03-08 21:00:00+00:00,2026-03-09 21:00:00+00:00,12,test
UBUSDT,2026-05-20 08:00:00+00:00,2026-05-21 08:00:00+00:00,12,test
UBUSDT,2025-11-01 01:00:00+00:00,2025-11-02 01:00:00+00:00,13,test
UBUSDT,2025-12-05 16:00:00+00:00,2025-12-06 16:00:00+00:00,13,test
UBUSDT,2026-01-23 23:00:00+00:00,2026-01-24 23:00:00+00:00,13,test
UBUSDT,2026-03-02 17:00:00+00:00,2026-03-03 17:00:00+00:00,13,test
UBUSDT,2026-05-26 17:00:00+00:00,2026-05-27 17:00:00+00:00,13,test
UBUSDT,2025-11-01 01:00:00+00:00,2025-11-02 01:00:00+00:00,14,test
UBUSDT,2025-12-01 04:00:00+00:00,2025-12-02 04:00:00+00:00,14,test
UBUSDT,2026-01-23 10:00:00+00:00,2026-01-24 10:00:00+00:00,14,test
UBUSDT,2026-03-07 11:00:00+00:00,2026-03-08 11:00:00+00:00,14,test
UBUSDT,2026-05-26 17:00:00+00:00,2026-05-27 17:00:00+00:00,14,test
UBUSDT,2025-11-06 16:00:00+00:00,2025-11-07 16:00:00+00:00,15,test
UBUSDT,2025-12-10 14:00:00+00:00,2025-12-11 14:00:00+00:00,15,test
UBUSDT,2026-01-19 23:00:00+00:00,2026-01-20 23:00:00+00:00,15,test
UBUSDT,2026-03-09 15:00:00+00:00,2026-03-10 15:00:00+00:00,15,test
UBUSDT,2026-05-26 17:00:00+00:00,2026-05-27 17:00:00+00:00,15,test
UBUSDT,2025-11-01 01:00:00+00:00,2025-11-02 01:00:00+00:00,16,test
UBUSDT,2025-12-08 02:00:00+00:00,2025-12-09 02:00:00+00:00,16,test
UBUSDT,2026-01-15 12:00:00+00:00,2026-01-16 12:00:00+00:00,16,test
UBUSDT,2026-03-01 14:00:00+00:00,2026-03-02 14:00:00+00:00,16,test
UBUSDT,2026-05-26 17:00:00+00:00,2026-05-27 17:00:00+00:00,16,test
UBUSDT,2025-11-07 20:00:00+00:00,2025-11-08 20:00:00+00:00,17,test
UBUSDT,2025-12-02 06:00:00+00:00,2025-12-03 06:00:00+00:00,17,test
UBUSDT,2026-01-20 01:00:00+00:00,2026-01-21 01:00:00+00:00,17,test
UBUSDT,2026-03-03 05:00:00+00:00,2026-03-04 05:00:00+00:00,17,test
UBUSDT,2026-05-20 07:00:00+00:00,2026-05-21 07:00:00+00:00,17,test
UBUSDT,2025-11-01 01:00:00+00:00,2025-11-02 01:00:00+00:00,18,test
UBUSDT,2025-11-30 04:00:00+00:00,2025-12-01 04:00:00+00:00,18,test
UBUSDT,2026-01-25 15:00:00+00:00,2026-01-26 15:00:00+00:00,18,test
UBUSDT,2026-03-05 03:00:00+00:00,2026-03-06 03:00:00+00:00,18,test
UBUSDT,2026-05-26 17:00:00+00:00,2026-05-27 17:00:00+00:00,18,test
UBUSDT,2025-11-01 01:00:00+00:00,2025-11-02 01:00:00+00:00,19,test
UBUSDT,2025-12-11 21:00:00+00:00,2025-12-12 21:00:00+00:00,19,test
UBUSDT,2026-01-14 09:00:00+00:00,2026-01-15 09:00:00+00:00,19,test
UBUSDT,2026-03-12 18:00:00+00:00,2026-03-13 18:00:00+00:00,19,test
UBUSDT,2026-05-26 05:00:00+00:00,2026-05-27 05:00:00+00:00,19,test
UBUSDT,2025-09-13 14:00:00+00:00,2025-09-14 14:00:00+00:00,20,train
UBUSDT,2025-09-21 06:00:00+00:00,2025-09-22 06:00:00+00:00,20,train
UBUSDT,2025-10-03 00:00:00+00:00,2025-10-04 00:00:00+00:00,20,train
UBUSDT,2025-10-13 07:00:00+00:00,2025-10-14 07:00:00+00:00,20,train
UBUSDT,2025-10-31 00:00:00+00:00,2025-11-01 00:00:00+00:00,20,train
UBUSDT,2025-09-13 10:00:00+00:00,2025-09-14 10:00:00+00:00,21,train
UBUSDT,2025-09-21 06:00:00+00:00,2025-09-22 06:00:00+00:00,21,train
UBUSDT,2025-10-01 15:00:00+00:00,2025-10-02 15:00:00+00:00,21,train
UBUSDT,2025-10-13 12:00:00+00:00,2025-10-14 12:00:00+00:00,21,train
UBUSDT,2025-10-30 22:00:00+00:00,2025-10-31 22:00:00+00:00,21,train
UBUSDT,2025-09-14 06:00:00+00:00,2025-09-15 06:00:00+00:00,22,train
UBUSDT,2025-09-24 16:00:00+00:00,2025-09-25 16:00:00+00:00,22,train
UBUSDT,2025-10-03 11:00:00+00:00,2025-10-04 11:00:00+00:00,22,train
UBUSDT,2025-10-14 00:00:00+00:00,2025-10-15 00:00:00+00:00,22,train
UBUSDT,2025-10-30 11:00:00+00:00,2025-10-31 11:00:00+00:00,22,train
UBUSDT,2025-11-04 17:00:00+00:00,2025-11-05 17:00:00+00:00,23,test
UBUSDT,2025-12-02 02:00:00+00:00,2025-12-03 02:00:00+00:00,23,test
UBUSDT,2026-01-16 10:00:00+00:00,2026-01-17 10:00:00+00:00,23,test
UBUSDT,2026-03-12 04:00:00+00:00,2026-03-13 04:00:00+00:00,23,test
UBUSDT,2026-05-26 17:00:00+00:00,2026-05-27 17:00:00+00:00,23,test
UBUSDT,2025-11-01 01:00:00+00:00,2025-11-02 01:00:00+00:00,24,test
UBUSDT,2025-12-07 20:00:00+00:00,2025-12-08 20:00:00+00:00,24,test
UBUSDT,2026-01-15 08:00:00+00:00,2026-01-16 08:00:00+00:00,24,test
UBUSDT,2026-03-12 10:00:00+00:00,2026-03-13 10:00:00+00:00,24,test
UBUSDT,2026-05-26 17:00:00+00:00,2026-05-27 17:00:00+00:00,24,test
UBUSDT,2025-11-03 02:00:00+00:00,2025-11-04 02:00:00+00:00,25,test
UBUSDT,2025-12-10 21:00:00+00:00,2025-12-11 21:00:00+00:00,25,test
UBUSDT,2026-01-18 11:00:00+00:00,2026-01-19 11:00:00+00:00,25,test
UBUSDT,2026-03-05 03:00:00+00:00,2026-03-06 03:00:00+00:00,25,test
UBUSDT,2026-05-24 05:00:00+00:00,2026-05-25 05:00:00+00:00,25,test
UBUSDT,2025-11-04 01:00:00+00:00,2025-11-05 01:00:00+00:00,26,test
UBUSDT,2025-12-05 00:00:00+00:00,2025-12-06 00:00:00+00:00,26,test
UBUSDT,2026-01-24 22:00:00+00:00,2026-01-25 22:00:00+00:00,26,test
UBUSDT,2026-03-11 03:00:00+00:00,2026-03-12 03:00:00+00:00,26,test
UBUSDT,2026-05-26 17:00:00+00:00,2026-05-27 17:00:00+00:00,26,test
UBUSDT,2025-11-01 09:00:00+00:00,2025-11-02 09:00:00+00:00,27,test
UBUSDT,2025-12-04 23:00:00+00:00,2025-12-05 23:00:00+00:00,27,test
UBUSDT,2026-01-20 16:00:00+00:00,2026-01-21 16:00:00+00:00,27,test
UBUSDT,2026-03-03 07:00:00+00:00,2026-03-04 07:00:00+00:00,27,test
UBUSDT,2026-05-26 17:00:00+00:00,2026-05-27 17:00:00+00:00,27,test
UBUSDT,2025-11-01 22:00:00+00:00,2025-11-02 22:00:00+00:00,28,test
UBUSDT,2025-12-04 18:00:00+00:00,2025-12-05 18:00:00+00:00,28,test
UBUSDT,2026-01-14 14:00:00+00:00,2026-01-15 14:00:00+00:00,28,test
UBUSDT,2026-03-05 00:00:00+00:00,2026-03-06 00:00:00+00:00,28,test
UBUSDT,2026-05-26 17:00:00+00:00,2026-05-27 17:00:00+00:00,28,test
UBUSDT,2025-11-04 05:00:00+00:00,2025-11-05 05:00:00+00:00,29,test
UBUSDT,2025-12-07 02:00:00+00:00,2025-12-08 02:00:00+00:00,29,test
UBUSDT,2026-01-26 01:00:00+00:00,2026-01-27 01:00:00+00:00,29,test
UBUSDT,2026-03-05 16:00:00+00:00,2026-03-06 16:00:00+00:00,29,test
UBUSDT,2026-05-26 17:00:00+00:00,2026-05-27 17:00:00+00:00,29,test
UBUSDT,2025-11-03 17:00:00+00:00,2025-11-04 17:00:00+00:00,30,test
UBUSDT,2025-12-10 03:00:00+00:00,2025-12-11 03:00:00+00:00,30,test
UBUSDT,2026-01-14 08:00:00+00:00,2026-01-15 08:00:00+00:00,30,test
UBUSDT,2026-03-13 23:00:00+00:00,2026-03-14 23:00:00+00:00,30,test
UBUSDT,2026-05-21 09:00:00+00:00,2026-05-22 09:00:00+00:00,30,test
UBUSDT,2025-11-01 01:00:00+00:00,2025-11-02 01:00:00+00:00,31,test
UBUSDT,2025-12-10 15:00:00+00:00,2025-12-11 15:00:00+00:00,31,test
UBUSDT,2026-01-25 14:00:00+00:00,2026-01-26 14:00:00+00:00,31,test
UBUSDT,2026-03-03 17:00:00+00:00,2026-03-04 17:00:00+00:00,31,test
UBUSDT,2026-05-26 17:00:00+00:00,2026-05-27 17:00:00+00:00,31,test
UBUSDT,2025-11-01 01:00:00+00:00,2025-11-02 01:00:00+00:00,32,test
UBUSDT,2025-11-30 17:00:00+00:00,2025-12-01 17:00:00+00:00,32,test
UBUSDT,2026-01-20 19:00:00+00:00,2026-01-21 19:00:00+00:00,32,test
UBUSDT,2026-03-12 09:00:00+00:00,2026-03-13 09:00:00+00:00,32,test
UBUSDT,2026-05-25 19:00:00+00:00,2026-05-26 19:00:00+00:00,32,test
UBUSDT,2025-11-07 21:00:00+00:00,2025-11-08 21:00:00+00:00,33,test
UBUSDT,2025-12-04 09:00:00+00:00,2025-12-05 09:00:00+00:00,33,test
UBUSDT,2026-01-14 17:00:00+00:00,2026-01-15 17:00:00+00:00,33,test
UBUSDT,2026-03-03 03:00:00+00:00,2026-03-04 03:00:00+00:00,33,test
UBUSDT,2026-05-19 17:00:00+00:00,2026-05-20 17:00:00+00:00,33,test
UBUSDT,2025-11-01 01:00:00+00:00,2025-11-02 01:00:00+00:00,34,test
UBUSDT,2025-12-03 14:00:00+00:00,2025-12-04 14:00:00+00:00,34,test
UBUSDT,2026-01-13 14:00:00+00:00,2026-01-14 14:00:00+00:00,34,test
UBUSDT,2026-03-15 02:00:00+00:00,2026-03-16 02:00:00+00:00,34,test
UBUSDT,2026-05-22 16:00:00+00:00,2026-05-23 16:00:00+00:00,34,test
UBUSDT,2025-11-01 01:00:00+00:00,2025-11-02 01:00:00+00:00,35,test
UBUSDT,2025-12-10 06:00:00+00:00,2025-12-11 06:00:00+00:00,35,test
UBUSDT,2026-01-22 19:00:00+00:00,2026-01-23 19:00:00+00:00,35,test
UBUSDT,2026-03-13 19:00:00+00:00,2026-03-14 19:00:00+00:00,35,test
UBUSDT,2026-05-23 10:00:00+00:00,2026-05-24 10:00:00+00:00,35,test
UBUSDT,2025-11-01 01:00:00+00:00,2025-11-02 01:00:00+00:00,36,test
UBUSDT,2025-12-09 12:00:00+00:00,2025-12-10 12:00:00+00:00,36,test
UBUSDT,2026-01-13 03:00:00+00:00,2026-01-14 03:00:00+00:00,36,test
UBUSDT,2026-03-07 15:00:00+00:00,2026-03-08 15:00:00+00:00,36,test
UBUSDT,2026-05-26 17:00:00+00:00,2026-05-27 17:00:00+00:00,36,test
UBUSDT,2025-11-01 01:00:00+00:00,2025-11-02 01:00:00+00:00,37,test
UBUSDT,2025-12-08 01:00:00+00:00,2025-12-09 01:00:00+00:00,37,test
UBUSDT,2026-01-20 04:00:00+00:00,2026-01-21 04:00:00+00:00,37,test
UBUSDT,2026-03-08 13:00:00+00:00,2026-03-09 13:00:00+00:00,37,test
UBUSDT,2026-05-25 18:00:00+00:00,2026-05-26 18:00:00+00:00,37,test
UBUSDT,2025-11-07 12:00:00+00:00,2025-11-08 12:00:00+00:00,38,test
UBUSDT,2025-12-05 19:00:00+00:00,2025-12-06 19:00:00+00:00,38,test
UBUSDT,2026-01-18 02:00:00+00:00,2026-01-19 02:00:00+00:00,38,test
UBUSDT,2026-03-04 16:00:00+00:00,2026-03-05 16:00:00+00:00,38,test
UBUSDT,2026-05-25 19:00:00+00:00,2026-05-26 19:00:00+00:00,38,test
UBUSDT,2025-11-03 23:00:00+00:00,2025-11-04 23:00:00+00:00,39,test
UBUSDT,2025-12-02 14:00:00+00:00,2025-12-03 14:00:00+00:00,39,test
UBUSDT,2026-01-17 12:00:00+00:00,2026-01-18 12:00:00+00:00,39,test
UBUSDT,2026-03-10 15:00:00+00:00,2026-03-11 15:00:00+00:00,39,test
UBUSDT,2026-05-26 17:00:00+00:00,2026-05-27 17:00:00+00:00,39,test
WLDUSDT,2024-05-04 07:00:00+00:00,2024-05-05 07:00:00+00:00,0,train
WLDUSDT,2024-08-16 12:00:00+00:00,2024-08-17 12:00:00+00:00,0,train
WLDUSDT,2025-02-19 14:00:00+00:00,2025-02-20 14:00:00+00:00,0,train
WLDUSDT,2025-05-28 23:00:00+00:00,2025-05-29 23:00:00+00:00,0,train
WLDUSDT,2025-10-14 10:00:00+00:00,2025-10-15 10:00:00+00:00,0,train
WLDUSDT,2024-05-02 00:00:00+00:00,2024-05-03 00:00:00+00:00,1,train
WLDUSDT,2024-09-21 17:00:00+00:00,2024-09-22 17:00:00+00:00,1,train
WLDUSDT,2025-01-09 10:00:00+00:00,2025-01-10 10:00:00+00:00,1,train
WLDUSDT,2025-06-17 01:00:00+00:00,2025-06-18 01:00:00+00:00,1,train
WLDUSDT,2025-10-31 00:00:00+00:00,2025-11-01 00:00:00+00:00,1,train
WLDUSDT,2024-05-06 17:00:00+00:00,2024-05-07 17:00:00+00:00,2,train
WLDUSDT,2024-09-15 22:00:00+00:00,2024-09-16 22:00:00+00:00,2,train
WLDUSDT,2025-02-25 19:00:00+00:00,2025-02-26 19:00:00+00:00,2,train
WLDUSDT,2025-06-12 12:00:00+00:00,2025-06-13 12:00:00+00:00,2,train
WLDUSDT,2025-10-31 00:00:00+00:00,2025-11-01 00:00:00+00:00,2,train
WLDUSDT,2024-05-03 05:00:00+00:00,2024-05-04 05:00:00+00:00,3,train
WLDUSDT,2024-08-30 22:00:00+00:00,2024-08-31 22:00:00+00:00,3,train
WLDUSDT,2025-01-13 00:00:00+00:00,2025-01-14 00:00:00+00:00,3,train
WLDUSDT,2025-06-04 08:00:00+00:00,2025-06-05 08:00:00+00:00,3,train
WLDUSDT,2025-10-31 00:00:00+00:00,2025-11-01 00:00:00+00:00,3,train
WLDUSDT,2024-05-02 00:00:00+00:00,2024-05-03 00:00:00+00:00,4,train
WLDUSDT,2024-09-01 06:00:00+00:00,2024-09-02 06:00:00+00:00,4,train
WLDUSDT,2025-01-10 11:00:00+00:00,2025-01-11 11:00:00+00:00,4,train
WLDUSDT,2025-07-04 16:00:00+00:00,2025-07-05 16:00:00+00:00,4,train
WLDUSDT,2025-10-29 22:00:00+00:00,2025-10-30 22:00:00+00:00,4,train
WLDUSDT,2024-05-02 00:00:00+00:00,2024-05-03 00:00:00+00:00,5,train
WLDUSDT,2024-10-06 18:00:00+00:00,2024-10-07 18:00:00+00:00,5,train
WLDUSDT,2025-01-09 23:00:00+00:00,2025-01-10 23:00:00+00:00,5,train
WLDUSDT,2025-07-01 23:00:00+00:00,2025-07-02 23:00:00+00:00,5,train
WLDUSDT,2025-10-17 13:00:00+00:00,2025-10-18 13:00:00+00:00,5,train
WLDUSDT,2024-05-24 03:00:00+00:00,2024-05-25 03:00:00+00:00,6,train
WLDUSDT,2024-09-01 07:00:00+00:00,2024-09-02 07:00:00+00:00,6,train
WLDUSDT,2025-01-31 04:00:00+00:00,2025-02-01 04:00:00+00:00,6,train
WLDUSDT,2025-06-09 05:00:00+00:00,2025-06-10 05:00:00+00:00,6,train
WLDUSDT,2025-10-04 13:00:00+00:00,2025-10-05 13:00:00+00:00,6,train
WLDUSDT,2024-05-20 22:00:00+00:00,2024-05-21 22:00:00+00:00,7,train
WLDUSDT,2024-08-22 22:00:00+00:00,2024-08-23 22:00:00+00:00,7,train
WLDUSDT,2025-02-28 19:00:00+00:00,2025-03-01 19:00:00+00:00,7,train
WLDUSDT,2025-07-13 10:00:00+00:00,2025-07-14 10:00:00+00:00,7,train
WLDUSDT,2025-10-31 00:00:00+00:00,2025-11-01 00:00:00+00:00,7,train
WLDUSDT,2025-11-01 01:00:00+00:00,2025-11-02 01:00:00+00:00,8,test
WLDUSDT,2025-12-11 17:00:00+00:00,2025-12-12 17:00:00+00:00,8,test
WLDUSDT,2026-01-30 23:00:00+00:00,2026-01-31 23:00:00+00:00,8,test
WLDUSDT,2026-04-07 09:00:00+00:00,2026-04-08 09:00:00+00:00,8,test
WLDUSDT,2026-05-13 03:00:00+00:00,2026-05-14 03:00:00+00:00,8,test
WLDUSDT,2025-11-01 01:00:00+00:00,2025-11-02 01:00:00+00:00,9,test
WLDUSDT,2025-12-15 18:00:00+00:00,2025-12-16 18:00:00+00:00,9,test
WLDUSDT,2026-02-16 19:00:00+00:00,2026-02-17 19:00:00+00:00,9,test
WLDUSDT,2026-03-28 07:00:00+00:00,2026-03-29 07:00:00+00:00,9,test
WLDUSDT,2026-05-14 04:00:00+00:00,2026-05-15 04:00:00+00:00,9,test
WLDUSDT,2025-11-07 08:00:00+00:00,2025-11-08 08:00:00+00:00,10,test
WLDUSDT,2025-12-26 11:00:00+00:00,2025-12-27 11:00:00+00:00,10,test
WLDUSDT,2026-02-20 18:00:00+00:00,2026-02-21 18:00:00+00:00,10,test
WLDUSDT,2026-03-30 08:00:00+00:00,2026-03-31 08:00:00+00:00,10,test
WLDUSDT,2026-05-19 13:00:00+00:00,2026-05-20 13:00:00+00:00,10,test
WLDUSDT,2025-11-09 20:00:00+00:00,2025-11-10 20:00:00+00:00,11,test
WLDUSDT,2025-12-15 14:00:00+00:00,2025-12-16 14:00:00+00:00,11,test
WLDUSDT,2026-02-21 07:00:00+00:00,2026-02-22 07:00:00+00:00,11,test
WLDUSDT,2026-03-23 16:00:00+00:00,2026-03-24 16:00:00+00:00,11,test
WLDUSDT,2026-05-18 04:00:00+00:00,2026-05-19 04:00:00+00:00,11,test
WLDUSDT,2024-05-02 00:00:00+00:00,2024-05-03 00:00:00+00:00,12,train
WLDUSDT,2024-09-18 12:00:00+00:00,2024-09-19 12:00:00+00:00,12,train
WLDUSDT,2025-01-29 00:00:00+00:00,2025-01-30 00:00:00+00:00,12,train
WLDUSDT,2025-07-12 10:00:00+00:00,2025-07-13 10:00:00+00:00,12,train
WLDUSDT,2025-10-31 00:00:00+00:00,2025-11-01 00:00:00+00:00,12,train
WLDUSDT,2024-05-18 23:00:00+00:00,2024-05-19 23:00:00+00:00,13,train
WLDUSDT,2024-08-20 01:00:00+00:00,2024-08-21 01:00:00+00:00,13,train
WLDUSDT,2025-01-17 03:00:00+00:00,2025-01-18 03:00:00+00:00,13,train
WLDUSDT,2025-06-27 15:00:00+00:00,2025-06-28 15:00:00+00:00,13,train
WLDUSDT,2025-10-31 00:00:00+00:00,2025-11-01 00:00:00+00:00,13,train
WLDUSDT,2024-05-02 00:00:00+00:00,2024-05-03 00:00:00+00:00,14,train
WLDUSDT,2024-08-28 08:00:00+00:00,2024-08-29 08:00:00+00:00,14,train
WLDUSDT,2025-02-18 09:00:00+00:00,2025-02-19 09:00:00+00:00,14,train
WLDUSDT,2025-06-28 07:00:00+00:00,2025-06-29 07:00:00+00:00,14,train
WLDUSDT,2025-10-31 00:00:00+00:00,2025-11-01 00:00:00+00:00,14,train
WLDUSDT,2024-05-11 21:00:00+00:00,2024-05-12 21:00:00+00:00,15,train
WLDUSDT,2024-09-22 09:00:00+00:00,2024-09-23 09:00:00+00:00,15,train
WLDUSDT,2025-01-19 03:00:00+00:00,2025-01-20 03:00:00+00:00,15,train
WLDUSDT,2025-05-27 17:00:00+00:00,2025-05-28 17:00:00+00:00,15,train
WLDUSDT,2025-10-29 05:00:00+00:00,2025-10-30 05:00:00+00:00,15,train
WLDUSDT,2024-05-26 03:00:00+00:00,2024-05-27 03:00:00+00:00,16,train
WLDUSDT,2024-08-29 22:00:00+00:00,2024-08-30 22:00:00+00:00,16,train
WLDUSDT,2025-01-19 08:00:00+00:00,2025-01-20 08:00:00+00:00,16,train
WLDUSDT,2025-06-04 12:00:00+00:00,2025-06-05 12:00:00+00:00,16,train
WLDUSDT,2025-10-06 17:00:00+00:00,2025-10-07 17:00:00+00:00,16,train
WLDUSDT,2024-05-14 23:00:00+00:00,2024-05-15 23:00:00+00:00,17,train
WLDUSDT,2024-08-25 00:00:00+00:00,2024-08-26 00:00:00+00:00,17,train
WLDUSDT,2025-01-28 07:00:00+00:00,2025-01-29 07:00:00+00:00,17,train
WLDUSDT,2025-06-13 19:00:00+00:00,2025-06-14 19:00:00+00:00,17,train
WLDUSDT,2025-10-06 14:00:00+00:00,2025-10-07 14:00:00+00:00,17,train
WLDUSDT,2024-05-02 00:00:00+00:00,2024-05-03 00:00:00+00:00,18,train
WLDUSDT,2024-08-21 21:00:00+00:00,2024-08-22 21:00:00+00:00,18,train
WLDUSDT,2025-01-05 20:00:00+00:00,2025-01-06 20:00:00+00:00,18,train
WLDUSDT,2025-07-07 17:00:00+00:00,2025-07-08 17:00:00+00:00,18,train
WLDUSDT,2025-10-31 00:00:00+00:00,2025-11-01 00:00:00+00:00,18,train
WLDUSDT,2024-05-03 22:00:00+00:00,2024-05-04 22:00:00+00:00,19,train
WLDUSDT,2024-09-16 13:00:00+00:00,2024-09-17 13:00:00+00:00,19,train
WLDUSDT,2025-01-09 01:00:00+00:00,2025-01-10 01:00:00+00:00,19,train
WLDUSDT,2025-06-08 23:00:00+00:00,2025-06-09 23:00:00+00:00,19,train
WLDUSDT,2025-10-31 00:00:00+00:00,2025-11-01 00:00:00+00:00,19,train
WLDUSDT,2024-05-02 00:00:00+00:00,2024-05-03 00:00:00+00:00,20,train
WLDUSDT,2024-08-17 06:00:00+00:00,2024-08-18 06:00:00+00:00,20,train
WLDUSDT,2025-01-18 15:00:00+00:00,2025-01-19 15:00:00+00:00,20,train
WLDUSDT,2025-06-20 04:00:00+00:00,2025-06-21 04:00:00+00:00,20,train
WLDUSDT,2025-10-06 01:00:00+00:00,2025-10-07 01:00:00+00:00,20,train
WLDUSDT,2025-11-01 01:00:00+00:00,2025-11-02 01:00:00+00:00,21,test
WLDUSDT,2025-12-20 16:00:00+00:00,2025-12-21 16:00:00+00:00,21,test
WLDUSDT,2026-02-01 20:00:00+00:00,2026-02-02 20:00:00+00:00,21,test
WLDUSDT,2026-03-26 06:00:00+00:00,2026-03-27 06:00:00+00:00,21,test
WLDUSDT,2026-05-16 21:00:00+00:00,2026-05-17 21:00:00+00:00,21,test
XRPUSDT,2024-05-02 00:00:00+00:00,2024-05-03 00:00:00+00:00,0,train
XRPUSDT,2024-09-13 14:00:00+00:00,2024-09-14 14:00:00+00:00,0,train
XRPUSDT,2025-01-25 08:00:00+00:00,2025-01-26 08:00:00+00:00,0,train
XRPUSDT,2025-07-01 11:00:00+00:00,2025-07-02 11:00:00+00:00,0,train
XRPUSDT,2025-10-21 00:00:00+00:00,2025-10-22 00:00:00+00:00,0,train
XRPUSDT,2024-05-17 04:00:00+00:00,2024-05-18 04:00:00+00:00,1,train
XRPUSDT,2024-09-22 23:00:00+00:00,2024-09-23 23:00:00+00:00,1,train
XRPUSDT,2025-03-08 09:00:00+00:00,2025-03-09 09:00:00+00:00,1,train
XRPUSDT,2025-06-29 00:00:00+00:00,2025-06-30 00:00:00+00:00,1,train
XRPUSDT,2025-10-20 22:00:00+00:00,2025-10-21 22:00:00+00:00,1,train
XRPUSDT,2024-05-16 23:00:00+00:00,2024-05-17 23:00:00+00:00,2,train
XRPUSDT,2024-09-01 11:00:00+00:00,2024-09-02 11:00:00+00:00,2,train
XRPUSDT,2025-02-26 00:00:00+00:00,2025-02-27 00:00:00+00:00,2,train
XRPUSDT,2025-06-09 18:00:00+00:00,2025-06-10 18:00:00+00:00,2,train
XRPUSDT,2025-10-12 12:00:00+00:00,2025-10-13 12:00:00+00:00,2,train
XRPUSDT,2024-05-02 00:00:00+00:00,2024-05-03 00:00:00+00:00,3,train
XRPUSDT,2024-09-20 08:00:00+00:00,2024-09-21 08:00:00+00:00,3,train
XRPUSDT,2025-01-30 06:00:00+00:00,2025-01-31 06:00:00+00:00,3,train
XRPUSDT,2025-07-05 03:00:00+00:00,2025-07-06 03:00:00+00:00,3,train
XRPUSDT,2025-10-31 00:00:00+00:00,2025-11-01 00:00:00+00:00,3,train
XRPUSDT,2024-05-13 19:00:00+00:00,2024-05-14 19:00:00+00:00,4,train
XRPUSDT,2024-08-22 07:00:00+00:00,2024-08-23 07:00:00+00:00,4,train
XRPUSDT,2025-02-25 16:00:00+00:00,2025-02-26 16:00:00+00:00,4,train
XRPUSDT,2025-06-15 09:00:00+00:00,2025-06-16 09:00:00+00:00,4,train
XRPUSDT,2025-10-27 22:00:00+00:00,2025-10-28 22:00:00+00:00,4,train
XRPUSDT,2024-05-02 00:00:00+00:00,2024-05-03 00:00:00+00:00,5,train
XRPUSDT,2024-10-02 07:00:00+00:00,2024-10-03 07:00:00+00:00,5,train
XRPUSDT,2025-01-09 10:00:00+00:00,2025-01-10 10:00:00+00:00,5,train
XRPUSDT,2025-06-29 00:00:00+00:00,2025-06-30 00:00:00+00:00,5,train
XRPUSDT,2025-10-31 00:00:00+00:00,2025-11-01 00:00:00+00:00,5,train
XRPUSDT,2024-05-02 00:00:00+00:00,2024-05-03 00:00:00+00:00,6,train
XRPUSDT,2024-09-27 03:00:00+00:00,2024-09-28 03:00:00+00:00,6,train
XRPUSDT,2025-01-31 19:00:00+00:00,2025-02-01 19:00:00+00:00,6,train
XRPUSDT,2025-06-18 19:00:00+00:00,2025-06-19 19:00:00+00:00,6,train
XRPUSDT,2025-10-31 00:00:00+00:00,2025-11-01 00:00:00+00:00,6,train
XRPUSDT,2024-05-03 06:00:00+00:00,2024-05-04 06:00:00+00:00,7,train
XRPUSDT,2024-08-23 08:00:00+00:00,2024-08-24 08:00:00+00:00,7,train
XRPUSDT,2025-01-07 18:00:00+00:00,2025-01-08 18:00:00+00:00,7,train
XRPUSDT,2025-07-23 18:00:00+00:00,2025-07-24 18:00:00+00:00,7,train
XRPUSDT,2025-10-31 00:00:00+00:00,2025-11-01 00:00:00+00:00,7,train
XRPUSDT,2024-05-02 00:00:00+00:00,2024-05-03 00:00:00+00:00,8,train
XRPUSDT,2024-10-04 00:00:00+00:00,2024-10-05 00:00:00+00:00,8,train
XRPUSDT,2025-01-20 09:00:00+00:00,2025-01-21 09:00:00+00:00,8,train
XRPUSDT,2025-06-13 17:00:00+00:00,2025-06-14 17:00:00+00:00,8,train
XRPUSDT,2025-10-26 13:00:00+00:00,2025-10-27 13:00:00+00:00,8,train
XRPUSDT,2024-05-18 10:00:00+00:00,2024-05-19 10:00:00+00:00,9,train
XRPUSDT,2024-09-29 00:00:00+00:00,2024-09-30 00:00:00+00:00,9,train
XRPUSDT,2025-02-07 10:00:00+00:00,2025-02-08 10:00:00+00:00,9,train
XRPUSDT,2025-07-14 17:00:00+00:00,2025-07-15 17:00:00+00:00,9,train
XRPUSDT,2025-10-31 00:00:00+00:00,2025-11-01 00:00:00+00:00,9,train
XRPUSDT,2024-05-02 00:00:00+00:00,2024-05-03 00:00:00+00:00,10,train
XRPUSDT,2024-09-13 06:00:00+00:00,2024-09-14 06:00:00+00:00,10,train
XRPUSDT,2025-02-10 00:00:00+00:00,2025-02-11 00:00:00+00:00,10,train
XRPUSDT,2025-07-01 10:00:00+00:00,2025-07-02 10:00:00+00:00,10,train
XRPUSDT,2025-10-31 00:00:00+00:00,2025-11-01 00:00:00+00:00,10,train
XRPUSDT,2024-05-02 00:00:00+00:00,2024-05-03 00:00:00+00:00,11,train
XRPUSDT,2024-09-28 03:00:00+00:00,2024-09-29 03:00:00+00:00,11,train
XRPUSDT,2025-02-13 03:00:00+00:00,2025-02-14 03:00:00+00:00,11,train
XRPUSDT,2025-07-24 05:00:00+00:00,2025-07-25 05:00:00+00:00,11,train
XRPUSDT,2025-10-23 16:00:00+00:00,2025-10-24 16:00:00+00:00,11,train
XRPUSDT,2024-05-02 00:00:00+00:00,2024-05-03 00:00:00+00:00,12,train
XRPUSDT,2024-09-15 07:00:00+00:00,2024-09-16 07:00:00+00:00,12,train
XRPUSDT,2025-02-13 12:00:00+00:00,2025-02-14 12:00:00+00:00,12,train
XRPUSDT,2025-06-28 23:00:00+00:00,2025-06-29 23:00:00+00:00,12,train
XRPUSDT,2025-10-27 12:00:00+00:00,2025-10-28 12:00:00+00:00,12,train
XRPUSDT,2024-05-18 07:00:00+00:00,2024-05-19 07:00:00+00:00,13,train
XRPUSDT,2024-08-19 22:00:00+00:00,2024-08-20 22:00:00+00:00,13,train
XRPUSDT,2025-02-09 08:00:00+00:00,2025-02-10 08:00:00+00:00,13,train
XRPUSDT,2025-06-29 10:00:00+00:00,2025-06-30 10:00:00+00:00,13,train
XRPUSDT,2025-10-31 00:00:00+00:00,2025-11-01 00:00:00+00:00,13,train
XRPUSDT,2025-11-06 03:00:00+00:00,2025-11-07 03:00:00+00:00,14,test
XRPUSDT,2025-12-18 04:00:00+00:00,2025-12-19 04:00:00+00:00,14,test
XRPUSDT,2026-02-01 20:00:00+00:00,2026-02-02 20:00:00+00:00,14,test
XRPUSDT,2026-04-09 19:00:00+00:00,2026-04-10 19:00:00+00:00,14,test
XRPUSDT,2026-05-26 17:00:00+00:00,2026-05-27 17:00:00+00:00,14,test
XRPUSDT,2024-05-02 00:00:00+00:00,2024-05-03 00:00:00+00:00,15,train
XRPUSDT,2024-09-24 17:00:00+00:00,2024-09-25 17:00:00+00:00,15,train
XRPUSDT,2025-01-24 04:00:00+00:00,2025-01-25 04:00:00+00:00,15,train
XRPUSDT,2025-07-03 23:00:00+00:00,2025-07-04 23:00:00+00:00,15,train
XRPUSDT,2025-10-31 00:00:00+00:00,2025-11-01 00:00:00+00:00,15,train
XRPUSDT,2024-05-12 17:00:00+00:00,2024-05-13 17:00:00+00:00,16,train
XRPUSDT,2024-08-22 15:00:00+00:00,2024-08-23 15:00:00+00:00,16,train
XRPUSDT,2025-01-28 14:00:00+00:00,2025-01-29 14:00:00+00:00,16,train
XRPUSDT,2025-07-02 03:00:00+00:00,2025-07-03 03:00:00+00:00,16,train
XRPUSDT,2025-10-31 00:00:00+00:00,2025-11-01 00:00:00+00:00,16,train
XRPUSDT,2024-05-17 00:00:00+00:00,2024-05-18 00:00:00+00:00,17,train
XRPUSDT,2024-08-28 11:00:00+00:00,2024-08-29 11:00:00+00:00,17,train
XRPUSDT,2025-02-14 04:00:00+00:00,2025-02-15 04:00:00+00:00,17,train
XRPUSDT,2025-07-24 17:00:00+00:00,2025-07-25 17:00:00+00:00,17,train
XRPUSDT,2025-10-26 17:00:00+00:00,2025-10-27 17:00:00+00:00,17,train
XRPUSDT,2024-05-02 00:00:00+00:00,2024-05-03 00:00:00+00:00,18,train
XRPUSDT,2024-09-13 23:00:00+00:00,2024-09-14 23:00:00+00:00,18,train
XRPUSDT,2025-02-21 22:00:00+00:00,2025-02-22 22:00:00+00:00,18,train
XRPUSDT,2025-06-10 14:00:00+00:00,2025-06-11 14:00:00+00:00,18,train
XRPUSDT,2025-10-11 23:00:00+00:00,2025-10-12 23:00:00+00:00,18,train
XRPUSDT,2024-05-02 00:00:00+00:00,2024-05-03 00:00:00+00:00,19,train
XRPUSDT,2024-08-24 14:00:00+00:00,2024-08-25 14:00:00+00:00,19,train
XRPUSDT,2025-02-13 04:00:00+00:00,2025-02-14 04:00:00+00:00,19,train
XRPUSDT,2025-05-30 15:00:00+00:00,2025-05-31 15:00:00+00:00,19,train
XRPUSDT,2025-10-07 12:00:00+00:00,2025-10-08 12:00:00+00:00,19,train
ZECUSDT,2024-05-02 00:00:00+00:00,2024-05-03 00:00:00+00:00,0,train
ZECUSDT,2024-09-14 02:00:00+00:00,2024-09-15 02:00:00+00:00,0,train
ZECUSDT,2025-01-02 06:00:00+00:00,2025-01-03 06:00:00+00:00,0,train
ZECUSDT,2025-06-10 19:00:00+00:00,2025-06-11 19:00:00+00:00,0,train
ZECUSDT,2025-10-31 00:00:00+00:00,2025-11-01 00:00:00+00:00,0,train
ZECUSDT,2024-05-03 18:00:00+00:00,2024-05-04 18:00:00+00:00,1,train
ZECUSDT,2024-08-13 01:00:00+00:00,2024-08-14 01:00:00+00:00,1,train
ZECUSDT,2024-12-28 14:00:00+00:00,2024-12-29 14:00:00+00:00,1,train
ZECUSDT,2025-06-26 04:00:00+00:00,2025-06-27 04:00:00+00:00,1,train
ZECUSDT,2025-09-23 20:00:00+00:00,2025-09-24 20:00:00+00:00,1,train
ZECUSDT,2024-05-06 15:00:00+00:00,2024-05-07 15:00:00+00:00,2,train
ZECUSDT,2024-08-19 20:00:00+00:00,2024-08-20 20:00:00+00:00,2,train
ZECUSDT,2025-01-05 22:00:00+00:00,2025-01-06 22:00:00+00:00,2,train
ZECUSDT,2025-05-29 22:00:00+00:00,2025-05-30 22:00:00+00:00,2,train
ZECUSDT,2025-10-31 00:00:00+00:00,2025-11-01 00:00:00+00:00,2,train
ZECUSDT,2024-05-02 00:00:00+00:00,2024-05-03 00:00:00+00:00,3,train
ZECUSDT,2024-09-10 07:00:00+00:00,2024-09-11 07:00:00+00:00,3,train
ZECUSDT,2025-01-30 23:00:00+00:00,2025-01-31 23:00:00+00:00,3,train
ZECUSDT,2025-06-27 11:00:00+00:00,2025-06-28 11:00:00+00:00,3,train
ZECUSDT,2025-10-25 21:00:00+00:00,2025-10-26 21:00:00+00:00,3,train
ZECUSDT,2024-05-17 13:00:00+00:00,2024-05-18 13:00:00+00:00,4,train
ZECUSDT,2024-08-19 20:00:00+00:00,2024-08-20 20:00:00+00:00,4,train
ZECUSDT,2024-12-30 10:00:00+00:00,2024-12-31 10:00:00+00:00,4,train
ZECUSDT,2025-05-14 16:00:00+00:00,2025-05-15 16:00:00+00:00,4,train
ZECUSDT,2025-10-23 13:00:00+00:00,2025-10-24 13:00:00+00:00,4,train
ZECUSDT,2024-05-18 15:00:00+00:00,2024-05-19 15:00:00+00:00,5,train
ZECUSDT,2024-08-27 15:00:00+00:00,2024-08-28 15:00:00+00:00,5,train
ZECUSDT,2025-01-04 07:00:00+00:00,2025-01-05 07:00:00+00:00,5,train
ZECUSDT,2025-06-01 15:00:00+00:00,2025-06-02 15:00:00+00:00,5,train
ZECUSDT,2025-10-27 09:00:00+00:00,2025-10-28 09:00:00+00:00,5,train
ZECUSDT,2024-05-22 20:00:00+00:00,2024-05-23 20:00:00+00:00,6,train
ZECUSDT,2024-08-19 16:00:00+00:00,2024-08-20 16:00:00+00:00,6,train
ZECUSDT,2025-01-02 04:00:00+00:00,2025-01-03 04:00:00+00:00,6,train
ZECUSDT,2025-06-09 09:00:00+00:00,2025-06-10 09:00:00+00:00,6,train
ZECUSDT,2025-10-20 22:00:00+00:00,2025-10-21 22:00:00+00:00,6,train
ZECUSDT,2024-05-17 07:00:00+00:00,2024-05-18 07:00:00+00:00,7,train
ZECUSDT,2024-09-21 14:00:00+00:00,2024-09-22 14:00:00+00:00,7,train
ZECUSDT,2025-01-23 21:00:00+00:00,2025-01-24 21:00:00+00:00,7,train
ZECUSDT,2025-07-02 00:00:00+00:00,2025-07-03 00:00:00+00:00,7,train
ZECUSDT,2025-10-31 00:00:00+00:00,2025-11-01 00:00:00+00:00,7,train
ZECUSDT,2024-05-02 00:00:00+00:00,2024-05-03 00:00:00+00:00,8,train
ZECUSDT,2024-09-19 01:00:00+00:00,2024-09-20 01:00:00+00:00,8,train
ZECUSDT,2025-01-15 18:00:00+00:00,2025-01-16 18:00:00+00:00,8,train
ZECUSDT,2025-06-20 18:00:00+00:00,2025-06-21 18:00:00+00:00,8,train
ZECUSDT,2025-10-31 00:00:00+00:00,2025-11-01 00:00:00+00:00,8,train
ZECUSDT,2024-05-02 00:00:00+00:00,2024-05-03 00:00:00+00:00,9,train
ZECUSDT,2024-08-26 01:00:00+00:00,2024-08-27 01:00:00+00:00,9,train
ZECUSDT,2025-01-05 04:00:00+00:00,2025-01-06 04:00:00+00:00,9,train
ZECUSDT,2025-07-01 20:00:00+00:00,2025-07-02 20:00:00+00:00,9,train
ZECUSDT,2025-10-31 00:00:00+00:00,2025-11-01 00:00:00+00:00,9,train
ZECUSDT,2024-05-22 17:00:00+00:00,2024-05-23 17:00:00+00:00,10,train
ZECUSDT,2024-09-08 12:00:00+00:00,2024-09-09 12:00:00+00:00,10,train
ZECUSDT,2025-01-04 05:00:00+00:00,2025-01-05 05:00:00+00:00,10,train
ZECUSDT,2025-07-01 11:00:00+00:00,2025-07-02 11:00:00+00:00,10,train
ZECUSDT,2025-10-25 19:00:00+00:00,2025-10-26 19:00:00+00:00,10,train
ZECUSDT,2024-05-21 19:00:00+00:00,2024-05-22 19:00:00+00:00,11,train
ZECUSDT,2024-08-14 05:00:00+00:00,2024-08-15 05:00:00+00:00,11,train
ZECUSDT,2025-01-14 13:00:00+00:00,2025-01-15 13:00:00+00:00,11,train
ZECUSDT,2025-06-23 12:00:00+00:00,2025-06-24 12:00:00+00:00,11,train
ZECUSDT,2025-10-31 00:00:00+00:00,2025-11-01 00:00:00+00:00,11,train
ZECUSDT,2024-05-23 13:00:00+00:00,2024-05-24 13:00:00+00:00,12,train
ZECUSDT,2024-09-10 07:00:00+00:00,2024-09-11 07:00:00+00:00,12,train
ZECUSDT,2025-01-08 09:00:00+00:00,2025-01-09 09:00:00+00:00,12,train
ZECUSDT,2025-06-20 13:00:00+00:00,2025-06-21 13:00:00+00:00,12,train
ZECUSDT,2025-10-31 00:00:00+00:00,2025-11-01 00:00:00+00:00,12,train
ZECUSDT,2024-05-15 01:00:00+00:00,2024-05-16 01:00:00+00:00,13,train
ZECUSDT,2024-08-26 18:00:00+00:00,2024-08-27 18:00:00+00:00,13,train
ZECUSDT,2025-02-07 20:00:00+00:00,2025-02-08 20:00:00+00:00,13,train
ZECUSDT,2025-06-29 12:00:00+00:00,2025-06-30 12:00:00+00:00,13,train
ZECUSDT,2025-10-31 00:00:00+00:00,2025-11-01 00:00:00+00:00,13,train
ZECUSDT,2024-05-02 00:00:00+00:00,2024-05-03 00:00:00+00:00,14,train
ZECUSDT,2024-08-20 17:00:00+00:00,2024-08-21 17:00:00+00:00,14,train
ZECUSDT,2025-01-31 15:00:00+00:00,2025-02-01 15:00:00+00:00,14,train
ZECUSDT,2025-06-04 11:00:00+00:00,2025-06-05 11:00:00+00:00,14,train
ZECUSDT,2025-10-22 04:00:00+00:00,2025-10-23 04:00:00+00:00,14,train
ZECUSDT,2024-05-18 19:00:00+00:00,2024-05-19 19:00:00+00:00,15,train
ZECUSDT,2024-09-18 01:00:00+00:00,2024-09-19 01:00:00+00:00,15,train
ZECUSDT,2025-01-25 09:00:00+00:00,2025-01-26 09:00:00+00:00,15,train
ZECUSDT,2025-06-14 14:00:00+00:00,2025-06-15 14:00:00+00:00,15,train
ZECUSDT,2025-10-31 00:00:00+00:00,2025-11-01 00:00:00+00:00,15,train
ZECUSDT,2024-05-02 00:00:00+00:00,2024-05-03 00:00:00+00:00,16,train
ZECUSDT,2024-08-29 20:00:00+00:00,2024-08-30 20:00:00+00:00,16,train
ZECUSDT,2025-01-23 01:00:00+00:00,2025-01-24 01:00:00+00:00,16,train
ZECUSDT,2025-06-26 04:00:00+00:00,2025-06-27 04:00:00+00:00,16,train
ZECUSDT,2025-10-31 00:00:00+00:00,2025-11-01 00:00:00+00:00,16,train
ZECUSDT,2024-05-02 00:00:00+00:00,2024-05-03 00:00:00+00:00,17,train
ZECUSDT,2024-08-19 09:00:00+00:00,2024-08-20 09:00:00+00:00,17,train
ZECUSDT,2025-01-05 19:00:00+00:00,2025-01-06 19:00:00+00:00,17,train
ZECUSDT,2025-06-14 05:00:00+00:00,2025-06-15 05:00:00+00:00,17,train
ZECUSDT,2025-10-31 00:00:00+00:00,2025-11-01 00:00:00+00:00,17,train
ZECUSDT,2024-05-02 00:00:00+00:00,2024-05-03 00:00:00+00:00,18,train
ZECUSDT,2024-08-31 15:00:00+00:00,2024-09-01 15:00:00+00:00,18,train
ZECUSDT,2025-01-06 15:00:00+00:00,2025-01-07 15:00:00+00:00,18,train
ZECUSDT,2025-06-26 22:00:00+00:00,2025-06-27 22:00:00+00:00,18,train
ZECUSDT,2025-10-31 00:00:00+00:00,2025-11-01 00:00:00+00:00,18,train
ZECUSDT,2024-05-19 06:00:00+00:00,2024-05-20 06:00:00+00:00,19,train
ZECUSDT,2024-09-18 18:00:00+00:00,2024-09-19 18:00:00+00:00,19,train
ZECUSDT,2025-01-04 20:00:00+00:00,2025-01-05 20:00:00+00:00,19,train
ZECUSDT,2025-05-12 04:00:00+00:00,2025-05-13 04:00:00+00:00,19,train
ZECUSDT,2025-10-18 10:00:00+00:00,2025-10-19 10:00:00+00:00,19,train
ZECUSDT,2024-05-22 20:00:00+00:00,2024-05-23 20:00:00+00:00,20,train
ZECUSDT,2024-09-19 17:00:00+00:00,2024-09-20 17:00:00+00:00,20,train
ZECUSDT,2025-01-19 08:00:00+00:00,2025-01-20 08:00:00+00:00,20,train
ZECUSDT,2025-06-06 04:00:00+00:00,2025-06-07 04:00:00+00:00,20,train
ZECUSDT,2025-10-31 00:00:00+00:00,2025-11-01 00:00:00+00:00,20,train
ZECUSDT,2024-05-02 00:00:00+00:00,2024-05-03 00:00:00+00:00,21,train
ZECUSDT,2024-09-21 19:00:00+00:00,2024-09-22 19:00:00+00:00,21,train
ZECUSDT,2025-01-31 07:00:00+00:00,2025-02-01 07:00:00+00:00,21,train
ZECUSDT,2025-06-26 06:00:00+00:00,2025-06-27 06:00:00+00:00,21,train
ZECUSDT,2025-10-31 00:00:00+00:00,2025-11-01 00:00:00+00:00,21,train
ZECUSDT,2024-05-02 03:00:00+00:00,2024-05-03 03:00:00+00:00,22,train
ZECUSDT,2024-09-23 16:00:00+00:00,2024-09-24 16:00:00+00:00,22,train
ZECUSDT,2025-01-07 00:00:00+00:00,2025-01-08 00:00:00+00:00,22,train
ZECUSDT,2025-06-24 14:00:00+00:00,2025-06-25 14:00:00+00:00,22,train
ZECUSDT,2025-10-31 00:00:00+00:00,2025-11-01 00:00:00+00:00,22,train
ZECUSDT,2024-05-22 20:00:00+00:00,2024-05-23 20:00:00+00:00,23,train
ZECUSDT,2024-08-20 18:00:00+00:00,2024-08-21 18:00:00+00:00,23,train
ZECUSDT,2025-01-28 10:00:00+00:00,2025-01-29 10:00:00+00:00,23,train
ZECUSDT,2025-06-04 18:00:00+00:00,2025-06-05 18:00:00+00:00,23,train
ZECUSDT,2025-09-19 06:00:00+00:00,2025-09-20 06:00:00+00:00,23,train
ZECUSDT,2024-05-17 01:00:00+00:00,2024-05-18 01:00:00+00:00,24,train
ZECUSDT,2024-09-08 01:00:00+00:00,2024-09-09 01:00:00+00:00,24,train
ZECUSDT,2025-01-11 06:00:00+00:00,2025-01-12 06:00:00+00:00,24,train
ZECUSDT,2025-06-27 21:00:00+00:00,2025-06-28 21:00:00+00:00,24,train
ZECUSDT,2025-10-31 00:00:00+00:00,2025-11-01 00:00:00+00:00,24,train
ZECUSDT,2025-11-11 04:00:00+00:00,2025-11-12 04:00:00+00:00,25,test
ZECUSDT,2025-12-20 20:00:00+00:00,2025-12-21 20:00:00+00:00,25,test
ZECUSDT,2026-02-08 06:00:00+00:00,2026-02-09 06:00:00+00:00,25,test
ZECUSDT,2026-03-28 08:00:00+00:00,2026-03-29 08:00:00+00:00,25,test
ZECUSDT,2026-05-26 17:00:00+00:00,2026-05-27 17:00:00+00:00,25,test
ZECUSDT,2025-11-01 01:00:00+00:00,2025-11-02 01:00:00+00:00,26,test
ZECUSDT,2025-12-24 15:00:00+00:00,2025-12-25 15:00:00+00:00,26,test
ZECUSDT,2026-02-09 08:00:00+00:00,2026-02-10 08:00:00+00:00,26,test
ZECUSDT,2026-04-02 18:00:00+00:00,2026-04-03 18:00:00+00:00,26,test
ZECUSDT,2026-05-26 17:00:00+00:00,2026-05-27 17:00:00+00:00,26,test
ZECUSDT,2025-11-01 01:00:00+00:00,2025-11-02 01:00:00+00:00,27,test
ZECUSDT,2025-12-14 19:00:00+00:00,2025-12-15 19:00:00+00:00,27,test
ZECUSDT,2026-02-11 23:00:00+00:00,2026-02-12 23:00:00+00:00,27,test
ZECUSDT,2026-04-13 11:00:00+00:00,2026-04-14 11:00:00+00:00,27,test
ZECUSDT,2026-05-23 13:00:00+00:00,2026-05-24 13:00:00+00:00,27,test
ZECUSDT,2024-05-02 03:00:00+00:00,2024-05-03 03:00:00+00:00,28,train
ZECUSDT,2024-09-01 08:00:00+00:00,2024-09-02 08:00:00+00:00,28,train
ZECUSDT,2025-01-31 19:00:00+00:00,2025-02-01 19:00:00+00:00,28,train
ZECUSDT,2025-06-03 01:00:00+00:00,2025-06-04 01:00:00+00:00,28,train
ZECUSDT,2025-10-18 10:00:00+00:00,2025-10-19 10:00:00+00:00,28,train
ZECUSDT,2024-05-02 00:00:00+00:00,2024-05-03 00:00:00+00:00,29,train
ZECUSDT,2024-08-14 01:00:00+00:00,2024-08-15 01:00:00+00:00,29,train
ZECUSDT,2025-01-02 11:00:00+00:00,2025-01-03 11:00:00+00:00,29,train
ZECUSDT,2025-05-13 11:00:00+00:00,2025-05-14 11:00:00+00:00,29,train
ZECUSDT,2025-10-31 00:00:00+00:00,2025-11-01 00:00:00+00:00,29,train
ZECUSDT,2024-05-24 03:00:00+00:00,2024-05-25 03:00:00+00:00,30,train
ZECUSDT,2024-08-14 05:00:00+00:00,2024-08-15 05:00:00+00:00,30,train
ZECUSDT,2025-01-20 19:00:00+00:00,2025-01-21 19:00:00+00:00,30,train
ZECUSDT,2025-06-24 09:00:00+00:00,2025-06-25 09:00:00+00:00,30,train
ZECUSDT,2025-10-25 05:00:00+00:00,2025-10-26 05:00:00+00:00,30,train
ZECUSDT,2024-05-07 18:00:00+00:00,2024-05-08 18:00:00+00:00,31,train
ZECUSDT,2024-08-28 03:00:00+00:00,2024-08-29 03:00:00+00:00,31,train
ZECUSDT,2025-01-02 04:00:00+00:00,2025-01-03 04:00:00+00:00,31,train
ZECUSDT,2025-06-13 19:00:00+00:00,2025-06-14 19:00:00+00:00,31,train
ZECUSDT,2025-09-18 16:00:00+00:00,2025-09-19 16:00:00+00:00,31,train
ZECUSDT,2024-05-16 11:00:00+00:00,2024-05-17 11:00:00+00:00,32,train
ZECUSDT,2024-09-03 13:00:00+00:00,2024-09-04 13:00:00+00:00,32,train
ZECUSDT,2025-01-04 16:00:00+00:00,2025-01-05 16:00:00+00:00,32,train
ZECUSDT,2025-06-05 06:00:00+00:00,2025-06-06 06:00:00+00:00,32,train
ZECUSDT,2025-10-31 00:00:00+00:00,2025-11-01 00:00:00+00:00,32,train
ZECUSDT,2024-05-15 09:00:00+00:00,2024-05-16 09:00:00+00:00,33,train
ZECUSDT,2024-08-21 14:00:00+00:00,2024-08-22 14:00:00+00:00,33,train
ZECUSDT,2025-01-02 12:00:00+00:00,2025-01-03 12:00:00+00:00,33,train
ZECUSDT,2025-06-20 21:00:00+00:00,2025-06-21 21:00:00+00:00,33,train
ZECUSDT,2025-10-28 00:00:00+00:00,2025-10-29 00:00:00+00:00,33,train
ZECUSDT,2024-05-02 00:00:00+00:00,2024-05-03 00:00:00+00:00,34,train
ZECUSDT,2024-09-10 02:00:00+00:00,2024-09-11 02:00:00+00:00,34,train
ZECUSDT,2025-01-04 20:00:00+00:00,2025-01-05 20:00:00+00:00,34,train
ZECUSDT,2025-06-19 06:00:00+00:00,2025-06-20 06:00:00+00:00,34,train
ZECUSDT,2025-10-31 00:00:00+00:00,2025-11-01 00:00:00+00:00,34,train
ZECUSDT,2024-05-02 00:00:00+00:00,2024-05-03 00:00:00+00:00,35,train
ZECUSDT,2024-08-14 07:00:00+00:00,2024-08-15 07:00:00+00:00,35,train
ZECUSDT,2025-01-19 04:00:00+00:00,2025-01-20 04:00:00+00:00,35,train
ZECUSDT,2025-06-19 17:00:00+00:00,2025-06-20 17:00:00+00:00,35,train
ZECUSDT,2025-09-18 11:00:00+00:00,2025-09-19 11:00:00+00:00,35,train
ZECUSDT,2024-05-09 15:00:00+00:00,2024-05-10 15:00:00+00:00,36,train
ZECUSDT,2024-09-04 03:00:00+00:00,2024-09-05 03:00:00+00:00,36,train
ZECUSDT,2025-01-13 02:00:00+00:00,2025-01-14 02:00:00+00:00,36,train
ZECUSDT,2025-06-08 09:00:00+00:00,2025-06-09 09:00:00+00:00,36,train
ZECUSDT,2025-10-31 00:00:00+00:00,2025-11-01 00:00:00+00:00,36,train
ZECUSDT,2025-11-01 01:00:00+00:00,2025-11-02 01:00:00+00:00,37,test
ZECUSDT,2025-12-23 03:00:00+00:00,2025-12-24 03:00:00+00:00,37,test
ZECUSDT,2026-02-03 00:00:00+00:00,2026-02-04 00:00:00+00:00,37,test
ZECUSDT,2026-04-03 09:00:00+00:00,2026-04-04 09:00:00+00:00,37,test
ZECUSDT,2026-05-24 00:00:00+00:00,2026-05-25 00:00:00+00:00,37,test
ZECUSDT,2025-11-05 11:00:00+00:00,2025-11-06 11:00:00+00:00,38,test
ZECUSDT,2025-12-24 15:00:00+00:00,2025-12-25 15:00:00+00:00,38,test
ZECUSDT,2026-02-07 18:00:00+00:00,2026-02-08 18:00:00+00:00,38,test
ZECUSDT,2026-03-30 15:00:00+00:00,2026-03-31 15:00:00+00:00,38,test
ZECUSDT,2026-05-19 05:00:00+00:00,2026-05-20 05:00:00+00:00,38,test
ZECUSDT,2025-11-01 01:00:00+00:00,2025-11-02 01:00:00+00:00,39,test
ZECUSDT,2025-12-16 02:00:00+00:00,2025-12-17 02:00:00+00:00,39,test
ZECUSDT,2026-02-03 21:00:00+00:00,2026-02-04 21:00:00+00:00,39,test
ZECUSDT,2026-03-25 22:00:00+00:00,2026-03-26 22:00:00+00:00,39,test
ZECUSDT,2026-05-25 11:00:00+00:00,2026-05-26 11:00:00+00:00,39,test
