window_id,symbol,start_ms,label,split,pump_type,pct_chg,vol_ratio_1h,vol_ratio_4h,vol_spike_count,cvd_div_1h,price_vs_cvd,price_vs_high_7d,hour_of_day,btc_trend_1h,oi_chg_1h,oi_chg_4h,oi_oi_btc_corr,funding_last,funding_trend_3,liq_long_1h,liq_short_1h,liq_ratio,catalyst_hit_liq_sweep,catalyst_hit_macro_extreme,catalyst_hit_stablecoin_inflow,catalyst_hit_news_signal,catalyst_hit_token_unlock
p_0,1000PEPEUSDT,1715583600000,1,train,main,23.5152,1.2432800482472326,1.2984136508184858,1,0.06156696519362839,0,0.9278326946524995,7,0.01054114382834349,0.006870121084151793,-0.04345879733719519,0.08118601548942841,-1.401e-05,-0.00011401,0.0,0.0,0.5,0,0,0,0,0
p_1,1000PEPEUSDT,1721037600000,1,train,main,30.9323,1.6776268567004224,1.398165005092137,0,-0.06142652618671869,0,0.9624955653540116,10,-0.0037901268944667186,0.00554748164501726,0.011513098672980018,0.2901485968446471,0.0001,0.00012899,0.0,0.0,0.5,0,0,0,0,0
p_2,1000PEPEUSDT,1722859200000,1,train,main,32.3068,9.25721691207695,6.153418078895937,4,0.019029376148940094,0,0.503385857533533,12,-0.0009208766434142843,-0.023025025521912917,0.027740957671081156,0.25993781509656877,-9.665e-05,-0.00019665,0.0,0.0,0.5,0,0,0,0,0
p_3,1000PEPEUSDT,1731330000000,1,train,main,22.9692,2.153247010145941,1.679652709368047,2,-0.08383867567225288,0,0.9257694995594179,13,0.00013752195178946377,-0.02043794213207415,0.023341747411763567,0.12796066389654287,0.00027794,-0.00029245000000000003,0.0,0.0,0.5,0,1,0,0,0
p_4,1000PEPEUSDT,1731477600000,1,train,main,94.3963,1.7831507691552253,2.431405847578608,3,0.0027367154016626405,1,0.8543395214797935,6,-0.00708199382718877,0.0008761955524048064,-0.07578369744415701,0.1482569571730377,0.00040811,-0.00030529,0.0,0.0,0.5,0,1,0,0,0
p_5,1000PEPEUSDT,1738555200000,1,train,main,29.4493,5.362016843922334,10.890107312556465,4,-0.02503553742522971,1,0.612050460796728,4,0.004944456382411205,-0.003926628204762355,-0.06666687039119708,0.19052280973943886,-2.897e-05,-0.00010586,0.0,0.0,0.5,0,0,0,0,0
p_6,1000PEPEUSDT,1746702000000,1,train,main,47.1553,1.3162363866953732,1.9768088822158527,2,-0.04784127163200732,0,0.9927946142430042,11,-0.00011229072067594643,0.0126450439432986,0.13225294375134972,0.07451872132201846,4.45e-05,0.00026937,0.0,0.0,0.5,0,0,0,0,0
p_7,1000PEPEUSDT,1757682000000,1,train,main,18.1897,1.4655197327512275,0.9815023497003005,0,0.03826053046654241,0,0.9688650603966152,13,0.0015017890878698972,0.005211663368054438,0.012451562579056195,0.03692730680169523,0.0001,0.0,0.0,0.0,0.5,0,0,0,0,0
p_8,1000PEPEUSDT,1767283200000,1,test,main,38.4138,3.2290539036056707,1.5220965986655168,1,0.10388016484863044,0,0.9843565866395544,16,0.0007871006487892878,0.0020708678659255445,0.027489280223541142,0.16549869052457514,0.0001,2.0830000000000002e-05,0.0,0.0,0.5,0,1,0,0,0
p_9,1000PEPEUSDT,1767438000000,1,test,main,18.776,4.216565753658228,7.4579908524713945,4,-0.11259691044615011,0,0.9531851286454854,11,-0.00048241846515170456,0.016056496803741275,0.007963645273640343,0.09120847405296349,0.0001,0.0,0.0,0.0,0.5,0,0,0,0,0
p_10,1000PEPEUSDT,1770332400000,1,test,main,15.3503,3.1966188485583826,4.678536162363011,3,-0.02386934920558701,0,0.7383429995184355,23,0.010918074089078985,-0.002601604652566346,0.052731656006543004,-0.15709101760156274,-2.533e-05,-0.00012533,0.0,0.0,0.5,0,1,0,0,0
p_11,1000PEPEUSDT,1771048800000,1,test,main,30.8409,0.9607723690617164,0.9907034700251885,0,-0.05812229620262136,0,0.9624199613781889,6,-0.0003708357328586636,0.004639777055495534,-0.0190804072017886,-0.1552171252248182,7.126e-05,4.049000000000001e-05,0.0,0.0,0.5,0,1,0,0,0
p_12,1000PEPEUSDT,1773590400000,1,test,main,22.3184,0.44041255765585396,0.7013909568126839,0,-0.10552411494356231,0,0.9087002638091871,16,-0.0020059227803543305,0.000103316755751688,-0.009936573016095384,0.022185117811196656,-0.00018742,0.000125,0.0,0.0,0.5,0,1,0,0,0
p_13,1000PEPEUSDT,1715612400000,1,train,fast,10.4526,4.493939652513843,4.120200194501912,3,0.01833478660896411,0,0.9770635721493441,15,-0.0005241950260424782,0.03239475338361616,0.090406470470713,0.07834781814604347,-2.91e-05,-0.0001291,0.0,0.0,0.5,0,0,0,0,0
p_14,1000PEPEUSDT,1716228000000,1,train,fast,10.3855,0.906344636121394,1.2550543948563224,0,-0.024165306142317523,0,0.820498452572867,18,0.0019115550052520513,-0.020734363556339407,0.0036613637560784806,0.07200693004154873,9.092e-05,-9.080000000000001e-06,0.0,0.0,0.5,0,0,0,0,0
p_15,1000PEPEUSDT,1731499200000,1,train,fast,32.8022,1.9525995411284767,1.7433163908045104,0,0.0545419353885452,0,0.895905100194357,12,0.0014408942221511465,0.019083806607411612,0.02751815854708966,0.15329944108114676,0.00013465,-0.00016374,0.0,0.0,0.5,0,1,0,0,0
p_16,1000PEPEUSDT,1731542400000,1,train,fast,13.026,6.301659860013543,5.104566468720734,4,0.008514263394885665,0,0.9269730927734114,0,0.00726483157533551,-0.010290655304348669,-0.04557388432580613,0.20231443934904558,0.00077288,0.00036477,0.0,0.0,0.5,0,1,0,0,0
p_17,1000PEPEUSDT,1731596400000,1,train,fast,10.7857,7.272820328637952,5.2437701461552395,4,-0.03379381539801226,0,0.7977961538461539,15,-0.022338720779757185,-0.04804520234374915,-0.025434869277821327,0.23203789944719228,0.00021883,-0.0005540499999999999,0.0,0.0,0.5,0,1,0,0,0
p_18,1000PEPEUSDT,1746774000000,1,train,fast,12.2421,3.6857063433349735,2.3677701747899276,3,0.03266483630575034,0,0.9616438123828666,7,0.002430568035990395,0.0369342539706574,0.03764243594337287,0.07833384585238226,0.00021651,0.00017201,0.0,0.0,0.5,0,0,0,0,0
c_0,1000PEPEUSDT,1717207200000,0,train,control,,0.6108418460973957,0.639700845404342,0,0.043130155168641465,1,0.8786291442859789,2,-0.0013295907815039148,-0.004601794761509638,0.010856554789032913,0.07257243941160216,0.0001,-2.9369999999999985e-05,0.0,0.0,0.5,0,0,0,0,0
c_1,1000PEPEUSDT,1728025200000,0,train,control,,1.427811497022711,1.1078050234293748,0,-0.03182449013480306,1,0.7426900584795322,7,-0.0017158572995020745,0.0029989727907877178,0.00869573194865652,0.11247668758084693,-0.00019051,-0.00023646,0.0,0.0,0.5,0,0,0,0,0
c_2,1000PEPEUSDT,1740985200000,0,train,control,,1.7486110946494635,1.2533526010675446,0,-0.1347364238475252,0,0.9098474797425466,7,-0.01803714835760865,-0.002500036475792444,0.030183332916761778,0.2330308102230024,0.0001,0.0,0.0,0.0,0.5,0,0,0,0,0
c_3,1000PEPEUSDT,1752235200000,0,train,control,,1.574906652433633,1.4073876431339096,0,-0.14211575335742338,0,0.9744656488549619,12,-0.001447090897993207,-0.0021862093062773457,-0.01013056029150997,0.10988610937201257,0.0001,0.0,0.0,0.0,0.5,0,0,0,0,0
c_4,1000PEPEUSDT,1761868800000,0,train,control,,1.1640345077450545,1.242388068484524,0,0.05623349128673629,0,0.8623013639896026,0,0.0037530583995542587,0.009960954324804042,-0.021892913877429396,0.14673822496212954,-0.00029579,-0.00021654999999999998,0.0,0.0,0.5,0,0,0,0,0
c_5,1000PEPEUSDT,1714608000000,0,train,control,,,,0,-0.032036918160790254,0,0.9572465753424657,0,0.007772490878514378,0.012674948453389906,0.025524328668051054,,0.0001,0.0,0.0,0.0,0.5,0,0,0,0,0
c_6,1000PEPEUSDT,1726606800000,0,train,control,,0.9549991540366648,1.20815808522731,0,0.02574201536218273,1,0.8999404407385347,21,0.002360457745304107,-0.01054949074499321,-0.04282651380737766,0.11552999752908359,4.775e-05,2.152e-05,0.0,0.0,0.5,0,0,0,0,0
c_7,1000PEPEUSDT,1737691200000,0,train,control,,1.2695899523540377,1.1567827222074627,0,0.054478592694266345,0,0.7047580549280704,4,0.008491942172437789,0.0048893844006920074,-0.003937624349642032,0.012284074233405304,0.0001,0.0,0.0,0.0,0.5,0,0,0,0,0
c_8,1000PEPEUSDT,1748606400000,0,train,control,,1.0232686253476304,1.543803347507554,1,-0.10350526242680565,1,0.8271240648022996,12,-0.0003400608708958904,0.010298371703317759,-0.010949023454974727,0.058881228388496014,-0.00013566,-0.00023566,0.0,0.0,0.5,0,0,0,0,0
c_9,1000PEPEUSDT,1761868800000,0,train,control,,1.1640345077450545,1.242388068484524,0,0.05623349128673629,0,0.8623013639896026,0,0.0037530583995542587,0.009960954324804042,-0.021892913877429396,0.14673822496212954,-0.00029579,-0.00021654999999999998,0.0,0.0,0.5,0,0,0,0,0
c_10,1000PEPEUSDT,1715936400000,0,train,control,,1.3373730648512354,0.8947101037349547,0,-0.06042781463166878,0,0.8545418494987026,9,-0.0035463130702661754,-0.0068257385049745045,0.004575835210536988,-0.01783441928508967,-2.256e-05,-0.00012256000000000002,0.0,0.0,0.5,0,0,0,0,0
c_11,1000PEPEUSDT,1725397200000,0,train,control,,0.37840710669408617,0.6153485730365736,0,-0.055694558663013045,1,0.8832160467231558,21,0.003140247738314936,-0.010416495120598687,0.05180539068811372,0.34507431175621134,9.46e-06,-1.4670000000000002e-05,0.0,0.0,0.5,0,0,0,0,0
c_12,1000PEPEUSDT,1739685600000,0,train,control,,0.4417816370361442,0.5173699028746631,0,0.08730214475065473,0,0.92739249362684,6,0.0007149722576402745,0.00108798499829943,-0.008473258269155614,0.21758557378398438,-3.909e-05,-6.591999999999999e-05,0.0,0.0,0.5,0,0,0,0,0
c_13,1000PEPEUSDT,1749528000000,0,train,control,,0.9490528993726006,1.2859837615393617,1,-0.015544589245178087,1,0.966676951558161,4,-0.0007545035284672,0.0022935949990581053,0.00841944855757221,-0.021404609835595625,0.0001,5.703000000000001e-05,0.0,0.0,0.5,0,0,0,0,0
c_14,1000PEPEUSDT,1761868800000,0,train,control,,1.1640345077450545,1.242388068484524,0,0.05623349128673629,0,0.8623013639896026,0,0.0037530583995542587,0.009960954324804042,-0.021892913877429396,0.14673822496212954,-0.00029579,-0.00021654999999999998,0.0,0.0,0.5,0,0,0,0,0
c_15,1000PEPEUSDT,1714608000000,0,train,control,,,,0,-0.032036918160790254,0,0.9572465753424657,0,0.007772490878514378,0.012674948453389906,0.025524328668051054,,0.0001,0.0,0.0,0.0,0.5,0,0,0,0,0
c_16,1000PEPEUSDT,1729303200000,0,train,control,,0.8526794704075439,0.5198115925898222,0,0.014713636313140812,0,0.9423113043011618,2,5.562866984513795e-05,0.003509991543061429,0.004720908602718827,0.27145250509956076,0.0001,0.0,0.0,0.0,0.5,0,0,0,0,0
c_17,1000PEPEUSDT,1740355200000,0,train,control,,0.7573895230734459,0.5468103652965829,0,0.06357011677069808,0,0.8755470177575786,0,0.005052504473299619,0.00042018693404721497,-0.005102714969952333,0.06861029906755645,-8.689e-05,-0.00018689,0.0,0.0,0.5,0,0,0,0,0
c_18,1000PEPEUSDT,1749286800000,0,train,control,,0.6825475678175249,0.7713281090152142,0,-0.2380010660872204,0,0.8814794816414687,9,-0.0011572925650870011,0.0041878529143393114,-0.006535004322223428,0.06365572832341784,0.0001,0.00028633,0.0,0.0,0.5,0,0,0,0,0
c_19,1000PEPEUSDT,1761868800000,0,train,control,,1.1640345077450545,1.242388068484524,0,0.05623349128673629,0,0.8623013639896026,0,0.0037530583995542587,0.009960954324804042,-0.021892913877429396,0.14673822496212954,-0.00029579,-0.00021654999999999998,0.0,0.0,0.5,0,0,0,0,0
c_20,1000PEPEUSDT,1714608000000,0,train,control,,,,0,-0.032036918160790254,0,0.9572465753424657,0,0.007772490878514378,0.012674948453389906,0.025524328668051054,,0.0001,0.0,0.0,0.0,0.5,0,0,0,0,0
c_21,1000PEPEUSDT,1725004800000,0,train,control,,1.075697301951392,0.7098186683554893,0,-0.02605251804945703,0,0.7840630010757272,8,-0.0016146511898360511,0.015511642450357193,0.022747189148776038,0.29152465637103275,1.41e-05,-5.688e-05,0.0,0.0,0.5,0,0,0,0,0
c_22,1000PEPEUSDT,1737410400000,0,train,control,,1.2280552841940613,1.3913994447431481,1,-0.07068418898192089,0,0.7405778147663773,22,-0.010101049088705533,0.009361111158592202,-0.0008619246376308946,0.02043529573634444,0.0001,0.0,0.0,0.0,0.5,0,0,0,0,0
c_23,1000PEPEUSDT,1750982400000,0,train,control,,0.9203659481804918,0.9479013597257123,0,-0.17331821749263518,0,0.8699978142907374,0,-0.0002552809493085244,0.0009127733479099981,-0.0006233500435864039,0.12447263468428076,7.467e-05,0.00021753,0.0,0.0,0.5,0,0,0,0,0
c_24,1000PEPEUSDT,1761868800000,0,train,control,,1.1640345077450545,1.242388068484524,0,0.05623349128673629,0,0.8623013639896026,0,0.0037530583995542587,0.009960954324804042,-0.021892913877429396,0.14673822496212954,-0.00029579,-0.00021654999999999998,0.0,0.0,0.5,0,0,0,0,0
c_25,1000PEPEUSDT,1714608000000,0,train,control,,,,0,-0.032036918160790254,0,0.9572465753424657,0,0.007772490878514378,0.012674948453389906,0.025524328668051054,,0.0001,0.0,0.0,0.0,0.5,0,0,0,0,0
c_26,1000PEPEUSDT,1728824400000,0,train,control,,1.0749408310905872,0.8707878030035467,0,0.050922842226115914,0,0.8983777788048251,13,0.0017464036399401407,0.0005379418248576245,-0.004327898005090386,0.08355707802274459,0.0001,0.0,0.0,0.0,0.5,0,0,0,0,0
c_27,1000PEPEUSDT,1738339200000,0,train,control,,4.2643336230268005,4.525633665748083,4,0.018484496017983108,0,0.9111104160150141,16,0.009573067068936618,0.0030614563956872817,-0.06156808462122528,0.0802668068536978,0.0001,4.2340000000000005e-05,0.0,0.0,0.5,0,0,0,0,0
c_28,1000PEPEUSDT,1750809600000,0,train,control,,0.5043177021478618,0.5647805682934569,0,-0.002943770783779773,1,0.9554685495443271,0,0.0007323704926417648,0.004771097159429718,0.0028556166931535637,0.07576033901553911,-8.526e-05,-7.523999999999999e-05,0.0,0.0,0.5,0,0,0,0,0
c_29,1000PEPEUSDT,1761868800000,0,train,control,,1.1640345077450545,1.242388068484524,0,0.05623349128673629,0,0.8623013639896026,0,0.0037530583995542587,0.009960954324804042,-0.021892913877429396,0.14673822496212954,-0.00029579,-0.00021654999999999998,0.0,0.0,0.5,0,0,0,0,0
c_30,1000PEPEUSDT,1714608000000,0,train,control,,,,0,-0.032036918160790254,0,0.9572465753424657,0,0.007772490878514378,0.012674948453389906,0.025524328668051054,,0.0001,0.0,0.0,0.0,0.5,0,0,0,0,0
c_31,1000PEPEUSDT,1728374400000,0,train,control,,2.2104585562713934,1.573376054024337,1,-0.10020755576891216,0,0.8320031435557107,8,-0.003074411644674171,-0.025275736444795294,-0.02113522132628621,0.09919189607199401,7.17e-05,-2.830000000000001e-05,0.0,0.0,0.5,0,0,0,0,0
c_32,1000PEPEUSDT,1739386800000,0,train,control,,0.9420362585903054,1.8838081868398553,3,-0.010052848432909116,0,0.9145462096043491,19,-0.004509864364981444,-0.004995546492536223,-0.008643054673909488,0.04688095119543957,7.176e-05,0.00024248,0.0,0.0,0.5,0,0,0,0,0
c_33,1000PEPEUSDT,1751738400000,0,train,control,,0.725346691310155,0.6879815103251182,0,-0.03883610168740564,0,0.8951710075076467,18,-0.00013418558143537854,-0.003266408206600136,0.0018113608283683532,0.22234249063789285,6.109e-05,0.00028386000000000004,0.0,0.0,0.5,0,0,0,0,0
c_34,1000PEPEUSDT,1761703200000,0,train,control,,0.795834168143869,0.6902268288222159,0,-0.1094909853833696,0,0.9310903877589302,2,0.0004707138566947183,-0.01436417650971753,-0.02589665543292712,0.17086176170673814,-0.00010062,-0.00014843,0.0,0.0,0.5,0,0,0,0,0
c_35,1000PEPEUSDT,1715792400000,0,train,control,,4.5718285182512375,3.313390421102845,4,-0.005653904471481288,0,0.8744127104544005,17,0.0006693926768750788,-0.0004280373225134862,0.0202449857079527,0.027671268586476762,-4.624e-05,1.213e-05,0.0,0.0,0.5,0,0,0,0,0
c_36,1000PEPEUSDT,1729083600000,0,train,control,,1.7249624031115052,1.4400721848301037,0,-0.01818557264336211,1,0.9419535449479907,13,-0.0009488406905322014,0.019970603688855715,0.020881519594586357,0.1725213260656132,0.0001,0.0,0.0,0.0,0.5,0,0,0,0,0
c_37,1000PEPEUSDT,1739242800000,0,train,control,,1.3587205119933137,1.6275865268884606,1,-0.07848140074584278,0,0.9001841620626151,3,-0.0023084148408307214,-0.004152653891320705,0.0180725352699875,0.019100405307922272,1.454e-05,-8.546000000000001e-05,0.0,0.0,0.5,0,0,0,0,0
c_38,1000PEPEUSDT,1748365200000,0,train,control,,1.9524603321675476,2.1202710088817547,2,-0.01134247085501073,1,0.8608072725493074,17,0.0007139528736602372,-0.013235991089800492,-0.013255770393716827,-0.044041979166655434,0.0001,6.316000000000001e-05,0.0,0.0,0.5,0,0,0,0,0
c_39,1000PEPEUSDT,1761868800000,0,train,control,,1.1640345077450545,1.242388068484524,0,0.05623349128673629,0,0.8623013639896026,0,0.0037530583995542587,0.009960954324804042,-0.021892913877429396,0.14673822496212954,-0.00029579,-0.00021654999999999998,0.0,0.0,0.5,0,0,0,0,0
c_40,1000PEPEUSDT,1761958800000,0,test,control,,0.7995652867483857,0.5146028477197725,0,0.004945672878534015,0,0.8823726451751213,1,0.0012085000269264957,0.0030586213845997215,-0.005083125829365261,0.13573732072045153,3.61e-05,8.759e-05,0.0,0.0,0.5,0,0,0,0,0
c_41,1000PEPEUSDT,1766138400000,0,test,control,,0.7632283549840205,1.237774524865265,1,-0.11624859511442948,0,0.8432347894085193,10,5.791295342442497e-05,0.0016776709796768445,0.05861675817554927,0.19874450863523602,0.0001,3.663000000000001e-05,0.0,0.0,0.5,0,0,0,0,0
c_42,1000PEPEUSDT,1771995600000,0,test,control,,0.9534542578615727,1.869462804242684,1,-0.034120376632725734,0,0.9009387128802238,5,0.001012825553802982,0.00645655187476635,0.03002837158231785,-0.026784160803441356,0.0001,0.00016171000000000002,0.0,0.0,0.5,0,0,0,0,0
c_43,1000PEPEUSDT,1775336400000,0,test,control,,0.43739231009411506,0.778523347960252,0,-0.10517733505446623,0,0.9631696744765843,21,-0.00033450931942963935,0.00039745470921353853,-0.004093453392783241,0.07183562543123044,-0.00016002,-0.00026002,0.0,0.0,0.5,0,0,0,0,0
c_44,1000PEPEUSDT,1779814800000,0,test,control,,2.04316652471761,1.8549296875317163,2,-0.01338151945670032,0,0.9244076818703685,17,0.0007374650554015228,0.010105588870888747,0.005376398778898052,-0.0682413507660323,6.886e-05,1.1810000000000004e-05,0.0,293.188,0.0,0,0,0,0,0
c_45,1000PEPEUSDT,1761958800000,0,test,control,,0.7995652867483857,0.5146028477197725,0,0.004945672878534015,0,0.8823726451751213,1,0.0012085000269264957,0.0030586213845997215,-0.005083125829365261,0.13573732072045153,3.61e-05,8.759e-05,0.0,0.0,0.5,0,0,0,0,0
c_46,1000PEPEUSDT,1766023200000,0,test,control,,1.1626753182257257,0.8358644584303684,0,-0.07675753278495177,0,0.8229097950758624,2,-0.0012321343420901164,-0.0027918794799998334,0.010551032153441749,0.3073259272525809,-0.00029623,-0.00033039999999999995,0.0,0.0,0.5,0,0,0,0,0
c_47,1000PEPEUSDT,1771552800000,0,test,control,,0.583063299266698,0.6185451705390655,0,0.04371684899782634,0,0.8345922191049813,2,0.000879593868739461,-0.002876380786643649,-0.002110385311084172,-0.11348206439574789,-5.175e-05,-0.00015175,0.0,0.0,0.5,0,0,0,0,0
c_48,1000PEPEUSDT,1776261600000,0,test,control,,1.3443736590559265,1.178317141258338,0,-0.006364157619699078,0,0.9382597402597402,14,-0.002868162853451484,0.018403626814137236,0.04428004719177263,0.10329908032632014,-7.716e-05,-0.00017716,0.0,22.041,0.0,0,0,0,0,0
c_49,1000PEPEUSDT,1779202800000,0,test,control,,1.4057118105153061,1.042875107844226,0,-0.11345197218942289,0,0.8542810227539291,15,-0.006251455831851047,-0.007839521963149488,-0.012586293421875021,0.04307156654926486,3.1e-06,-7.906e-05,0.0,3368.0755000000004,0.0,0,0,0,0,0
c_50,1000PEPEUSDT,1762545600000,0,test,control,,1.90939432221551,3.3906616837075254,3,-0.07322761574749781,1,0.9229493633402428,20,0.007788297174194741,-0.04672732271672232,0.003239714806828834,-0.03405519521104024,0.0001,0.0,0.0,0.0,0.5,0,0,0,0,0
c_51,1000PEPEUSDT,1766376000000,0,test,control,,0.8371884910905453,1.705861198725682,2,-0.030343604588964526,1,0.9247210181684035,4,0.0035106331241354237,0.014346472956860755,-0.005727138265622447,0.14359813467809254,0.0001,0.0,0.0,0.0,0.5,0,0,0,0,0
c_52,1000PEPEUSDT,1770069600000,0,test,control,,0.6088770604266,0.7056480863895676,0,-0.050350996042680424,1,0.8094713028269425,22,0.0065699112683661005,-0.006951356825210042,-0.015606721600425784,-0.06968114112912915,5.31e-06,9.4e-06,0.0,0.0,0.5,0,0,0,0,0
c_53,1000PEPEUSDT,1776337200000,0,test,control,,4.482855999046209,2.93936138424978,4,-0.018338098227085202,0,0.9303494909964581,11,-0.0039016238212307105,0.0035542810689880946,-0.02022297892632649,0.10801355067125337,0.0001,0.0,0.0,35301.97290000001,0.0,0,0,0,0,0
c_54,1000PEPEUSDT,1779814800000,0,test,control,,2.04316652471761,1.8549296875317163,2,-0.01338151945670032,0,0.9244076818703685,17,0.0007374650554015228,0.010105588870888747,0.005376398778898052,-0.0682413507660323,6.886e-05,1.1810000000000004e-05,0.0,293.188,0.0,0,0,0,0,0
c_55,1000PEPEUSDT,1762696800000,0,test,control,,1.1051404733005092,1.0863924988560645,0,0.11233958515867158,0,0.8948324105495029,14,0.008228282909456461,0.015502657780283565,0.019773626711891246,0.02496100542435192,8.678e-05,-1.3219999999999999e-05,0.0,0.0,0.5,0,0,0,0,0
c_56,1000PEPEUSDT,1766102400000,0,test,control,,0.9543884683635676,1.4922637348407073,1,-0.052407093929095844,0,0.7989075503752607,0,-0.0008685588702890081,0.0006902872740331811,-0.08428169613723638,0.2130127135188353,9.227e-05,0.00027018,0.0,0.0,0.5,0,0,0,0,0
c_57,1000PEPEUSDT,1772150400000,0,test,control,,0.7506465642987475,0.9422184739361344,0,0.10890688886043468,1,0.8587085906793935,0,-0.001232019475384741,0.003868105153538085,-0.03219958369916931,0.1449316199474328,-0.00032387,-0.00042386999999999997,0.0,0.0,0.5,0,0,0,0,0
c_58,1000PEPEUSDT,1775142000000,0,test,control,,2.1132059819471025,1.211448139079449,1,0.013980632511422553,0,0.9479842479530838,15,0.00898572039023169,0.014291958947512614,-0.002322809517018709,0.07687176954314537,-0.00058864,-0.00048273999999999995,0.0,0.0,0.5,0,0,0,0,0
c_59,1000PEPEUSDT,1779753600000,0,test,control,,1.2638989318722142,0.8267613568423229,0,-0.07594547942106884,1,0.9377413631144974,0,0.002553035816446103,0.011717655993407072,0.00719483462973605,-0.08350953115413368,5.705e-05,-4.295000000000001e-05,0.0,0.0,0.5,0,0,0,0,0
c_60,1000PEPEUSDT,1761958800000,0,test,control,,0.7995652867483857,0.5146028477197725,0,0.004945672878534015,0,0.8823726451751213,1,0.0012085000269264957,0.0030586213845997215,-0.005083125829365261,0.13573732072045153,3.61e-05,8.759e-05,0.0,0.0,0.5,0,0,0,0,0
c_61,1000PEPEUSDT,1766664000000,0,test,control,,0.40232902213980576,0.7930892587860437,0,0.0801027099750315,1,0.94995213020584,12,0.0011351932803881297,-0.0019431430000260278,-0.008155215808721581,0.004818241321319833,0.0001,4.304000000000001e-05,0.0,0.0,0.5,0,0,0,0,0
c_62,1000PEPEUSDT,1769918400000,0,test,control,,0.5797251442327752,1.0212186116743673,0,0.003120637097507356,0,0.7972281895781449,4,-0.0003817064943364302,-0.003596737003949939,-0.0038324438289629517,-0.030951774517005592,-0.00011891,-2.96e-05,0.0,0.0,0.5,0,0,0,0,0
c_63,1000PEPEUSDT,1776312000000,0,test,control,,4.9826079195731685,3.7291259594925816,2,0.09272303107232928,0,0.9872977205498521,4,0.00014831482293069112,0.012982332026828275,-0.00205118540085926,0.10893708665156512,0.0001,0.00017716,57850.0636,54.4401,0.9990598296070017,0,0,0,0,0
c_64,1000PEPEUSDT,1779814800000,0,test,control,,2.04316652471761,1.8549296875317163,2,-0.01338151945670032,0,0.9244076818703685,17,0.0007374650554015228,0.010105588870888747,0.005376398778898052,-0.0682413507660323,6.886e-05,1.1810000000000004e-05,0.0,293.188,0.0,0,0,0,0,0
c_65,1000PEPEUSDT,1716843600000,0,train,control,,0.699200182762905,0.7835798819178578,0,0.04804745910442679,0,0.9630545008334878,21,0.00579093191722709,-0.007151463927246909,-0.03195729181988705,0.05563513704596698,0.0001,-3.4449999999999984e-05,0.0,0.0,0.5,0,0,0,0,0
c_66,1000PEPEUSDT,1728604800000,0,train,control,,0.48097239140903103,0.7282435817766878,0,-0.09547195256482274,1,0.8587049960715442,0,0.0028675599792416964,0.0003150305082811063,0.021221260177963403,0.1623145064037866,0.0001,6.641000000000001e-05,0.0,0.0,0.5,0,0,0,0,0
c_67,1000PEPEUSDT,1738951200000,0,train,control,,2.066405839778341,2.8039451226074052,4,-0.06859604061372149,0,0.6333856655290102,18,-0.004203945020457349,-0.008367388517939476,-0.047381775884312236,0.22801466052551295,-0.00010814,1.8299999999999984e-05,0.0,0.0,0.5,0,0,0,0,0
c_68,1000PEPEUSDT,1752357600000,0,train,control,,0.7054121824659574,0.6361333230091947,0,0.04639917936381163,0,0.9193904045155221,22,0.0041017065937626615,0.0002182863795932048,0.001961167726829077,0.13000239208763628,0.0001,0.0,0.0,0.0,0.5,0,0,0,0,0
c_69,1000PEPEUSDT,1761868800000,0,train,control,,1.1640345077450545,1.242388068484524,0,0.05623349128673629,0,0.8623013639896026,0,0.0037530583995542587,0.009960954324804042,-0.021892913877429396,0.14673822496212954,-0.00029579,-0.00021654999999999998,0.0,0.0,0.5,0,0,0,0,0
c_70,1000PEPEUSDT,1714608000000,0,train,control,,,,0,-0.032036918160790254,0,0.9572465753424657,0,0.007772490878514378,0.012674948453389906,0.025524328668051054,,0.0001,0.0,0.0,0.0,0.5,0,0,0,0,0
c_71,1000PEPEUSDT,1727553600000,0,train,control,,1.2582753689089134,1.6151707385918492,2,0.010165019024810628,0,0.9699706714422903,20,0.00048120850338073066,0.011026590239165348,0.020289537479246077,0.053902928494848505,0.0001,0.0,0.0,0.0,0.5,0,0,0,0,0
c_72,1000PEPEUSDT,1737082800000,0,train,control,,1.2979967093690343,0.8805193780838317,0,-0.03346297452981125,1,0.9682731028032527,3,-0.005690885727722939,0.009262051346788968,0.01506680937744229,0.081419220875381,0.0001,0.0,0.0,0.0,0.5,0,0,0,0,0
c_73,1000PEPEUSDT,1749016800000,0,train,control,,0.4307294999642507,0.5370063491236793,0,-0.0358871732027253,0,0.8198114767653382,6,-0.0005884066801240969,0.00453790764216427,0.00769793074803236,0.014452619889124219,0.0001,0.0,0.0,0.0,0.5,0,0,0,0,0
c_74,1000PEPEUSDT,1761868800000,0,train,control,,1.1640345077450545,1.242388068484524,0,0.05623349128673629,0,0.8623013639896026,0,0.0037530583995542587,0.009960954324804042,-0.021892913877429396,0.14673822496212954,-0.00029579,-0.00021654999999999998,0.0,0.0,0.5,0,0,0,0,0
c_75,1000PEPEUSDT,1714608000000,0,train,control,,,,0,-0.032036918160790254,0,0.9572465753424657,0,0.007772490878514378,0.012674948453389906,0.025524328668051054,,0.0001,0.0,0.0,0.0,0.5,0,0,0,0,0
c_76,1000PEPEUSDT,1727863200000,0,train,control,,2.6663522124595267,2.001056852619809,3,-0.11981214982316715,0,0.8136925647451962,10,-0.008448633956741851,-0.023554237573408725,-0.0275533611525936,0.04864922788364506,0.0001,0.0,0.0,0.0,0.5,0,0,0,0,0
c_77,1000PEPEUSDT,1738141200000,0,train,control,,1.065043032189257,1.3884954382441308,1,-0.03861005666935075,0,0.7796785162287482,9,-0.00017717516588265447,0.007630241939598401,0.006521109894039059,0.17810084075173893,7.718e-05,1.4330000000000007e-05,0.0,0.0,0.5,0,0,0,0,0
c_78,1000PEPEUSDT,1751950800000,0,train,control,,0.7557470092960873,0.7141385845561847,0,-0.01783439956669533,0,0.9073037352859393,5,0.0012368732881728782,0.000555959245190756,-0.0165167723505941,0.25907143553842404,6.425e-05,-3.575e-05,0.0,0.0,0.5,0,0,0,0,0
c_79,1000PEPEUSDT,1760742000000,0,train,control,,0.7306343126238078,0.812665116862647,0,-0.11046168336368792,0,0.8398735844087438,23,-0.002824700697362637,0.011035708304611227,0.012424270350757782,0.0664109064028322,-7.716e-05,-7.084e-05,0.0,0.0,0.5,0,0,0,0,0
c_80,1000PEPEUSDT,1715007600000,0,train,control,,,,0,-0.06250893778561878,0,0.9201576380421529,15,-0.009781383112001982,0.00300607245548992,-0.021188307791299456,,0.0001,0.0,0.0,0.0,0.5,0,0,0,0,0
c_81,1000PEPEUSDT,1726142400000,0,train,control,,0.9203105313554846,0.7162286065571455,0,0.023968137284654564,0,0.9601710526315789,12,0.0021447998963864284,0.009644605396027945,0.028833182463139095,0.08251345074064798,0.0001,0.00010603,0.0,0.0,0.5,0,0,0,0,0
c_82,1000PEPEUSDT,1740078000000,0,train,control,,1.3353273847601803,1.1920192547281574,0,-0.07175807138556588,1,0.8895070802552987,19,0.0032946809184255577,-0.0018021936744582608,0.0064345976302021615,-0.005430538898091385,0.0001,0.00011180000000000001,0.0,0.0,0.5,0,0,0,0,0
c_83,1000PEPEUSDT,1752166800000,0,train,control,,4.725916223936769,2.3500460650036534,1,0.06485585061172588,0,0.9877329273145665,17,0.011192635832959165,0.004274324791313957,0.0010994121115653962,0.167144925934866,0.0001,0.0,0.0,0.0,0.5,0,0,0,0,0
c_84,1000PEPEUSDT,1761868800000,0,train,control,,1.1640345077450545,1.242388068484524,0,0.05623349128673629,0,0.8623013639896026,0,0.0037530583995542587,0.009960954324804042,-0.021892913877429396,0.14673822496212954,-0.00029579,-0.00021654999999999998,0.0,0.0,0.5,0,0,0,0,0
c_85,1000PEPEUSDT,1714608000000,0,train,control,,,,0,-0.032036918160790254,0,0.9572465753424657,0,0.007772490878514378,0.012674948453389906,0.025524328668051054,,0.0001,0.0,0.0,0.0,0.5,0,0,0,0,0
c_86,1000PEPEUSDT,1727676000000,0,train,control,,1.7731704718035557,2.4516666860686254,3,0.032597224669333735,0,0.9522807017543861,6,0.0013847276340096107,-0.0001625345862934962,0.031986241176577494,0.10106935623342359,8.702e-05,-1.2980000000000001e-05,0.0,0.0,0.5,0,0,0,0,0
c_87,1000PEPEUSDT,1737176400000,0,train,control,,2.1518700058512716,1.9941462106861456,2,-0.09885749120418302,0,0.9196052788015693,5,0.00029266568209927605,-0.006365784212886648,-0.019720596070023126,0.04758378101727884,0.0001,0.0,0.0,0.0,0.5,0,0,0,0,0
c_88,1000PEPEUSDT,1749657600000,0,train,control,,2.0854574050146266,2.3137472913840966,3,-0.012290619727833574,1,0.9820640966366513,16,-0.0012419057608402183,0.023340856959070365,0.07475445477482716,0.033298526280819474,0.0001,0.0,0.0,0.0,0.5,0,0,0,0,0
c_89,1000PEPEUSDT,1761451200000,0,train,control,,0.4583775213639018,0.7157895192754941,0,-0.012312256768648677,1,0.9549448165523227,4,-0.0017458884103528937,-0.0006460904076161937,0.003023781625892597,0.13657124341163146,0.0001,0.0,0.0,0.0,0.5,0,0,0,0,0
c_90,1000PEPEUSDT,1716984000000,0,train,control,,0.8526927784918712,1.5753544607512386,1,-0.10766881630308338,0,0.8695476014076682,12,-0.0032921375231662136,0.0007259174565407102,-0.05912724992757498,0.030278666586119492,0.00036299,2.741000000000001e-05,0.0,0.0,0.5,0,0,0,0,0
c_91,1000PEPEUSDT,1729177200000,0,train,control,,1.4874754099999898,1.2640006783832236,0,0.024392346157065693,0,0.8987362150849232,15,0.0015374534099373228,-0.0010004706681890421,0.005265096342168176,0.14659563295042696,0.0001,0.0,0.0,0.0,0.5,0,0,0,0,0
c_92,1000PEPEUSDT,1736553600000,0,train,control,,0.4045467434963168,0.5403086099039149,0,-0.03962840755656417,0,0.8045363271266884,0,-0.0005689891417025145,-0.0014285242663480164,-0.008360487282117466,0.3077195062734512,-6.76e-06,2.418e-05,0.0,0.0,0.5,0,0,0,0,0
c_93,1000PEPEUSDT,1748523600000,0,train,control,,1.7912807693260162,0.9769819916435127,0,-0.0959953304737124,0,0.8678546958351686,13,-0.0032288026485194576,-0.008294055332898122,-0.019045701592875545,0.02994947820590574,0.0001,3.320000000000001e-05,0.0,0.0,0.5,0,0,0,0,0
c_94,1000PEPEUSDT,1761552000000,0,train,control,,1.3586813585940656,1.1044323632848954,0,-0.11126239432778236,0,0.9742476619235201,8,-0.004191923371330476,-0.0003196843487864332,0.016655735629326568,0.11535006211325534,0.0001,9.203e-05,0.0,0.0,0.5,0,0,0,0,0
p_19,ADAUSDT,1730984400000,1,train,main,18.5215,1.5107393792681658,1.2610477024287856,0,0.1731975326879135,0,0.9941906522313178,13,0.003218908513190727,0.007510169940011053,0.0071784561539441055,0.10443726105517283,0.0001,0.0,0.0,0.0,0.5,0,1,1,0,0
p_20,ADAUSDT,1731160800000,1,train,main,46.9777,2.377113797792078,1.7992504805241343,2,-0.07849822209836323,1,0.9588235294117646,14,0.0017949507994676009,0.0009768577872073891,0.022069485979401122,0.12535585822620698,0.0001,0.0,0.0,0.0,0.5,0,0,0,0,0
p_21,ADAUSDT,1731477600000,1,train,main,15.2178,3.1841085210123397,4.385222600829832,4,-0.005288599149392657,0,0.8015151515151515,6,-0.00708199382718877,0.0010125072165677559,0.001357935335972834,0.023722759907086582,0.00019356,-0.00025414999999999997,0.0,0.0,0.5,0,1,0,0,0
p_22,ADAUSDT,1731664800000,1,train,main,26.5709,5.707659885656292,5.422748728231074,4,-0.013640023548073215,1,0.9418181818181819,10,0.012568327089634738,0.0003399134878544883,-0.003615925308266216,0.07078701660842218,0.0001,0.0,0.0,0.0,0.5,0,1,1,0,0
p_23,ADAUSDT,1732021200000,1,train,main,15.7285,2.2176410828033792,1.5076723997200348,1,0.015922342916876192,0,0.91157458226613,13,0.008965563861243517,-0.00818057076222202,-0.00886936671976976,0.07648294332828526,0.00034363,0.00023798,0.0,0.0,0.5,0,1,0,0,0
p_24,ADAUSDT,1732233600000,1,train,main,34.9329,1.3248638640588526,1.3369218878487974,0,0.003583832460679569,0,0.9691328934967012,0,-0.0002571344650637898,0.003504151521176763,0.007030486202127968,0.04708502191693018,0.00033946,0.00023946,0.0,0.0,0.5,0,1,1,0,0
p_25,ADAUSDT,1738548000000,1,train,main,31.2159,12.619431706043837,7.157688433711072,4,-0.14283650040012527,0,0.6341833636915605,2,-0.031682088558911886,-0.03835136160536016,-0.0692536336279521,0.23891345183888663,-8.452e-05,-8.8e-05,0.0,0.0,0.5,0,0,0,0,0
p_26,ADAUSDT,1740924000000,1,train,main,75.1545,0.9332394296592584,0.6816681886598481,0,-0.05069485645437064,0,0.8399640657084189,14,-0.003090416799021746,-0.007736771310448341,-0.010486565730143508,0.019742723719923687,0.0001,0.0,0.0,0.0,0.5,0,1,0,0,0
p_27,ADAUSDT,1741093200000,1,train,main,25.6059,4.3719714239246255,4.132013866688313,4,0.07661274497994638,1,0.6849315068493151,13,-0.0019632829141938276,-0.008812005798162341,-0.04368462325301229,0.2280258796002398,-0.00020039,-0.00015922,0.0,0.0,0.5,0,1,0,0,0
p_28,ADAUSDT,1752152400000,1,train,main,20.736,1.6820680236949594,1.514801706949793,0,-0.2219066181967545,0,0.9773614363778299,13,-0.0014706385923681526,-0.002499134618813343,0.0024246074745769403,0.23080556715869532,0.0001,0.0,0.0,0.0,0.5,0,0,0,0,0
p_29,ADAUSDT,1752721200000,1,train,main,15.4672,1.5160236584618376,2.0674269166939543,1,0.1132097296076514,0,0.9610091743119266,3,0.0015832028108199636,0.0014939441946526092,-0.026813420292871846,0.05504551403345596,0.0001,0.0,0.0,0.0,0.5,0,0,1,0,0
p_30,ADAUSDT,1755093600000,1,train,main,17.4596,3.0097244857672494,1.6895161501511324,1,-0.05717128056443425,1,0.9897683831796716,14,0.012662301483685422,-0.0006114369181954438,4.432894315781266e-05,0.017792909163672765,0.0001,4.839e-05,0.0,0.0,0.5,0,0,0,0,0
p_31,ADAUSDT,1770336000000,1,test,main,15.0185,3.8243066554095178,6.593327842839484,4,0.005848239408704186,1,0.7301161751563897,0,-0.015820609999890396,-0.009193553109127305,0.020819992223503767,0.024039850855838527,-0.00013478,-0.00016012,0.0,0.0,0.5,0,1,0,0,0
p_32,ADAUSDT,1740924000000,1,train,fast,33.6063,0.9332394296592584,0.6816681886598481,0,-0.05069485645437064,0,0.8399640657084189,14,-0.003090416799021746,-0.007736771310448341,-0.010486565730143508,0.019742723719923687,0.0001,0.0,0.0,0.0,0.5,0,1,0,0,0
c_95,ADAUSDT,1716591600000,0,train,control,,0.4286302105333133,0.7314947644910785,0,-0.12492013802968042,1,0.898786217697729,23,-0.001259869948908542,0.00016369701051005138,-0.007002279688848537,0.21602806332442243,0.0001,0.0,0.0,0.0,0.5,0,0,0,0,0
c_96,ADAUSDT,1725591600000,0,train,control,,1.125740739865614,1.1508496379100457,0,-0.09427810678322568,1,0.9081321121287815,3,0.0031914065540592103,0.001977275119218676,-0.00582995464410505,0.12519723948899938,0.0001,1.7500000000000005e-05,0.0,0.0,0.5,0,0,0,0,0
c_97,ADAUSDT,1740099600000,0,train,control,,0.5769693093044066,0.5749553346542446,0,-0.06218941683444157,0,0.9627216793340573,1,-0.0006747892428619243,0.0056521352813824295,-0.008384369228832152,-0.005517522882508577,0.0001,0.0,0.0,0.0,0.5,0,0,0,0,0
c_98,ADAUSDT,1751788800000,0,train,control,,0.4094880756937606,0.46947998113775213,0,-0.008531221326345926,0,0.9381443298969073,8,-0.0007550458995732628,-0.000936589044296089,-0.0032069489208825307,0.1380489474169952,3.638e-05,3.898e-05,0.0,0.0,0.5,0,0,0,0,0
c_99,ADAUSDT,1761836400000,0,train,control,,2.235639593500894,2.6778974432972418,3,-0.008557289392684209,1,0.8810038944180009,15,0.005855057806960712,-0.007485419003757704,-0.008089748580759433,-0.06792805908322742,-4.45e-06,1.32e-06,0.0,0.0,0.5,0,0,0,0,0
c_100,ADAUSDT,1714608000000,0,train,control,,,,0,0.06003422808388581,0,0.983173076923077,0,0.007772490878514378,-0.0022801075706017212,-0.00933897452910032,,9.616e-05,-3.840000000000004e-06,0.0,0.0,0.5,0,0,0,0,0
c_101,ADAUSDT,1724767200000,0,train,control,,0.8729903691550085,1.055530712681718,0,-0.06804278886464102,0,0.9070289132602194,14,-0.003068905338292727,0.012448291091735158,0.005417949046823659,0.0631442256248181,-1.07e-06,-8.506e-05,0.0,0.0,0.5,0,0,0,0,0
c_102,ADAUSDT,1736805600000,0,train,control,,2.1951531438519987,1.673744325913595,1,-0.08159714463278238,1,0.8184895833333333,22,0.006615217351796392,-0.0009242894766535542,-0.012506596569970519,-0.06946623761417367,4.449e-05,-5.551e-05,0.0,0.0,0.5,0,0,0,0,0
c_103,ADAUSDT,1748966400000,0,train,control,,1.2095373594304002,1.4017850865941914,0,0.0722585691984332,1,0.8945262070746192,16,0.000572796307060137,0.01811217884524047,0.02288581902489725,0.14066481202323197,0.0001,9.926000000000001e-05,0.0,0.0,0.5,0,0,0,0,0
c_104,ADAUSDT,1760533200000,0,train,control,,1.130323468214398,1.2899079551854633,0,-0.07952326383388897,0,0.8095349929544386,13,-0.0016469809819296777,0.0067862067349501115,0.02508217726983448,0.8428289176522763,0.0001,0.00014402000000000002,0.0,0.0,0.5,0,0,0,0,0
c_105,ADAUSDT,1716105600000,0,train,control,,0.7686619115907208,0.595882609997628,0,0.07431975217409736,0,0.977986139421117,8,0.004491440291010613,0.00191158933921274,-0.0028370678697383646,-0.12756816156225448,0.0001,0.0,0.0,0.0,0.5,0,0,0,0,0
c_106,ADAUSDT,1723406400000,0,train,control,,1.5215338720317946,0.7059029773903693,0,-0.10161473803072281,0,0.9393769295537469,20,-0.010585102497526356,0.004680680473648173,0.005900529645083142,0.3307031802831726,5.05e-06,-2.1700000000000004e-06,0.0,0.0,0.5,0,0,0,0,0
c_107,ADAUSDT,1739973600000,0,train,control,,0.8217510043384433,1.2182277491134204,0,0.18426307532816338,0,0.922836162272782,14,0.001217096776878074,0.000794757250023887,0.0052559692057427285,-0.051065925867624797,-0.00012198,-0.00013099,0.0,0.0,0.5,0,0,0,0,0
c_108,ADAUSDT,1748088000000,0,train,control,,0.6116705211888768,0.6589851658803453,0,-0.044180791024677764,0,0.9039695745186594,12,0.0009968498810107626,0.007737313026515518,0.03386809183839998,0.20996515137092575,-3.759e-05,-0.00013759,0.0,0.0,0.5,0,0,0,0,0
c_109,ADAUSDT,1760425200000,0,train,control,,5.492558066936044,2.9622801741712697,3,-0.057806885373598564,0,0.7799015680439509,7,-0.004489573392696287,0.025654050088203036,-0.020846896407550483,0.8406728341148041,1.269e-05,0.00015764,0.0,0.0,0.5,0,0,0,0,0
c_110,ADAUSDT,1715248800000,0,train,control,,1.4951618466730239,1.1702741870488567,0,-0.03686553925237351,0,0.9567317790380172,10,-0.00034261269918441865,-0.000721085729263421,-0.010579145439935137,-0.01485917136025977,-2e-06,-2.29e-06,0.0,0.0,0.5,0,0,0,0,0
c_111,ADAUSDT,1726606800000,0,train,control,,0.918522891374212,1.0367116800313945,0,0.03369036994360169,1,0.9136749794464236,21,0.002360457745304107,-0.0025540651849286877,-0.010576644598327887,-0.032116090620770095,-1.784e-05,-2.832e-05,0.0,0.0,0.5,0,0,0,0,0
c_112,ADAUSDT,1739991600000,0,train,control,,1.1126094673046638,1.2584298032198964,0,-0.10097911320808596,0,0.9097146984470929,19,-0.007496058938969885,-0.002852332254402282,-0.0221656452924965,-0.06610272543853528,6.845e-05,0.00019638000000000001,0.0,0.0,0.5,0,0,0,0,0
c_113,ADAUSDT,1751461200000,0,train,control,,1.3060560055596258,1.130168263366022,0,-0.14921247975673788,0,0.9466463414634145,13,-0.0009912546212011214,-0.01743868646354314,-0.020841314487311094,0.09998823471777019,1.355e-05,0.00017904,0.0,0.0,0.5,0,0,0,0,0
c_114,ADAUSDT,1761512400000,0,train,control,,0.8750600830831985,0.629208428741001,0,-0.05826872773097721,0,0.9778166958552248,21,-0.00245274394674243,-0.008701908404314836,0.0006582262271510005,-0.03639627496467286,9.483e-05,-5.170000000000006e-06,0.0,0.0,0.5,0,0,0,0,0
c_115,ADAUSDT,1714608000000,0,train,control,,,,0,0.06003422808388581,0,0.983173076923077,0,0.007772490878514378,-0.0022801075706017212,-0.00933897452910032,,9.616e-05,-3.840000000000004e-06,0.0,0.0,0.5,0,0,0,0,0
c_116,ADAUSDT,1726156800000,0,train,control,,1.0642774209412578,1.9938407107319966,1,0.045088985098625654,1,0.983402489626556,16,-0.0006798675736204173,0.016695808017002673,-9.262561577384533e-05,-0.16462383946208584,8.848e-05,4.0650000000000006e-05,0.0,0.0,0.5,0,0,0,0,0
c_117,ADAUSDT,1736121600000,0,train,control,,0.9773301858014257,0.7598075129868479,0,-0.05535511971504086,0,0.9746269990172429,0,-0.003252548370127727,-3.1127259907201794e-05,0.003266400108759197,0.07804717400356578,0.0001,0.0,0.0,0.0,0.5,0,0,0,0,0
c_118,ADAUSDT,1750064400000,0,train,control,,0.7112096451911284,0.9267638807469286,0,-0.13913862497898513,0,0.88404211677834,9,0.0010399555986612596,-0.008113794865750704,-0.013819998070301993,0.27149224169449593,6.22e-05,2.6379999999999995e-05,0.0,0.0,0.5,0,0,0,0,0
c_119,ADAUSDT,1761868800000,0,train,control,,1.1490095227426682,1.3374529067561698,1,0.04093030882068884,0,0.8673013125631038,0,0.0037530583995542587,0.003629390762242906,0.000482872028278607,-0.05172433326430975,-0.00011848,-0.00011403,0.0,0.0,0.5,0,0,0,0,0
c_120,ADAUSDT,1715900400000,0,train,control,,1.2571601288094651,0.9505752465222898,0,-0.033716709758658904,0,0.980584595690207,23,-0.0006098204010142499,-0.0017866736388475063,0.002620958912766768,-0.2083363003421373,0.0001,0.0,0.0,0.0,0.5,0,0,0,0,0
c_121,ADAUSDT,1725465600000,0,train,control,,2.7030751016134325,2.3794783880014685,2,0.03069676737232442,0,0.8864997278170931,16,0.010785314990700413,0.009436982097639568,0.015511174165735515,0.12530803415947883,2.584e-05,4.57e-05,0.0,0.0,0.5,0,0,0,0,0
c_122,ADAUSDT,1738080000000,0,train,control,,1.3982554050980853,1.0820542437992313,0,0.005295568339232234,0,0.9321275768183587,16,0.0012738803838991232,0.007577666932422634,0.010355689588844802,0.16952317293324343,0.0001,0.0,0.0,0.0,0.5,0,0,0,0,0
c_123,ADAUSDT,1751306400000,0,train,control,,1.0793334771591694,1.8108782713502962,1,0.053373581188649856,1,0.9600472016183413,18,-0.0011984933757438906,0.0033205652030854015,-0.005153267134360081,0.12783558294253194,-2.251e-05,-0.00012251,0.0,0.0,0.5,0,0,0,0,0
c_124,ADAUSDT,1761512400000,0,train,control,,0.8750600830831985,0.629208428741001,0,-0.05826872773097721,0,0.9778166958552248,21,-0.00245274394674243,-0.008701908404314836,0.0006582262271510005,-0.03639627496467286,9.483e-05,-5.170000000000006e-06,0.0,0.0,0.5,0,0,0,0,0
c_125,ADAUSDT,1715202000000,0,train,control,,2.909939672539363,2.1095560974266987,3,-0.07734786473363728,0,0.9558916194076874,21,-0.009729889764387625,-0.006550921535626024,-0.004171716097830231,-0.02003165929892846,2.9e-07,-1.05e-05,0.0,0.0,0.5,0,0,0,0,0
c_126,ADAUSDT,1724691600000,0,train,control,,0.8392229830180373,1.423673445860812,1,-0.06376197103270605,1,0.9302093718843469,17,0.00281448348636853,-0.001144452779659799,0.019834936261538094,0.0789337923812843,8.399e-05,4.531e-05,0.0,0.0,0.5,0,0,0,0,0
c_127,ADAUSDT,1739322000000,0,train,control,,1.3211286625714571,1.5690954875792131,1,0.05028503744577901,0,0.9517543859649124,1,0.0029854363354134897,-0.0014432729248176563,-0.009177862844135506,0.1083994580756377,-1.894e-05,-0.00010832,0.0,0.0,0.5,0,0,0,0,0
c_128,ADAUSDT,1750464000000,0,train,control,,0.5726880819693229,0.7886892655771982,0,0.1334738091558574,0,0.877985699071961,0,0.0017649193415367193,0.00019386211253814953,-0.007484514254807153,0.20370081212226884,1.696e-05,-8.304e-05,0.0,0.0,0.5,0,0,0,0,0
c_129,ADAUSDT,1761116400000,0,train,control,,0.7937506089874116,0.9641966948141032,0,0.040235893321513665,1,0.8867001955853591,7,-0.0016833350752460028,-0.005417469339984475,-0.014265310565552544,-0.07885700391219433,9.385e-05,7.852e-05,0.0,0.0,0.5,0,0,0,0,0
c_130,ADAUSDT,1714608000000,0,train,control,,,,0,0.06003422808388581,0,0.983173076923077,0,0.007772490878514378,-0.0022801075706017212,-0.00933897452910032,,9.616e-05,-3.840000000000004e-06,0.0,0.0,0.5,0,0,0,0,0
c_131,ADAUSDT,1726999200000,0,train,control,,0.9363637181905048,0.7202752810892896,0,-0.1620376552164097,0,0.9742453613957354,10,-0.00522387585874104,0.00020136640782023645,-0.012028244896671212,-0.011396988957261177,7.766e-05,-2.2340000000000006e-05,0.0,0.0,0.5,0,0,0,0,0
c_132,ADAUSDT,1739397600000,0,train,control,,0.6487653030691468,0.9367103701629638,0,0.007659914087526913,0,0.9640594541910332,22,0.006351945844017055,7.390783208549066e-05,-0.012466013506865468,0.128579918874148,7.122e-05,9.016e-05,0.0,0.0,0.5,0,0,0,0,0
c_133,ADAUSDT,1750712400000,0,train,control,,3.4873247239728586,2.7856519259752246,3,0.05223029975672989,0,0.8523765996343693,21,0.0055559758015870635,-0.003170111660962023,-5.578549956108156e-05,0.16100118393722074,2.3e-05,8.063e-05,0.0,0.0,0.5,0,0,0,0,0
c_134,ADAUSDT,1761868800000,0,train,control,,1.1490095227426682,1.3374529067561698,1,0.04093030882068884,0,0.8673013125631038,0,0.0037530583995542587,0.003629390762242906,0.000482872028278607,-0.05172433326430975,-0.00011848,-0.00011403,0.0,0.0,0.5,0,0,0,0,0
c_135,ADAUSDT,1714608000000,0,train,control,,,,0,0.06003422808388581,0,0.983173076923077,0,0.007772490878514378,-0.0022801075706017212,-0.00933897452910032,,9.616e-05,-3.840000000000004e-06,0.0,0.0,0.5,0,0,0,0,0
c_136,ADAUSDT,1726934400000,0,train,control,,1.2228278776311967,0.7533431515684171,0,-0.04879023082468458,0,0.9847687621157576,16,-0.002156973978834792,-0.002976771615678658,0.006689124479306549,0.0054565279156948004,0.0001,0.0,0.0,0.0,0.5,0,0,0,0,0
c_137,ADAUSDT,1736110800000,0,train,control,,0.8705200734407186,0.8815562454926958,0,0.0064765310478337255,1,0.9724828017510945,21,0.001987761346251853,0.0025182195355147896,0.0044796776773887055,0.08097251184563861,0.0001,0.0,0.0,0.0,0.5,0,0,0,0,0
c_138,ADAUSDT,1749348000000,0,train,control,,1.000685222792487,0.8174105473446036,0,0.23364757825863142,0,0.9347856839722735,2,0.0020573360296544186,0.004497180236244754,0.007415235331592312,0.03174361626938475,0.0001,0.00010494000000000001,0.0,0.0,0.5,0,0,0,0,0
c_139,ADAUSDT,1760533200000,0,train,control,,1.130323468214398,1.2899079551854633,0,-0.07952326383388897,0,0.8095349929544386,13,-0.0016469809819296777,0.0067862067349501115,0.02508217726983448,0.8428289176522763,0.0001,0.00014402000000000002,0.0,0.0,0.5,0,0,0,0,0
c_140,ADAUSDT,1715137200000,0,train,control,,0.6355592745247634,1.357398946911641,1,-0.04115818210511817,1,0.9315269901281243,3,0.0036703941273694197,0.0020012530312698332,-0.0036780868363486467,-0.040349911871325736,1.079e-05,-1.724e-05,0.0,0.0,0.5,0,0,0,0,0
c_141,ADAUSDT,1727560800000,0,train,control,,1.091080964314784,0.6152440099624316,0,-0.21080840703322865,0,0.9605389797882579,22,0.0008093673216799367,-0.012046245722401774,-0.005601268243405165,0.050302599332262055,0.0001,0.0,0.0,0.0,0.5,0,0,0,0,0
c_142,ADAUSDT,1737712800000,0,train,control,,0.8174955773328858,0.7078181539383146,0,-0.06513578426799095,0,0.8581840006859298,10,-0.0033038007933295153,0.004386214117720877,0.0011062830407831117,0.049985335214155074,0.0001,0.0,0.0,0.0,0.5,0,0,0,0,0
c_143,ADAUSDT,1751418000000,0,train,control,,0.8339073838733834,0.745802947601328,0,0.17075274727266182,1,0.9166666666666666,1,-0.002855982559289773,-0.0005265099943314161,0.0034116007259290516,0.11370811072636787,-0.00020049,-0.00014481999999999999,0.0,0.0,0.5,0,0,0,0,0
c_144,ADAUSDT,1761591600000,0,train,control,,0.5872556861004088,1.066864257448592,0,-0.048510718575965395,0,0.9813933362180873,19,-0.0031950566982050614,-0.0006772154988253671,-0.002522588144911793,0.00680565751563357,3.37e-06,-9.663e-05,0.0,0.0,0.5,0,0,0,0,0
c_145,ADAUSDT,1716703200000,0,train,control,,0.59116376625936,0.7291781501208292,0,0.047754930276914145,0,0.9007439310884886,6,0.002427764934377876,0.0016694428603334771,0.008143763906189863,0.20052247454525296,0.0001,0.0,0.0,0.0,0.5,0,0,0,0,0
c_146,ADAUSDT,1727254800000,0,train,control,,0.8849388586139281,1.4695172121172022,1,0.10989869616629012,0,0.969265938531877,9,-0.0003087053337074001,-0.002243921822681283,0.011961026692365869,-0.0021531291721654106,0.0001,1.2480000000000002e-05,0.0,0.0,0.5,0,0,0,0,0
c_147,ADAUSDT,1737846000000,0,train,control,,0.19443204194920294,0.2417448103412549,0,0.022489792836593796,0,0.8519354278771047,23,-0.0003464637379058378,-0.0012300610775908183,0.0005996350028299259,0.05122910075805701,0.0001,1.673000000000001e-05,0.0,0.0,0.5,0,0,0,0,0
c_148,ADAUSDT,1750057200000,0,train,control,,0.5625500972874228,0.7333405120049886,0,-0.14423919959239195,0,0.8787091480924382,7,0.00010232829734170546,-0.004807064043884696,-0.013356826720781905,0.27349012453065513,1.583e-05,4.378e-05,0.0,0.0,0.5,0,0,0,0,0
c_149,ADAUSDT,1761706800000,0,train,control,,0.5876368229972664,0.6354538648613893,0,-0.14472487128797876,1,0.9288908120582721,3,0.0016231542734761472,-0.0018316831010321065,-0.0058988399813455,-0.034624588101564026,-7.757e-05,-0.00013164,0.0,0.0,0.5,0,0,0,0,0
c_150,ADAUSDT,1716087600000,0,train,control,,0.7268108122667546,0.6410573900326463,0,0.15490080829871886,0,0.9826742763962495,3,0.004193201183962688,-0.0027887689906111253,-9.332613575130364e-05,-0.12836519791495607,0.0001,0.0,0.0,0.0,0.5,0,0,0,0,0
c_151,ADAUSDT,1725584400000,0,train,control,,1.2145000578227596,1.1029643013784642,0,-0.16882689594918135,0,0.8966565349544073,1,2.137296355739381e-05,-0.0014093203036017617,-0.00939707837797039,0.12598777054957558,0.0001,1.7500000000000005e-05,0.0,0.0,0.5,0,0,0,0,0
c_152,ADAUSDT,1739052000000,0,train,control,,0.38103761942209285,0.5767521051868154,0,-0.05018417667160416,1,0.7626306620209059,22,0.0008079110986656936,-0.0009167815478526961,-0.011276749464292529,0.1589538050033717,-4.441e-05,5.4940000000000006e-05,0.0,0.0,0.5,0,0,0,0,0
c_153,ADAUSDT,1751389200000,0,train,control,,2.830553662903053,2.5492768247991693,3,0.17033369325311026,0,0.9292588215431369,17,0.0012539149433991755,0.0255500401564506,0.08046605145505709,0.11409224196025806,-0.00016549,-0.00026549,0.0,0.0,0.5,0,0,0,0,0
c_154,ADAUSDT,1760385600000,0,train,control,,1.2444455548488416,1.5566829769000967,0,0.00605770075170546,0,0.8219069239500567,20,0.005376703730506376,0.010861421041449654,0.03972812241542656,0.8564493033512023,3.021e-05,0.0001527,0.0,0.0,0.5,0,0,0,0,0
c_155,ADAUSDT,1761958800000,0,test,control,,0.4507513820355944,0.4149940860723023,0,-0.05542405488444715,0,0.8771094764171353,1,0.0012085000269264957,-0.0016522170639353072,-0.00038539564917857035,-0.032695883758142016,9.727e-05,0.00013788,0.0,0.0,0.5,0,0,0,0,0
c_156,ADAUSDT,1766829600000,0,test,control,,0.5323446296301068,0.5469704707989415,0,-0.1515192237571093,1,0.9264782836211408,10,0.0003403940346515228,0.0007447537178101954,0.006617574455528393,0.064227871976756,0.0001,8.211000000000001e-05,0.0,0.0,0.5,0,0,0,0,0
c_157,ADAUSDT,1771574400000,0,test,control,,0.5320082850008188,0.6966753578446583,0,-0.11671459864280341,0,0.9065296652303613,8,-0.00021678410367879808,-0.001614367288667321,0.006809735411497059,0.01856686982555467,-9.245e-05,-8.907e-05,0.0,0.0,0.5,0,0,0,0,0
c_158,ADAUSDT,1775595600000,0,test,control,,1.8155693948409655,1.5597005227855498,1,0.005140453721445864,1,0.9457692307692308,21,0.004484174907467723,-0.002703003200415518,0.005902157425077307,0.0010852863562978154,-9.796e-05,-5.806e-05,0.0,0.0,0.5,0,0,0,0,0
c_159,ADAUSDT,1779814800000,0,test,control,,2.6308838129103864,2.439131526130113,3,0.13589011067284482,1,0.9473477406679764,17,0.0007374650554015228,-0.00666327713360399,-0.014313757721500916,0.16773935964395725,0.0001,0.0,0.0,108.6308,0.0,0,0,0,0,0
c_160,ADAUSDT,1714719600000,0,train,control,,,,0,0.04046547188315644,1,0.975799481417459,7,-0.0046171947222455175,-0.0009793781243018229,0.006506555201255021,,2.872e-05,-7.128000000000001e-05,0.0,0.0,0.5,0,0,0,0,0
c_161,ADAUSDT,1725519600000,0,train,control,,1.3624827432407074,1.0741612264253364,0,-0.07809485318429289,1,0.8761567773543821,7,-0.0049383363946471255,0.006399425981502346,0.012021401394783755,0.12159634931019683,-1.069e-05,-2.964e-05,0.0,0.0,0.5,0,0,0,0,0
c_162,ADAUSDT,1739689200000,0,train,control,,0.5477822169756871,0.5856395596317356,0,-0.06462902892375538,0,0.943902732635127,7,-0.0011593341260404877,-0.01066500395124809,-0.007368690418863962,0.07143244911052234,4.371e-05,7.470000000000001e-06,0.0,0.0,0.5,0,0,0,0,0
c_163,ADAUSDT,1750158000000,0,train,control,,0.9805746429117087,0.9154508547817448,0,-0.13797832905821186,0,0.854368932038835,11,-0.001955477315520741,0.008681802176120442,0.03620456412682586,0.36491309278841233,0.0001,0.0,0.0,0.0,0.5,0,0,0,0,0
c_164,ADAUSDT,1761868800000,0,train,control,,1.1490095227426682,1.3374529067561698,1,0.04093030882068884,0,0.8673013125631038,0,0.0037530583995542587,0.003629390762242906,0.000482872028278607,-0.05172433326430975,-0.00011848,-0.00011403,0.0,0.0,0.5,0,0,0,0,0
p_33,ALTUSDT,1720400400000,1,train,main,17.1669,6.090143420005608,3.1310153134729695,2,-0.11080401745370229,0,0.6529764910508893,1,-0.013648356017904064,0.04192476510719973,0.04654493394657922,0.10610172004791588,-3.584e-05,-8.280000000000001e-05,0.0,0.0,0.5,0,0,0,0,0
p_34,ALTUSDT,1721059200000,1,train,main,19.4746,3.772663971196841,4.047062611922837,2,-0.04187488092991286,1,0.9864884289205116,16,-0.0030863757876193596,-0.02724933811166498,-0.002212735228717288,0.1477103909836124,-0.0011171,-0.00097629,0.0,0.0,0.5,0,0,0,0,0
p_35,ALTUSDT,1722837600000,1,train,main,22.4126,5.453229501613523,4.878728848137276,4,-0.017188125995277213,0,0.5305664203969289,6,-0.015114447034021003,-0.011232641546286183,0.11264297703350791,-0.026040419807444162,5e-05,0.0,0.0,0.0,0.5,0,0,0,0,0
p_36,ALTUSDT,1723802400000,1,train,main,24.4148,0.6303638703477654,0.6212138801176341,0,-0.09682090075433011,1,0.8910303156578809,10,0.005467525743148045,0.009270335953788568,0.03170205831126977,0.010898479296523256,5e-05,0.0,0.0,0.0,0.5,0,0,0,0,0
p_37,ALTUSDT,1726678800000,1,train,main,51.9502,1.0216111872250133,1.0787820882029333,0,-0.0017105613027907105,1,0.9092920353982302,17,0.008127932444558223,-0.003912656607333246,-0.06556905148384742,-0.0022079051970394867,5e-05,0.0,0.0,0.0,0.5,0,0,0,0,0
p_38,ALTUSDT,1727038800000,1,train,main,25.5245,1.5781385355790325,1.892360823247484,1,-0.00034203026059302026,0,0.8336668334167083,21,0.0008030779904359964,-0.003299485995820197,-0.007257566790639413,0.061335170283949095,5e-05,0.0,0.0,0.0,0.5,0,0,0,0,0
p_39,ALTUSDT,1727092800000,1,train,main,19.0996,8.383650357204406,8.927343417916777,4,-0.11503884285645646,0,0.941720029180514,12,-0.0011469660542162488,0.008546791620863357,0.0456142345568035,0.051145267218641294,5e-05,0.0,0.0,0.0,0.5,0,0,0,0,0
p_40,ALTUSDT,1731474000000,1,train,main,31.0956,3.22428762244564,1.9731056508344367,1,-0.10982743253885843,0,0.816671793294371,5,0.00026376691261975594,-0.003125088907633715,-0.002782921198324499,0.08996617317870859,5e-05,0.0,0.0,0.0,0.5,0,1,0,0,0
p_41,ALTUSDT,1732446000000,1,train,main,16.3749,1.2759387465432908,1.3499450681596772,0,-0.07651742044585169,0,0.9433174224343676,11,-0.002733363874091901,0.005033993113239972,-0.01457754017251563,0.08203369849025977,0.0003511,0.00010190000000000004,0.0,0.0,0.5,0,1,1,0,0
p_42,ALTUSDT,1733158800000,1,train,main,23.015,1.722075081508786,1.6456722451877621,0,-0.0624108157206339,0,0.8907261794634598,17,-0.009081781343164404,-0.006384340947098763,0.0009092679127304498,0.06550022093279358,7.322e-05,-6.911000000000001e-05,0.0,0.0,0.5,0,1,0,0,0
p_43,ALTUSDT,1737331200000,1,train,main,15.0784,8.191520622332282,8.258425052617124,3,-0.07192684670172894,0,0.7819798778296803,0,-0.020166987921277923,-0.00620134124617314,-0.025499788758879885,0.20913405010199748,5e-05,0.0,0.0,0.0,0.5,0,1,1,0,0
p_44,ALTUSDT,1738548000000,1,train,main,29.7347,17.60544601394444,9.640994725852039,4,-0.1291387850107877,0,0.5746651646013268,2,-0.031682088558911886,-0.03630681649255396,-0.12087474797177823,-0.04664705287953119,3.924e-05,-1.0760000000000005e-05,0.0,0.0,0.5,0,0,0,0,0
p_45,ALTUSDT,1745802000000,1,train,main,16.2199,1.7358909962340812,0.9033761271703339,0,-0.011545208341284478,0,0.9128983308042489,1,-0.0034526148621462135,-0.008282567279579073,-0.028122965412761606,0.17216118385197973,-7.554e-05,-2.124e-05,0.0,0.0,0.5,0,0,0,0,0
p_46,ALTUSDT,1746806400000,1,train,main,15.0726,3.400191722019749,3.304397719552855,4,0.023763174509773177,0,0.97847585805701,16,-0.0025021602953712945,0.0032193377931619576,0.02046463244888198,0.031278993573341046,5e-05,0.0,0.0,0.0,0.5,0,0,0,0,0
p_47,ALTUSDT,1749978000000,1,train,main,86.253,0.30529227550601423,0.42761601113190756,0,-0.08237307150174476,0,0.8107224583197123,9,-0.0021295555549229717,-0.0012810168976488128,0.0011955662740825088,0.07422494943994024,5e-05,0.0,0.0,0.0,0.5,0,0,0,0,0
p_48,ALTUSDT,1750147200000,1,train,main,20.1675,92.88254417360484,76.24476605779776,4,-0.07212581235625805,0,0.6526583268178265,8,-0.0007706468751813161,0.005185352089208902,0.059434235430877794,0.006466915373300798,-0.00219273,0.00039055999999999987,0.0,0.0,0.5,0,0,0,0,0
p_49,ALTUSDT,1752159600000,1,train,main,74.1156,3.075302744696359,2.2373923888912657,2,-0.32408922779092475,0,0.9798840777361065,15,0.004018058690744921,-0.005602588555268533,-0.026289345236416416,0.04789840656837479,5e-05,0.0,0.0,0.0,0.5,0,0,0,0,0
p_50,ALTUSDT,1753574400000,1,train,main,30.8498,0.3326788226726253,0.44614070031773195,0,-0.16233500663934977,0,0.8818228630278064,0,-0.0007264257058068886,0.0005233022630025591,0.005235085472984652,-0.008632360059359481,5e-05,0.0,0.0,0.0,0.5,0,0,0,0,0
p_51,ALTUSDT,1760144400000,1,train,main,15.5367,4.97193063705907,21.91055744508089,4,-0.13498496284926545,0,0.590633959859828,1,-0.0022321804836804298,0.007169315560261335,-0.24632332988222866,0.4391714165110964,-5.035e-05,-0.00010035,0.0,0.0,0.5,0,0,0,0,0
p_52,ALTUSDT,1760212800000,1,train,main,17.8744,4.825342196530611,3.0099058412907786,2,0.049022078438295515,1,0.6100669002867155,20,-0.00697452889537045,0.0599245493850793,0.09350922028446143,0.42637257079135904,5e-05,1.408e-05,0.0,0.0,0.5,0,0,0,0,0
p_53,ALTUSDT,1761980400000,1,test,main,27.3931,0.7251792398806797,0.6342169275307146,0,-0.13617186566291514,1,0.7966019417475728,7,-0.0011945022014266807,0.00432431794311212,-0.00306485841473087,-0.17953932437914616,5e-05,0.0,0.0,0.0,0.5,0,0,0,0,0
p_54,ALTUSDT,1763578800000,1,test,main,15.7625,1.5433736440111328,2.020468979703614,2,-0.027765743881456122,0,0.8111638954869358,19,-0.0027442463047689524,-0.004882292142231206,-0.01067084410408728,0.1207733721110701,5e-05,0.0,0.0,0.0,0.5,0,1,0,0,0
p_55,ALTUSDT,1769882400000,1,test,main,16.629,12.255925591364411,8.222881312253765,4,-0.10776897250989222,0,0.720873786407767,18,-0.018224397385985323,0.19086132965910102,0.25257510293801705,-0.05908483601676083,-9.276e-05,-6.539e-05,0.0,0.0,0.5,0,1,0,0,0
p_56,ALTUSDT,1775163600000,1,test,main,20.8631,1.2419624680321242,0.7489459008768665,0,0.013828132640125163,0,0.9010711097887534,21,-0.0005512135661276153,-0.00047347583638210816,-0.0009975221639271933,-0.025509377160633628,-0.00010301,-3.825000000000001e-05,0.0,0.0,0.5,0,1,0,0,0
p_57,ALTUSDT,1776243600000,1,test,main,19.1533,0.8640140056002024,0.7027009183190207,0,0.023115627465752246,0,0.9697786606129399,9,0.004956237763736679,0.00019599210673170751,0.00806316534817597,-0.018060845005271595,5e-05,3.8560000000000004e-05,0.0,0.0,0.5,0,1,0,0,0
p_58,ALTUSDT,1779379200000,1,test,main,47.679,4.694219953042242,7.427875912372218,4,0.04247779238481884,1,0.8968293287094378,16,0.003642909128717027,0.003962981208280759,0.056301290339591026,-0.14675719360967493,-0.00015085,0.00081284,0.0,0.0,0.5,0,0,0,0,0
p_59,ALTUSDT,1779814800000,1,test,main,22.2477,2.5254513840319386,2.8326452671607196,4,-0.19681783312813306,0,0.656036866359447,17,0.0007374650554015228,0.003962756202133456,0.0031421227629181846,-0.14039910577910872,-0.0009242,-0.00066065,0.0,0.0,0.5,0,0,0,0,0
p_60,ALTUSDT,1721138400000,1,train,fast,10.2722,2.850320715711033,2.4875907877119627,3,-0.057938740223597913,1,0.9510385756676558,14,-0.0050695215030895835,-5.1997584495164166e-05,0.0651145902394397,0.051167460612240825,-0.00131364,-0.0010859700000000001,0.0,0.0,0.5,0,0,0,0,0
p_61,ALTUSDT,1722859200000,1,train,fast,11.0168,8.995326509755056,5.7847003396167445,4,0.07990427178168423,0,0.5300043484562981,12,-0.0009208766434142843,-0.03506445810746218,-0.17473003645004015,-0.03287096055131428,-0.00070777,-0.0007577700000000001,0.0,0.0,0.5,0,0,0,0,0
p_62,ALTUSDT,1731546000000,1,train,fast,19.8645,1.1942859378104576,1.0706321979176894,0,-0.11219776216176049,0,0.8175176868655799,1,-0.0028944856564244096,-0.003535152472995649,-0.011012301231190859,0.007647786212132898,0.00021764,0.00011646,0.0,0.0,0.5,0,1,0,0,0
p_63,ALTUSDT,1733205600000,1,train,fast,11.1185,1.1323734580753266,0.9674103062258013,0,-0.14148012615757766,1,0.96450046253469,6,0.0023460728282678556,0.005020732670581703,0.009170913170202931,-0.03061306782431518,0.00027122,0.00015744,0.0,0.0,0.5,0,1,0,0,0
p_64,ALTUSDT,1750060800000,1,train,fast,73.9773,0.8565429096122233,0.8199188039500044,0,0.1007742403916769,0,0.851258581235698,8,0.004627769621555456,-0.002724378757231712,-0.006588923277601453,0.06540897642535672,5e-05,0.0,0.0,0.0,0.5,0,0,0,0,0
p_65,ALTUSDT,1752206400000,1,train,fast,46.8104,1.5054590503246275,1.4750517684403892,0,-0.0453159031384272,1,0.9960819770946354,4,0.0019277158025532194,0.017949293341590507,0.03170239173178239,0.03972935549263347,5e-05,0.0,0.0,0.0,0.5,0,0,0,0,0
p_66,ALTUSDT,1762059600000,1,test,fast,10.9091,2.219491426845248,1.79268817525999,2,-0.14957402243891801,1,0.8762135922330097,5,0.0056022943681624865,0.014798619553614455,0.055311000180310085,-0.1728986931272067,5e-05,0.0,0.0,0.0,0.5,0,0,0,0,0
p_67,ALTUSDT,1779339600000,1,test,fast,10.1223,6.251791222977788,7.278626704766791,4,-0.019071317808391303,0,0.9316071662089709,5,-0.0005843224742469585,0.00999287067354507,-0.013894918933627392,-0.17307745368806032,3.784e-05,0.00010703000000000001,0.0,0.0,0.5,0,0,0,0,0
p_68,ALTUSDT,1779429600000,1,test,fast,15.2506,11.997612817165743,11.855901487384859,4,-0.11099980931763759,0,0.9436462719841466,6,-0.002188871668219029,-0.03527473336568416,-0.017737013801646738,-0.12721029047079235,-0.00071306,-0.0006068099999999999,0.0,0.0,0.5,0,0,0,0,0
c_165,ALTUSDT,1714608000000,0,train,control,,,,0,-0.02068820760125252,1,0.9641365688487584,0,0.007772490878514378,0.001492589373353581,0.015071502484947508,,5e-05,0.0,0.0,0.0,0.5,0,0,0,0,0
c_166,ALTUSDT,1727575200000,0,train,control,,1.3924477962335557,0.9634444736700913,0,-0.057106907458654786,1,0.9099131433493649,2,0.002834803033741792,0.004272142295057849,0.0007239143336214491,-0.015416076712695438,5e-05,0.0,0.0,0.0,0.5,0,0,0,0,0
c_167,ALTUSDT,1739548800000,0,train,control,,1.0788552345102504,0.9905164874005594,0,-0.020577399996108185,0,0.9560378408458543,16,-0.00373676476788145,-0.0028171276893539693,-0.007505566276480252,-0.017890624832589727,5e-05,3.9850000000000006e-05,0.0,0.0,0.5,0,0,0,0,0
c_168,ALTUSDT,1749513600000,0,train,control,,0.8337170441794403,0.9431111983753496,0,-0.0031578357684407584,0,0.9649725274725275,0,0.0008671380992332866,0.0014372320405951083,-0.00041431076172203574,0.09914095169004936,5e-05,0.0,0.0,0.0,0.5,0,0,0,0,0
c_169,ALTUSDT,1761804000000,0,train,control,,1.3424850482525983,2.0185390850328377,1,0.010646447226709875,0,0.8912621359223302,6,0.01563080337352551,0.02539129203112145,0.03991568255142578,-0.16234837807225666,5e-05,0.0,0.0,0.0,0.5,0,0,0,0,0
c_170,ALTUSDT,1716037200000,0,train,control,,1.2652403172150277,1.205488219528781,0,-0.10353171133168967,0,0.9722849146880924,13,-0.0035069483741459726,0.00600499737567844,0.011563941406139549,-0.004181879783311458,5e-05,0.0,0.0,0.0,0.5,0,0,0,0,0
c_171,ALTUSDT,1729090800000,0,train,control,,1.305690107197061,1.162142459845207,0,-0.07053949349318052,0,0.8815194005490021,15,0.004428450754825986,7.096285944951082e-05,0.0047388178279453574,0.08991883858701896,4.151e-05,-8.490000000000002e-06,0.0,0.0,0.5,0,0,0,0,0
c_172,ALTUSDT,1739674800000,0,train,control,,0.4173716663556945,0.7747350075650828,0,-0.09399438895562534,0,0.9011315154887776,3,-0.001214223941832013,-0.0008359066634034814,0.020126676931298,-0.009940964014055309,5e-05,5.029e-05,0.0,0.0,0.5,0,0,0,0,0
c_173,ALTUSDT,1748329200000,0,train,control,,1.1914667299824473,0.8344466979919427,0,0.0791518372140906,0,0.8530031612223392,7,-0.0007881219549832489,0.0003109167940909272,0.002555198801779779,0.08439015357353619,5e-05,2.2820000000000002e-05,0.0,0.0,0.5,0,0,0,0,0
c_174,ALTUSDT,1759323600000,0,train,control,,1.0992778889626522,1.8070573195138142,1,-0.20258372854554468,0,0.9241913746630727,13,-0.003110415909978737,-0.0031123036090620866,0.015607325467984663,-0.01588448051374116,5e-05,0.0,0.0,0.0,0.5,0,0,0,0,0
c_175,ALTUSDT,1714921200000,0,train,control,,,,0,0.08083316152477714,0,0.9402378592666005,15,-0.000313629788900717,-0.004583493612139217,0.009717502757796422,,5e-05,0.0,0.0,0.0,0.5,0,0,0,0,0
c_176,ALTUSDT,1725058800000,0,train,control,,0.42385998828767174,0.6288136505069463,0,-0.005138159015390902,1,0.733906770255272,23,0.0029631512071156534,0.004594782469050895,0.004661872622495542,0.1112193553728986,-2.479e-05,-4.77e-05,0.0,0.0,0.5,0,0,0,0,0
c_177,ALTUSDT,1740236400000,0,train,control,,0.5786110759161662,0.7496133455254098,0,-0.3137163027651843,1,0.9215800739443472,15,-0.00033052370911835317,-0.0066466803549627,-0.03648263260111927,0.5669499008562976,5e-05,0.0008331,0.0,0.0,0.5,0,0,0,0,0
c_178,ALTUSDT,1749308400000,0,train,control,,0.9637766889104077,0.5641970261175783,0,-0.2214299870289173,0,0.9093406593406593,15,-0.0017091344901255245,-0.0028617241936224475,-0.0014556078337036908,0.049727382672249854,5e-05,0.0,0.0,0.0,0.5,0,0,0,0,0
c_179,ALTUSDT,1761804000000,0,train,control,,1.3424850482525983,2.0185390850328377,1,0.010646447226709875,0,0.8912621359223302,6,0.01563080337352551,0.02539129203112145,0.03991568255142578,-0.16234837807225666,5e-05,0.0,0.0,0.0,0.5,0,0,0,0,0
c_180,ALTUSDT,1715238000000,0,train,control,,0.6913180120939051,0.6388543034826405,0,-0.08527720128015162,1,0.8417244796828544,7,0.0005280500168976006,-0.00022364177085513513,-0.0036707980530662904,-0.028079183542321945,5e-05,0.0,0.0,0.0,0.5,0,0,0,0,0
c_181,ALTUSDT,1725156000000,0,train,control,,0.42508370962651604,0.33724184223507525,0,-0.13645430718311205,0,0.743433168556751,2,-0.0017197065124759854,-0.0028664347895963655,-0.003021088559137449,0.12236574478726452,5e-05,4.479e-05,0.0,0.0,0.5,0,0,0,0,0
c_182,ALTUSDT,1740168000000,0,train,control,,3.306102604597395,2.276188302739236,2,-0.2871888214341497,0,0.860680529300567,20,-0.012980297429743656,-0.08084434327644088,-0.17718350926101403,0.5553892357589869,-0.00067737,-0.00072737,0.0,0.0,0.5,0,0,0,0,0
c_183,ALTUSDT,1748653200000,0,train,control,,3.1298529514705438,2.6357004137005564,3,-0.08722579725905728,0,0.7623438429506247,1,-0.00025300625300628103,-0.016415728619094305,-0.019336630652946822,-0.032936748198102266,1.033e-05,0.00012035,0.0,0.0,0.5,0,0,0,0,0
c_184,ALTUSDT,1759759200000,0,train,control,,1.3178892745686215,1.007561206056689,0,-0.017496545546224863,1,0.9506212169480726,14,0.003795324000183139,0.0012340026863736195,-0.009822991581925173,0.026204251250894477,5e-05,0.0,0.0,0.0,0.5,0,0,0,0,0
c_185,ALTUSDT,1714608000000,0,train,control,,,,0,-0.02068820760125252,1,0.9641365688487584,0,0.007772490878514378,0.001492589373353581,0.015071502484947508,,5e-05,0.0,0.0,0.0,0.5,0,0,0,0,0
c_186,ALTUSDT,1727874000000,0,train,control,,3.5079207342120515,3.066417329535624,4,0.010335294310945282,0,0.8169294037011652,13,-0.005897861984141617,-0.01550576737865044,-0.03640126299357328,0.17837005475202708,5e-05,0.0,0.0,0.0,0.5,0,0,0,0,0
c_187,ALTUSDT,1737795600000,0,train,control,,2.008696925904183,1.632524587137718,2,-0.16566667553737027,0,0.7323011003992599,9,-0.0004379521472592254,-0.0051273880391625466,0.015791668577009744,-0.015357337234964172,5e-05,0.00016082,0.0,0.0,0.5,0,0,0,0,0
c_188,ALTUSDT,1748930400000,0,train,control,,0.902216817631038,0.7310988004805801,0,0.1953620702516054,0,0.844735276621059,6,0.002596663905135212,0.0018809723204831362,0.0015273577269641558,-0.027821309329341903,-2.524e-05,1.104e-05,0.0,0.0,0.5,0,0,0,0,0
c_189,ALTUSDT,1761804000000,0,train,control,,1.3424850482525983,2.0185390850328377,1,0.010646447226709875,0,0.8912621359223302,6,0.01563080337352551,0.02539129203112145,0.03991568255142578,-0.16234837807225666,5e-05,0.0,0.0,0.0,0.5,0,0,0,0,0
c_190,ALTUSDT,1714608000000,0,train,control,,,,0,-0.02068820760125252,1,0.9641365688487584,0,0.007772490878514378,0.001492589373353581,0.015071502484947508,,5e-05,0.0,0.0,0.0,0.5,0,0,0,0,0
c_191,ALTUSDT,1728648000000,0,train,control,,1.3841055350695655,1.1223135288804718,0,-0.06468462765690809,1,0.8944148101663005,12,0.00024703516897366774,-0.00507045198573032,-0.011816205506709608,0.04883669259830144,5e-05,0.00035142,0.0,0.0,0.5,0,0,0,0,0
c_192,ALTUSDT,1739865600000,0,train,control,,1.145901380882304,1.527409336456239,1,-0.04800457293500833,1,0.8410313485438694,8,0.0009042871814669079,0.005026115758005272,0.015756035903593278,0.000150823362251494,5e-05,0.0,0.0,0.0,0.5,0,0,0,0,0
c_193,ALTUSDT,1748440800000,0,train,control,,1.3172437530312315,1.4259295593561456,0,-0.21384677789482173,0,0.839831401475237,14,-0.0075482620161164355,0.006053174690097303,0.006551197028975316,0.027611214431357382,5e-05,0.0,0.0,0.0,0.5,0,0,0,0,0
c_194,ALTUSDT,1761804000000,0,train,control,,1.3424850482525983,2.0185390850328377,1,0.010646447226709875,0,0.8912621359223302,6,0.01563080337352551,0.02539129203112145,0.03991568255142578,-0.16234837807225666,5e-05,0.0,0.0,0.0,0.5,0,0,0,0,0
c_195,ALTUSDT,1714608000000,0,train,control,,,,0,-0.02068820760125252,1,0.9641365688487584,0,0.007772490878514378,0.001492589373353581,0.015071502484947508,,5e-05,0.0,0.0,0.0,0.5,0,0,0,0,0
c_196,ALTUSDT,1725937200000,0,train,control,,0.47350849687172053,0.5849973193156611,0,0.07787068713430871,0,0.962105013067237,3,-0.0021874027405835556,0.003847321802436088,0.009850817135093377,0.11086273062742713,5e-05,0.0,0.0,0.0,0.5,0,0,0,0,0
c_197,ALTUSDT,1739534400000,0,train,control,,0.8232165651864487,1.0436735482700938,0,-0.10539806640020183,0,0.9449081803005008,12,-0.0012499252313702056,0.0016455562611679146,-0.009832437507988737,-0.015966225513438903,5e-05,0.0,0.0,0.0,0.5,0,0,0,0,0
c_198,ALTUSDT,1751259600000,0,train,control,,1.1697530350407748,1.4119749481935817,1,0.1791136625800605,0,0.9094263669909426,5,-0.001775660179575771,-0.009052674607413286,-0.0011332933294186827,-0.004664968874736393,-5.874e-05,-0.00010873999999999999,0.0,0.0,0.5,0,0,0,0,0
c_199,ALTUSDT,1761804000000,0,train,control,,1.3424850482525983,2.0185390850328377,1,0.010646447226709875,0,0.8912621359223302,6,0.01563080337352551,0.02539129203112145,0.03991568255142578,-0.16234837807225666,5e-05,0.0,0.0,0.0,0.5,0,0,0,0,0
c_200,ALTUSDT,1714608000000,0,train,control,,,,0,-0.02068820760125252,1,0.9641365688487584,0,0.007772490878514378,0.001492589373353581,0.015071502484947508,,5e-05,0.0,0.0,0.0,0.5,0,0,0,0,0
c_201,ALTUSDT,1724796000000,0,train,control,,6.0022817967244935,2.0001978687282964,1,-0.19950678551826104,0,0.7763596004439512,22,-0.023595256692006763,0.015482630906662572,0.020911894597511117,-0.022516045698945768,-0.00014352,-0.00017684,0.0,0.0,0.5,0,0,0,0,0
c_202,ALTUSDT,1740268800000,0,train,control,,2.694884524753375,1.2072607190851246,1,-0.5190326943519762,0,0.944347149250827,0,-0.0007941602816317777,-0.002917263689802706,-0.0030527543050988346,0.5748400938319964,0.00039683,0.00034682999999999996,0.0,0.0,0.5,0,0,0,0,0
c_203,ALTUSDT,1749682800000,0,train,control,,2.3867396844911726,1.3721236343623948,1,-0.26162986229223,0,0.9421379535796012,23,-0.00042048926138669074,0.005886517565585592,0.010214729177118994,0.11387248854177469,4.243e-05,-7.570000000000004e-06,0.0,0.0,0.5,0,0,0,0,0
c_204,ALTUSDT,1761804000000,0,train,control,,1.3424850482525983,2.0185390850328377,1,0.010646447226709875,0,0.8912621359223302,6,0.01563080337352551,0.02539129203112145,0.03991568255142578,-0.16234837807225666,5e-05,0.0,0.0,0.0,0.5,0,0,0,0,0
c_205,ALTUSDT,1714608000000,0,train,control,,,,0,-0.02068820760125252,1,0.9641365688487584,0,0.007772490878514378,0.001492589373353581,0.015071502484947508,,5e-05,0.0,0.0,0.0,0.5,0,0,0,0,0
c_206,ALTUSDT,1725483600000,0,train,control,,0.6961039122281513,0.6048206579784737,0,-0.027745739079109374,1,0.9194717157550258,21,-0.0001637089908977801,0.0029920375224709627,0.0006376761664571893,0.023824190133614614,-8.625e-05,-0.00013625,0.0,0.0,0.5,0,0,0,0,0
c_207,ALTUSDT,1740297600000,0,train,control,,1.068751987196994,0.9523709152116752,0,-0.19813351647423222,1,0.9501848608678731,8,0.0016272421309292482,-0.012702150032594214,-0.011111184767989649,0.5801160179781591,5e-05,-0.00034682999999999996,0.0,0.0,0.5,0,0,0,0,0
c_208,ALTUSDT,1750816800000,0,train,control,,5.050270074981131,2.9163916961286214,2,-0.1342781964791014,0,0.6822150162135195,2,-0.00015515728717357022,0.006833438397307941,0.0052643357537756,-0.001539519916687021,-4.306e-05,-9.306000000000001e-05,0.0,0.0,0.5,0,0,0,0,0
c_209,ALTUSDT,1761508800000,0,train,control,,0.27179637637020165,0.3997525281987266,0,-0.1742825205334898,0,0.9737736765420105,20,4.844073672195369e-05,0.004742706468683789,0.004546443418312822,0.023295281483531396,5e-05,0.0,0.0,0.0,0.5,0,0,0,0,0
c_210,ALTUSDT,1714608000000,0,train,control,,,,0,-0.02068820760125252,1,0.9641365688487584,0,0.007772490878514378,0.001492589373353581,0.015071502484947508,,5e-05,0.0,0.0,0.0,0.5,0,0,0,0,0
c_211,ALTUSDT,1725213600000,0,train,control,,1.1026022535705495,1.4185221977957512,0,-0.06346824558109085,0,0.7369908399922043,18,-0.00016695381575535182,-0.0077456096485097855,0.018774243331947646,0.12416479949455558,4.884e-05,-1.1600000000000024e-06,0.0,0.0,0.5,0,0,0,0,0
c_212,ALTUSDT,1736866800000,0,train,control,,1.2400723630166584,1.5693982642609432,1,-0.013799717364915831,0,0.7573564122738002,15,-0.0004818506387635773,-0.0043518629004936134,-0.020527741138978275,0.20592429699859308,-0.00013177,-0.00018177,0.0,0.0,0.5,0,0,0,0,0
c_213,ALTUSDT,1749168000000,0,train,control,,0.5590293022988961,1.7500451421585517,1,0.019571874547967945,1,0.7962130937098845,0,0.0001005437246916821,-0.0010092186153300344,0.016288266515183857,0.0073220878359508725,4.016e-05,-9.84e-06,0.0,0.0,0.5,0,0,0,0,0
c_214,ALTUSDT,1761804000000,0,train,control,,1.3424850482525983,2.0185390850328377,1,0.010646447226709875,0,0.8912621359223302,6,0.01563080337352551,0.02539129203112145,0.03991568255142578,-0.16234837807225666,5e-05,0.0,0.0,0.0,0.5,0,0,0,0,0
c_215,ALTUSDT,1716271200000,0,train,control,,1.4288969657579564,1.1977096152774571,0,-0.08225941946293173,1,0.9867344553529687,6,0.003958796942890003,-0.006969695182920509,-0.04715801018513743,0.1901232125496972,5e-05,0.0,0.0,0.0,0.5,0,0,0,0,0
c_216,ALTUSDT,1728284400000,0,train,control,,1.328298059574616,1.2381159611275818,0,0.015750059645660886,0,0.8263193968471556,7,0.004997592757752481,0.01120951198935713,-0.0016953974563309045,0.11377063607036268,5e-05,0.0,0.0,0.0,0.5,0,0,0,0,0
c_217,ALTUSDT,1736355600000,0,train,control,,1.6868196156935449,1.8643273988804467,2,-0.24439143220295298,0,0.7830887801986067,17,-0.007396542692509167,-0.002771231209476594,-0.00851357994967921,-0.08039906743633343,5e-05,0.0,0.0,0.0,0.5,0,0,0,0,0
c_218,ALTUSDT,1751738400000,0,train,control,,1.1779164791557828,1.0594337458457577,0,-0.02037449684579311,0,0.9280677009873061,18,-0.00013418558143537854,0.0013310176517458863,-0.02207943689338655,0.012583947857570332,-8.996e-05,-0.00013996,0.0,0.0,0.5,0,0,0,0,0
c_219,ALTUSDT,1760720400000,0,train,control,,1.695255026722228,1.459649873024734,0,0.0017858427331616346,1,0.6957169459962755,17,-0.0039241181038707105,0.0018422335757735963,-0.051750085794138104,0.3725105029672784,3.287e-05,-1.713e-05,0.0,0.0,0.5,0,0,0,0,0
c_220,ALTUSDT,1714608000000,0,train,control,,,,0,-0.02068820760125252,1,0.9641365688487584,0,0.007772490878514378,0.001492589373353581,0.015071502484947508,,5e-05,0.0,0.0,0.0,0.5,0,0,0,0,0
c_221,ALTUSDT,1728932400000,0,train,control,,0.7894444263232496,1.460765749478277,1,-0.011150065544614191,1,0.9902771397948246,19,0.001979618614815727,0.0079718335575569,-0.0862556833497152,0.06538543056537602,5e-05,0.0,0.0,0.0,0.5,0,0,0,0,0
c_222,ALTUSDT,1740812400000,0,train,control,,0.692714491607894,0.5749008556928257,0,-0.1667485767044135,0,0.874241811564901,7,-0.0060926926264626684,-0.0006817202778293767,-0.007283980477781546,0.019336849321963456,5e-05,4.093e-05,0.0,0.0,0.5,0,0,0,0,0
c_223,ALTUSDT,1747954800000,0,train,control,,0.7118257189139399,0.7057009095260429,0,0.047407895756004605,0,0.9837354296557334,23,0.0016183084569930052,0.0016762038394038273,-0.0032990411700314437,0.04030254713319085,5e-05,0.0,0.0,0.0,0.5,0,0,0,0,0
c_224,ALTUSDT,1761804000000,0,train,control,,1.3424850482525983,2.0185390850328377,1,0.010646447226709875,0,0.8912621359223302,6,0.01563080337352551,0.02539129203112145,0.03991568255142578,-0.16234837807225666,5e-05,0.0,0.0,0.0,0.5,0,0,0,0,0
c_225,ALTUSDT,1714608000000,0,train,control,,,,0,-0.02068820760125252,1,0.9641365688487584,0,0.007772490878514378,0.001492589373353581,0.015071502484947508,,5e-05,0.0,0.0,0.0,0.5,0,0,0,0,0
c_226,ALTUSDT,1725721200000,0,train,control,,0.4449859896837558,0.47732192752111274,0,-0.2152275510588701,0,0.9782073380940656,15,0.0013554186482863115,-0.0002675103063439468,0.000667603035253894,-0.0245468602147446,5e-05,7.203e-05,0.0,0.0,0.5,0,0,0,0,0
c_227,ALTUSDT,1736895600000,0,train,control,,0.5936357927411291,0.6659035667211504,0,0.09597831295952405,0,0.8486317977138899,23,0.0020290726609156966,-0.0029121441615547034,0.0021555328496572447,0.22116793329409085,5e-05,0.00018177,0.0,0.0,0.5,0,0,0,0,0
c_228,ALTUSDT,1748116800000,0,train,control,,0.4115906765238893,0.496891586494764,0,-0.1898319936479096,0,0.8474710221285563,20,0.0012134505477534158,0.0007260299533931024,-0.0028412668467480006,0.07361762463357646,-3.498e-05,-8.498e-05,0.0,0.0,0.5,0,0,0,0,0
c_229,ALTUSDT,1761804000000,0,train,control,,1.3424850482525983,2.0185390850328377,1,0.010646447226709875,0,0.8912621359223302,6,0.01563080337352551,0.02539129203112145,0.03991568255142578,-0.16234837807225666,5e-05,0.0,0.0,0.0,0.5,0,0,0,0,0
c_230,ALTUSDT,1714723200000,0,train,control,,,,0,-0.14756393476790844,0,0.9465570135863259,8,-0.0010503155168076548,0.00032185235441868523,-0.013433567386544634,,5e-05,0.0,0.0,0.0,0.5,0,0,0,0,0
c_231,ALTUSDT,1724641200000,0,train,control,,1.1031473956084086,0.9363750362104141,0,0.05445674112377612,0,0.9203662597114318,3,0.0021848892060838607,0.016144902147373456,0.014391821685939332,0.054805568695519766,5e-05,0.0,0.0,0.0,0.5,0,0,0,0,0
c_232,ALTUSDT,1737651600000,0,train,control,,2.2586568935343183,2.677122855809662,3,0.090668510298865,1,0.7419151994250808,17,-0.001283790974882846,0.0006400046975780448,0.01754629190688392,0.09134238936015758,5e-05,0.0,0.0,0.0,0.5,0,0,0,0,0
c_233,ALTUSDT,1749758400000,0,train,control,,2.3375585275531168,2.0513502143940716,2,-0.08333486342914796,0,0.8613926119646943,20,-0.007169795527364495,-0.003071728019280686,-0.0013406595558908328,0.10643475666330464,5e-05,0.0,0.0,0.0,0.5,0,0,0,0,0
c_234,ALTUSDT,1759672800000,0,train,control,,1.3429695160082888,1.7268329205925315,1,0.1320509907294898,0,0.9474354890092386,14,0.0006843536596665125,-0.004076523510992886,0.004870004827113041,0.002858666992839924,5e-05,0.0,0.0,0.0,0.5,0,0,0,0,0
c_235,ALTUSDT,1714608000000,0,train,control,,,,0,-0.02068820760125252,1,0.9641365688487584,0,0.007772490878514378,0.001492589373353581,0.015071502484947508,,5e-05,0.0,0.0,0.0,0.5,0,0,0,0,0
c_236,ALTUSDT,1728403200000,0,train,control,,1.6133760375360737,1.442198149435685,0,-0.025606326101773172,0,0.8788829620332601,16,-0.007840400051631903,-0.005135814184055709,0.003562943095691387,0.008082255997300614,-3.604e-05,-8.604000000000001e-05,0.0,0.0,0.5,0,0,0,0,0
c_237,ALTUSDT,1740319200000,0,train,control,,1.0230692310216787,1.1081659834809692,1,0.32413145306292335,0,0.92488811052734,14,0.0026240547759677053,-0.01051368118546735,-0.01693321295783276,0.5711397227724853,2.208e-05,-2.7920000000000004e-05,0.0,0.0,0.5,0,0,0,0,0
c_238,ALTUSDT,1749139200000,0,train,control,,0.7759597120738879,1.6252941374755363,1,-0.05211086823943799,0,0.8342279760025261,16,-0.0009370055025170072,-0.0037701683574185296,-0.001282131202296885,0.038853328792246664,5e-05,0.0,0.0,0.0,0.5,0,0,0,0,0
c_239,ALTUSDT,1761804000000,0,train,control,,1.3424850482525983,2.0185390850328377,1,0.010646447226709875,0,0.8912621359223302,6,0.01563080337352551,0.02539129203112145,0.03991568255142578,-0.16234837807225666,5e-05,0.0,0.0,0.0,0.5,0,0,0,0,0
c_240,ALTUSDT,1716055200000,0,train,control,,0.9920310409594444,1.3225161249005486,1,0.034045445551211556,0,0.9723450994553279,18,-0.0004487202498474351,-0.005288349205155647,-0.0020746701549443827,-0.019137657890780087,5e-05,0.0,0.0,0.0,0.5,0,0,0,0,0
c_241,ALTUSDT,1724846400000,0,train,control,,1.1051348253022606,1.4797072295021776,0,-0.12962602230548081,1,0.7781169071402146,12,0.0028108792242710207,0.0023541003386536798,-0.0009764597807534474,0.10932716612480901,5e-05,0.0,0.0,0.0,0.5,0,0,0,0,0
c_242,ALTUSDT,1740042000000,0,train,control,,2.4692402350147598,2.0199501221535083,1,0.13138887128614526,0,0.9211618257261411,9,0.0027988408048268128,-0.0008884176499198447,-0.005516153767448958,0.03274684862017277,5e-05,6.31e-05,0.0,0.0,0.5,0,0,0,0,0
c_243,ALTUSDT,1749355200000,0,train,control,,0.536873283315369,0.949077966516307,0,-0.22992873798237135,1,0.9024725274725275,4,0.00034819833453033635,0.002876210270741835,0.00885811580476119,0.05523401975766746,5e-05,0.0,0.0,0.0,0.5,0,0,0,0,0
c_244,ALTUSDT,1761804000000,0,train,control,,1.3424850482525983,2.0185390850328377,1,0.010646447226709875,0,0.8912621359223302,6,0.01563080337352551,0.02539129203112145,0.03991568255142578,-0.16234837807225666,5e-05,0.0,0.0,0.0,0.5,0,0,0,0,0
c_245,ALTUSDT,1714608000000,0,train,control,,,,0,-0.02068820760125252,1,0.9641365688487584,0,0.007772490878514378,0.001492589373353581,0.015071502484947508,,5e-05,0.0,0.0,0.0,0.5,0,0,0,0,0
c_246,ALTUSDT,1727416800000,0,train,control,,2.42759475153133,2.4988655837177975,2,-0.13420921737719044,0,0.9401335151819684,6,0.0008870286989786371,-0.006597552844751801,-0.014215113059729329,-0.003246272870038428,5e-05,0.0,0.0,0.0,0.5,0,0,0,0,0
c_247,ALTUSDT,1740963600000,0,train,control,,1.1364693560559287,0.7653679723634923,0,-0.2779158652597429,0,0.9704351447012283,1,-0.010103711628183411,-0.005148990442519574,0.0019664186000566204,0.02757986474123877,5e-05,8.860000000000001e-05,0.0,0.0,0.5,0,0,0,0,0
c_248,ALTUSDT,1750986000000,0,train,control,,4.608893787346768,2.589593719151137,2,0.12159304873589516,0,0.7115009746588694,1,-0.0027105974257742734,-0.007577286363656164,-0.018925481469697074,-0.0038809112586486606,-4.463e-05,-9.463000000000001e-05,0.0,0.0,0.5,0,0,0,0,0
c_249,ALTUSDT,1761462000000,0,train,control,,1.7871529050191255,0.7104276974664765,0,0.1649757071703149,0,0.9499757163671686,7,0.00017928488637372112,0.00512368088161069,-0.005421869170932591,0.009726905630137977,-0.00029716,-0.00034716,0.0,0.0,0.5,0,0,0,0,0
c_250,ALTUSDT,1716048000000,0,train,control,,0.9317332070962687,1.54950700683269,1,-0.10589152874227441,1,0.9713821431795612,16,0.000358012208366014,-0.005131648308477949,0.0026982785971915463,-0.022271831826242268,5e-05,0.0,0.0,0.0,0.5,0,0,0,0,0
c_251,ALTUSDT,1725958800000,0,train,control,,0.8499222274444884,0.5917221822086123,0,-0.08595527213954429,0,0.9610358755048705,9,-0.002775290644804717,-0.003465043014503402,-0.001227688185128127,0.09536001148246968,5e-05,0.0,0.0,0.0,0.5,0,0,0,0,0
c_252,ALTUSDT,1740924000000,0,train,control,,0.565755015537573,0.4536719463038952,0,-0.29043445650615457,0,0.8925879396984926,14,-0.003090416799021746,-0.0021910113356765587,-0.011667042374153168,0.011881764809067689,5e-05,0.0,0.0,0.0,0.5,0,0,0,0,0
c_253,ALTUSDT,1751209200000,0,train,control,,3.6222176607088263,1.7608155356601427,1,-0.15025261721362101,0,0.8963435088896344,15,-0.0011026450519845373,0.01409367693140168,0.01777873333283755,0.000936424878570416,5e-05,0.00016340000000000001,0.0,0.0,0.5,0,0,0,0,0
c_254,ALTUSDT,1759453200000,0,train,control,,0.856103573311812,0.9377346479929954,0,-0.3071539788102517,0,0.9786657636302065,1,-0.003188876614047135,0.003984547295853457,0.0029636991854902284,0.022087887577534823,5e-05,0.00011478000000000001,0.0,0.0,0.5,0,0,0,0,0
c_255,ALTUSDT,1714608000000,0,train,control,,,,0,-0.02068820760125252,1,0.9641365688487584,0,0.007772490878514378,0.001492589373353581,0.015071502484947508,,5e-05,0.0,0.0,0.0,0.5,0,0,0,0,0
c_256,ALTUSDT,1726293600000,0,train,control,,0.663983734507838,0.637667042769248,0,-0.13008390967701552,0,0.966143977191732,6,-0.004750242579719031,0.0031463505988343766,0.0025813369383349133,-0.0006583072467101943,5e-05,0.0,0.0,0.0,0.5,0,0,0,0,0
c_257,ALTUSDT,1738314000000,0,train,control,,1.6962493894653858,1.5253767068745385,1,-0.10496886328230952,0,0.8788130563798219,9,-0.0016321028877660448,0.024576057568960284,0.022213855850060877,-0.028657810215651943,5e-05,0.0,0.0,0.0,0.5,0,0,0,0,0
c_258,ALTUSDT,1748019600000,0,train,control,,1.0123736518648074,1.3239501863161272,0,-0.14636883552347085,0,0.9114857744994731,17,0.0012360825916226093,-0.0019033048735823722,-0.015022687903488804,0.06942657482155107,5e-05,0.0,0.0,0.0,0.5,0,0,0,0,0
c_259,ALTUSDT,1760619600000,0,train,control,,1.0006710978658808,1.547479457026173,1,0.1543455758390636,0,0.7313746065057712,13,0.0009608140519504077,0.023587324096459576,0.06704006426971455,0.3800677885031766,5e-05,0.0,0.0,0.0,0.5,0,0,0,0,0
c_260,ALTUSDT,1715482800000,0,train,control,,0.40878050546098826,0.4267282041582987,0,-0.02051012527173188,1,0.8200852748591442,3,0.0009565964888636121,-0.005130267191397825,0.00278478579642534,0.04651661372034253,5e-05,0.0,0.0,0.0,0.5,0,0,0,0,0
c_261,ALTUSDT,1725289200000,0,train,control,,1.4984602545164938,1.0032139505779523,0,0.05962928715763315,0,0.822713525915111,15,0.007320206141957392,0.006723329958331763,-0.003915756035094236,0.08591307130397094,5e-05,0.00032546,0.0,0.0,0.5,0,0,0,0,0
c_262,ALTUSDT,1740322800000,0,train,control,,0.7436626174016882,1.2224565811454233,1,-0.19618137561968138,0,0.9126289161315431,15,-0.004194170061922316,-0.00526664444753586,-0.022785245776228102,0.5696666064235476,2.208e-05,-2.7920000000000004e-05,0.0,0.0,0.5,0,0,0,0,0
c_263,ALTUSDT,1751965200000,0,train,control,,0.5689420402997009,0.6694382761546318,0,-0.26255776294479544,0,0.9223370146063412,9,-0.002145873274517751,-0.0005585878174295915,0.019318754545361073,-0.0042832597539974974,5e-05,0.0,0.0,0.0,0.5,0,0,0,0,0
c_264,ALTUSDT,1761436800000,0,train,control,,0.3324568915841514,0.48586187216255794,0,0.13368383687095559,1,0.9441476444876152,0,0.00019898321370436016,0.005136245264377529,-0.014428908050224587,0.012471686146237004,5e-05,0.0,0.0,0.0,0.5,0,0,0,0,0
c_265,ALTUSDT,1762617600000,0,test,control,,1.8207198040689085,2.5677017313456134,2,-0.06742467586984528,0,0.7481351469942956,16,-0.001063012471238705,-0.00018282246107613793,0.09010588413787225,-0.008884139605885487,5e-05,0.0,0.0,0.0,0.5,0,0,0,0,0
c_266,ALTUSDT,1766808000000,0,test,control,,0.6657751997995158,0.5609004097250162,0,-0.047731816637045864,1,0.9710504549214227,4,0.00071730348801688,-0.002071004731709246,-0.0070220321502411495,-0.023387736292784695,5e-05,0.0,0.0,0.0,0.5,0,0,0,0,0
c_267,ALTUSDT,1770462000000,0,test,control,,1.0554109481221483,2.4167457894951414,2,-0.059284886790755074,0,0.7715355805243447,11,-0.0022405788504625238,-0.00043602067928458265,-0.023713648323905632,-0.033939399959385066,4.877e-05,8.667000000000001e-05,0.0,0.0,0.5,0,0,0,0,0
c_268,ALTUSDT,1773763200000,0,test,control,,1.4425066277101384,1.2933600561512715,0,0.07656728686871392,1,0.966494535847244,16,-0.006210637044290937,-0.0060921884355558745,-0.021972303551549284,0.04715545334834486,5e-05,0.0,0.0,0.0,0.5,0,0,0,0,0
c_269,ALTUSDT,1778540400000,0,test,control,,0.344819576796448,1.060359501159874,0,-0.22987666383669728,0,0.9715294117647058,23,4.646351513595907e-05,-0.0012502669801446905,-0.01709711439924732,-0.15212408937383953,5e-05,0.0,0.0,0.0,0.5,0,0,0,0,0
c_270,ALTUSDT,1762243200000,0,test,control,,6.766367077012665,10.985563651228532,4,-0.05679270862695143,0,0.7494515138218517,8,-0.0024784532159721267,-0.02539183142784592,-0.05456743063823767,-0.0022721960956773,-0.00022448,0.0004835,0.0,0.0,0.5,0,0,0,0,0
c_271,ALTUSDT,1765890000000,0,test,control,,0.5763087619200522,0.505884257268854,0,-0.25820885693183926,0,0.8516405135520685,13,-0.0006271741847310218,0.005311512096516952,-0.0008808509155945294,-0.38960614884577977,5e-05,1.14e-05,0.0,0.0,0.5,0,0,0,0,0
c_272,ALTUSDT,1769594400000,0,test,control,,0.7267624608826375,0.9347436932105958,0,0.36776776441220965,0,0.9255663430420713,10,0.007215883717974243,-0.004347032710686618,0.011822117221003731,-0.1322369762834393,5e-05,0.0,0.0,0.0,0.5,0,0,0,0,0
c_273,ALTUSDT,1774368000000,0,test,control,,0.7977397781566572,0.8969013403073115,0,0.09805731570103683,1,0.8329864087180114,16,-0.00014173715345994323,-0.0011909820463127058,-0.029130374115676583,-0.16267756287549234,-4.381e-05,-9.381e-05,0.0,0.0,0.5,0,0,0,0,0
c_274,ALTUSDT,1779638400000,0,test,control,,20.825352945810057,10.138308232977264,4,0.11280321677624448,0,0.7123502304147465,16,-0.001105612849707307,0.0030894325436799878,-0.08595805654463491,-0.14677644563824746,-0.00014679,0.0004923900000000001,0.0,0.0,0.5,0,0,0,0,0
c_275,ALTUSDT,1762243200000,0,test,control,,6.766367077012665,10.985563651228532,4,-0.05679270862695143,0,0.7494515138218517,8,-0.0024784532159721267,-0.02539183142784592,-0.05456743063823767,-0.0022721960956773,-0.00022448,0.0004835,0.0,0.0,0.5,0,0,0,0,0
c_276,ALTUSDT,1765879200000,0,test,control,,0.2542074540929876,0.626963473086451,0,-0.09278495089999794,1,0.8452211126961483,10,0.0008244768746413157,0.00024390669242971256,0.026808839855403097,-0.3904004687800824,2.096e-05,-2.9040000000000003e-05,0.0,0.0,0.5,0,0,0,0,0
c_277,ALTUSDT,1771275600000,0,test,control,,0.43081971152146675,0.5238277981552023,0,0.13003421107887847,0,0.9314472252448313,21,0.009211355909232692,0.0014219758144160828,-0.010467200898091207,0.0749849440707837,2.224e-05,-2.7760000000000002e-05,0.0,0.0,0.5,0,0,0,0,0
c_278,ALTUSDT,1773770400000,0,test,control,,0.7748024457272458,1.1243410596662045,0,0.06804527329067085,0,0.9712981866218326,18,0.00485833783054514,-0.005872236285321001,-0.00845270114243049,0.0480018963366738,5e-05,0.0,0.0,0.0,0.5,0,0,0,0,0
c_279,ALTUSDT,1778770800000,0,test,control,,5.372622894029241,3.9297133566378317,4,0.004934561621035463,0,0.8777647058823529,15,0.015925002102662737,-0.020318228901561063,-0.03766475250209504,-0.05749064221028974,-4.32e-06,-1.59e-06,0.0,0.0,0.5,0,0,0,0,0
c_280,ALTUSDT,1762844400000,0,test,control,,1.2025655149873882,1.2842637813781197,1,-0.04867000611583991,1,0.9305480195333695,7,-1.3307554698747182e-05,0.0010129460342700883,0.0022760937089308774,-0.13185561281733907,5e-05,0.0,0.0,0.0,0.5,0,0,0,0,0
c_281,ALTUSDT,1766552400000,0,test,control,,0.6370410192940144,0.4661709353238587,0,0.020396206243108714,1,0.9321753515301903,5,-0.00229981422815335,-0.0008056615184429965,0.0010041345101277665,-0.20736075173332832,5e-05,0.0,0.0,0.0,0.5,0,0,0,0,0
c_282,ALTUSDT,1769666400000,0,test,control,,0.40579536985785253,1.634902102039868,2,-0.0859440023446915,0,0.8826860841423948,6,-0.0013662641511998006,-0.0006313867493313163,0.01170653111935722,-0.1496336656351353,5e-05,0.0,0.0,0.0,0.5,0,0,0,0,0
c_283,ALTUSDT,1774756800000,0,test,control,,0.3647951241552216,0.5559949458552631,0,0.3323725946734223,1,0.8718343360850708,4,0.0015275475224527022,0.0013994119980586725,0.003675268865582619,-0.2508979195390031,3.83e-06,-4.388e-05,0.0,0.0,0.5,0,0,0,0,0
c_284,ALTUSDT,1779638400000,0,test,control,,20.825352945810057,10.138308232977264,4,0.11280321677624448,0,0.7123502304147465,16,-0.001105612849707307,0.0030894325436799878,-0.08595805654463491,-0.14677644563824746,-0.00014679,0.0004923900000000001,0.0,0.0,0.5,0,0,0,0,0
c_285,ALTUSDT,1762563600000,0,test,control,,2.768756480384062,1.5831659711351387,1,-0.10754295997311494,0,0.7621763931548925,1,-0.006104242574429857,0.00846942223455526,0.008603882081421514,-0.006045779681569573,5e-05,0.0,0.0,0.0,0.5,0,0,0,0,0
c_286,ALTUSDT,1766365200000,0,test,control,,2.051290203234662,0.8275265180300361,1,-0.16312239410601512,1,0.9164012738853503,1,-0.00044684517153332007,0.025144996021913987,0.025452597710693317,-0.2809211158047837,5e-05,4.646e-05,0.0,0.0,0.5,0,0,0,0,0
c_287,ALTUSDT,1770274800000,0,test,control,,1.7725767998554107,1.8229657657706069,1,-0.43002820613783566,0,0.8156221616712079,7,0.0030624557075545765,0.009026351473021894,-0.0009253974290311064,-0.0024304666357665636,-1.353e-05,-6.353e-05,0.0,0.0,0.5,0,0,0,0,0
c_288,ALTUSDT,1774105200000,0,test,control,,0.6292057528909425,0.404939168188737,0,0.16440179613816314,0,0.8854329290260599,15,-0.0014893854764407351,0.009286065978618873,0.010308330447322905,0.02984324910058717,5e-05,3.7760000000000004e-05,0.0,0.0,0.5,0,0,0,0,0
c_289,ALTUSDT,1779091200000,0,test,control,,2.7971962329253293,3.1553720919824135,4,-0.03342686778309771,0,0.7875224955008998,8,0.0020564168399856827,-0.022660546712604687,-0.01193866571847284,-0.10311375990477725,5e-05,9.166e-05,0.0,0.0,0.5,0,0,0,0,0
c_290,ALTUSDT,1762243200000,0,test,control,,6.766367077012665,10.985563651228532,4,-0.05679270862695143,0,0.7494515138218517,8,-0.0024784532159721267,-0.02539183142784592,-0.05456743063823767,-0.0022721960956773,-0.00022448,0.0004835,0.0,0.0,0.5,0,0,0,0,0
c_291,ALTUSDT,1766401200000,0,test,control,,0.6219876725429427,0.5233236145195052,0,-0.3328967307481569,0,0.932475884244373,11,-0.00048226157288557155,-0.001415746712373053,-0.0050773443940148695,-0.2866460077568743,5e-05,0.0,0.0,0.0,0.5,0,0,0,0,0
c_292,ALTUSDT,1770843600000,0,test,control,,1.0341117073081092,1.750022786159246,1,0.1873453307361942,0,0.8764643237486687,21,-0.0003627066502634435,-0.010282582201159116,-0.03454253542770438,-0.10046418182763407,5e-05,0.0,0.0,0.0,0.5,0,0,0,0,0
c_293,ALTUSDT,1775667600000,0,test,control,,2.402732871140917,3.2468229747518036,4,0.12531512695615013,0,0.9035786630654963,17,0.004014041428386909,-0.007511564431565064,-0.016531925268884144,0.05704269140545781,-0.00059955,-0.00011061999999999997,0.0,0.0,0.5,0,0,0,0,0
c_294,ALTUSDT,1778994000000,0,test,control,,2.0696627218673527,2.4857708366536992,4,-0.01855950281349453,0,0.8085585585585584,5,0.0016309741480339465,-0.006898635237265178,-0.024216328156663563,-0.07869665309707542,-7.486e-05,-4.4109999999999996e-05,0.0,0.0,0.5,0,0,0,0,0
c_295,ALTUSDT,1762398000000,0,test,control,,1.6214843798776362,1.904946605541363,1,-0.018410632251792083,0,0.7270732777534006,3,-0.00036006248826406413,-0.0031026918728121067,-0.011594638904009464,-0.014773083513349508,5e-05,0.0,0.0,0.0,0.5,0,0,0,0,0
c_296,ALTUSDT,1766876400000,0,test,control,,0.6861901783199801,0.8980225067053729,0,-0.04574549327274261,0,0.9942100909842845,23,-0.0011092914572003753,-0.008651147687069457,-0.007318634002694082,-0.017322969330195816,5e-05,0.0,0.0,0.0,0.5,0,0,0,0,0
c_297,ALTUSDT,1770393600000,0,test,control,,2.825306306341613,2.548507059346511,3,0.1455812693500903,1,0.7734082397003745,16,0.006286216545779683,-0.008016178659707923,-0.005482930626396645,-0.019278963115960626,5e-05,0.0,0.0,0.0,0.5,0,0,0,0,0
c_298,ALTUSDT,1773813600000,0,test,control,,0.791298461095441,0.6690217577503788,0,0.03783446139379498,1,0.9560465954125135,6,-0.0030806748350410405,-0.006129299314017938,0.007014067153578669,0.06965985786920775,5e-05,0.0,0.0,0.0,0.5,0,0,0,0,0
c_299,ALTUSDT,1779638400000,0,test,control,,20.825352945810057,10.138308232977264,4,0.11280321677624448,0,0.7123502304147465,16,-0.001105612849707307,0.0030894325436799878,-0.08595805654463491,-0.14677644563824746,-0.00014679,0.0004923900000000001,0.0,0.0,0.5,0,0,0,0,0
c_300,ALTUSDT,1714647600000,0,train,control,,,,0,-0.12169882136296399,1,0.9693284424379233,11,-3.4616629482133427e-06,0.0038343906284777473,0.009253934497294001,,-6.341e-05,-0.00011341000000000001,0.0,0.0,0.5,0,0,0,0,0
c_301,ALTUSDT,1726318800000,0,train,control,,0.40140450224947993,0.5146993607068221,0,0.04459986796288742,0,0.9647184604419102,13,0.001397453083109944,-0.0029581157108800947,-0.007475774180755245,-0.0011589286273105959,5e-05,0.0,0.0,0.0,0.5,0,0,0,0,0
c_302,ALTUSDT,1739628000000,0,train,control,,0.8190700894875383,0.6765177244999833,0,-0.1520196021236621,0,0.9337785197551475,14,-0.00039199190224564187,9.003273631807965e-05,0.004118433951787434,-0.00235532261193154,1.127e-05,-3.8730000000000004e-05,0.0,0.0,0.5,0,0,0,0,0
c_303,ALTUSDT,1750762800000,0,train,control,,2.203040474259401,4.705957976645433,4,0.06123915736775749,1,0.7069094537291095,11,0.000692331101643363,-0.005408911175719242,-0.03655694471604049,0.001352643404859244,-4.44e-05,-9.44e-05,0.0,0.0,0.5,0,0,0,0,0
c_304,ALTUSDT,1761804000000,0,train,control,,1.3424850482525983,2.0185390850328377,1,0.010646447226709875,0,0.8912621359223302,6,0.01563080337352551,0.02539129203112145,0.03991568255142578,-0.16234837807225666,5e-05,0.0,0.0,0.0,0.5,0,0,0,0,0
c_305,ALTUSDT,1716073200000,0,train,control,,0.34166108945718393,0.4538459074430927,0,0.02268862057462779,1,0.9632872919863983,23,0.0003020795635697593,-0.0032181504999823627,-0.009836276253944468,-0.023184804019454257,5e-05,0.0,0.0,0.0,0.5,0,0,0,0,0
c_306,ALTUSDT,1724824800000,0,train,control,,0.56041730337428,0.5973148783753292,0,0.11400673280861058,0,0.7616537180910101,6,-0.000667717703792983,0.0009583619450751241,-0.009220864655465151,0.1083470124519913,5e-05,0.00019352,0.0,0.0,0.5,0,0,0,0,0
c_307,ALTUSDT,1738922400000,0,train,control,,0.7503192646513166,0.9590988178264958,0,0.03701920407044423,0,0.6135936913255726,10,0.002678902866570457,0.004202669667103487,0.006826642340432902,0.11109005619862948,5e-05,0.0,0.0,0.0,0.5,0,0,0,0,0
c_308,ALTUSDT,1751335200000,0,train,control,,0.9433961195855016,1.1316456654303042,0,-0.05159639367549291,0,0.8900648685558211,2,-0.0014534910805960803,-0.006279206905369442,-0.013902338807828764,-0.05903642289563581,5e-05,7.272e-05,0.0,0.0,0.5,0,0,0,0,0
c_309,ALTUSDT,1760691600000,0,train,control,,3.298626893272466,2.4455626847156857,3,-0.04634868902506852,0,0.6220196353436185,9,-0.006944608882696511,-0.0018560149730206957,0.06344652052869607,0.37425994702784915,5e-05,0.0,0.0,0.0,0.5,0,0,0,0,0
c_310,ALTUSDT,1716436800000,0,train,control,,1.3931107098558648,0.8228506876740967,0,0.05513425493346363,0,0.9325958322613841,4,-0.0009403496260170402,-0.0067449418397869864,-0.008306185056806588,0.01324432733390233,5e-05,0.0,0.0,0.0,0.5,0,0,0,0,0
c_311,ALTUSDT,1727845200000,0,train,control,,2.877379930419969,2.7476895676182806,4,-0.03458391120782429,0,0.8437971213159698,5,-0.003969668492174082,-0.0057071930227443075,-0.0030014605154720176,0.18526247420268172,5e-05,0.0,0.0,0.0,0.5,0,0,0,0,0
c_312,ALTUSDT,1739095200000,0,train,control,,0.5654358120980334,0.6277096002834308,0,-0.09067990253996946,0,0.7386263574992662,10,-0.001540725656019342,0.0012462049004503856,0.0023438649811203436,0.19184828357040046,5e-05,5.682e-05,0.0,0.0,0.5,0,0,0,0,0
c_313,ALTUSDT,1751824800000,0,train,control,,0.41531273417146725,0.7329928214840832,0,-0.02488237609167602,0,0.9488716502115656,18,0.0006829621622416868,-0.0027230302302599404,-0.0018167681367953548,-0.019524431602152635,5e-05,0.0,0.0,0.0,0.5,0,0,0,0,0
c_314,ALTUSDT,1761274800000,0,train,control,,0.391559739359738,0.3841103232668334,0,0.08711962182150676,1,0.9266634288489558,3,-0.0001809383280755671,0.00018957984794491984,0.01612341567989155,-0.017989405140898113,5e-05,0.0,0.0,0.0,0.5,0,0,0,0,0
c_315,ALTUSDT,1714608000000,0,train,control,,,,0,-0.02068820760125252,1,0.9641365688487584,0,0.007772490878514378,0.001492589373353581,0.015071502484947508,,5e-05,0.0,0.0,0.0,0.5,0,0,0,0,0
c_316,ALTUSDT,1728093600000,0,train,control,,1.2037396878697335,1.1461986247096159,0,-0.0014027285645706181,0,0.7576422206991089,2,-0.00159328951518936,-0.0057543361280800115,-0.02067913309228748,0.11243441274566707,5e-05,6.19e-05,0.0,0.0,0.5,0,0,0,0,0
c_317,ALTUSDT,1740409200000,0,train,control,,1.3055767351028567,0.9953593983230811,0,-0.1365937719247708,0,0.8384899785950575,15,-0.009498032886742629,-0.003591273960502804,-0.023041328231944817,0.545083319144227,-0.00017145,8.153999999999998e-05,0.0,0.0,0.5,0,0,0,0,0
c_318,ALTUSDT,1748052000000,0,train,control,,0.9357389281430587,1.5813980979307622,1,-0.03203327044143997,1,0.852212855637513,2,0.0010472853041832168,7.82833530102449e-05,-0.002849977957437537,0.09760317012167433,5e-05,0.0,0.0,0.0,0.5,0,0,0,0,0
c_319,ALTUSDT,1761804000000,0,train,control,,1.3424850482525983,2.0185390850328377,1,0.010646447226709875,0,0.8912621359223302,6,0.01563080337352551,0.02539129203112145,0.03991568255142578,-0.16234837807225666,5e-05,0.0,0.0,0.0,0.5,0,0,0,0,0
c_320,ALTUSDT,1714608000000,0,train,control,,,,0,-0.02068820760125252,1,0.9641365688487584,0,0.007772490878514378,0.001492589373353581,0.015071502484947508,,5e-05,0.0,0.0,0.0,0.5,0,0,0,0,0
c_321,ALTUSDT,1725422400000,0,train,control,,0.6843962289532094,1.7566411825811419,1,-0.07143378508534041,1,0.8673445535296868,4,0.00029673538092526525,0.0104625811025608,-0.008613290841433011,0.040967471357595084,5e-05,0.0,0.0,0.0,0.5,0,0,0,0,0
c_322,ALTUSDT,1739001600000,0,train,control,,1.199640505560833,0.65706332311549,0,-0.06461592868854735,1,0.6283935902529467,8,0.002105232440589715,0.00014520646961277037,0.0012284247788532626,0.1013163354737528,-0.00010526,-0.00015526,0.0,0.0,0.5,0,0,0,0,0
c_323,ALTUSDT,1749362400000,0,train,control,,1.0135452147525197,0.8366927808729656,0,-0.10905320871523111,0,0.8932005494505494,6,-0.0016994140147662286,0.01642680937030556,0.019971015010049158,0.0549736251116511,5e-05,0.0,0.0,0.0,0.5,0,0,0,0,0
c_324,ALTUSDT,1761804000000,0,train,control,,1.3424850482525983,2.0185390850328377,1,0.010646447226709875,0,0.8912621359223302,6,0.01563080337352551,0.02539129203112145,0.03991568255142578,-0.16234837807225666,5e-05,0.0,0.0,0.0,0.5,0,0,0,0,0
c_325,ALTUSDT,1716109200000,0,train,control,,0.6173042291891959,0.5758001441953109,0,-0.04248086231906942,0,0.9493846107550179,9,-0.002536592614607283,-0.0009610042441985148,0.000989114592528412,-0.02327293741942615,5e-05,0.0,0.0,0.0,0.5,0,0,0,0,0
c_326,ALTUSDT,1725962400000,0,train,control,,0.5741193962425921,0.637384254748041,0,-0.014031833814048562,1,0.9628177714421476,10,0.0005173215021613517,0.0001000888444443085,-0.003996193765267589,0.09566817277892145,5e-05,0.0,0.0,0.0,0.5,0,0,0,0,0
c_327,ALTUSDT,1740160800000,0,train,control,,2.5537280785988843,3.0641788091809636,2,-0.2243201776636142,0,0.8830629950961901,18,-0.012767981455056988,-0.060650876850754556,-0.13235967687488998,0.5403662713256356,-0.00024541,-2.4299999999999994e-05,0.0,0.0,0.5,0,0,0,0,0
c_328,ALTUSDT,1751126400000,0,train,control,,1.184759194620741,1.3852422972557012,0,-0.09763021855719835,1,0.8709677419354839,16,0.0023966223303979336,0.0075191460396730235,0.019070974275063594,0.004576717890045476,5e-05,7.859e-05,0.0,0.0,0.5,0,0,0,0,0
c_329,ALTUSDT,1761804000000,0,train,control,,1.3424850482525983,2.0185390850328377,1,0.010646447226709875,0,0.8912621359223302,6,0.01563080337352551,0.02539129203112145,0.03991568255142578,-0.16234837807225666,5e-05,0.0,0.0,0.0,0.5,0,0,0,0,0
c_330,ALTUSDT,1762243200000,0,test,control,,6.766367077012665,10.985563651228532,4,-0.05679270862695143,0,0.7494515138218517,8,-0.0024784532159721267,-0.02539183142784592,-0.05456743063823767,-0.0022721960956773,-0.00022448,0.0004835,0.0,0.0,0.5,0,0,0,0,0
c_331,ALTUSDT,1766264400000,0,test,control,,0.2915483861081705,0.43170589636259366,0,-0.03294173412435715,1,0.8919939577039274,21,0.0006134044171920055,0.00223602316764072,-0.00149235202633847,-0.26681698711156066,5e-05,0.0,0.0,0.0,0.5,0,0,0,0,0
c_332,ALTUSDT,1770602400000,0,test,control,,1.480515471574141,1.2260357948361398,1,0.0750338605206904,0,0.8533604887983707,2,-0.0017898177678801633,0.01552365601049921,0.01716148419497204,-0.02000747850844227,3.504e-05,1.3550000000000004e-05,0.0,0.0,0.5,0,0,0,0,0
c_333,ALTUSDT,1773975600000,0,test,control,,0.7377196821762845,1.419050358955028,1,-0.23057855161385962,1,0.9129338297105801,3,4.1210216154813016e-05,0.008701514915786504,0.06097693271722792,0.0639773364362235,3.812e-05,1.2620000000000001e-05,0.0,0.0,0.5,0,0,0,0,0
c_334,ALTUSDT,1779098400000,0,test,control,,2.7864435522728117,3.2103177936025187,4,-0.06757029125869048,0,0.7859628074385123,10,-0.0012934896949391025,0.0004636941644775787,-0.012506616133936376,-0.09878243599459127,-1.128e-05,1.6399999999999995e-06,0.0,0.0,0.5,0,0,0,0,0
c_335,ALTUSDT,1762243200000,0,test,control,,6.766367077012665,10.985563651228532,4,-0.05679270862695143,0,0.7494515138218517,8,-0.0024784532159721267,-0.02539183142784592,-0.05456743063823767,-0.0022721960956773,-0.00022448,0.0004835,0.0,0.0,0.5,0,0,0,0,0
c_336,ALTUSDT,1766253600000,0,test,control,,0.5020964343575698,1.586284003563192,1,-0.14552418425886915,0,0.8882175226586102,18,0.00033138399347215625,-0.0027000011715283966,0.028375602615035148,-0.2674784885990474,-5.179e-05,-0.00010179,0.0,0.0,0.5,0,0,0,0,0
c_337,ALTUSDT,1771063200000,0,test,control,,0.3292182264983987,0.4246228693865082,0,0.09586689874854917,1,0.9856353591160221,10,-0.0004547586838106925,-0.004307252054732274,-0.017025583128964548,0.0875620045813896,5e-05,0.0,0.0,0.0,0.5,0,0,0,0,0
c_338,ALTUSDT,1773957600000,0,test,control,,0.28512743721590855,0.5150466597485175,0,0.14324645228944957,0,0.9026059805452145,22,-0.0009681407864085113,-0.0003970321534840393,-0.00648919434520306,0.08091938900204523,5e-05,0.0,0.0,0.0,0.5,0,0,0,0,0
c_339,ALTUSDT,1779638400000,0,test,control,,20.825352945810057,10.138308232977264,4,0.11280321677624448,0,0.7123502304147465,16,-0.001105612849707307,0.0030894325436799878,-0.08595805654463491,-0.14677644563824746,-0.00014679,0.0004923900000000001,0.0,0.0,0.5,0,0,0,0,0
c_340,ALTUSDT,1762574400000,0,test,control,,1.2443504681958613,1.8919711617812325,2,-0.06588968829494084,0,0.7683194383501536,4,-0.002520307884157188,-0.0006753408283745273,-0.01005612922601184,-0.005019888216504113,5e-05,0.0,0.0,0.0,0.5,0,0,0,0,0
c_341,ALTUSDT,1766361600000,0,test,control,,0.4029257512565515,0.4044417108155389,0,-0.09383519675138793,1,0.910828025477707,0,0.0020477113348907603,0.0034550376958169243,0.0015951732956008221,-0.26742756500581244,5e-05,4.646e-05,0.0,0.0,0.5,0,0,0,0,0
c_342,ALTUSDT,1770544800000,0,test,control,,2.1102391894832895,1.2815379744910662,1,0.06939273232511092,1,0.8183520599250935,10,-0.007896693073933226,0.021875462240677792,0.005211929577427979,-0.02379431073379488,5e-05,0.0,0.0,0.0,0.5,0,0,0,0,0
c_343,ALTUSDT,1774922400000,0,test,control,,3.8516608363930374,3.822391201115563,2,-0.005176814793136583,1,0.9040978941377348,2,0.010773754140459222,0.01522245031409928,0.06247359094747297,-0.09428101150965633,5e-05,0.00010975000000000001,0.0,0.0,0.5,0,0,0,0,0
c_344,ALTUSDT,1779638400000,0,test,control,,20.825352945810057,10.138308232977264,4,0.11280321677624448,0,0.7123502304147465,16,-0.001105612849707307,0.0030894325436799878,-0.08595805654463491,-0.14677644563824746,-0.00014679,0.0004923900000000001,0.0,0.0,0.5,0,0,0,0,0
p_69,BEATUSDT,1765728000000,1,test,main,102.3767,1.551177894643997,1.9624951814655054,1,0.015520443480816423,0,0.5220150311968236,16,-0.0009980454475544374,0.03833469900048088,0.12021850283275796,0.07272748964131288,-0.00023584,-0.00043306,0.0,0.0,0.5,0,1,0,0,0
p_70,BEATUSDT,1766340000000,1,test,main,31.0395,1.8637784257748595,2.514958228122453,2,0.018939869876731293,0,0.9167005046696445,18,-0.00029668281436485066,-0.046638510218935274,-0.04314461790407347,0.2703713265087574,-0.00054202,-5.2290000000000084e-05,0.0,0.0,0.5,0,1,0,0,0
p_71,BEATUSDT,1766523600000,1,test,main,25.3549,1.7426230261675206,2.519315566641157,3,0.007884119346746604,1,0.5262444444444445,21,-0.000568828213879342,-0.014183761075376578,-0.04778250572168751,0.3237632231888451,7.631e-05,-2.315999999999999e-05,0.0,0.0,0.5,0,1,0,0,0
p_72,BEATUSDT,1771088400000,1,test,main,23.5591,1.1711136445734793,1.2568367924219417,0,-0.035226241031436734,1,0.977313009571074,17,-0.000328295643846452,0.020184706333947446,-0.01684527108804536,0.07077159943249522,5e-05,0.0,0.0,0.0,0.5,0,1,0,0,0
p_73,BEATUSDT,1772780400000,1,test,main,40.5295,0.8012301064114349,0.9888180244975769,0,-0.21584298081026942,0,0.9106438896189225,7,0.0024021114716094266,0.004622107002987486,-0.024673608557045274,0.06685837954947804,5e-05,0.0,0.0,0.0,0.5,0,1,0,0,0
p_74,BEATUSDT,1773612000000,1,test,main,39.9794,1.4854411834845884,0.8955038365904942,0,-0.009495987737343533,1,0.870734908136483,22,0.005363362584234085,-0.0012361483781391676,-0.01811616046158297,-0.01022330119843895,5e-05,0.0,0.0,0.0,0.5,0,1,0,0,0
p_75,BEATUSDT,1779418800000,1,test,main,80.9165,3.4009360093947656,8.122205792368744,4,0.06368822003948775,1,0.8735431235431236,3,0.0007501933488012,-0.006793875691383314,-0.01601397070176136,-0.01585575453116199,5e-05,0.0,0.0,0.0,0.5,0,0,0,0,0
p_76,BEATUSDT,1779793200000,1,test,main,27.2962,3.1861622810921713,3.131466248889615,4,0.058417188169994014,0,0.6371484630477436,11,0.009885048472749649,0.00956619733370313,0.018312918704232448,0.16273697578056318,0.00020409,6.0850000000000015e-05,0.0,0.0,0.5,0,0,0,0,0
p_77,BEATUSDT,1763038800000,1,test,fast,12.6133,,,0,0.020364078381311292,0,0.8828072531900604,13,0.001943634596695821,,,,5e-05,-0.00033101999999999996,0.0,0.0,0.5,0,1,0,0,0
p_78,BEATUSDT,1763640000000,1,test,fast,57.7449,1.435452598039205,1.0636441809322497,0,0.06532927464020119,0,0.9713191760910412,12,0.0013359485670699119,,,,5.185e-05,1.8499999999999975e-06,0.0,0.0,0.5,0,1,0,0,0
p_79,BEATUSDT,1765087200000,1,test,fast,12.5008,1.067283742042632,0.716889289514483,0,0.04440437545908306,1,0.9611644354635009,6,-0.0002905183741697879,-0.06056593256351584,0.041828022906356066,-0.02581745780192413,-0.00038474,4.565999999999999e-05,0.0,0.0,0.5,0,1,0,0,0
p_80,BEATUSDT,1765540800000,1,test,fast,12.7468,1.0544603795232041,1.6990181848133628,2,-0.012976776887590405,1,0.7273890955638226,12,-0.0007917390895216478,0.1743026576866824,0.2502209274905257,0.030765114578093104,-0.01048597,-0.00941264,0.0,0.0,0.5,0,0,0,0,0
p_81,BEATUSDT,1765731600000,1,test,fast,13.9809,4.675988207958883,2.692087653226331,2,0.005477108348280634,0,0.559344866704481,17,-0.0023060014474316753,-0.0803997293483445,-0.03282352047333079,0.08158803980698394,-0.00049107,-0.00054107,0.0,0.0,0.5,0,1,0,0,0
p_82,BEATUSDT,1765753200000,1,test,fast,14.2052,1.7894283126882689,3.0877387139871204,3,-0.008290752507266751,1,0.6391449234259784,23,-0.00037894341526429324,-0.0038227857370727175,0.15091826410164916,0.09450934689021868,-0.00822746,0.01177254,0.0,0.0,0.5,0,1,0,0,0
p_83,BEATUSDT,1765767600000,1,test,fast,19.78,2.4243335707309184,3.157557253299136,3,-0.035356670294707064,1,0.7894568916619399,3,0.000901455446909927,-0.0019801072822702823,-0.02711103138761097,0.09587644384504351,-0.01227501,0.00301183,0.0,0.0,0.5,0,1,0,0,0
p_84,BEATUSDT,1765810800000,1,test,fast,12.6115,7.007765099541879,5.635800250734594,4,0.03926684463488727,0,0.9608303556236175,15,-0.015479706448292803,-0.02986713128568999,0.047226441428518624,0.07564663271921729,-0.00100094,0.0010231799999999998,0.0,0.0,0.5,0,1,0,0,0
p_85,BEATUSDT,1765926000000,1,test,fast,15.3081,1.5624262717464432,1.6669464653979582,0,0.031652424142418,1,0.5174314055339637,23,0.00028496978180433746,0.040430141443971175,-0.04450892613495627,0.03376953837820784,-0.00019297,-0.00020547,0.0,0.0,0.5,0,1,0,0,0
p_86,BEATUSDT,1766077200000,1,test,fast,13.5854,3.238485707935681,2.3245721621719517,2,-0.01283183229102765,0,0.8262080167063054,17,-0.005607996311064062,0.00742297467791201,0.16173904101224817,0.11717584487146337,-0.00994531,-0.006496770000000001,0.0,0.0,0.5,0,1,0,0,0
p_87,BEATUSDT,1766343600000,1,test,fast,13.0816,1.433452871509093,2.036891378048678,1,0.021805309768849222,0,0.9634839607865885,19,0.0013966353886790792,-0.026242420235491948,-0.06821236993665365,0.26897372280250115,-0.00097848,-0.00043646000000000006,0.0,0.0,0.5,0,1,0,0,0
p_88,BEATUSDT,1766548800000,1,test,fast,11.4465,1.9172740156394452,3.1134207889076557,3,-0.008751290230895504,0,0.4885777777777778,4,0.002425944401900668,-0.0020183163971153545,-0.04118100141379642,0.31525450312512465,-0.0001831,9.750999999999998e-05,0.0,0.0,0.5,0,1,0,0,0
p_89,BEATUSDT,1766581200000,1,test,fast,10.4325,2.9669858938470295,3.8874789533323346,4,0.003175415660310405,1,0.5786,13,0.002644482840117206,0.0027779456580394467,-0.058562934110823146,0.3089305051094644,-0.00073456,0.00046461000000000007,0.0,0.0,0.5,0,1,0,0,0
p_90,BEATUSDT,1766714400000,1,test,fast,23.4297,3.788482959610436,2.370803262770981,2,0.019319674748054565,1,0.32291111111111115,2,0.0034690444338545414,0.014130271239137519,-0.05663771040355536,0.07166833247216206,4.102e-05,-7.403000000000001e-05,0.0,0.0,0.5,0,1,0,0,0
p_91,BEATUSDT,1766998800000,1,test,fast,17.9804,0.6655367383855924,0.5793047867533936,0,0.01796781732143744,0,0.4942222222222223,9,-0.0007144212629628389,-0.008258356607995305,0.006948746446741261,-0.15266043023613893,-0.00029196,-0.00013548000000000002,0.0,0.0,0.5,0,1,0,0,0
p_92,BEATUSDT,1767279600000,1,test,fast,17.2032,1.741233670360997,2.41486995874772,2,0.0441321839872507,0,0.3080258899676375,15,0.0005223524752566382,0.017304562371553155,0.07607352603922585,-0.1380935568182591,1.25e-05,0.0,0.0,0.0,0.5,0,1,0,0,0
p_93,BEATUSDT,1768359600000,1,test,fast,12.7766,1.3580811614225798,1.0878961925032264,0,-0.045735413841389246,1,0.6748612212529739,3,0.0011398088482783108,0.007472498146433774,0.005472150266243509,0.0930602507907308,0.00015693,5.570000000000016e-06,0.0,0.0,0.5,0,0,1,0,0
p_94,BEATUSDT,1774609200000,1,test,fast,10.3448,0.8982628311867291,1.2227857635049597,0,-0.011306503777646625,0,0.6617572371762316,11,-0.017671344042074207,0.01944501294751955,0.05915466983146704,-0.05718494933007734,0.00017487,-0.00013521,0.0,0.0,0.5,0,1,0,0,0
p_95,BEATUSDT,1775178000000,1,test,fast,18.1212,1.008071458814841,0.9893346722596439,0,-0.15272135385556757,0,0.5743333333333334,1,-0.0015956691117640905,0.0036330593169858635,-0.015044883998022996,0.16380175710647368,0.00014952,9.952e-05,0.0,0.0,0.5,0,1,0,0,0
p_96,BEATUSDT,1775653200000,1,test,fast,11.733,1.4300945827267677,1.5125235572461386,0,-0.1370529969280768,0,0.5988881761813128,13,0.005211429975073465,0.031314675095899226,0.059893822667951596,0.018649250201344957,5e-05,0.0,0.0,0.0,0.5,0,1,0,0,0
p_97,BEATUSDT,1779433200000,1,test,fast,10.2518,3.31405625687416,3.006902571682281,4,-0.04156915280926122,0,0.906060606060606,7,-0.0008263395739186572,-0.01691974238624879,-0.00911261509342788,-0.02535906960756179,5e-05,-0.00019909,0.0,0.0,0.5,0,0,0,0,0
c_345,BEATUSDT,1763218800000,0,test,control,,,,0,0.03138877753538892,0,0.9347502393023008,15,-0.0012862610912767224,,,,0.0003357,0.00019161999999999998,0.0,0.0,0.5,0,0,0,0,0
c_346,BEATUSDT,1768849200000,0,test,control,,0.5284616194171553,0.8886411157745082,0,0.010778253903894234,0,0.5771342040507288,19,-0.001847736629930239,0.0176290830298892,-0.0177626770938123,0.08247864053339034,5e-05,0.0,0.0,0.0,0.5,0,0,0,0,0
c_347,BEATUSDT,1772456400000,0,test,control,,1.1389505422979287,1.078082061064239,0,-0.015747097670591185,1,0.9869230769230769,13,-0.006062122813391718,-0.000253375778702451,-0.011711522550323074,0.039213512882214654,5e-05,0.0,0.0,0.0,0.5,0,0,0,0,0
c_348,BEATUSDT,1776247200000,0,test,control,,1.0719393594257083,1.2507748831659384,0,-0.0015595191461766002,1,0.9205202312138727,10,-0.001378418369551012,-0.012169380598781353,-0.012041767006589935,-0.08849676325230431,0.00053075,0.00037303999999999994,36.379740000000005,0.0,1.0,0,0,0,0,0
c_349,BEATUSDT,1778925600000,0,test,control,,1.3142444096172787,1.0691887503906197,0,-0.02250678966354634,0,0.961342198855729,10,-0.004304147876947731,0.006887039688068572,-0.011625638023641536,-0.14183408395385558,5e-05,0.0,0.0,0.0,0.5,0,0,0,0,0
c_350,BEATUSDT,1763218800000,0,test,control,,,,0,0.03138877753538892,0,0.9347502393023008,15,-0.0012862610912767224,,,,0.0003357,0.00019161999999999998,0.0,0.0,0.5,0,0,0,0,0
c_351,BEATUSDT,1768150800000,0,test,control,,1.2757732391302607,1.2330813337886193,0,-0.0914735188617055,0,0.49491763056431826,17,0.0017823702772416326,0.012574902559360336,0.022995644465014304,0.06084536822126896,0.0002448,4.314e-05,0.0,0.0,0.5,0,0,0,0,0
c_352,BEATUSDT,1771876800000,0,test,control,,0.4552239884987116,0.7202976703994067,0,0.04811951145170123,1,0.7201426024955436,20,-0.005092650639522374,0.0005558744233312367,0.05077837288003183,0.09104898071741471,5e-05,0.0,0.0,0.0,0.5,0,0,0,0,0
c_353,BEATUSDT,1776762000000,0,test,control,,0.23100971422969255,0.28756435068841746,0,-0.07066480964384719,0,0.8898620946701454,9,0.005422748191978885,0.0019900010317228547,0.025474815893421647,-0.06109360667312562,5.905e-05,9.049999999999996e-06,0.0,0.0,0.5,0,0,0,0,0
c_354,BEATUSDT,1779242400000,0,test,control,,0.5573312840137388,0.5523122154085831,0,-0.011839917175689753,1,0.8338846541061412,2,0.0003465305904439086,-0.043471459012711086,-0.0038726137200338095,-0.008279012615588624,5e-05,0.0,0.0,0.0,0.5,0,0,0,0,0
c_355,BEATUSDT,1763218800000,0,test,control,,,,0,0.03138877753538892,0,0.9347502393023008,15,-0.0012862610912767224,,,,0.0003357,0.00019161999999999998,0.0,0.0,0.5,0,0,0,0,0
c_356,BEATUSDT,1769004000000,0,test,control,,1.6034075631282827,0.9258608364890298,0,-0.030738774183442286,1,0.6548067860508954,14,-0.0006911520139809219,0.014292422604581526,0.016390938050857624,0.07255074518747087,0.00012386,-1.5470000000000013e-05,0.0,0.0,0.5,0,0,0,0,0
c_357,BEATUSDT,1772474400000,0,test,control,,1.6362608424893519,2.6155325116031847,2,0.041829363503040375,1,0.9383244206773618,18,-0.003246603531059648,-0.019866240398162052,-0.0019447980619020583,0.07638232860835667,8.704e-05,3.703999999999999e-05,0.0,0.0,0.5,0,0,0,0,0
c_358,BEATUSDT,1776502800000,0,test,control,,1.1571033521835479,1.2376026996508778,1,-0.08527967208759624,1,0.9696235557212076,9,-0.0033254928460967914,0.019585355543030775,0.034407022666664684,-0.1186686555392237,0.00024944,0.00017282000000000002,0.0,0.0,0.5,0,0,0,0,0
c_359,BEATUSDT,1779091200000,0,test,control,,1.439696236803631,2.248863579413943,2,-0.016814956644983756,1,0.9249244930245937,8,0.0020564168399856827,0.0072797654150435565,-0.004083287875199833,-0.13421277845204743,5e-05,-9.554999999999999e-05,0.0,0.0,0.5,0,0,0,0,0
c_360,BEATUSDT,1763254800000,0,test,control,,,,0,-0.0279594388397766,1,0.7537845215726593,1,-0.0024413904100343228,,,,5e-05,-8.201000000000001e-05,0.0,0.0,0.5,0,0,0,0,0
c_361,BEATUSDT,1769014800000,0,test,control,,0.9347874297330547,1.0672373409586735,0,-0.15138446587548773,0,0.6669874879692012,17,-0.029641910034786167,0.0034748607614251926,0.012768943039369325,0.10227499004935937,0.00021162,-3.2519999999999994e-05,0.0,0.0,0.5,0,0,0,0,0
c_362,BEATUSDT,1772028000000,0,test,control,,0.43095847053888425,0.43021575931827766,0,0.004981321223655921,0,0.7950089126559714,14,0.002586362239111353,0.0052007224690511665,0.010791786554784053,-0.01283809311029052,5e-05,0.0,0.0,0.0,0.5,0,0,0,0,0
c_363,BEATUSDT,1776488400000,0,test,control,,0.5763851987153661,0.7386594707326851,0,0.023756680748432915,1,0.9573182615474567,5,0.0013200925623956985,-0.005128461511837084,-0.029933191742094335,-0.10776748825490393,0.00025728,0.00010117999999999998,0.0,0.0,0.5,0,0,0,0,0
c_364,BEATUSDT,1779242400000,0,test,control,,0.5573312840137388,0.5523122154085831,0,-0.011839917175689753,1,0.8338846541061412,2,0.0003465305904439086,-0.043471459012711086,-0.0038726137200338095,-0.008279012615588624,5e-05,0.0,0.0,0.0,0.5,0,0,0,0,0
c_365,BEATUSDT,1763218800000,0,test,control,,,,0,0.03138877753538892,0,0.9347502393023008,15,-0.0012862610912767224,,,,0.0003357,0.00019161999999999998,0.0,0.0,0.5,0,0,0,0,0
c_366,BEATUSDT,1768694400000,0,test,control,,0.3362506108659621,0.2590084286724928,0,0.013319292614180878,0,0.7611205754306266,0,-0.00013561702592922612,0.008807468381625742,0.01125525118239207,0.06818566118175545,0.00012478,-6.827e-05,0.0,0.0,0.5,0,0,0,0,0
c_367,BEATUSDT,1772330400000,0,test,control,,1.4789875273108986,1.021202497713726,0,-0.1182293832953418,0,0.933655006031363,2,0.008328889261724858,-0.007620709587794942,0.00932399754647599,0.041075241893850756,8.889e-05,1.8920000000000002e-05,0.0,0.0,0.5,0,0,0,0,0
c_368,BEATUSDT,1776477600000,0,test,control,,1.0517030085021282,0.6934785585493987,0,-0.1285797695692796,1,0.9855778600662639,2,0.0005289420769531427,-0.03254137043896842,-0.01293582442005834,-0.10884933598621119,7.662e-05,-7.138e-05,0.0,0.0,0.5,0,0,0,0,0
c_369,BEATUSDT,1779242400000,0,test,control,,0.5573312840137388,0.5523122154085831,0,-0.011839917175689753,1,0.8338846541061412,2,0.0003465305904439086,-0.043471459012711086,-0.0038726137200338095,-0.008279012615588624,5e-05,0.0,0.0,0.0,0.5,0,0,0,0,0
c_370,BEATUSDT,1763218800000,0,test,control,,,,0,0.03138877753538892,0,0.9347502393023008,15,-0.0012862610912767224,,,,0.0003357,0.00019161999999999998,0.0,0.0,0.5,0,0,0,0,0
c_371,BEATUSDT,1768950000000,0,test,control,,1.4475311065221947,0.8897540213475057,0,-0.18280672207338503,0,0.506341094075336,23,-0.010918368259590252,-0.05534060444227338,-0.06786362437611623,0.07051901080673872,8.512e-05,1.1900000000000005e-05,0.0,0.0,0.5,0,0,0,0,0
c_372,BEATUSDT,1771714800000,0,test,control,,0.5479099845836026,0.5490143342969573,0,0.09461174993399615,1,0.707079392376039,23,-0.006062822782402513,-0.04427980101722951,-0.07935158187370275,0.0688108356838188,5e-05,0.0,0.0,0.0,0.5,0,0,0,0,0
c_373,BEATUSDT,1776495600000,0,test,control,,0.8810608668429725,0.6391076759303226,0,-0.1198725226940761,1,0.9780497280497279,7,-8.17279626386834e-05,-0.0015935901113770525,-0.017003639841653605,-0.10829871411459643,0.00025728,0.00010117999999999998,0.0,0.0,0.5,0,0,0,0,0
c_374,BEATUSDT,1778713200000,0,test,control,,1.5181187112136352,2.570018029659351,3,0.018968814945582196,0,0.9517899761336516,23,0.0004019495181647002,-0.00706932730162624,-0.015362412234528453,-0.026147679520027917,0.00030297,0.00025297,0.0,0.0,0.5,0,0,0,0,0
c_375,BEATUSDT,1763899200000,0,test,control,,0.630171541897366,0.435891871134834,0,0.01731716458132622,1,0.5902258763657752,12,0.0030968137924461546,-0.13381126686582845,0.0320751340457012,,9.823e-05,-8.790000000000001e-05,0.0,0.0,0.5,0,0,0,0,0
c_376,BEATUSDT,1769529600000,0,test,control,,0.4255787959303611,0.5387613751874636,0,-0.06257613582352271,1,0.8523961661341852,16,0.0032834694415023696,-0.0021236658104474577,0.029702387427913802,-0.04248506217291015,5e-05,-1.2839999999999999e-05,0.0,0.0,0.5,0,0,0,0,0
c_377,BEATUSDT,1771851600000,0,test,control,,0.7880983526170288,0.7463787300319241,0,-0.12188843549409363,0,0.752584670231729,13,0.0011953913206428101,0.038130181670383206,0.030952284194825992,0.08453787641779091,5e-05,0.0,0.0,0.0,0.5,0,0,0,0,0
c_378,BEATUSDT,1776510000000,0,test,control,,0.8018908195218506,1.3029479073482035,1,-0.01093676169700329,1,0.9623555721207604,11,-0.005317599543347459,-0.00863993867972956,0.031408847292073015,-0.11511773086236685,0.00024944,0.00017282000000000002,0.0,0.0,0.5,0,0,0,0,0
c_379,BEATUSDT,1779134400000,0,test,control,,0.31276306955009875,0.41511203010878,0,-0.09100641521387186,1,0.91068603480512,20,0.008880684740283517,-0.000777125271200465,-0.017685566425882624,-0.10828086813405755,5e-05,0.0,0.0,0.0,0.5,0,0,0,0,0
c_380,BEATUSDT,1763218800000,0,test,control,,,,0,0.03138877753538892,0,0.9347502393023008,15,-0.0012862610912767224,,,,0.0003357,0.00019161999999999998,0.0,0.0,0.5,0,0,0,0,0
c_381,BEATUSDT,1768806000000,0,test,control,,0.7932963436575132,0.9364236737473061,0,-0.07442866999530558,0,0.5731591898542495,7,0.0007721306263342907,-0.0041848588720460695,0.021208155721176604,0.04628190041197302,5e-05,-0.00015925,0.0,0.0,0.5,0,0,0,0,0
c_382,BEATUSDT,1772359200000,0,test,control,,0.5201732252825233,0.787394737981665,0,0.10338579774208656,0,0.9545454545454546,10,-0.0023280979935371487,0.003255559369592776,0.0421319996809895,0.04481451971910441,5e-05,-3.8889999999999995e-05,0.0,0.0,0.5,0,0,0,0,0
c_383,BEATUSDT,1777035600000,0,test,control,,0.4190524619033101,0.4906434729909063,0,0.00885770620794344,0,0.9583266805045505,13,0.000488523533534162,0.013081935619119427,-0.03145608993589541,-0.0023377639539389206,0.00019982,0.00014982,0.0,0.0,0.5,0,0,0,0,0
c_384,BEATUSDT,1779242400000,0,test,control,,0.5573312840137388,0.5523122154085831,0,-0.011839917175689753,1,0.8338846541061412,2,0.0003465305904439086,-0.043471459012711086,-0.0038726137200338095,-0.008279012615588624,5e-05,0.0,0.0,0.0,0.5,0,0,0,0,0
c_385,BEATUSDT,1763377200000,0,test,control,,,,0,0.02596885814033112,0,0.68966923104194,11,-4.183750313720392e-06,,,,5e-05,0.0,0.0,0.0,0.5,0,0,0,0,0
c_386,BEATUSDT,1768734000000,0,test,control,,0.6070004196028981,0.496254956674989,0,-0.0762546899193401,0,0.7495741056218058,11,-0.0009807493807314114,0.0013249130070556565,0.0165955344848045,0.06994360965076295,0.0001121,-4.607000000000001e-05,0.0,0.0,0.5,0,0,0,0,0
c_387,BEATUSDT,1772506800000,0,test,control,,0.8838505114417258,1.0710809309284532,0,0.02705561052989337,0,0.9540106951871657,3,-0.003586779697517337,-0.005888974811306316,-0.035516185389638424,0.10783303477855519,9.591e-05,8.870000000000001e-06,0.0,0.0,0.5,0,0,0,0,0
c_388,BEATUSDT,1776945600000,0,test,control,,0.41758275817454676,0.4976727557635109,0,0.024283325033093626,0,0.9209643940603545,12,0.0037097885420531032,0.0004621803310256872,-0.008915093906307323,0.020689711327661897,5e-05,-0.00010027000000000001,0.0,0.0,0.5,0,0,0,0,0
c_389,BEATUSDT,1778983200000,0,test,control,,0.6030977892506242,1.1868508424675848,0,0.04878572865422119,1,0.9454151847842894,2,-0.0029172666764206868,-0.005665518797896242,-0.002979783629755986,-0.15442443737676692,5e-05,0.0,0.0,0.0,0.5,0,0,0,0,0
c_390,BEATUSDT,1763240400000,0,test,control,,,,0,0.009794716763238575,1,0.7503279327826426,21,-0.007483767976100262,,,,5e-05,-0.00028569999999999995,0.0,0.0,0.5,0,0,0,0,0
c_391,BEATUSDT,1769004000000,0,test,control,,1.6034075631282827,0.9258608364890298,0,-0.030738774183442286,1,0.6548067860508954,14,-0.0006911520139809219,0.014292422604581526,0.016390938050857624,0.07255074518747087,0.00012386,-1.5470000000000013e-05,0.0,0.0,0.5,0,0,0,0,0
c_392,BEATUSDT,1771815600000,0,test,control,,1.06723566386756,1.0436861696836417,1,0.03618179459488718,0,0.8303030303030302,3,0.005516624422245483,-0.02448617281072891,-0.052807447577310936,0.021977980624822317,0.00014119,4.073e-05,0.0,0.0,0.5,0,0,0,0,0
c_393,BEATUSDT,1776722400000,0,test,control,,0.1446724875199754,0.2603668597359632,0,-0.04404604934154574,1,0.8620946701453598,22,-0.004203075171290979,-0.00669751287749017,-0.031139974587126428,-0.054523988307577834,7.72e-05,-4.0549999999999996e-05,0.0,0.0,0.5,0,0,0,0,0
c_394,BEATUSDT,1779242400000,0,test,control,,0.5573312840137388,0.5523122154085831,0,-0.011839917175689753,1,0.8338846541061412,2,0.0003465305904439086,-0.043471459012711086,-0.0038726137200338095,-0.008279012615588624,5e-05,0.0,0.0,0.0,0.5,0,0,0,0,0
c_395,BEATUSDT,1763830800000,0,test,control,,0.6005795637230712,0.6453441270985297,0,-0.013748124837958666,0,0.6019576377922551,17,0.004983386732415434,0.05977682429208692,-0.11923343546799396,,0.00031492,0.00026492,0.0,0.0,0.5,0,0,0,0,0
c_396,BEATUSDT,1768734000000,0,test,control,,0.6070004196028981,0.496254956674989,0,-0.0762546899193401,0,0.7495741056218058,11,-0.0009807493807314114,0.0013249130070556565,0.0165955344848045,0.06994360965076295,0.0001121,-4.607000000000001e-05,0.0,0.0,0.5,0,0,0,0,0
c_397,BEATUSDT,1771675200000,0,test,control,,0.6315286421913655,0.5403468198280384,0,-0.14188305854106364,1,0.705646316996274,12,-0.0018141926476068148,0.014987320030980111,0.03298183998345691,0.01983432810769358,6.935e-05,1.6870000000000006e-05,0.0,0.0,0.5,0,0,0,0,0
c_398,BEATUSDT,1776394800000,0,test,control,,0.8438842787710193,0.8464109109384256,0,-0.05501876982270933,1,0.9665783574485428,3,-0.0004952642033742216,-0.0034780881077930677,-0.04176562466937828,-0.08077298303623509,0.00028706,3.419000000000002e-05,0.0,0.0,0.5,0,0,0,0,0
c_399,BEATUSDT,1779242400000,0,test,control,,0.5573312840137388,0.5523122154085831,0,-0.011839917175689753,1,0.8338846541061412,2,0.0003465305904439086,-0.043471459012711086,-0.0038726137200338095,-0.008279012615588624,5e-05,0.0,0.0,0.0,0.5,0,0,0,0,0
c_400,BEATUSDT,1763420400000,0,test,control,,,,0,0.039127628683272755,1,0.7393732052327436,23,0.0031264379819790195,,,,0.00018607,0.00013607000000000002,0.0,0.0,0.5,0,0,0,0,0
c_401,BEATUSDT,1769270400000,0,test,control,,0.4081666243337585,0.6674191943956973,0,-0.02882293726747081,0,0.7007317073170732,16,-0.0019316009694914096,-0.007192043810846807,-0.049471892006698444,-0.005040413906037544,0.0001823,-3.1439999999999984e-05,0.0,0.0,0.5,0,0,0,0,0
c_402,BEATUSDT,1771646400000,0,test,control,,0.81425872098176,0.5659456369116621,0,0.022329789982702058,1,0.7265692175408427,4,-0.0049036123130249964,-0.036208202560880434,-0.0751034220714449,0.019688625014686864,5e-05,0.0,0.0,0.0,0.5,0,0,0,0,0
c_403,BEATUSDT,1776416400000,0,test,control,,1.941701945278545,2.1122376149864452,2,0.10900581555274735,0,0.9033339909252317,9,0.00935941818104303,-0.05198719005166947,-0.022660476253307617,-0.11791809082418922,0.00015918,-0.00012788,0.0,0.0,0.5,0,0,0,0,0
c_404,BEATUSDT,1779242400000,0,test,control,,0.5573312840137388,0.5523122154085831,0,-0.011839917175689753,1,0.8338846541061412,2,0.0003465305904439086,-0.043471459012711086,-0.0038726137200338095,-0.008279012615588624,5e-05,0.0,0.0,0.0,0.5,0,0,0,0,0
c_405,BEATUSDT,1763953200000,0,test,control,,0.22384504436484998,0.2172132833320311,0,-0.001310702954559482,1,0.5345975078797798,3,0.005170416942422236,0.047954714635404905,0.05623078340950019,,5e-05,0.0,0.0,0.0,0.5,0,0,0,0,0
c_406,BEATUSDT,1769284800000,0,test,control,,0.2860509766984587,0.4879636340067995,0,0.1329315094241173,0,0.7020338152413623,20,-0.0007341782351967487,0.00028344317415570177,-0.014666075427344926,-0.005506309136513066,0.00018318,-1.3630000000000017e-05,0.0,0.0,0.5,0,0,0,0,0
c_407,BEATUSDT,1771588800000,0,test,control,,1.0323542673279742,0.8636217927339767,0,-0.034994625755782,1,0.7426196617942104,12,-0.009117990507983353,-0.01975164296036954,-0.10620298157086615,0.04250707042991218,5e-05,-9.299999999999996e-06,0.0,0.0,0.5,0,0,0,0,0
c_408,BEATUSDT,1776956400000,0,test,control,,0.436450184061719,0.3949296734237287,0,0.036892796231386346,0,0.938048858374581,15,0.00833820513713974,-0.01650384433932065,-0.022524410224356244,0.03591613522772893,5e-05,-0.00010027000000000001,146.05851,0.0,1.0,0,0,0,0,0
c_409,BEATUSDT,1778745600000,0,test,control,,2.7972922618308287,1.7329797000642642,1,-0.10126621627623761,0,0.922832140015911,8,-0.000875018960833536,0.019447330871931193,-0.005097800645473949,-0.034907172770298735,0.00012576,-0.00017266999999999998,0.0,0.0,0.5,0,0,0,0,0
c_410,BEATUSDT,1763924400000,0,test,control,,0.2430912342143849,0.2779893642257874,0,-0.03784660202694009,0,0.5942792478886025,19,0.0028996740461872715,-0.031077791943692246,-0.019602791158842666,,5e-05,0.0,0.0,0.0,0.5,0,0,0,0,0
c_411,BEATUSDT,1768845600000,0,test,control,,0.9240984189867559,0.8925773966781407,0,-0.10816274238795454,1,0.5739163354154837,18,-0.0007484058847432246,-0.010426270458768469,-0.0420657642476576,0.08560931496316103,5e-05,0.0,0.0,0.0,0.5,0,0,0,0,0
c_412,BEATUSDT,1772550000000,0,test,control,,0.8289202686790931,0.7690148544591291,0,-0.058914853920845354,0,0.9393939393939393,15,-0.005287501345420363,0.007879346703031188,-0.014261163697864098,0.12133643667660149,0.00011016,4.495000000000001e-05,0.0,0.0,0.5,0,0,0,0,0
c_413,BEATUSDT,1776704400000,0,test,control,,0.37762524498416106,0.4503709617797847,0,0.00966374734132213,0,0.8453224002981737,17,-0.004864665559198735,0.00017265031185569933,-0.027041521997062352,-0.06473578649231862,5e-05,0.0,0.0,0.0,0.5,0,0,0,0,0
c_414,BEATUSDT,1779242400000,0,test,control,,0.5573312840137388,0.5523122154085831,0,-0.011839917175689753,1,0.8338846541061412,2,0.0003465305904439086,-0.043471459012711086,-0.0038726137200338095,-0.008279012615588624,5e-05,0.0,0.0,0.0,0.5,0,0,0,0,0
c_415,BEATUSDT,1763938800000,0,test,control,,0.21599406921055947,0.2802240898110076,0,0.01344625986822996,0,0.5577541508698126,23,0.00022400363863775188,0.04451667544948284,0.04720205892214701,,5e-05,-4.823e-05,0.0,0.0,0.5,0,0,0,0,0
c_416,BEATUSDT,1769014800000,0,test,control,,0.9347874297330547,1.0672373409586735,0,-0.15138446587548773,0,0.6669874879692012,17,-0.029641910034786167,0.0034748607614251926,0.012768943039369325,0.10227499004935937,0.00021162,-3.2519999999999994e-05,0.0,0.0,0.5,0,0,0,0,0
c_417,BEATUSDT,1771851600000,0,test,control,,0.7880983526170288,0.7463787300319241,0,-0.12188843549409363,0,0.752584670231729,13,0.0011953913206428101,0.038130181670383206,0.030952284194825992,0.08453787641779091,5e-05,0.0,0.0,0.0,0.5,0,0,0,0,0
c_418,BEATUSDT,1776981600000,0,test,control,,0.7085763940799006,0.5913886252031968,0,-0.05277143648855078,0,0.8479961679706212,22,-0.0002787723226615831,0.015129820475013427,0.00817376769932932,-0.02480941565681858,0.00030957,0.00025957,0.0,150.33318,0.0,0,0,0,0,0
c_419,BEATUSDT,1778724000000,0,test,control,,0.4777944755467265,1.1550328723889132,0,-0.19199261929653988,1,0.9390612569610183,2,0.00032562232838815913,-0.002213050423065864,-0.009503646272579222,-0.026170481028038366,0.00029843,0.00024842999999999995,0.0,0.0,0.5,0,0,0,0,0
c_420,BEATUSDT,1763218800000,0,test,control,,,,0,0.03138877753538892,0,0.9347502393023008,15,-0.0012862610912767224,,,,0.0003357,0.00019161999999999998,0.0,0.0,0.5,0,0,0,0,0
c_421,BEATUSDT,1769493600000,0,test,control,,0.8563952582052529,0.8407565653546574,0,-0.14515906249236013,0,0.8307692307692308,6,-0.0012277949277498268,0.0005818852425101978,0.004312380403923266,-0.06979178474551916,0.00021878,3.781999999999999e-05,0.0,0.0,0.5,0,0,0,0,0
c_422,BEATUSDT,1772395200000,0,test,control,,0.9593668885869774,0.8377031170905309,0,0.036012224573049,0,0.9963518443453587,20,-0.005462518913651256,-0.03423741286562678,-0.005389520463201975,0.046081537673731646,5e-05,0.0,0.0,0.0,0.5,0,0,0,0,0
c_423,BEATUSDT,1776985200000,0,test,control,,0.42744305134882515,0.5668765856566524,0,0.005229055517325971,0,0.8578955771994252,23,0.004813697320469281,-0.011533046411870689,0.010931048974125931,-0.029003791698847453,0.00030957,0.00025957,0.0,0.0,0.5,0,0,0,0,0
c_424,BEATUSDT,1779242400000,0,test,control,,0.5573312840137388,0.5523122154085831,0,-0.011839917175689753,1,0.8338846541061412,2,0.0003465305904439086,-0.043471459012711086,-0.0038726137200338095,-0.008279012615588624,5e-05,0.0,0.0,0.0,0.5,0,0,0,0,0
c_425,BEATUSDT,1763233200000,0,test,control,,,,0,0.020019918017639724,0,0.7297479349097742,19,-0.001958460674858045,,,,0.00013201,-6.079999999999996e-06,0.0,0.0,0.5,0,0,0,0,0
c_426,BEATUSDT,1769126400000,0,test,control,,0.4676291658275937,0.42454780271522075,0,0.07075309114632014,0,0.640279114533205,0,0.002394050929010488,-0.0068004611182575754,0.02416036705587016,-0.028893053731201088,5e-05,-5.6769999999999993e-05,0.0,0.0,0.5,0,0,0,0,0
c_427,BEATUSDT,1772092800000,0,test,control,,0.8005269965970595,1.1649207575228557,0,-0.005095723320629279,0,0.7340463458110517,8,-0.005078793944187646,0.0025136225084011928,0.026028636355761543,0.0462735719237214,5e-05,-4.903e-05,0.0,0.0,0.5,0,0,0,0,0
c_428,BEATUSDT,1776175200000,0,test,control,,1.0890004334205243,1.6388622489455968,0,-0.012970178209853496,1,0.9429190751445087,14,0.01417020641872053,0.0022105531004742523,-0.018297936876701178,-0.0662683575075899,0.00027085,-0.00014739,0.0,0.0,0.5,0,0,0,0,0
c_429,BEATUSDT,1779242400000,0,test,control,,0.5573312840137388,0.5523122154085831,0,-0.011839917175689753,1,0.8338846541061412,2,0.0003465305904439086,-0.043471459012711086,-0.0038726137200338095,-0.008279012615588624,5e-05,0.0,0.0,0.0,0.5,0,0,0,0,0
c_430,BEATUSDT,1763218800000,0,test,control,,,,0,0.03138877753538892,0,0.9347502393023008,15,-0.0012862610912767224,,,,0.0003357,0.00019161999999999998,0.0,0.0,0.5,0,0,0,0,0
c_431,BEATUSDT,1769450400000,0,test,control,,1.230577440533173,1.0327255119125942,0,-0.07531088226849297,1,0.8329230769230769,18,0.0008917622180559107,0.002416923404459342,-0.0023969895872710404,-0.07696589677704274,0.00011985,-5.926000000000001e-05,0.0,0.0,0.5,0,0,0,0,0
c_432,BEATUSDT,1771740000000,0,test,control,,0.4422800259771263,0.39351078399174283,0,0.0015631764090385234,1,0.8434937611408199,6,-8.388496281095699e-05,-0.014404225679464977,-0.03543084048286463,0.044155963880333965,5e-05,0.0,0.0,0.0,0.5,0,0,0,0,0
c_433,BEATUSDT,1776661200000,0,test,control,,0.6180095904383471,1.4241163238477437,1,0.051794749699973885,0,0.863399180022363,5,-0.0009410957196231474,0.007849903468085132,0.021946523390043757,-0.07568336602655636,0.0001312,4.995999999999999e-05,0.0,0.0,0.5,0,0,0,0,0
c_434,BEATUSDT,1778864400000,0,test,control,,2.5783295471374403,2.3982024650789793,3,-0.11100596923871799,0,0.9573217875367248,17,0.0018541924720038056,0.02189956883708614,0.007923248931011857,-0.14453058696054133,5e-05,0.0,0.0,0.0,0.5,0,0,0,0,0
c_435,BEATUSDT,1763218800000,0,test,control,,,,0,0.03138877753538892,0,0.9347502393023008,15,-0.0012862610912767224,,,,0.0003357,0.00019161999999999998,0.0,0.0,0.5,0,0,0,0,0
c_436,BEATUSDT,1769511600000,0,test,control,,0.3597211363402528,0.6198536301408678,0,-0.05668504829117329,1,0.8472843450479233,11,-0.0011189196449507802,0.0076592728635116935,0.05597353649961995,-0.048039820394933916,6.284e-05,-0.00010292000000000001,0.0,0.0,0.5,0,0,0,0,0
c_437,BEATUSDT,1771549200000,0,test,control,,1.503225966761374,1.277382643903393,0,0.07431314379594378,0,0.7305818286041846,1,0.003226625257562723,-0.00959742839167775,0.026361341973047847,0.04499206259392681,5e-05,-5.631e-05,0.0,0.0,0.5,0,0,0,0,0
c_438,BEATUSDT,1776398400000,0,test,control,,1.3413294296659586,0.9620332184709371,0,0.04714602099211169,0,0.9918261562998404,4,-0.001175830916049997,0.008982802040454516,-0.005365334432693649,-0.08090022206332723,0.00028706,3.419000000000002e-05,0.0,0.0,0.5,0,0,0,0,0
c_439,BEATUSDT,1779242400000,0,test,control,,0.5573312840137388,0.5523122154085831,0,-0.011839917175689753,1,0.8338846541061412,2,0.0003465305904439086,-0.043471459012711086,-0.0038726137200338095,-0.008279012615588624,5e-05,0.0,0.0,0.0,0.5,0,0,0,0,0
c_440,BEATUSDT,1763910000000,0,test,control,,0.3437783594266487,0.3785427590345476,0,-0.046261053445357386,1,0.6012607647701917,15,-0.0043239622548133525,0.0442197255749659,-0.07623354453235284,,9.823e-05,-8.790000000000001e-05,0.0,0.0,0.5,0,0,0,0,0
c_441,BEATUSDT,1768611600000,0,test,control,,0.28936678573983643,0.33010646205469274,0,0.0335780406762786,0,0.7279954571266326,1,-0.0009088653109775109,-0.008043362220861989,-0.004118124803178475,0.06128264276286967,0.00015692,-9.299999999999982e-06,0.0,0.0,0.5,0,0,0,0,0
c_442,BEATUSDT,1772280000000,0,test,control,,1.9892808645480755,2.0099296204172625,1,0.038464557322491016,0,0.8987644479872459,12,-0.0024091488247386995,0.05067095205819142,0.07633429131146012,0.09191329581577393,5e-05,0.0,0.0,0.0,0.5,0,0,0,0,0
c_443,BEATUSDT,1776380400000,0,test,control,,0.7488801200160415,0.8695392320030669,0,-0.04201451056515258,0,0.9576115753005909,23,-0.000911855726534106,-0.004176440865648215,0.002966828261356347,-0.08052461412121646,0.00068704,0.00045226999999999995,0.0,0.0,0.5,0,0,0,0,0
c_444,BEATUSDT,1779242400000,0,test,control,,0.5573312840137388,0.5523122154085831,0,-0.011839917175689753,1,0.8338846541061412,2,0.0003465305904439086,-0.043471459012711086,-0.0038726137200338095,-0.008279012615588624,5e-05,0.0,0.0,0.0,0.5,0,0,0,0,0
c_445,BEATUSDT,1763218800000,0,test,control,,,,0,0.03138877753538892,0,0.9347502393023008,15,-0.0012862610912767224,,,,0.0003357,0.00019161999999999998,0.0,0.0,0.5,0,0,0,0,0
c_446,BEATUSDT,1768809600000,0,test,control,,0.5477185682541507,0.7609876110194682,0,0.0482410887654363,0,0.5767556312701118,8,0.0026485042596505752,0.024027970697566722,0.04959199498093792,0.04653983266672172,5e-05,-0.00015925,0.0,0.0,0.5,0,0,0,0,0
c_447,BEATUSDT,1771920000000,0,test,control,,0.42896619100904754,0.5016214440853048,0,0.07091099432285303,1,0.730837789661319,8,0.0016637483663862792,-0.015771478327159305,-0.03535992707800378,0.020531884401213594,5e-05,0.0,0.0,0.0,0.5,0,0,0,0,0
c_448,BEATUSDT,1776434400000,0,test,control,,0.5895834785038074,0.6388428323123101,0,-0.007072143732664841,0,0.8970211086999408,14,0.01441946779079103,-0.004498149294894453,-0.019333834884270207,-0.12081490035036954,0.00029076,-0.00017337,0.0,0.0,0.5,0,0,0,0,0
c_449,BEATUSDT,1779242400000,0,test,control,,0.5573312840137388,0.5523122154085831,0,-0.011839917175689753,1,0.8338846541061412,2,0.0003465305904439086,-0.043471459012711086,-0.0038726137200338095,-0.008279012615588624,5e-05,0.0,0.0,0.0,0.5,0,0,0,0,0
c_450,BEATUSDT,1763218800000,0,test,control,,,,0,0.03138877753538892,0,0.9347502393023008,15,-0.0012862610912767224,,,,0.0003357,0.00019161999999999998,0.0,0.0,0.5,0,0,0,0,0
c_451,BEATUSDT,1768755600000,0,test,control,,0.512799901887952,0.4876367372104112,0,-0.06398881095559056,0,0.7374597766420594,17,0.0005869495244446901,-0.003684949067959933,-0.0034793383408707286,0.06969001385538537,0.00013104,1.893999999999999e-05,0.0,0.0,0.5,0,0,0,0,0
c_452,BEATUSDT,1772287200000,0,test,control,,1.6728366448703753,1.9125489410849832,1,0.032610608781717065,0,0.9043443603029094,14,0.017028758987183496,-0.011165847997704304,0.008707188903420425,0.08665745775540408,5e-05,0.0,0.0,0.0,0.5,0,0,0,0,0
c_453,BEATUSDT,1777053600000,0,test,control,,0.3039223728253042,0.6827367526802199,0,-0.10406701481886105,0,0.9509819575283411,18,-0.0011333711552537254,-0.002531531731992331,-0.05580963585107221,-0.005936893528899012,0.00028313,0.00023312999999999999,0.0,0.0,0.5,0,0,0,0,0
c_454,BEATUSDT,1779242400000,0,test,control,,0.5573312840137388,0.5523122154085831,0,-0.011839917175689753,1,0.8338846541061412,2,0.0003465305904439086,-0.043471459012711086,-0.0038726137200338095,-0.008279012615588624,5e-05,0.0,0.0,0.0,0.5,0,0,0,0,0
c_455,BEATUSDT,1763276400000,0,test,control,,,,0,0.007355619792627813,0,0.7622044173432126,7,-0.0009097548252477527,,,,5e-05,0.0,0.0,0.0,0.5,0,0,0,0,0
c_456,BEATUSDT,1769176800000,0,test,control,,0.2459601124542293,0.3737425423107761,0,-0.023830247077338808,0,0.654716073147257,14,0.0010154673839946854,0.0050842258823611776,0.006508724710171361,-0.04065327394007924,0.00018734,4.1290000000000006e-05,0.0,0.0,0.5,0,0,0,0,0
c_457,BEATUSDT,1772323200000,0,test,control,,0.6345674348375986,1.1878814395079946,1,0.011620771542971057,1,0.9533574587856856,0,-0.0021511178955714756,0.01039248671094115,-0.12211761832935279,0.042062025570244924,6.953e-05,1.952999999999999e-05,0.0,0.0,0.5,0,0,0,0,0
c_458,BEATUSDT,1776693600000,0,test,control,,0.6449357404530913,0.5473772375682182,0,-0.15070071365532578,1,0.8688035780842341,14,-0.00016213701907099595,-0.025305066601236232,-0.04181213019737194,-0.08013898823844076,0.00011775,-1.3449999999999988e-05,0.0,0.0,0.5,0,0,0,0,0
c_459,BEATUSDT,1779066000000,0,test,control,,3.3502176557297307,2.338704496821012,2,0.055594012349893675,0,0.9414641162088306,1,-0.0032894057114517955,0.006726917060273621,-0.003973417296242777,-0.12368540595617962,0.00014062,7.4999999999999926e-06,0.0,0.0,0.5,0,0,0,0,0
c_460,BEATUSDT,1763218800000,0,test,control,,,,0,0.03138877753538892,0,0.9347502393023008,15,-0.0012862610912767224,,,,0.0003357,0.00019161999999999998,0.0,0.0,0.5,0,0,0,0,0
c_461,BEATUSDT,1768831200000,0,test,control,,0.4172656427971562,0.5450879707232708,0,-0.039016601336602,0,0.5797842135150483,14,-0.0003536649470738169,-0.0240529204160794,-0.031036314056659797,0.0461796704980765,5e-05,0.0,0.0,0.0,0.5,0,0,0,0,0
c_462,BEATUSDT,1772053200000,0,test,control,,0.4174922419611361,0.4805965506216249,0,0.015454779516794012,1,0.8017825311942958,21,0.0014448186513479721,-0.04550581623847748,0.008824363692892863,0.04214135629029553,9.903e-05,4.903e-05,0.0,0.0,0.5,0,0,0,0,0
c_463,BEATUSDT,1776600000000,0,test,control,,0.42209343919304976,0.5914667425608195,0,-0.11015814238074316,1,0.9252702199030937,12,0.005080112536664128,-0.010790497540429763,-0.05624991862391728,-0.068566204796361,0.00028104,5.070999999999998e-05,0.0,0.0,0.5,0,0,0,0,0
c_464,BEATUSDT,1779242400000,0,test,control,,0.5573312840137388,0.5523122154085831,0,-0.011839917175689753,1,0.8338846541061412,2,0.0003465305904439086,-0.043471459012711086,-0.0038726137200338095,-0.008279012615588624,5e-05,0.0,0.0,0.0,0.5,0,0,0,0,0
c_465,BEATUSDT,1763845200000,0,test,control,,0.2571051908656738,0.41652390280823,0,0.0400104747377606,0,0.6243598677859257,21,-0.0016554979678762446,0.031418848624376626,-0.03242477023567126,,0.00023428,0.00018428000000000002,0.0,0.0,0.5,0,0,0,0,0
c_466,BEATUSDT,1768618800000,0,test,control,,0.4230720911886918,0.37829751239476617,0,-0.0034741536618608034,1,0.7520348286958167,3,-0.00026535436869786427,0.011223724282436292,0.014434391157068996,0.06696917774059631,0.00015692,-9.299999999999982e-06,0.0,0.0,0.5,0,0,0,0,0
c_467,BEATUSDT,1772470800000,0,test,control,,3.8974974978720804,2.475290327137536,2,-0.058027014089148767,0,0.9401069518716576,17,0.004436300371549202,-0.016752906027955594,0.0009056962626674121,0.07263289414427526,8.704e-05,3.703999999999999e-05,0.0,0.0,0.5,0,0,0,0,0
c_468,BEATUSDT,1776715200000,0,test,control,,0.2571021402934107,0.30827942673854564,0,0.08321479304676246,0,0.8622810286992173,20,-0.0017842929853591483,-0.015007434032992335,-0.006427364048676806,-0.06279567270348169,7.72e-05,-4.0549999999999996e-05,0.0,0.0,0.5,0,0,0,0,0
c_469,BEATUSDT,1778756400000,0,test,control,,0.7621054020425897,1.5497418238821967,1,-0.07980833944026365,0,0.932219570405728,11,-0.0008153788747770797,0.008722887108290112,0.018202982737608158,-0.08413755358181478,0.00012576,-0.00017266999999999998,0.0,0.0,0.5,0,0,0,0,0
c_470,BEATUSDT,1764043200000,0,test,control,,0.13924895367427503,0.14223836953844748,0,-0.05189825970062902,0,0.560797376177172,4,-0.0010163388129889735,-0.008275038722187326,-0.06152762415029026,,8.315e-05,-0.00010180999999999999,0.0,0.0,0.5,0,0,0,0,0
c_471,BEATUSDT,1769266800000,0,test,control,,0.6528988673453163,0.7435910340789632,0,-0.005291776016447758,1,0.7048780487804878,15,0.0009628119482723683,-0.015851118489437193,-0.00468948523466677,-0.0035951443453715315,0.0001823,-3.1439999999999984e-05,0.0,0.0,0.5,0,0,0,0,0
c_472,BEATUSDT,1772535600000,0,test,control,,0.7295754173093966,1.0172726111552508,0,-0.0028399678655912654,0,0.950802139037433,11,0.003179487949320387,-0.011933448685112502,-0.0019026302643252388,0.11304198678774571,5e-05,-4.590999999999999e-05,0.0,0.0,0.5,0,0,0,0,0
c_473,BEATUSDT,1777039200000,0,test,control,,0.3485623659670807,0.4266595602793003,0,0.03134001884335169,1,0.9567300015966789,14,-0.002337888103485667,-0.009302852303770438,-0.020521661168450014,0.0014779286330826313,0.00019982,0.00014982,0.0,0.0,0.5,0,0,0,0,0
c_474,BEATUSDT,1778932800000,0,test,control,,1.1007818530860707,1.0156123044323302,0,0.11750510586243959,0,0.9819081490644811,12,0.001345948553714692,0.006015555589835131,0.006632959085292784,-0.14530414556300647,5e-05,0.0,0.0,0.0,0.5,0,0,0,0,0
c_475,BEATUSDT,1763218800000,0,test,control,,,,0,0.03138877753538892,0,0.9347502393023008,15,-0.0012862610912767224,,,,0.0003357,0.00019161999999999998,0.0,0.0,0.5,0,0,0,0,0
c_476,BEATUSDT,1769266800000,0,test,control,,0.6528988673453163,0.7435910340789632,0,-0.005291776016447758,1,0.7048780487804878,15,0.0009628119482723683,-0.015851118489437193,-0.00468948523466677,-0.0035951443453715315,0.0001823,-3.1439999999999984e-05,0.0,0.0,0.5,0,0,0,0,0
c_477,BEATUSDT,1772179200000,0,test,control,,0.46390880281295843,0.748866940646428,0,-0.10966349005207861,0,0.7415329768270944,8,0.0003993072758222402,0.012921752426118491,0.03336249617986685,0.09128184715349576,5e-05,0.0,0.0,0.0,0.5,0,0,0,0,0
c_478,BEATUSDT,1776124800000,0,test,control,,0.8108466276978705,1.126238939666605,0,-0.09059771148160319,0,0.9289499036608863,0,-0.0028807009124676335,-0.004650268541455338,-0.040199668973582334,-0.06434655628750317,0.00022019,-0.00050664,0.0,0.0,0.5,0,0,0,0,0
c_479,BEATUSDT,1779242400000,0,test,control,,0.5573312840137388,0.5523122154085831,0,-0.011839917175689753,1,0.8338846541061412,2,0.0003465305904439086,-0.043471459012711086,-0.0038726137200338095,-0.008279012615588624,5e-05,0.0,0.0,0.0,0.5,0,0,0,0,0
c_480,BEATUSDT,1763218800000,0,test,control,,,,0,0.03138877753538892,0,0.9347502393023008,15,-0.0012862610912767224,,,,0.0003357,0.00019161999999999998,0.0,0.0,0.5,0,0,0,0,0
c_481,BEATUSDT,1769324400000,0,test,control,,0.20042852229492283,0.2902135073870248,0,-0.18042770003284517,0,0.6787552070570939,7,-0.0017546009097848035,-0.00013686496866795108,-0.000568805673196787,-0.0170457927782776,0.00010445,-0.00012923999999999998,0.0,0.0,0.5,0,0,0,0,0
c_482,BEATUSDT,1771779600000,0,test,control,,0.34927401648651507,0.318490807516335,0,-0.03105586638050282,0,0.8420677361853831,17,-0.0008616625209317242,0.019527855630484536,0.01644193731168224,0.05267074132943128,0.00010046,5.0459999999999995e-05,0.0,0.0,0.5,0,0,0,0,0
c_483,BEATUSDT,1777010400000,0,test,control,,0.7021604889694316,0.624071141948934,0,-0.011581641211090144,1,0.9404438767363883,6,0.003742568007163056,0.003322536567180951,-0.009212387637203634,-0.0324166791032727,5e-05,-0.00025957,0.0,0.0,0.5,0,0,0,0,0
c_484,BEATUSDT,1779242400000,0,test,control,,0.5573312840137388,0.5523122154085831,0,-0.011839917175689753,1,0.8338846541061412,2,0.0003465305904439086,-0.043471459012711086,-0.0038726137200338095,-0.008279012615588624,5e-05,0.0,0.0,0.0,0.5,0,0,0,0,0
c_485,BEATUSDT,1763427600000,0,test,control,,,,0,-0.05357399651446098,0,0.7274967206721736,1,-0.0005370528492552325,,,,0.00015023,-0.00014136999999999998,0.0,0.0,0.5,0,0,0,0,0
c_486,BEATUSDT,1769288400000,0,test,control,,0.433705986286701,0.3229741959859971,0,0.06133961661221158,1,0.693212447929429,21,0.000534238290437438,0.009553024823804776,-0.0018377293338856715,-0.013060455552611858,0.00023369,5.138999999999998e-05,0.0,0.0,0.5,0,0,0,0,0
c_487,BEATUSDT,1771693200000,0,test,control,,0.741901841697683,0.5811739802493574,0,-0.08092775096006845,0,0.6852966466036114,17,-0.004070204093537488,0.005954020181296025,0.006496065083523146,0.03325651063064049,5e-05,-1.9350000000000003e-05,0.0,0.0,0.5,0,0,0,0,0
c_488,BEATUSDT,1776574800000,0,test,control,,0.46084221878402726,0.6747733943273754,0,0.0033078127245661838,0,0.922102124487514,5,0.0019967405562253664,-0.0006564936673228288,-0.0006765546855028944,-0.07846049662284216,0.00011145,-1.9130000000000015e-05,0.0,5.828519999999999,0.0,0,0,0,0,0
c_489,BEATUSDT,1778958000000,0,test,control,,0.3285195717962582,0.9512608894727146,0,-0.09120292156251894,0,0.9698469151074686,19,0.0005220114842526909,-0.0020675675675675674,-0.00549295228659258,-0.1556724845548439,5e-05,0.0,0.0,0.0,0.5,0,0,0,0,0
p_98,BNBUSDT,1722859200000,1,train,main,19.1984,7.680466116195031,7.437977248700638,4,0.008436658024367818,0,0.7257056451612902,12,-0.0009208766434142843,0.0029490701282161445,0.009455355997389659,0.45042965015027137,0.0,0.0,0.0,0.0,0.5,0,0,0,0,0
p_99,BNBUSDT,1733230800000,1,train,main,23.9164,1.3184941030849182,1.241182026196606,0,-0.026226527980404847,0,0.9574709761170691,13,-0.001788611385247954,-0.003996712030296939,0.019428343926853473,-0.09651310018871836,0.00043533,0.00012380999999999997,0.0,0.0,0.5,0,1,0,0,0
p_100,BNBUSDT,1760230800000,1,train,main,18.2321,1.6681269586317595,1.7033974557030298,1,-0.08030958882790461,0,0.816495586649155,1,-0.008847964940933763,-0.0057971514242118145,-0.0010606817736862019,0.6723235761997082,0.0,0.0,0.0,0.0,0.5,0,1,0,0,0
c_490,BNBUSDT,1716350400000,0,train,control,,1.2528753927713814,1.49488433635439,1,0.04221452796487787,0,0.9837254499202074,4,-0.0005710859198766455,0.010414334721175532,0.04374759254237338,0.05826715637324054,0.00016951,-2.0510000000000005e-05,0.0,0.0,0.5,0,0,0,0,0
c_491,BNBUSDT,1725645600000,0,train,control,,2.9745782854440503,5.605189914122823,4,-0.007666630549223831,0,0.9022024315435497,18,-0.00242368177613321,-0.004293119072657823,-0.004298092093758014,-0.02208424539360626,0.0,0.0,0.0,0.0,0.5,0,0,0,0,0
c_492,BNBUSDT,1739919600000,0,train,control,,0.7014885733366683,0.9638918470118947,0,0.06747416019376914,0,0.8809631301730625,23,0.0023771640716749036,-0.0038643427245092666,-0.034974921783986715,0.05289717601015796,-7.734e-05,-3.0470000000000005e-05,0.0,0.0,0.5,0,0,0,0,0
c_493,BNBUSDT,1751050800000,0,train,control,,0.7307628469103713,0.826085252221217,0,-0.1536391008507765,0,0.9840603898390726,19,-0.0014951895529598301,0.002027415918773069,0.0019679819070770785,0.03607198570504967,0.0,0.0,0.0,0.0,0.5,0,0,0,0,0
c_494,BNBUSDT,1761868800000,0,train,control,,0.7918930794365628,1.26252179463189,1,0.18695948637242008,0,0.9115543305488858,0,0.0037530583995542587,0.008669668627257677,-0.00994796312973938,0.01522849255108235,-0.00030437,-0.00030437,0.0,0.0,0.5,0,0,0,0,0
c_495,BNBUSDT,1716537600000,0,train,control,,1.3316111367353956,1.5334235824707059,2,0.07340357776523745,0,0.9375404888685238,8,0.00418765225448726,0.004689055966649896,0.03606997312564814,0.0077427068730297754,4.49e-06,4.49e-06,0.0,0.0,0.5,0,0,0,0,0
c_496,BNBUSDT,1728424800000,0,train,control,,0.6275166704859013,1.3521723001956334,1,0.01862157718137443,1,0.9934049079754601,22,0.00071033432213586,-0.003439801566829275,0.012239574028528986,0.12784418238690487,0.0,0.0,0.0,0.0,0.5,0,0,0,0,0
c_497,BNBUSDT,1738191600000,0,train,control,,0.6337793650550781,1.747881409324634,1,0.099224303190564,0,0.9594791607112229,23,-0.002331173196427114,-0.0005645668621461356,0.0036275246581440666,0.11926848164550695,0.0,0.0,0.0,0.0,0.5,0,0,0,0,0
c_498,BNBUSDT,1751464800000,0,train,control,,0.9007486198012514,0.9295373573794626,0,0.22582117853872175,0,0.9970909090909091,14,0.00364193338308494,0.001436378250669694,0.011386935611563568,0.15798454185873012,0.0,0.0,0.0,0.0,0.5,0,0,0,0,0
c_499,BNBUSDT,1759528800000,0,train,control,,2.2755401484648394,3.5071525623714552,4,-0.09539480849489336,0,0.9941760356527903,22,-0.0012826566842752826,0.003554750439610998,0.028467926569334428,-0.026125494205108617,2.968e-05,-0.00018057,0.0,0.0,0.5,0,0,0,0,0
c_500,BNBUSDT,1716145200000,0,train,control,,0.3301509344338379,0.6916065463752421,0,-0.09080280972049609,0,0.9591260627724791,19,-0.0018922326996402524,0.0007091486275916782,0.0005964404326493444,-0.005443229338757995,0.0,0.0,0.0,0.0,0.5,0,0,0,0,0
c_501,BNBUSDT,1728576000000,0,train,control,,0.9787826133639154,1.2317053812064922,0,-0.007446588072884004,1,0.9630708929788685,16,0.0032390294797908065,0.0038270630166981337,0.004571023611627635,0.1108846413092624,-0.0001291,-5.5259999999999996e-05,0.0,0.0,0.5,0,0,0,0,0
c_502,BNBUSDT,1739509200000,0,train,control,,1.5184996130847697,2.050515652479775,3,-0.13596703041969171,0,0.9292154046104385,5,-0.0039085472048480405,0.0018755745637233862,0.01678345172263426,0.041625576971001325,0.0,0.0,0.0,0.0,0.5,0,0,0,0,0
c_503,BNBUSDT,1749070800000,0,train,control,,1.3743568912568747,0.7409894172559894,0,-0.22113219481642532,0,0.9610393368151502,21,-0.0029703329061393875,-0.0011135099997132067,-0.006539271097537099,0.08223931974912296,0.0,0.0,0.0,0.0,0.5,0,0,0,0,0
c_504,BNBUSDT,1761868800000,0,train,control,,0.7918930794365628,1.26252179463189,1,0.18695948637242008,0,0.9115543305488858,0,0.0037530583995542587,0.008669668627257677,-0.00994796312973938,0.01522849255108235,-0.00030437,-0.00030437,0.0,0.0,0.5,0,0,0,0,0
p_101,BSBUSDT,1776751200000,1,test,main,59.6929,2.8661155435825725,2.8576482370267566,3,-0.011797822474468877,0,0.7335142180725135,6,-9.898598754360332e-05,0.020779701326965723,0.07439681527602116,-0.06163413048766372,0.00034914,0.00015545,0.0,0.0,0.5,0,0,0,0,0
p_102,BSBUSDT,1776934800000,1,test,main,78.2264,1.3369684598449787,1.4839314199674016,0,0.004648735857300129,0,0.7894379581862612,9,-0.002397156229209156,0.01245599920817609,-0.006751604320174275,-0.09853978683847935,0.00018211,-0.0003323600000000001,0.0,0.0,0.5,0,0,0,0,0
p_103,BSBUSDT,1777060800000,1,test,main,80.8944,1.4622897585654375,3.1066720283074853,3,0.006246881407171554,1,0.58059281246099,20,0.00021784189576598795,0.00238385273319747,-0.040591401907766084,-0.09015299290666776,0.00060772,0.00037557,0.0,0.0,0.5,0,0,0,0,0
p_104,BSBUSDT,1777359600000,1,test,main,25.3955,3.152965016220921,3.78198516502809,4,0.01890056908592391,1,0.7598373210795966,7,-0.002382625442431889,-0.001757114232126611,-0.0011098903517005954,0.01661367599853631,0.00017004,-0.00022522,0.0,0.0,0.5,0,0,0,1,0
p_105,BSBUSDT,1777478400000,1,test,main,93.7424,32.49387202781295,12.589725292149668,4,-0.059284954334935976,0,0.4560291554428775,16,-0.008507936342031544,0.16535665727208224,0.17832050421346907,0.010936042569601248,5e-05,-0.00042783,19552.750100000005,317775.25100000005,0.057963614156666586,1,0,0,0,0
p_106,BSBUSDT,1777791600000,1,test,main,85.4161,5.46035061513361,3.168010640819296,4,-0.0028854813628202795,1,0.7842285955738657,7,0.000517846525633403,0.023626434672652494,0.03290531004103689,0.209634709211932,0.00054423,2.7720000000000067e-05,0.0,0.0,0.5,0,0,0,0,0
p_107,BSBUSDT,1777903200000,1,test,main,33.0693,5.2247498002946235,6.320976631840639,4,-0.005719109310120431,0,0.6276190476190476,14,-0.0008691117677733356,-0.024286331564307168,-0.12463615645903582,0.1551495859821403,0.00034266,-2.031e-05,1963.2617,35207.678400000004,0.0528171118276344,0,0,0,0,0
p_108,BSBUSDT,1778169600000,1,test,main,70.7828,0.6440857774427874,1.0483408317271992,0,0.05879968592793599,0,0.37461412151067325,16,-0.003350800760263621,0.017738867861433104,0.045678372921426964,0.008890653242276798,5e-05,0.0,0.0,0.0,0.5,0,0,0,0,0
p_109,BSBUSDT,1778263200000,1,test,main,19.4719,14.308745204044536,9.301672823577608,4,-0.05345782717605177,0,0.5273809523809524,18,0.003281989050843287,-0.04512909327074266,-0.05584150768959582,-0.004295437726271778,0.00059432,0.0005443199999999999,14469.544200000002,105123.59609999998,0.12098975044641422,0,0,0,0,0
p_110,BSBUSDT,1778943600000,1,test,main,49.7285,0.1896906490722901,0.3431668528190227,0,-0.06295038798230931,0,0.5864307402366244,15,0.0013130241999080466,-0.0009160119918392289,-0.026984708322186166,-0.021339217515033183,5e-05,0.0,0.0,0.0,0.5,0,0,0,0,0
p_111,BSBUSDT,1779220800000,1,test,main,90.3547,8.381330044273229,8.754429477484063,4,0.020794567593014575,1,0.8581384007928394,20,0.00020582511118467868,0.03249638392611012,0.0016215123640062094,0.02266453376711329,6.677e-05,-0.00014387999999999998,228657.3731,42523.958699999996,0.8431899481511433,1,0,0,0,0
p_112,BSBUSDT,1779307200000,1,test,main,28.2834,22.196350384944903,11.280261049317042,4,0.041678845953800794,1,0.45517286685620645,20,0.0032969092283733977,-0.1682737610567375,-0.02125800441598737,0.007723908122693569,-1.48e-05,-6.48e-05,3000868.9564,819954.4623,0.7853984933491163,1,0,0,0,0
p_113,BSBUSDT,1779462000000,1,test,main,154.5563,8.402437484107907,5.797516444273664,4,-0.035881468996032326,0,0.23300620079781897,15,-0.0067438476951832615,-0.03629749481410563,-0.03878025470894771,-0.005389045451316951,5e-05,0.0,0.0,0.0,0.5,0,0,0,1,0
p_114,BSBUSDT,1779703200000,1,test,main,37.0268,2.8313116441268775,2.4427100667208506,2,-0.006463626492833604,0,0.2993207954831622,10,0.0018431382172836132,-0.0065796123845262905,0.03323722324967272,0.02278015557558522,5e-05,0.0,28333.5247,14540.6224,0.6608533724044624,0,0,0,0,0
p_115,BSBUSDT,1776819600000,1,test,fast,21.4481,12.06321171292175,5.187726205713544,3,-0.019409785664230555,1,0.9541783122644171,1,0.000509908478637702,-0.026961342274014068,0.06335491263544568,-0.012841987273077636,0.00034859,0.00014218000000000002,4863.5664,2059.5702,0.702509091038302,0,0,0,0,0
p_116,BSBUSDT,1776938400000,1,test,fast,12.1921,0.9857098505546142,1.370473273776558,0,-0.011868781849021324,0,0.7794823060910488,10,-0.0026868974237396035,-0.0013840851266497048,0.012847033272746337,-0.09787027049944061,0.00018211,-0.0003323600000000001,0.0,0.0,0.5,0,0,0,0,0
p_117,BSBUSDT,1776945600000,1,test,fast,17.5539,7.514118343173876,2.6956008969619334,1,0.043242457968080295,0,0.8925920897818806,12,0.0037097885420531032,0.051498700292752574,0.0768360543820601,-0.11025230570509241,0.00011494,-0.00023318,0.0,0.0,0.5,0,0,0,0,0
p_118,BSBUSDT,1777003200000,1,test,fast,10.6165,1.2762706699565307,1.4216292024745962,1,-0.20135663667607367,0,0.7811405754069827,4,-0.004917129902400212,-0.050938794582733836,-0.07515483980117747,-0.11820713884601436,5e-05,-0.00018959,0.0,20.669,0.0,0,0,0,0,0
p_119,BSBUSDT,1777014000000,1,test,fast,18.8286,9.02716101649802,4.532252180540691,2,0.000755468947714962,0,0.9462475683423774,7,-0.002170425228786767,0.07271719491924453,0.07807286611167467,-0.1275460312046175,5e-05,-0.00018959,12898.7182,96.7922,0.992551873914856,0,0,0,0,0
p_120,BSBUSDT,1777078800000,1,test,fast,14.0917,3.1977342019109036,2.4055776570412646,3,0.014386458670019378,0,0.6435635324632093,1,0.0003165562811226507,-0.027667549238738483,-0.02562042495133957,-0.09277528356115003,9.725e-05,-0.00051047,0.0,0.0,0.5,0,0,0,0,0
p_121,BSBUSDT,1777118400000,1,test,fast,20.0518,2.7334863729427124,2.4303752973423407,3,0.12675628368368344,0,0.8013925683454235,12,-0.0014225208458469184,0.06550589749630588,0.045938157739818936,-0.08975293238744597,0.00023526,0.00013801,0.0,0.0,0.5,0,0,0,1,0
p_122,BSBUSDT,1777172400000,1,test,fast,13.2489,13.713268330135307,8.785119545838938,4,-0.019544239374829724,0,0.7977592717633231,3,0.0008098954498602594,0.02550818827860392,0.1723960711691962,-0.0835210464251653,0.00120927,-0.00011924000000000006,3316.0669000000003,39251.3923,0.07790145247851675,0,0,0,1,0
p_123,BSBUSDT,1777179600000,1,test,fast,38.6083,14.006428405404336,14.023229947628185,4,0.05715196574747536,0,0.8017230599944982,5,0.004883043544026864,-0.04455420381904517,-0.011608929412817066,-0.08075736389121478,0.00034177,-0.00157897,30169.1952,527.8369,0.9828049533166433,0,0,0,1,0
p_124,BSBUSDT,1777266000000,1,test,fast,11.7729,28.84967119253442,15.612268215154693,4,-0.022380446712998315,0,0.7235409074103417,5,-0.0023082244884278904,-0.010065625668222625,0.12853675386322327,-0.013595867958208184,0.00064995,-0.0004043599999999999,0.0,0.0,0.5,0,0,0,0,0
p_125,BSBUSDT,1777363200000,1,test,fast,14.7758,1.7041440620549138,2.7848388169607534,3,-0.004569146241717839,0,0.7573020651772038,8,0.0021326578395067367,-0.012369684768639717,-0.05790545945405459,0.015384230640962133,7.14e-05,-0.00010240999999999999,0.0,0.0,0.5,0,0,0,1,0
p_126,BSBUSDT,1777478400000,1,test,fast,31.7552,32.49387202781295,12.589725292149668,4,-0.059284954334935976,0,0.4560291554428775,16,-0.008507936342031544,0.16535665727208224,0.17832050421346907,0.010936042569601248,5e-05,-0.00042783,19552.750100000005,317775.25100000005,0.057963614156666586,1,0,0,0,0
p_127,BSBUSDT,1777514400000,1,test,fast,18.4438,5.859291128401395,5.533285655886363,4,-0.06096302233038161,0,0.454148840648603,2,-6.824227582755756e-05,-0.0046811992404417685,-0.057181027959791145,0.14487520911291812,-0.00074368,-0.00078188,793.4885999999999,9033.398999999996,0.08074668524752437,0,0,0,0,0
p_128,BSBUSDT,1777521600000,1,test,fast,11.3855,12.873236244155622,8.699190271712306,4,0.03486509560918106,0,0.5608831141393334,4,0.0028877822361082473,-0.013369729923913293,-0.0882094370574707,0.15660204855596624,5e-05,0.0,28500.432900000003,4328.0465,0.8681618345076318,0,0,0,0,0
p_129,BSBUSDT,1777532400000,1,test,fast,16.6767,14.139571554101515,12.952378169892445,4,-0.04041332180636226,0,0.5594359055617176,7,0.0019981579894560774,0.020001665373419592,0.0078126568508271,0.15688473951360254,5e-05,0.0,11026.5539,1573.1858000000002,0.8751414047069559,0,0,0,0,0
p_130,BSBUSDT,1777863600000,1,test,fast,18.3202,2.2634331449159832,2.0385758194874,2,0.05772252343002926,0,0.9240479585908203,3,0.004773314576100473,0.014728973650551208,0.012399669781693804,0.1641190157438971,5e-05,0.0,0.0,0.0,0.5,0,0,0,0,0
p_131,BSBUSDT,1777906800000,1,test,fast,15.781,4.1541365408757365,5.616347007123142,4,-0.04203448324757784,0,0.5836371100164204,15,0.01793705458960019,0.017721738089147013,-0.05590520940873227,0.1449366694338718,0.00034266,-2.031e-05,981.7478,13191.431,0.0692680035899921,0,0,0,0,0
p_132,BSBUSDT,1778068800000,1,test,fast,15.1378,2.1029653416985403,1.666051282266061,2,-0.09944145024514993,0,0.3979310344827586,12,0.0029583388556467835,0.0379688416670749,0.06401516653412563,0.12568512934114473,-1.489e-05,0.00028188000000000003,0.0,8237.1202,0.0,0,0,0,0,0
p_133,BSBUSDT,1778263200000,1,test,fast,19.4532,14.308745204044536,9.301672823577608,4,-0.05345782717605177,0,0.5273809523809524,18,0.003281989050843287,-0.04512909327074266,-0.05584150768959582,-0.004295437726271778,0.00059432,0.0005443199999999999,14469.544200000002,105123.59609999998,0.12098975044641422,0,0,0,0,0
p_134,BSBUSDT,1779004800000,1,test,fast,10.3303,2.7059082487672654,2.221531803349313,2,-0.02316721246740965,0,0.837635363039233,8,0.0008402543306399673,0.04214091625628252,0.1642116471498754,-0.03699616494638866,5e-05,0.0,0.0,0.0,0.5,0,0,0,0,0
p_135,BSBUSDT,1779206400000,1,test,fast,22.4876,5.243319382409419,1.9107246577009254,1,0.052580939589033225,0,0.9914090976842505,16,0.0016001948518771791,0.005217950081347039,0.03294296180635093,0.016116522309942146,0.00020017,4.107000000000001e-05,53609.7207,34549.717599999996,0.6080996173951349,1,0,0,0,0
p_136,BSBUSDT,1779220800000,1,test,fast,14.1249,8.381330044273229,8.754429477484063,4,0.020794567593014575,1,0.8581384007928394,20,0.00020582511118467868,0.03249638392611012,0.0016215123640062094,0.02266453376711329,6.677e-05,-0.00014387999999999998,228657.3731,42523.958699999996,0.8431899481511433,1,0,0,0,0
p_137,BSBUSDT,1779296400000,1,test,fast,19.0618,5.867614126085321,3.141504030134933,2,0.0321257588977202,0,0.8155862134059054,17,-0.0015757591413404287,0.023790281523943302,-0.016496491278222204,0.04221092408128294,-1.48e-05,-6.48e-05,24398.3467,0.0,1.0,0,0,0,0,0
p_138,BSBUSDT,1779364800000,1,test,fast,17.4519,1.8655130830002653,1.480934111626532,0,-0.04537540774664473,0,0.3143976028934623,12,-0.0001969610975917831,-0.004486826537402007,0.0030435549895604912,0.012880759802623532,5e-05,7.45e-05,130.4103,15842.342499999999,0.008164547566277994,0,0,0,0,0
p_139,BSBUSDT,1779465600000,1,test,fast,34.0776,8.232592781082948,6.69507602909791,4,-0.05996168308825431,0,0.19212254148768054,16,0.00028539928532883704,0.1527416500202102,0.10407080860807295,0.026102641729019056,5e-05,0.0,0.0,0.0,0.5,0,0,0,1,0
p_140,BSBUSDT,1779523200000,1,test,fast,13.44,3.3626817721766953,2.1486682827821126,2,0.013379707064992323,0,0.43780041387314456,8,-0.010546916463220387,-0.03929431260840963,0.009064345063178918,0.062341495531072266,0.00084063,-0.0004948800000000001,109.7052,80342.3206,0.0013636101628158133,0,0,0,1,0
p_141,BSBUSDT,1779620400000,1,test,fast,15.3062,6.984666956497908,3.3084723658653226,2,-0.03115218497851549,0,0.37183253831246327,11,0.0022288087822338386,0.0219361016012436,-0.005258498779137307,0.08962820536470832,0.00070316,0.00022932999999999997,4541.7537,39175.592000000004,0.10388905427073995,0,0,0,0,0
p_142,BSBUSDT,1779854400000,1,test,fast,10.1778,1.1157853129557787,1.0704364789763376,0,0.02385843225070413,0,0.18079759997372233,4,-0.0028384633537636124,0.011607245501941026,-0.009891298290791271,0.011091130975231678,5e-05,-0.00064716,196.581,1411.9256999999998,0.12221335478428534,0,0,0,1,0
c_505,BSBUSDT,1774522800000,0,test,control,,,,0,5.80674326043514e-05,1,0.8525954946131243,11,-0.0008283288465521648,0.1340152753195494,1.5859285920022472,,5e-05,-7.399999999999997e-06,0.0,0.0,0.5,0,0,0,0,0
c_506,BSBUSDT,1775106000000,0,test,control,,0.3410965623403886,0.3966950915236186,0,-0.03302049080948126,1,0.8652380782026974,5,-0.003579887703942342,-0.011287830183578228,0.05839354949282579,,-0.00087665,-0.0005538699999999999,0.0,0.0,0.5,0,0,0,0,0
c_507,BSBUSDT,1775624400000,0,test,control,,0.3849383038957454,0.4273180516913689,0,-0.04178678336534511,1,0.5553914327917283,5,0.0037749299743473157,0.005274690799222805,-0.01481346088803094,0.04406444275247,-1.81e-06,-5.181e-05,0.0,0.0,0.5,0,0,0,0,0
c_508,BSBUSDT,1776171600000,0,test,control,,0.5356344243761312,1.0372210330204221,0,-0.08474467670317493,0,0.9062692307692307,13,0.0009994296659780006,-0.005195526869310494,-0.06423665830975167,0.024984573763168275,0.00014496,2.9239999999999998e-05,0.0,0.0,0.5,0,0,0,0,0
c_509,BSBUSDT,1778767200000,0,test,control,,0.21998160673239156,0.3935413855869679,0,-0.09974197376632407,1,0.5357242605052686,14,-0.000733823887284651,-0.003745048175381881,-0.02828665680166784,0.006900654093193745,5e-05,0.0,0.0,0.0,0.5,0,0,0,0,0
c_510,BSBUSDT,1774522800000,0,test,control,,,,0,5.80674326043514e-05,1,0.8525954946131243,11,-0.0008283288465521648,0.1340152753195494,1.5859285920022472,,5e-05,-7.399999999999997e-06,0.0,0.0,0.5,0,0,0,0,0
c_511,BSBUSDT,1775005200000,0,test,control,,,,0,-0.05519066344726882,0,0.7324437448574392,1,0.0006814035447638168,0.03031085385074729,0.026533335859525282,,5e-05,0.0,0.0,0.0,0.5,0,0,0,0,0
c_512,BSBUSDT,1775725200000,0,test,control,,0.3741079235981979,0.4397564221696616,0,0.1208364293429314,0,0.5915133610850007,9,0.003701458876594627,-0.00693975086987582,-0.02346828448998991,0.03926403047933853,5e-05,0.0,0.0,0.0,0.5,0,0,0,0,0
c_513,BSBUSDT,1776186000000,0,test,control,,0.38501380957573456,0.42547565486566596,0,-0.16525422438435666,0,0.9126923076923077,17,-0.008914799231015529,-0.02361355387288257,-0.07228785217451407,0.0220453125665222,0.00011955,-0.00016388999999999998,0.0,0.0,0.5,0,0,0,0,0
c_514,BSBUSDT,1778767200000,0,test,control,,0.21998160673239156,0.3935413855869679,0,-0.09974197376632407,1,0.5357242605052686,14,-0.000733823887284651,-0.003745048175381881,-0.02828665680166784,0.006900654093193745,5e-05,0.0,0.0,0.0,0.5,0,0,0,0,0
c_515,BSBUSDT,1774555200000,0,test,control,,,,0,-0.020279160469129934,0,0.921595744680851,20,0.0006675723446834815,0.06598422656666329,0.2735426230171297,,5e-05,0.0,0.0,0.0,0.5,0,0,0,0,0
c_516,BSBUSDT,1775012400000,0,test,control,,,,0,0.019818162854361884,0,0.7726540979501306,3,-0.0018096902566039122,0.017367561271850736,0.001435761529054114,,5e-05,0.0,0.0,0.0,0.5,0,0,0,0,0
c_517,BSBUSDT,1775739600000,0,test,control,,0.3642884063812594,0.43398644421880755,0,0.09340486392219267,1,0.577279441385793,13,0.0018998761072650339,0.0012144651089420577,-0.03353692719906297,0.036553862101671615,5e-05,0.0,0.0,0.0,0.5,0,0,0,0,0
c_518,BSBUSDT,1776236400000,0,test,control,,0.2325451422906194,0.33385120302173016,0,-0.1339199861169672,0,0.8751923076923077,7,-0.0017855405010866153,0.003414350260664313,-0.01881894532769449,0.030710680225021915,0.00028051,0.00023051,0.0,0.0,0.5,0,0,0,0,0
c_519,BSBUSDT,1778666400000,0,test,control,,0.2858203307775389,0.3990671340902396,0,-0.011437091860235275,0,0.6109178621302527,10,0.0011643523367134462,0.004632227791698446,0.015582268383433146,0.04364615846698385,5e-05,0.0,0.0,0.0,0.5,0,0,0,0,0
c_520,BSBUSDT,1774522800000,0,test,control,,,,0,5.80674326043514e-05,1,0.8525954946131243,11,-0.0008283288465521648,0.1340152753195494,1.5859285920022472,,5e-05,-7.399999999999997e-06,0.0,0.0,0.5,0,0,0,0,0
c_521,BSBUSDT,1775113200000,0,test,control,,0.6463210952502587,0.4646814509440356,0,-0.04623289434239583,0,0.858297857117304,7,0.0014228149198745924,0.015809422328813175,0.04598512347981503,0.12621255916509766,-0.00087665,-0.0005538699999999999,0.0,0.0,0.5,0,0,0,0,0
c_522,BSBUSDT,1775696400000,0,test,control,,0.19471340205487395,0.24019833419256423,0,0.07301598446959481,0,0.5888612864240634,1,-0.003647338540867588,0.008354405172224664,-0.021663025306859384,0.039641662729583596,5e-05,0.0,0.0,0.0,0.5,0,0,0,0,0
c_523,BSBUSDT,1776168000000,0,test,control,,0.8017539987672798,0.9755442916835902,0,0.035984825210723125,1,0.9428461538461538,12,0.00043870391253900923,-0.016959922372879715,-0.0549164460838674,0.02190182115735044,0.00014496,2.9239999999999998e-05,0.0,0.0,0.5,0,0,0,0,0
c_524,BSBUSDT,1778767200000,0,test,control,,0.21998160673239156,0.3935413855869679,0,-0.09974197376632407,1,0.5357242605052686,14,-0.000733823887284651,-0.003745048175381881,-0.02828665680166784,0.006900654093193745,5e-05,0.0,0.0,0.0,0.5,0,0,0,0,0
c_525,BSBUSDT,1774522800000,0,test,control,,,,0,5.80674326043514e-05,1,0.8525954946131243,11,-0.0008283288465521648,0.1340152753195494,1.5859285920022472,,5e-05,-7.399999999999997e-06,0.0,0.0,0.5,0,0,0,0,0
c_526,BSBUSDT,1775142000000,0,test,control,,0.6448584153601059,0.5684903228106027,0,0.01820070965108698,1,0.7901835223410725,15,0.00898572039023169,-0.043274688013072146,-0.01652286651827715,0.13926974847561835,-0.00097118,-9.453e-05,0.0,0.0,0.5,0,0,0,0,0
c_527,BSBUSDT,1775574000000,0,test,control,,0.7009054044370513,1.3182104925980753,0,-0.00790076853977033,1,0.5785886934335974,15,-0.005528668882434869,-0.0188409194609006,-0.0731722638710772,0.07272508608148459,5e-05,0.00022663,0.0,0.0,0.5,0,0,0,0,0
c_528,BSBUSDT,1776268800000,0,test,control,,0.2738951496712947,0.255421601809676,0,0.13976845467860557,0,0.9184615384615384,16,-0.0042005807677361244,0.002366013155150725,0.017601330834757612,0.032239620951648944,0.00020221,0.00015221,0.0,0.0,0.5,0,0,0,0,0
c_529,BSBUSDT,1778760000000,0,test,control,,0.38713437593693234,0.5278091160208814,0,-0.07677200218943586,0,0.5297829122762473,12,-0.0039406513265433695,-0.0032463972884145533,0.0017674952365825398,0.007405851016895799,5e-05,0.0,0.0,0.0,0.5,0,0,0,0,0
c_530,BSBUSDT,1774522800000,0,test,control,,,,0,5.80674326043514e-05,1,0.8525954946131243,11,-0.0008283288465521648,0.1340152753195494,1.5859285920022472,,5e-05,-7.399999999999997e-06,0.0,0.0,0.5,0,0,0,0,0
c_531,BSBUSDT,1775199600000,0,test,control,,0.5767027419173969,0.3468073803600812,0,-0.013667581872130635,1,0.8576896934139449,7,0.0028103684722020736,0.03437739644109256,0.012619454717685807,0.20347923627836823,-0.00091972,0.00083244,0.0,0.0,0.5,0,0,0,0,0
c_532,BSBUSDT,1775754000000,0,test,control,,0.26879349501061106,0.3261716451870365,0,-0.22782052568975428,0,0.5731838324157379,17,-0.0008320852055250458,0.003726610110141038,0.006411107503685416,0.02075807190555159,5e-05,0.0,0.0,0.0,0.5,0,0,0,0,0
c_533,BSBUSDT,1776279600000,0,test,control,,0.2720927116384173,0.40150050124235315,0,-0.20729002923250628,0,0.8864230769230769,19,0.0033738601413512443,-0.008044290037276303,-0.009378478980811417,0.025979536483888885,0.00020221,0.00015221,0.0,0.0,0.5,0,0,0,0,0
c_534,BSBUSDT,1778716800000,0,test,control,,0.224841897262247,0.25989294905145705,0,-0.07121329838671472,0,0.5664466167322585,0,-0.0013451711755511726,-0.0029143856471660467,-0.014412518641630725,0.01766814110775772,5e-05,0.0,0.0,0.0,0.5,0,0,0,0,0
c_535,BSBUSDT,1774544400000,0,test,control,,,,0,0.04690990788253956,0,0.9556534987485037,17,-0.0021721878855633495,-0.009471836393490387,0.43641567362479516,,5e-05,0.0,0.0,0.0,0.5,0,0,0,0,0
c_536,BSBUSDT,1775142000000,0,test,control,,0.6448584153601059,0.5684903228106027,0,0.01820070965108698,1,0.7901835223410725,15,0.00898572039023169,-0.043274688013072146,-0.01652286651827715,0.13926974847561835,-0.00097118,-9.453e-05,0.0,0.0,0.5,0,0,0,0,0
c_537,BSBUSDT,1775606400000,0,test,control,,0.425545903220838,0.35656979756733587,0,-0.10572593733271075,0,0.5859070766751712,0,0.005740075181974275,-0.01688149373168469,-0.0606404224524595,0.047646771724039645,5e-05,0.0,0.0,0.0,0.5,0,0,0,0,0
c_538,BSBUSDT,1776348000000,0,test,control,,0.37368125709767736,0.28550645028035365,0,0.13669542345868604,0,0.9195384615384614,14,-0.011019379787791833,-0.02047273356233562,-0.05039538814768153,0.028448678418189682,0.00014607,4.1389999999999995e-05,0.0,0.0,0.5,0,0,0,0,0
c_539,BSBUSDT,1778720400000,0,test,control,,0.3105412602952329,0.2719091061739064,0,-0.13629157814180778,1,0.5748381363463247,1,0.003174491066147175,-0.007419754521781559,-0.01319976044255256,0.012000850647611975,5e-05,0.0,0.0,0.0,0.5,0,0,0,0,0
c_540,BSBUSDT,1774623600000,0,test,control,,,,0,0.053642452145610274,0,0.9832375478927203,15,0.00013302314753934252,0.16290529873679407,0.36557722559424594,,0.00017745,0.00012745,0.0,0.0,0.5,0,0,0,0,0
c_541,BSBUSDT,1775120400000,0,test,control,,0.6803977012376966,0.5588612679030833,0,0.009969778280142973,0,0.9027295817980181,9,-0.007022196839787123,0.029869240381247157,0.13394330283485825,0.15039676626497953,-0.00072228,8.799999999999997e-06,0.0,0.0,0.5,0,0,0,0,0
c_542,BSBUSDT,1775563200000,0,test,control,,1.8948692756025094,1.790712518599751,1,0.0916208608982351,0,0.6083657848798174,12,0.001683383189629933,-0.02323822352095047,0.1572467458245081,0.07929260999598743,-0.00030062,0.00065237,0.0,0.0,0.5,0,0,0,0,0
c_543,BSBUSDT,1776150000000,0,test,control,,0.5300589346314202,0.6180342738797899,0,-0.020501365751921134,0,0.978479253523923,7,0.004050711401977502,-0.02925396475462846,0.009207049062116007,0.028760412225271283,0.00011572,6.571999999999999e-05,0.0,0.0,0.5,0,0,0,0,0
c_544,BSBUSDT,1778767200000,0,test,control,,0.21998160673239156,0.3935413855869679,0,-0.09974197376632407,1,0.5357242605052686,14,-0.000733823887284651,-0.003745048175381881,-0.02828665680166784,0.006900654093193745,5e-05,0.0,0.0,0.0,0.5,0,0,0,0,0
c_545,BSBUSDT,1774630800000,0,test,control,,,,0,-0.0035805953250338746,1,0.9299478681809719,17,-0.0022166071536645886,-0.026208358717540233,0.09679403389414999,,5e-05,0.0,0.0,0.0,0.5,0,0,0,0,0
c_546,BSBUSDT,1775070000000,0,test,control,,0.308698403788809,0.3553362334093434,0,0.06347430696945248,0,0.8188745394054305,19,-0.002718358961132596,-0.011486515826856874,-0.0337925295758642,,-0.00039837,-0.00044837,0.0,0.0,0.5,0,0,0,0,0
c_547,BSBUSDT,1775761200000,0,test,control,,0.21213076396063754,0.2691562422196232,0,-0.10603359882362105,0,0.5710688868000537,19,-0.0063285799833762936,-0.00017820870051121732,0.012163817077962484,0.02180498556758418,5e-05,0.0,0.0,0.0,0.5,0,0,0,0,0
c_548,BSBUSDT,1776258000000,0,test,control,,0.3305315375400724,0.445100993053663,0,0.06311160765302075,0,0.9044615384615384,13,0.0009925143381910517,0.01290879209404044,-0.013053179866983696,0.026356380246103983,9.163e-05,-0.00018888,0.0,0.0,0.5,0,0,0,0,0
c_549,BSBUSDT,1778767200000,0,test,control,,0.21998160673239156,0.3935413855869679,0,-0.09974197376632407,1,0.5357242605052686,14,-0.000733823887284651,-0.003745048175381881,-0.02828665680166784,0.006900654093193745,5e-05,0.0,0.0,0.0,0.5,0,0,0,0,0
c_550,BSBUSDT,1774522800000,0,test,control,,,,0,5.80674326043514e-05,1,0.8525954946131243,11,-0.0008283288465521648,0.1340152753195494,1.5859285920022472,,5e-05,-7.399999999999997e-06,0.0,0.0,0.5,0,0,0,0,0
c_551,BSBUSDT,1775188800000,0,test,control,,0.33779580855550567,0.2824533080460174,0,-0.01674013944897251,0,0.8265302472006583,4,0.0006826595453546698,0.0028010218700602035,-0.04194944264991853,0.20432764585911128,-0.00091972,0.00083244,0.0,0.0,0.5,0,0,0,0,0
c_552,BSBUSDT,1775718000000,0,test,control,,0.2680668477246612,0.27004640056683826,0,0.014896961905113323,0,0.5751644957701089,7,0.0005510169856975976,0.004361100469610397,-0.04049502021869856,0.04598317813124901,5e-05,0.0,0.0,0.0,0.5,0,0,0,0,0
c_553,BSBUSDT,1776301200000,0,test,control,,0.18656788893382462,0.20617547414571208,0,0.37994433428808033,0,0.9460384615384615,1,-5.616760413068717e-05,-0.011557191492280643,0.03941601384291529,0.0228971539142011,0.0004848,0.00028259,0.0,0.0,0.5,0,0,0,0,0
c_554,BSBUSDT,1778763600000,0,test,control,,0.38489694479227293,0.42166823189479313,0,-0.0034853428141277116,1,0.5324362066776692,13,0.00634715451054436,-0.01377358763203906,-0.022830851245685797,0.011493428362169987,5e-05,0.0,81.6669,0.0,1.0,0,0,0,0,0
c_555,BSBUSDT,1774566000000,0,test,control,,,,0,0.0006093006564409291,1,0.8462765957446808,23,-0.00033824097274043287,-0.15386020423882638,-0.16543291060913684,,0.00034153,0.00029152999999999997,0.0,0.0,0.5,0,0,0,0,0
c_556,BSBUSDT,1775199600000,0,test,control,,0.5767027419173969,0.3468073803600812,0,-0.013667581872130635,1,0.8576896934139449,7,0.0028103684722020736,0.03437739644109256,0.012619454717685807,0.20347923627836823,-0.00091972,0.00083244,0.0,0.0,0.5,0,0,0,0,0
c_557,BSBUSDT,1775728800000,0,test,control,,0.3623466958593617,0.42665751619976044,0,-0.16795620199433242,0,0.5726131328051565,10,0.003947612333514839,-0.0189994834208195,0.0014842855762188271,0.042506823140483437,5e-05,0.0,0.0,0.0,0.5,0,0,0,0,0
c_558,BSBUSDT,1776214800000,0,test,control,,0.4368647613297038,0.27273101019380935,0,0.0969262977130186,0,0.8666153846153846,1,0.005578427919667518,0.0015696522684846186,-0.01566372444366979,0.02974240149852151,5e-05,-6.955000000000001e-05,0.0,0.0,0.5,0,0,0,0,0
c_559,BSBUSDT,1778767200000,0,test,control,,0.21998160673239156,0.3935413855869679,0,-0.09974197376632407,1,0.5357242605052686,14,-0.000733823887284651,-0.003745048175381881,-0.02828665680166784,0.006900654093193745,5e-05,0.0,0.0,0.0,0.5,0,0,0,0,0
c_560,BSBUSDT,1774522800000,0,test,control,,,,0,5.80674326043514e-05,1,0.8525954946131243,11,-0.0008283288465521648,0.1340152753195494,1.5859285920022472,,5e-05,-7.399999999999997e-06,0.0,0.0,0.5,0,0,0,0,0
c_561,BSBUSDT,1775052000000,0,test,control,,0.6976015313508619,0.4315427989861493,0,0.1394798010292582,0,0.8670267949772833,14,-0.003984564930562794,-0.041989039612061456,-0.02948617328484315,,5e-05,0.0,0.0,0.0,0.5,0,0,0,0,0
c_562,BSBUSDT,1775764800000,0,test,control,,0.10766413567651552,0.1867910346741269,0,-0.024205048857456557,1,0.5716060158453069,20,0.002875462948142727,-0.006548187495490249,0.00636422755615192,0.022007801147657602,5e-05,0.0,0.0,0.0,0.5,0,0,0,0,0
c_563,BSBUSDT,1776204000000,0,test,control,,0.2141243934660481,0.5376789520639454,0,-0.09434749943220327,1,0.8401538461538461,22,0.0023130206997124306,-0.0034628816719363934,-0.002901088602378181,0.016860517166337956,5e-05,-9.496e-05,0.0,0.0,0.5,0,0,0,0,0
c_564,BSBUSDT,1778767200000,0,test,control,,0.21998160673239156,0.3935413855869679,0,-0.09974197376632407,1,0.5357242605052686,14,-0.000733823887284651,-0.003745048175381881,-0.02828665680166784,0.006900654093193745,5e-05,0.0,0.0,0.0,0.5,0,0,0,0,0
c_565,BSBUSDT,1774580400000,0,test,control,,,,0,0.04532106567557349,0,0.9214893617021277,3,-0.0021096435050218685,-0.0016954568499890342,0.06442765685483745,,0.00012841,7.841e-05,0.0,0.0,0.5,0,0,0,0,0
c_566,BSBUSDT,1775030400000,0,test,control,,,,0,-0.01887531029513142,0,0.764855292812936,8,-0.006040327729766446,-0.029741174248530886,-0.05563232965500306,,5e-05,0.0,0.0,0.0,0.5,0,0,0,0,0
c_567,BSBUSDT,1775613600000,0,test,control,,0.5219929358318012,0.5119729452906213,0,0.05677183850061611,0,0.5773130119511214,2,-0.0032839531318225967,0.004855979456806143,-0.028535532839238317,0.04336668899036878,5e-05,0.0,0.0,0.0,0.5,0,0,0,0,0
c_568,BSBUSDT,1776250800000,0,test,control,,0.8655544317092956,0.3692257072108852,0,-0.032032342669663344,1,0.9098076923076923,11,-0.0019251490165382837,-0.0017993163955915454,0.000980316331184777,0.027552533860493653,5e-05,0.0,0.0,0.0,0.5,0,0,0,0,0
c_569,BSBUSDT,1778652000000,0,test,control,,0.33729469441656207,0.27393564575055424,0,0.023131328432877258,0,0.632639329694046,6,-0.0026403973403907417,0.013301119446678424,0.00739386335047877,0.04546900876230974,5e-05,0.0,0.0,874.6738,0.0,0,0,0,0,0
c_570,BSBUSDT,1774598400000,0,test,control,,,,0,0.029939724610825957,0,0.9111170212765958,8,-0.0017458085293968059,0.1339964460661958,0.2727344704140175,,5e-05,-7.841e-05,0.0,0.0,0.5,0,0,0,0,0
c_571,BSBUSDT,1774990800000,0,test,control,,,,0,0.1383512843024622,0,0.7859621507530498,21,0.006256360338038097,-0.010981875830028093,-0.06584378171351718,,5e-05,0.0,0.0,0.0,0.5,0,0,0,0,0
c_572,BSBUSDT,1775617200000,0,test,control,,0.3382155367334235,0.5049105828189269,0,0.03812251699275519,1,0.5650261850409561,3,-0.001630590721728846,-0.005948588447483465,-0.03332623637215059,0.042033597023884706,5e-05,0.0,0.0,0.0,0.5,0,0,0,0,0
c_573,BSBUSDT,1776344400000,0,test,control,,0.23627456054608073,0.24534541883984462,0,0.08818138125681398,1,0.8866538461538461,13,0.0006614928000601505,-0.0024028636982856805,-0.021269903793452446,0.02537075512037297,0.00014607,4.1389999999999995e-05,0.0,0.0,0.5,0,0,0,0,0
c_574,BSBUSDT,1778691600000,0,test,control,,3.6313333777512584,1.417434685551123,1,-0.055728088151439197,1,0.5686555795353562,17,0.003487544212999135,-0.05321136036483146,0.008089238561261248,0.00930050400398228,5e-05,0.0,0.0,0.0,0.5,0,0,0,0,0
c_575,BSBUSDT,1774522800000,0,test,control,,,,0,5.80674326043514e-05,1,0.8525954946131243,11,-0.0008283288465521648,0.1340152753195494,1.5859285920022472,,5e-05,-7.399999999999997e-06,0.0,0.0,0.5,0,0,0,0,0
c_576,BSBUSDT,1775066400000,0,test,control,,0.2874813042683245,0.5923018708534672,0,-0.006850332247366891,0,0.7921868851286087,18,-0.007871348379133348,-0.019576766167936997,-0.048738379564095616,,-0.00039837,-0.00044837,0.0,0.0,0.5,0,0,0,0,0
c_577,BSBUSDT,1775660400000,0,test,control,,0.31948246708157596,0.32884235803929635,0,-0.09268135316373023,1,0.5628776688599437,15,-0.009435016880184189,0.0025401575705683707,-0.004557492830621907,0.04358564310066286,5e-05,5.181e-05,0.0,0.0,0.5,0,0,0,0,0
c_578,BSBUSDT,1776168000000,0,test,control,,0.8017539987672798,0.9755442916835902,0,0.035984825210723125,1,0.9428461538461538,12,0.00043870391253900923,-0.016959922372879715,-0.0549164460838674,0.02190182115735044,0.00014496,2.9239999999999998e-05,0.0,0.0,0.5,0,0,0,0,0
c_579,BSBUSDT,1778767200000,0,test,control,,0.21998160673239156,0.3935413855869679,0,-0.09974197376632407,1,0.5357242605052686,14,-0.000733823887284651,-0.003745048175381881,-0.02828665680166784,0.006900654093193745,5e-05,0.0,0.0,0.0,0.5,0,0,0,0,0
c_580,BSBUSDT,1774522800000,0,test,control,,,,0,5.80674326043514e-05,1,0.8525954946131243,11,-0.0008283288465521648,0.1340152753195494,1.5859285920022472,,5e-05,-7.399999999999997e-06,0.0,0.0,0.5,0,0,0,0,0
c_581,BSBUSDT,1775188800000,0,test,control,,0.33779580855550567,0.2824533080460174,0,-0.01674013944897251,0,0.8265302472006583,4,0.0006826595453546698,0.0028010218700602035,-0.04194944264991853,0.20432764585911128,-0.00091972,0.00083244,0.0,0.0,0.5,0,0,0,0,0
c_582,BSBUSDT,1775775600000,0,test,control,,0.20322971491854,0.14226346737318613,0,0.0408721804193191,1,0.581475762051833,23,-0.004415056880718824,0.009201481276500719,0.007682698509507688,0.021056815936812016,5e-05,0.0,0.0,0.0,0.5,0,0,0,0,0
c_583,BSBUSDT,1776319200000,0,test,control,,0.1292455884428695,0.31151275622072816,0,-0.12409740444137286,1,0.9206538461538462,6,0.0014178924137416959,0.0016616356033121937,-0.009499738743883093,0.01626975259163941,0.00010468,-3.4200000000000005e-05,0.0,0.0,0.5,0,0,0,0,0
c_584,BSBUSDT,1778749200000,0,test,control,,0.8036042184482699,0.7412004711320374,0,-0.03832103011185633,1,0.5152469214167831,9,0.0009648694665866424,0.011052757972831277,0.04725080906029549,0.006949769214699232,5e-05,0.0,0.0,6425.1188,0.0,0,0,0,0,0
c_585,BSBUSDT,1774551600000,0,test,control,,,,0,-0.018341619939622897,0,0.9547872340425532,19,1.3147111798571334e-05,-0.08678147975353528,0.3189611668320991,,5e-05,0.0,0.0,0.0,0.5,0,0,0,0,0
c_586,BSBUSDT,1775210400000,0,test,control,,0.748804519215815,0.5076509357403104,0,-0.05244072820206907,0,0.817801309340679,10,-0.0015851198924330444,-0.04315691244007842,0.005679872475904203,0.23581112923747544,-0.0007102,0.00278883,0.0,0.0,0.5,0,0,0,0,0
c_587,BSBUSDT,1775656800000,0,test,control,,0.3881495094311835,0.35124010898327634,0,-0.04224232520895524,1,0.5603263058949913,14,-0.0063923491744373884,-0.007032322124760124,-0.020664210112751144,0.03951960333381349,5e-05,5.181e-05,0.0,0.0,0.5,0,0,0,0,0
c_588,BSBUSDT,1776366000000,0,test,control,,0.2925842545433327,0.3487502039304695,0,0.21002572938375313,1,0.9113846153846153,19,0.00939952840854025,0.0029952678416963496,0.007113967625421242,0.016021541308255997,5e-05,0.0,0.0,0.0,0.5,0,0,0,0,0
c_589,BSBUSDT,1778709600000,0,test,control,,0.24970808128016556,0.3870798593352263,0,0.0028542142672332363,0,0.5738606068300114,22,-0.0038683894094994832,-0.005606305229397213,-0.02769771142823095,0.021269817950362216,5e-05,0.0,0.0,0.0,0.5,0,0,0,0,0
c_590,BSBUSDT,1774522800000,0,test,control,,,,0,5.80674326043514e-05,1,0.8525954946131243,11,-0.0008283288465521648,0.1340152753195494,1.5859285920022472,,5e-05,-7.399999999999997e-06,0.0,0.0,0.5,0,0,0,0,0
c_591,BSBUSDT,1775084400000,0,test,control,,0.14285223768141542,0.22808543612751134,0,0.0015377011651809683,0,0.811075734268236,23,-0.003458485730636255,0.001850772503502251,-0.01801506441505979,,-0.00032278,-0.00037278,0.0,0.0,0.5,0,0,0,0,0
c_592,BSBUSDT,1775606400000,0,test,control,,0.425545903220838,0.35656979756733587,0,-0.10572593733271075,0,0.5859070766751712,0,0.005740075181974275,-0.01688149373168469,-0.0606404224524595,0.047646771724039645,5e-05,0.0,0.0,0.0,0.5,0,0,0,0,0
c_593,BSBUSDT,1776304800000,0,test,control,,0.1032121760137895,0.16646403530795872,0,0.10465026356290746,1,0.9297307692307692,2,-0.002129139249986587,0.0033197590191575404,0.013918151684688176,0.022630690571054206,0.0004848,0.00028259,0.0,0.0,0.5,0,0,0,0,0
c_594,BSBUSDT,1778767200000,0,test,control,,0.21998160673239156,0.3935413855869679,0,-0.09974197376632407,1,0.5357242605052686,14,-0.000733823887284651,-0.003745048175381881,-0.02828665680166784,0.006900654093193745,5e-05,0.0,0.0,0.0,0.5,0,0,0,0,0
c_595,BSBUSDT,1774522800000,0,test,control,,,,0,5.80674326043514e-05,1,0.8525954946131243,11,-0.0008283288465521648,0.1340152753195494,1.5859285920022472,,5e-05,-7.399999999999997e-06,0.0,0.0,0.5,0,0,0,0,0
c_596,BSBUSDT,1775149200000,0,test,control,,0.3860807921918731,0.5106009421293294,0,-0.008273463101200744,1,0.7950488319679462,17,0.0035847605020760177,0.0008220050534777519,-0.12193926365093935,0.14399425629029783,-0.00123725,-0.0005149700000000001,0.0,0.0,0.5,0,0,0,0,0
c_597,BSBUSDT,1775649600000,0,test,control,,0.27627975140601296,0.31191109415833446,0,-0.06344737981694616,0,0.5565999731435478,12,0.0028623136171945967,-0.020094678184660708,-0.03317952518659111,0.04569178382901613,-1.998e-05,-6.998e-05,0.0,0.0,0.5,0,0,0,0,0
c_598,BSBUSDT,1776175200000,0,test,control,,0.5485481748974509,0.7913761763534063,0,0.061574977656352045,0,0.9163461538461538,14,0.01417020641872053,-0.028000532018871687,-0.09357336399379286,0.004620536649893536,0.00014496,2.9239999999999998e-05,0.0,0.0,0.5,0,0,0,0,0
c_599,BSBUSDT,1778767200000,0,test,control,,0.21998160673239156,0.3935413855869679,0,-0.09974197376632407,1,0.5357242605052686,14,-0.000733823887284651,-0.003745048175381881,-0.02828665680166784,0.006900654093193745,5e-05,0.0,0.0,0.0,0.5,0,0,0,0,0
c_600,BSBUSDT,1774522800000,0,test,control,,,,0,5.80674326043514e-05,1,0.8525954946131243,11,-0.0008283288465521648,0.1340152753195494,1.5859285920022472,,5e-05,-7.399999999999997e-06,0.0,0.0,0.5,0,0,0,0,0
c_601,BSBUSDT,1774998000000,0,test,control,,,,0,-0.013967554718992798,1,0.7761957571638106,23,-0.0013629448989222475,0.01954756417096532,-0.0002177570357710602,,5e-05,0.0,0.0,0.0,0.5,0,0,0,0,0
c_602,BSBUSDT,1775678400000,0,test,control,,0.19417587473183795,0.34995180915601304,0,0.03296156586518435,0,0.5946354236605346,20,0.0030690256371289602,-0.013428440749427626,-0.06260594847646776,0.04230889275308852,5e-05,6.998e-05,0.0,0.0,0.5,0,0,0,0,0
c_603,BSBUSDT,1776373200000,0,test,control,,0.29459164977178354,0.289474021030365,0,0.19539684919190187,0,0.9365,21,-0.001600065861632147,0.03311066052715096,0.009559368756867397,0.014860222799277026,0.00044017,0.0002941,0.0,0.0,0.5,0,0,0,0,0
c_604,BSBUSDT,1778713200000,0,test,control,,0.3025451858579802,0.2916364460062433,0,-0.06223030126475415,0,0.5686428843468325,23,0.0004019495181647002,0.0027041361367183994,-0.0073876895218881146,0.021132042611747812,5e-05,0.0,0.0,0.0,0.5,0,0,0,0,0
c_605,BSBUSDT,1774580400000,0,test,control,,,,0,0.04532106567557349,0,0.9214893617021277,3,-0.0021096435050218685,-0.0016954568499890342,0.06442765685483745,,0.00012841,7.841e-05,0.0,0.0,0.5,0,0,0,0,0
c_606,BSBUSDT,1775019600000,0,test,control,,,,0,0.08300704452258512,1,0.7698636997817766,5,0.0020298235829395443,-0.025902436993558955,-0.010637614290072471,,5e-05,0.0,0.0,0.0,0.5,0,0,0,0,0
c_607,BSBUSDT,1775653200000,0,test,control,,0.324788352449372,0.31255576175580574,0,-0.060846600131328976,0,0.5559621324023097,13,0.005211429975073465,0.02045809695038896,-0.009090284396480611,0.04995644222836806,5e-05,5.181e-05,0.0,0.0,0.5,0,0,0,0,0
c_608,BSBUSDT,1776366000000,0,test,control,,0.2925842545433327,0.3487502039304695,0,0.21002572938375313,1,0.9113846153846153,19,0.00939952840854025,0.0029952678416963496,0.007113967625421242,0.016021541308255997,5e-05,0.0,0.0,0.0,0.5,0,0,0,0,0
c_609,BSBUSDT,1778767200000,0,test,control,,0.21998160673239156,0.3935413855869679,0,-0.09974197376632407,1,0.5357242605052686,14,-0.000733823887284651,-0.003745048175381881,-0.02828665680166784,0.006900654093193745,5e-05,0.0,0.0,0.0,0.5,0,0,0,0,0
c_610,BSBUSDT,1774522800000,0,test,control,,,,0,5.80674326043514e-05,1,0.8525954946131243,11,-0.0008283288465521648,0.1340152753195494,1.5859285920022472,,5e-05,-7.399999999999997e-06,0.0,0.0,0.5,0,0,0,0,0
c_611,BSBUSDT,1775156400000,0,test,control,,0.16429615023900998,0.2787484438728579,0,-0.0668336913466664,1,0.8074625263835724,19,0.004504707284060834,-0.014250765238798181,-0.04016197317013133,0.19014799585414266,-0.00123725,-0.0005149700000000001,0.0,0.0,0.5,0,0,0,0,0
c_612,BSBUSDT,1775678400000,0,test,control,,0.19417587473183795,0.34995180915601304,0,0.03296156586518435,0,0.5946354236605346,20,0.0030690256371289602,-0.013428440749427626,-0.06260594847646776,0.04230889275308852,5e-05,6.998e-05,0.0,0.0,0.5,0,0,0,0,0
c_613,BSBUSDT,1776142800000,0,test,control,,0.4247869239203681,0.6187805911220006,0,0.028923522951513944,0,0.9824822210615131,5,-0.0007163131242541596,0.003173178016233524,0.03841649262135137,0.029744463841020526,0.00011572,6.571999999999999e-05,0.0,0.0,0.5,0,0,0,0,0
c_614,BSBUSDT,1778724000000,0,test,control,,0.2225350228978913,0.26511584157833784,0,0.05266161966508148,0,0.5790783293131904,2,0.00032562232838815913,0.0014975759347535882,-0.0061501264078266905,0.01342994554364672,5e-05,0.0,0.0,0.0,0.5,0,0,0,0,0
c_615,BSBUSDT,1774602000000,0,test,control,,,,0,0.07585838792412723,0,0.9549468085106383,9,-0.009125320977435469,0.10425258446334493,0.38039744755573673,,5e-05,-7.841e-05,0.0,0.0,0.5,0,0,0,0,0
c_616,BSBUSDT,1775001600000,0,test,control,,,,0,-0.009070239642249522,0,0.7500089435838729,0,0.0014660647827464306,-0.02401259848581708,-0.014607998707151465,,5e-05,0.0,0.0,0.0,0.5,0,0,0,0,0
c_617,BSBUSDT,1775577600000,0,test,control,,0.7519044247793039,1.0364553647974561,0,-0.016981022072774896,0,0.5724117094131865,16,0.004531851218469346,0.03695839110233632,-0.01605302210975426,0.06749708173809414,5e-05,0.00035062,0.0,0.0,0.5,0,0,0,0,0
c_618,BSBUSDT,1776150000000,0,test,control,,0.5300589346314202,0.6180342738797899,0,-0.020501365751921134,0,0.978479253523923,7,0.004050711401977502,-0.02925396475462846,0.009207049062116007,0.028760412225271283,0.00011572,6.571999999999999e-05,0.0,0.0,0.5,0,0,0,0,0
c_619,BSBUSDT,1778767200000,0,test,control,,0.21998160673239156,0.3935413855869679,0,-0.09974197376632407,1,0.5357242605052686,14,-0.000733823887284651,-0.003745048175381881,-0.02828665680166784,0.006900654093193745,5e-05,0.0,0.0,0.0,0.5,0,0,0,0,0
c_620,BSBUSDT,1774522800000,0,test,control,,,,0,5.80674326043514e-05,1,0.8525954946131243,11,-0.0008283288465521648,0.1340152753195494,1.5859285920022472,,5e-05,-7.399999999999997e-06,0.0,0.0,0.5,0,0,0,0,0
c_621,BSBUSDT,1775170800000,0,test,control,,0.19944451893089912,0.15625430577466634,0,0.0896723541351319,1,0.8004865309626873,23,0.0006471311763290911,-0.0007188102130774025,-0.012767114575312176,0.2095613508180667,-0.00175216,-0.00078098,0.0,0.0,0.5,0,0,0,0,0
c_622,BSBUSDT,1775692800000,0,test,control,,0.22170780122795164,0.24488440216045626,0,-0.035701871194316996,1,0.5816436148784746,0,0.00019429969742754114,-0.0032226153672414463,-0.019135381961085864,0.04194240331767026,5e-05,0.0,0.0,0.0,0.5,0,0,0,0,0
c_623,BSBUSDT,1776200400000,0,test,control,,0.4545870581954935,0.5725616096185103,0,-0.02122197420285705,0,0.8307692307692307,21,-0.001582713639378484,0.005146778945969634,-0.022730842743320833,0.02033204119398565,5e-05,-9.496e-05,0.0,0.0,0.5,0,0,0,0,0
c_624,BSBUSDT,1778652000000,0,test,control,,0.33729469441656207,0.27393564575055424,0,0.023131328432877258,0,0.632639329694046,6,-0.0026403973403907417,0.013301119446678424,0.00739386335047877,0.04546900876230974,5e-05,0.0,0.0,874.6738,0.0,0,0,0,0,0
c_625,BSBUSDT,1774587600000,0,test,control,,,,0,0.016711293915468727,1,0.8826063829787234,5,-0.0027441189137596728,0.018127301509312826,0.06217916425541127,,5e-05,-0.00029152999999999997,0.0,0.0,0.5,0,0,0,0,0
c_626,BSBUSDT,1775142000000,0,test,control,,0.6448584153601059,0.5684903228106027,0,0.01820070965108698,1,0.7901835223410725,15,0.00898572039023169,-0.043274688013072146,-0.01652286651827715,0.13926974847561835,-0.00097118,-9.453e-05,0.0,0.0,0.5,0,0,0,0,0
c_627,BSBUSDT,1775574000000,0,test,control,,0.7009054044370513,1.3182104925980753,0,-0.00790076853977033,1,0.5785886934335974,15,-0.005528668882434869,-0.0188409194609006,-0.0731722638710772,0.07272508608148459,5e-05,0.00022663,0.0,0.0,0.5,0,0,0,0,0
c_628,BSBUSDT,1776362400000,0,test,control,,0.3575158835885711,0.4685887145258347,0,0.0007784869002558775,1,0.9134615384615384,18,0.0021715497311864214,-0.014812212720314438,0.024475168475825607,0.015442362452123853,5e-05,0.0,0.0,0.0,0.5,0,0,0,0,0
c_629,BSBUSDT,1778767200000,0,test,control,,0.21998160673239156,0.3935413855869679,0,-0.09974197376632407,1,0.5357242605052686,14,-0.000733823887284651,-0.003745048175381881,-0.02828665680166784,0.006900654093193745,5e-05,0.0,0.0,0.0,0.5,0,0,0,0,0
c_630,BSBUSDT,1774522800000,0,test,control,,,,0,5.80674326043514e-05,1,0.8525954946131243,11,-0.0008283288465521648,0.1340152753195494,1.5859285920022472,,5e-05,-7.399999999999997e-06,0.0,0.0,0.5,0,0,0,0,0
c_631,BSBUSDT,1775102400000,0,test,control,,0.37835128461115014,0.38354818984120803,0,-0.06941576522535291,0,0.851715379386828,4,-0.004238150538149515,0.06113767743530179,0.05361068735605608,,-0.00073108,-0.00033270999999999995,0.0,0.0,0.5,0,0,0,0,0
c_632,BSBUSDT,1775700000000,0,test,control,,0.21267062332255046,0.23479474883138216,0,-0.0460987084976708,0,0.5832885725795622,2,0.0017095466169344015,-0.0027050485126863585,-0.012718096264176582,0.04059512178345761,5e-05,0.0,0.0,0.0,0.5,0,0,0,0,0
c_633,BSBUSDT,1776232800000,0,test,control,,0.2944511685101814,0.3622920251561562,0,-0.09591229672204123,0,0.8813076923076923,6,-0.00414048576674374,-0.006657182110746278,-0.03207970367808739,0.03016009708035757,0.00028051,0.00023051,0.0,0.0,0.5,0,0,0,0,0
c_634,BSBUSDT,1778767200000,0,test,control,,0.21998160673239156,0.3935413855869679,0,-0.09974197376632407,1,0.5357242605052686,14,-0.000733823887284651,-0.003745048175381881,-0.02828665680166784,0.006900654093193745,5e-05,0.0,0.0,0.0,0.5,0,0,0,0,0
c_635,BSBUSDT,1774598400000,0,test,control,,,,0,0.029939724610825957,0,0.9111170212765958,8,-0.0017458085293968059,0.1339964460661958,0.2727344704140175,,5e-05,-7.841e-05,0.0,0.0,0.5,0,0,0,0,0
c_636,BSBUSDT,1774990800000,0,test,control,,,,0,0.1383512843024622,0,0.7859621507530498,21,0.006256360338038097,-0.010981875830028093,-0.06584378171351718,,5e-05,0.0,0.0,0.0,0.5,0,0,0,0,0
c_637,BSBUSDT,1775739600000,0,test,control,,0.3642884063812594,0.43398644421880755,0,0.09340486392219267,1,0.577279441385793,13,0.0018998761072650339,0.0012144651089420577,-0.03353692719906297,0.036553862101671615,5e-05,0.0,0.0,0.0,0.5,0,0,0,0,0
c_638,BSBUSDT,1776182400000,0,test,control,,0.3335005048679705,0.46285115647677916,0,-0.09545913241657335,1,0.9370384615384616,16,0.004025808930145984,-0.02377874699334779,-0.05478799086655904,0.010906785108161683,0.00014496,2.9239999999999998e-05,0.0,0.0,0.5,0,0,0,0,0
c_639,BSBUSDT,1778767200000,0,test,control,,0.21998160673239156,0.3935413855869679,0,-0.09974197376632407,1,0.5357242605052686,14,-0.000733823887284651,-0.003745048175381881,-0.02828665680166784,0.006900654093193745,5e-05,0.0,0.0,0.0,0.5,0,0,0,0,0
c_640,BSBUSDT,1774598400000,0,test,control,,,,0,0.029939724610825957,0,0.9111170212765958,8,-0.0017458085293968059,0.1339964460661958,0.2727344704140175,,5e-05,-7.841e-05,0.0,0.0,0.5,0,0,0,0,0
c_641,BSBUSDT,1774998000000,0,test,control,,,,0,-0.013967554718992798,1,0.7761957571638106,23,-0.0013629448989222475,0.01954756417096532,-0.0002177570357710602,,5e-05,0.0,0.0,0.0,0.5,0,0,0,0,0
c_642,BSBUSDT,1775764800000,0,test,control,,0.10766413567651552,0.1867910346741269,0,-0.024205048857456557,1,0.5716060158453069,20,0.002875462948142727,-0.006548187495490249,0.00636422755615192,0.022007801147657602,5e-05,0.0,0.0,0.0,0.5,0,0,0,0,0
c_643,BSBUSDT,1776200400000,0,test,control,,0.4545870581954935,0.5725616096185103,0,-0.02122197420285705,0,0.8307692307692307,21,-0.001582713639378484,0.005146778945969634,-0.022730842743320833,0.02033204119398565,5e-05,-9.496e-05,0.0,0.0,0.5,0,0,0,0,0
c_644,BSBUSDT,1778767200000,0,test,control,,0.21998160673239156,0.3935413855869679,0,-0.09974197376632407,1,0.5357242605052686,14,-0.000733823887284651,-0.003745048175381881,-0.02828665680166784,0.006900654093193745,5e-05,0.0,0.0,0.0,0.5,0,0,0,0,0
c_645,BSBUSDT,1774522800000,0,test,control,,,,0,5.80674326043514e-05,1,0.8525954946131243,11,-0.0008283288465521648,0.1340152753195494,1.5859285920022472,,5e-05,-7.399999999999997e-06,0.0,0.0,0.5,0,0,0,0,0
c_646,BSBUSDT,1775030400000,0,test,control,,,,0,-0.01887531029513142,0,0.764855292812936,8,-0.006040327729766446,-0.029741174248530886,-0.05563232965500306,,5e-05,0.0,0.0,0.0,0.5,0,0,0,0,0
c_647,BSBUSDT,1775743200000,0,test,control,,0.34699245825500385,0.4284938184230897,0,-0.19981090788502562,0,0.5704310460588157,14,-0.006734507684749848,0.010127149363828315,-0.0048419219002322714,0.04304035080440004,5e-05,0.0,0.0,0.0,0.5,0,0,0,0,0
c_648,BSBUSDT,1776276000000,0,test,control,,0.8583136740453303,0.3886686711791163,0,0.011444457077770257,1,0.9113461538461538,18,0.0026887540527522403,-0.008232368160067338,-0.0001677520134737894,0.02908930292929246,0.00020221,0.00015221,0.0,0.0,0.5,0,0,0,0,0
c_649,BSBUSDT,1778767200000,0,test,control,,0.21998160673239156,0.3935413855869679,0,-0.09974197376632407,1,0.5357242605052686,14,-0.000733823887284651,-0.003745048175381881,-0.02828665680166784,0.006900654093193745,5e-05,0.0,0.0,0.0,0.5,0,0,0,0,0
c_650,BSBUSDT,1774540800000,0,test,control,,,,0,0.028214965476469334,0,0.9006964849276309,16,-0.005691856455210329,0.1040005837936275,0.5868451085978069,,5e-05,0.0,0.0,0.0,0.5,0,0,0,0,0
c_651,BSBUSDT,1775160000000,0,test,control,,0.1860131447719873,0.242724815336367,0,0.04622726323668237,0,0.8121131899974957,20,2.390143050048503e-05,0.0001940270818050662,-0.013153607124974095,0.1878430489246033,-0.00123725,-0.0005149700000000001,0.0,0.0,0.5,0,0,0,0,0
c_652,BSBUSDT,1775667600000,0,test,control,,0.7479075760075935,0.48296513049578976,0,-0.04137784486109926,0,0.5774472942124346,17,0.004014041428386909,-0.032328231186079845,-0.030354604547717573,0.04786356656354115,5e-05,6.998e-05,0.0,0.0,0.5,0,0,0,0,0
c_653,BSBUSDT,1776322800000,0,test,control,,0.1558506323177508,0.2352345102905472,0,0.021311870952736713,0,0.9330769230769231,7,-0.0002693114293372358,-0.0057251869201328685,-0.006178952430056858,0.016119082731482444,0.00010468,-3.4200000000000005e-05,0.0,0.0,0.5,0,0,0,0,0
c_654,BSBUSDT,1778767200000,0,test,control,,0.21998160673239156,0.3935413855869679,0,-0.09974197376632407,1,0.5357242605052686,14,-0.000733823887284651,-0.003745048175381881,-0.02828665680166784,0.006900654093193745,5e-05,0.0,0.0,0.0,0.5,0,0,0,0,0
c_655,BSBUSDT,1774591200000,0,test,control,,,,0,-0.000824012790493717,1,0.8957978723404255,6,0.0007090729236273869,0.012404753692264275,-0.0012673393020261035,,5e-05,-0.00029152999999999997,0.0,0.0,0.5,0,0,0,0,0
c_656,BSBUSDT,1775116800000,0,test,control,,0.4140053198778822,0.4735464568046383,0,0.058641242768799604,0,0.8887060422852645,8,0.0035257280628449776,0.1043973616578549,0.08862707947235765,0.13606736481137244,-0.00087665,-0.0005538699999999999,0.0,0.0,0.5,0,0,0,0,0
c_657,BSBUSDT,1775667600000,0,test,control,,0.7479075760075935,0.48296513049578976,0,-0.04137784486109926,0,0.5774472942124346,17,0.004014041428386909,-0.032328231186079845,-0.030354604547717573,0.04786356656354115,5e-05,6.998e-05,0.0,0.0,0.5,0,0,0,0,0
c_658,BSBUSDT,1776322800000,0,test,control,,0.1558506323177508,0.2352345102905472,0,0.021311870952736713,0,0.9330769230769231,7,-0.0002693114293372358,-0.0057251869201328685,-0.006178952430056858,0.016119082731482444,0.00010468,-3.4200000000000005e-05,0.0,0.0,0.5,0,0,0,0,0
c_659,BSBUSDT,1778666400000,0,test,control,,0.2858203307775389,0.3990671340902396,0,-0.011437091860235275,0,0.6109178621302527,10,0.0011643523367134462,0.004632227791698446,0.015582268383433146,0.04364615846698385,5e-05,0.0,0.0,0.0,0.5,0,0,0,0,0
c_660,BSBUSDT,1774522800000,0,test,control,,,,0,5.80674326043514e-05,1,0.8525954946131243,11,-0.0008283288465521648,0.1340152753195494,1.5859285920022472,,5e-05,-7.399999999999997e-06,0.0,0.0,0.5,0,0,0,0,0
c_661,BSBUSDT,1774994400000,0,test,control,,,,0,-0.0565460854393061,0,0.7631381247093335,22,0.00010846114159761402,0.0012743234943169202,-0.06543104815487633,,5e-05,0.0,0.0,0.0,0.5,0,0,0,0,0
c_662,BSBUSDT,1775595600000,0,test,control,,0.2991921061013073,0.3539011915117594,0,-0.05437461184853478,0,0.5919162078689406,21,0.004484174907467723,-0.030354582965403377,-0.03884555898595083,0.05114398562448666,5e-05,0.0,0.0,0.0,0.5,0,0,0,0,0
c_663,BSBUSDT,1776340800000,0,test,control,,0.35414273304675764,0.26464406489385245,0,0.014339025638691829,1,0.8904615384615384,12,0.0035089231133814554,-0.024216528002353743,-0.006683623721437487,0.025529119167532185,5e-05,-0.0004348,0.0,0.0,0.5,0,0,0,0,0
c_664,BSBUSDT,1778709600000,0,test,control,,0.24970808128016556,0.3870798593352263,0,0.0028542142672332363,0,0.5738606068300114,22,-0.0038683894094994832,-0.005606305229397213,-0.02769771142823095,0.021269817950362216,5e-05,0.0,0.0,0.0,0.5,0,0,0,0,0
c_665,BSBUSDT,1774522800000,0,test,control,,,,0,5.80674326043514e-05,1,0.8525954946131243,11,-0.0008283288465521648,0.1340152753195494,1.5859285920022472,,5e-05,-7.399999999999997e-06,0.0,0.0,0.5,0,0,0,0,0
c_666,BSBUSDT,1775102400000,0,test,control,,0.37835128461115014,0.38354818984120803,0,-0.06941576522535291,0,0.851715379386828,4,-0.004238150538149515,0.06113767743530179,0.05361068735605608,,-0.00073108,-0.00033270999999999995,0.0,0.0,0.5,0,0,0,0,0
c_667,BSBUSDT,1775581200000,0,test,control,,0.46852630864481526,0.823201194034068,0,0.06555726104608954,0,0.5745602255941991,17,0.001009709649771684,-0.038172681336265724,-0.04091628849034246,0.056915659842148525,5e-05,0.00035062,0.0,0.0,0.5,0,0,0,0,0
c_668,BSBUSDT,1776330000000,0,test,control,,0.3144948909261974,0.20605343194101045,0,0.33017952871808093,0,0.9075384615384615,9,-0.0004473152380479669,0.012464596989329724,0.0067994128887534965,0.019122384468372736,5e-05,-0.0004348,0.0,0.0,0.5,0,0,0,0,0
c_669,BSBUSDT,1778767200000,0,test,control,,0.21998160673239156,0.3935413855869679,0,-0.09974197376632407,1,0.5357242605052686,14,-0.000733823887284651,-0.003745048175381881,-0.02828665680166784,0.006900654093193745,5e-05,0.0,0.0,0.0,0.5,0,0,0,0,0
c_670,BSBUSDT,1774522800000,0,test,control,,,,0,5.80674326043514e-05,1,0.8525954946131243,11,-0.0008283288465521648,0.1340152753195494,1.5859285920022472,,5e-05,-7.399999999999997e-06,0.0,0.0,0.5,0,0,0,0,0
c_671,BSBUSDT,1775178000000,0,test,control,,0.15859888240861783,0.19220972196806055,0,-0.054275260242127484,0,0.7846385003398562,1,-0.0015956691117640905,-0.029196616635167937,-0.07465011156265002,0.20647724399355138,-0.00349903,-0.00226178,0.0,0.0,0.5,0,0,0,0,0
c_672,BSBUSDT,1775617200000,0,test,control,,0.3382155367334235,0.5049105828189269,0,0.03812251699275519,1,0.5650261850409561,3,-0.001630590721728846,-0.005948588447483465,-0.03332623637215059,0.042033597023884706,5e-05,0.0,0.0,0.0,0.5,0,0,0,0,0
c_673,BSBUSDT,1776168000000,0,test,control,,0.8017539987672798,0.9755442916835902,0,0.035984825210723125,1,0.9428461538461538,12,0.00043870391253900923,-0.016959922372879715,-0.0549164460838674,0.02190182115735044,0.00014496,2.9239999999999998e-05,0.0,0.0,0.5,0,0,0,0,0
c_674,BSBUSDT,1778662800000,0,test,control,,0.365289559497166,0.41193572499999537,0,-0.0864969239657901,0,0.6114002792941475,9,0.002211605309334627,-0.0003090484707937956,0.0243456470684739,0.043574429635063715,5e-05,0.0,0.0,111.4302,0.0,0,0,0,0,0
c_675,BSBUSDT,1774522800000,0,test,control,,,,0,5.80674326043514e-05,1,0.8525954946131243,11,-0.0008283288465521648,0.1340152753195494,1.5859285920022472,,5e-05,-7.399999999999997e-06,0.0,0.0,0.5,0,0,0,0,0
c_676,BSBUSDT,1775181600000,0,test,control,,0.24705509373239612,0.22719631318004785,0,0.09437401712666586,0,0.800665402640146,2,-0.002438520231629508,-0.022096384701861305,-0.08734064155405269,0.20772858615868983,-0.00349903,-0.00226178,0.0,0.0,0.5,0,0,0,0,0
c_677,BSBUSDT,1775649600000,0,test,control,,0.27627975140601296,0.31191109415833446,0,-0.06344737981694616,0,0.5565999731435478,12,0.0028623136171945967,-0.020094678184660708,-0.03317952518659111,0.04569178382901613,-1.998e-05,-6.998e-05,0.0,0.0,0.5,0,0,0,0,0
c_678,BSBUSDT,1776236400000,0,test,control,,0.2325451422906194,0.33385120302173016,0,-0.1339199861169672,0,0.8751923076923077,7,-0.0017855405010866153,0.003414350260664313,-0.01881894532769449,0.030710680225021915,0.00028051,0.00023051,0.0,0.0,0.5,0,0,0,0,0
c_679,BSBUSDT,1778763600000,0,test,control,,0.38489694479227293,0.42166823189479313,0,-0.0034853428141277116,1,0.5324362066776692,13,0.00634715451054436,-0.01377358763203906,-0.022830851245685797,0.011493428362169987,5e-05,0.0,81.6669,0.0,1.0,0,0,0,0,0
c_680,BSBUSDT,1774584000000,0,test,control,,,,0,-0.01987766692130625,0,0.9027127659574468,4,-0.0020618317196838135,-0.0294231110075494,0.05543518951249731,,0.00012841,7.841e-05,0.0,0.0,0.5,0,0,0,0,0
c_681,BSBUSDT,1775199600000,0,test,control,,0.5767027419173969,0.3468073803600812,0,-0.013667581872130635,1,0.8576896934139449,7,0.0028103684722020736,0.03437739644109256,0.012619454717685807,0.20347923627836823,-0.00091972,0.00083244,0.0,0.0,0.5,0,0,0,0,0
c_682,BSBUSDT,1775743200000,0,test,control,,0.34699245825500385,0.4284938184230897,0,-0.19981090788502562,0,0.5704310460588157,14,-0.006734507684749848,0.010127149363828315,-0.0048419219002322714,0.04304035080440004,5e-05,0.0,0.0,0.0,0.5,0,0,0,0,0
c_683,BSBUSDT,1776207600000,0,test,control,,0.2299201313585262,0.4848433286318477,0,-0.14666272106180767,0,0.8383461538461539,23,-0.003270901505180538,-0.00400744731894797,-0.024058819372449674,0.016676315262175584,5e-05,-9.496e-05,0.0,0.0,0.5,0,0,0,0,0
c_684,BSBUSDT,1778724000000,0,test,control,,0.2225350228978913,0.26511584157833784,0,0.05266161966508148,0,0.5790783293131904,2,0.00032562232838815913,0.0014975759347535882,-0.0061501264078266905,0.01342994554364672,5e-05,0.0,0.0,0.0,0.5,0,0,0,0,0
c_685,BSBUSDT,1774522800000,0,test,control,,,,0,5.80674326043514e-05,1,0.8525954946131243,11,-0.0008283288465521648,0.1340152753195494,1.5859285920022472,,5e-05,-7.399999999999997e-06,0.0,0.0,0.5,0,0,0,0,0
c_686,BSBUSDT,1775131200000,0,test,control,,0.5352972497369939,0.8785881842346844,0,0.05010657925817997,0,0.8306085214467142,12,-0.003664338191015208,0.04423648588039694,-0.030684854156754694,0.15845347985773345,-0.00072228,8.799999999999997e-06,0.0,0.0,0.5,0,0,0,0,0
c_687,BSBUSDT,1775779200000,0,test,control,,0.22747088556927253,0.1726089722812451,0,0.14847599437801454,0,0.5912783671277025,0,-0.0022360911791209563,0.006965834766123749,0.021390304906611056,0.020343483786654314,5e-05,0.0,0.0,0.0,0.5,0,0,0,0,0
c_688,BSBUSDT,1776218400000,0,test,control,,0.377940949827197,0.3152376632965634,0,-0.05383456480343203,1,0.871076923076923,2,0.0006441197901779784,0.005746424639589322,-0.006567169876436519,0.03062175091973498,5e-05,-6.955000000000001e-05,0.0,0.0,0.5,0,0,0,0,0
c_689,BSBUSDT,1778724000000,0,test,control,,0.2225350228978913,0.26511584157833784,0,0.05266161966508148,0,0.5790783293131904,2,0.00032562232838815913,0.0014975759347535882,-0.0061501264078266905,0.01342994554364672,5e-05,0.0,0.0,0.0,0.5,0,0,0,0,0
c_690,BSBUSDT,1774522800000,0,test,control,,,,0,5.80674326043514e-05,1,0.8525954946131243,11,-0.0008283288465521648,0.1340152753195494,1.5859285920022472,,5e-05,-7.399999999999997e-06,0.0,0.0,0.5,0,0,0,0,0
c_691,BSBUSDT,1774998000000,0,test,control,,,,0,-0.013967554718992798,1,0.7761957571638106,23,-0.0013629448989222475,0.01954756417096532,-0.0002177570357710602,,5e-05,0.0,0.0,0.0,0.5,0,0,0,0,0
c_692,BSBUSDT,1775602800000,0,test,control,,0.3643900003873688,0.3334206084563854,0,-0.06495005048837195,1,0.5964146636229355,23,0.02279689840842388,-0.0010222050196878325,-0.04322612527736326,0.05320358970285642,5e-05,0.0,0.0,0.0,0.5,0,0,0,0,0
c_693,BSBUSDT,1776304800000,0,test,control,,0.1032121760137895,0.16646403530795872,0,0.10465026356290746,1,0.9297307692307692,2,-0.002129139249986587,0.0033197590191575404,0.013918151684688176,0.022630690571054206,0.0004848,0.00028259,0.0,0.0,0.5,0,0,0,0,0
c_694,BSBUSDT,1778767200000,0,test,control,,0.21998160673239156,0.3935413855869679,0,-0.09974197376632407,1,0.5357242605052686,14,-0.000733823887284651,-0.003745048175381881,-0.02828665680166784,0.006900654093193745,5e-05,0.0,0.0,0.0,0.5,0,0,0,0,0
c_695,BSBUSDT,1774580400000,0,test,control,,,,0,0.04532106567557349,0,0.9214893617021277,3,-0.0021096435050218685,-0.0016954568499890342,0.06442765685483745,,0.00012841,7.841e-05,0.0,0.0,0.5,0,0,0,0,0
c_696,BSBUSDT,1775142000000,0,test,control,,0.6448584153601059,0.5684903228106027,0,0.01820070965108698,1,0.7901835223410725,15,0.00898572039023169,-0.043274688013072146,-0.01652286651827715,0.13926974847561835,-0.00097118,-9.453e-05,0.0,0.0,0.5,0,0,0,0,0
c_697,BSBUSDT,1775656800000,0,test,control,,0.3881495094311835,0.35124010898327634,0,-0.04224232520895524,1,0.5603263058949913,14,-0.0063923491744373884,-0.007032322124760124,-0.020664210112751144,0.03951960333381349,5e-05,5.181e-05,0.0,0.0,0.5,0,0,0,0,0
c_698,BSBUSDT,1776232800000,0,test,control,,0.2944511685101814,0.3622920251561562,0,-0.09591229672204123,0,0.8813076923076923,6,-0.00414048576674374,-0.006657182110746278,-0.03207970367808739,0.03016009708035757,0.00028051,0.00023051,0.0,0.0,0.5,0,0,0,0,0
c_699,BSBUSDT,1778767200000,0,test,control,,0.21998160673239156,0.3935413855869679,0,-0.09974197376632407,1,0.5357242605052686,14,-0.000733823887284651,-0.003745048175381881,-0.02828665680166784,0.006900654093193745,5e-05,0.0,0.0,0.0,0.5,0,0,0,0,0
c_700,BSBUSDT,1774605600000,0,test,control,,,,0,0.014433350322148163,0,0.9610515569167943,10,-0.003310419201904804,-0.09814126968280021,0.22966973914874902,,5e-05,-7.841e-05,0.0,0.0,0.5,0,0,0,0,0
c_701,BSBUSDT,1775206800000,0,test,control,,0.3410691879175931,0.38175424395197105,0,0.07649396529177538,0,0.8813723035094624,9,-0.0011013478826662007,-0.003224285433017688,0.06117223721541762,0.22217731457940953,-0.0007102,0.00278883,0.0,0.0,0.5,0,0,0,0,0
c_702,BSBUSDT,1775732400000,0,test,control,,0.5923728798860832,0.5073761492712826,0,-0.13772593684879847,0,0.5661004431314623,11,-0.003553009076959016,-0.02419077386222567,-0.026985806956945763,0.05128558282380149,5e-05,0.0,0.0,0.0,0.5,0,0,0,0,0
c_703,BSBUSDT,1776358800000,0,test,control,,0.5030074056529431,0.4722726548246266,0,-0.07668994250414778,1,0.9315384615384615,17,-0.0069502206685015866,0.020986958347069973,0.018588917023903914,0.016025521872438366,5e-05,0.0,0.0,0.0,0.5,0,0,0,0,0
c_704,BSBUSDT,1778742000000,0,test,control,,0.33041873894052426,0.560544521187163,0,-0.014647877167466244,1,0.5462104862257205,7,-2.2564449709519192e-05,-0.008482449656534307,0.007537108391176484,0.022068957847996857,5e-05,0.0,0.0,0.0,0.5,0,0,0,0,0
c_705,BSBUSDT,1774533600000,0,test,control,,,,0,0.02253786014533877,0,0.8656545870062031,14,0.0032033962052074043,0.15134644841682388,0.2601308731505438,,5e-05,-8.536000000000001e-05,0.0,0.0,0.5,0,0,0,0,0
c_706,BSBUSDT,1774983600000,0,test,control,,,,0,0.0032550777609947003,0,0.8031338317890745,19,0.004751540509586965,-0.04695496933565817,-0.07300925446862776,,5e-05,0.0,0.0,0.0,0.5,0,0,0,0,0
c_707,BSBUSDT,1775588400000,0,test,control,,0.3773530785127446,0.50306459557811,0,0.15776228185602278,0,0.590707667517121,19,-0.0037323430901412976,-0.015309178581791644,-0.01268586557139557,0.05377206468588859,5e-05,0.00035062,0.0,0.0,0.5,0,0,0,0,0
c_708,BSBUSDT,1776326400000,0,test,control,,0.22336311150562696,0.18454705257312268,0,-0.18735848405539915,0,0.8973461538461538,8,-0.004243464437980969,-0.001528600804310972,-0.009111413283015036,0.02171239606094169,5e-05,-0.0004348,0.0,0.0,0.5,0,0,0,0,0
c_709,BSBUSDT,1778767200000,0,test,control,,0.21998160673239156,0.3935413855869679,0,-0.09974197376632407,1,0.5357242605052686,14,-0.000733823887284651,-0.003745048175381881,-0.02828665680166784,0.006900654093193745,5e-05,0.0,0.0,0.0,0.5,0,0,0,0,0
c_710,BSBUSDT,1774605600000,0,test,control,,,,0,0.014433350322148163,0,0.9610515569167943,10,-0.003310419201904804,-0.09814126968280021,0.22966973914874902,,5e-05,-7.841e-05,0.0,0.0,0.5,0,0,0,0,0
c_711,BSBUSDT,1775030400000,0,test,control,,,,0,-0.01887531029513142,0,0.764855292812936,8,-0.006040327729766446,-0.029741174248530886,-0.05563232965500306,,5e-05,0.0,0.0,0.0,0.5,0,0,0,0,0
c_712,BSBUSDT,1775660400000,0,test,control,,0.31948246708157596,0.32884235803929635,0,-0.09268135316373023,1,0.5628776688599437,15,-0.009435016880184189,0.0025401575705683707,-0.004557492830621907,0.04358564310066286,5e-05,5.181e-05,0.0,0.0,0.5,0,0,0,0,0
c_713,BSBUSDT,1776146400000,0,test,control,,0.6691596973071691,0.6058614807022523,0,0.09493241097250073,0,0.9930911256700417,6,-0.0022997626268399783,0.012189552763440348,0.02565432028934956,0.030209709467048654,0.00011572,6.571999999999999e-05,0.0,0.0,0.5,0,0,0,0,0
c_714,BSBUSDT,1778742000000,0,test,control,,0.33041873894052426,0.560544521187163,0,-0.014647877167466244,1,0.5462104862257205,7,-2.2564449709519192e-05,-0.008482449656534307,0.007537108391176484,0.022068957847996857,5e-05,0.0,0.0,0.0,0.5,0,0,0,0,0
p_143,DOGEUSDT,1722859200000,1,train,main,20.457,8.235474498826086,5.643767853151567,4,-0.013758469862819991,1,0.6292243561113593,12,-0.0009208766434142843,0.015559785277342062,0.0294845566186013,0.009441306432095647,1.121e-05,-1.378e-05,0.0,0.0,0.5,0,0,0,0,0
p_144,DOGEUSDT,1729188000000,1,train,main,15.5249,2.8255990049658077,2.751361287900898,4,0.04484703574675861,0,0.9449484853144702,18,-0.0014520252634580013,-0.0038050697688187946,-0.03120768015368992,0.09930478030215431,0.0001,0.0,0.0,0.0,0.5,0,0,0,0,0
p_145,DOGEUSDT,1730131200000,1,train,main,19.0075,4.763776963156342,5.069704358011229,4,-0.030672213050855896,0,0.9775941837409122,16,-0.005077861020077377,-0.046591776334874484,-0.0027537334856105266,0.2119849615536302,0.0001,0.0,0.0,0.0,0.5,0,0,0,0,0
p_146,DOGEUSDT,1730779200000,1,train,main,30.464,1.1634547131173825,3.1761490257010205,2,0.0024717461034010537,0,0.9030265939690665,4,0.00537565482637435,0.012503108645175313,0.016505475046923443,0.42550706853849796,6.048e-05,-3.952000000000001e-05,0.0,0.0,0.5,0,0,1,0,0
p_147,DOGEUSDT,1731312000000,1,train,main,54.2825,2.8532710397945844,3.9873303134634535,4,-0.05935276625754701,1,0.9253540099221343,8,0.0025623760663696688,-0.006487252045884522,-0.01118453899547058,0.2615317040088317,0.00011479,-0.00026561,0.0,0.0,0.5,0,1,0,0,0
p_148,DOGEUSDT,1731474000000,1,train,main,17.0585,5.975726794863835,5.726499119719247,4,-0.0390970089226537,0,0.8331855892715081,5,0.00026376691261975594,-0.023600079357509077,-0.033999298872876525,0.1513247449609399,0.00025607,-0.00011835999999999997,0.0,0.0,0.5,0,1,0,0,0
p_149,DOGEUSDT,1738548000000,1,train,main,26.5341,11.973100616079192,7.747526155614205,4,-0.07135835940625783,0,0.669524004563939,2,-0.031682088558911886,-0.007688495070209252,-0.022361318759193262,0.001645184518180673,2.403e-05,8.54e-06,0.0,0.0,0.5,0,0,0,0,0
p_150,DOGEUSDT,1740924000000,1,train,main,18.2596,1.4379193925454439,1.1323012006530924,0,-0.08977209136113515,0,0.8341143392689785,14,-0.003090416799021746,0.00034176960225105866,0.0038954677742103422,0.12270870283022133,9.159e-05,5.059999999999996e-06,0.0,0.0,0.5,0,1,0,0,0
p_151,DOGEUSDT,1744005600000,1,train,main,15.7987,2.4658617799180425,3.2194077995061807,3,-0.0010985430501784616,0,0.7833935018050543,6,-0.0005717263146131947,-0.00029756514232118626,-0.00022307794028041952,0.021609509263728476,-8.59e-06,-4.989e-05,0.0,0.0,0.5,0,1,0,0,0
p_152,DOGEUSDT,1746835200000,1,train,main,23.0818,0.5847067921554153,0.5476307841287604,0,0.026598350077341563,0,0.9566899766899767,0,0.0019085938305993166,0.004444280149486291,0.007656842375998212,0.09685787489846151,0.0001,0.0,0.0,0.0,0.5,0,0,0,0,0
p_153,DOGEUSDT,1752768000000,1,train,main,17.7105,2.241741130459136,2.986721472105588,4,-0.0669005921203349,0,0.9682561246207491,16,0.0010281854169456562,0.01121443068677059,0.032506738298467806,0.1728092467746136,0.0001,0.0,0.0,0.0,0.5,0,0,1,0,0
p_154,DOGEUSDT,1760212800000,1,train,main,16.0022,4.151249182010994,1.9161103615473438,1,-0.06239712551550426,0,0.6817189984836717,20,-0.00697452889537045,-0.030732673093457098,-0.05528761499580393,0.8379537904395861,-0.00014742,-0.0005999499999999999,0.0,0.0,0.5,0,0,0,0,0
p_155,DOGEUSDT,1771056000000,1,test,main,18.8486,0.3653471807784438,0.3850113330559432,0,-0.05768927828373948,0,0.9705320325857387,8,0.00416428987173282,0.001967479983554999,-0.0004046575710243812,-0.014994529042457669,3.844e-05,-3.252e-05,0.0,0.0,0.5,0,1,0,0,0
p_156,DOGEUSDT,1730854800000,1,train,fast,10.6473,10.570234956384045,4.847852810160186,4,0.045325616666156775,0,0.9900537634408603,1,0.024591546736915867,0.05271817396997479,0.0357079879630125,0.34975669284566746,0.0001,4.7040000000000004e-05,0.0,0.0,0.5,0,0,1,0,0
p_157,DOGEUSDT,1737453600000,1,train,fast,11.2866,1.318396893498809,1.2980377821551528,0,0.02175200745294109,0,0.7919585253456222,10,0.002392697148580595,-0.0011519475450607914,-0.005157941429928547,-0.07575200214145217,5.116e-05,-4.884000000000001e-05,0.0,0.0,0.5,0,1,0,0,0
c_715,DOGEUSDT,1714608000000,0,train,control,,,,0,0.008741665760841018,0,0.9721371479793831,0,0.007772490878514378,0.0024912166634426785,-0.0006453858346119813,,-7.76e-05,-0.0001528,0.0,0.0,0.5,0,0,0,0,0
c_716,DOGEUSDT,1725955200000,0,train,control,,1.4443219051975076,1.1024834912102774,0,0.11472396026044529,0,0.9883720930232558,8,0.0067907918482327054,0.002355137360081624,0.014487542470827678,0.33390913030303326,-4.83e-06,1.0990000000000002e-05,0.0,0.0,0.5,0,0,0,0,0
c_717,DOGEUSDT,1739768400000,0,train,control,,0.860604149722044,0.7052551245664898,0,-0.11007755259753668,0,0.9162305491591656,5,-0.0019184477729888793,0.00043693584376777186,-0.005661924586241081,0.10171900015059951,2.204e-05,9.031e-05,0.0,0.0,0.5,0,0,0,0,0
c_718,DOGEUSDT,1752076800000,0,train,control,,1.3342012290491971,2.096014553587204,2,-0.0327491314922119,1,0.9762912785774767,16,0.0016538037486218302,0.004103329616417317,-0.0033944016277737466,-0.046053537350183096,7.082e-05,-1.4739999999999998e-05,0.0,0.0,0.5,0,0,0,0,0
c_719,DOGEUSDT,1761868800000,0,train,control,,2.0524335239344516,1.181187768739579,1,0.20300450181725255,0,0.8716161375029841,0,0.0037530583995542587,0.0015508317481050353,0.01705062539507381,0.0991204284404806,-0.00014643,-0.00012632,0.0,0.0,0.5,0,0,0,0,0
c_720,DOGEUSDT,1715806800000,0,train,control,,1.2933201000913783,1.1072896642028247,0,0.14625722059887453,0,0.9930696846388606,21,-0.0008884226102039099,0.015141862396336534,0.0281198176135918,0.0028966545023310364,0.0001,0.0001239,0.0,0.0,0.5,0,0,0,0,0
c_721,DOGEUSDT,1726138800000,0,train,control,,0.82101044325949,0.8595914129709729,0,0.0009487652654491462,1,0.9686427754479603,11,-0.001446766244650094,0.0009774432282052177,-0.005644592606205431,0.2076937682862463,5e-07,2.2709999999999998e-05,0.0,0.0,0.5,0,0,0,0,0
c_722,DOGEUSDT,1737122400000,0,train,control,,2.089641594176502,1.674516555722454,1,-0.08454034937479418,0,0.9656537709297333,14,-0.0027487320098263848,-0.0018577366423962209,0.0052743333370701695,-0.014310414237263234,9.595e-05,-4.0500000000000036e-06,0.0,0.0,0.5,0,0,0,0,0
c_723,DOGEUSDT,1751266800000,0,train,control,,1.8027752759319402,0.9909830517939117,0,-0.198632796574178,0,0.9704688511088888,7,-0.006729931471853699,0.0015956184613870104,0.0017568427826533557,-0.026566420222420596,9.942e-05,3.411999999999999e-05,0.0,0.0,0.5,0,0,0,0,0
c_724,DOGEUSDT,1761868800000,0,train,control,,2.0524335239344516,1.181187768739579,1,0.20300450181725255,0,0.8716161375029841,0,0.0037530583995542587,0.0015508317481050353,0.01705062539507381,0.0991204284404806,-0.00014643,-0.00012632,0.0,0.0,0.5,0,0,0,0,0
c_725,DOGEUSDT,1716238800000,0,train,control,,3.496267485054714,2.180030472129645,2,0.0009138597240125648,0,0.9881242577661105,21,-0.007234657782400155,-0.006449370098547164,0.0007464322133707379,0.01147742506256523,0.0001,0.00012545,0.0,0.0,0.5,0,0,0,0,0
c_726,DOGEUSDT,1725184800000,0,train,control,,0.44264928261185693,0.5277642399995499,0,0.0923729190043028,1,0.8940075580349109,10,-0.0005325819918566495,0.0025191456585357533,-0.0004761676080110792,-0.036815275235642875,7.62e-06,-2.7800000000000005e-05,0.0,0.0,0.5,0,0,0,0,0
c_727,DOGEUSDT,1735916400000,0,train,control,,1.8843031082556998,3.1660446128007274,3,-0.021249991554884298,1,0.9923655766862771,15,0.005248584706642039,0.0034991672499456294,0.03336342534684973,0.18168495337536017,3.031e-05,-6.969e-05,0.0,0.0,0.5,0,0,0,0,0
c_728,DOGEUSDT,1750935600000,0,train,control,,1.3478140704290078,1.251475093714395,0,-0.025891856547791192,0,0.9431646305991855,11,0.0006134437407762292,-0.00036985787605088084,0.0017475968112186143,-0.018050115909183255,-5.207e-05,-9.501e-05,0.0,0.0,0.5,0,0,0,0,0
c_729,DOGEUSDT,1761868800000,0,train,control,,2.0524335239344516,1.181187768739579,1,0.20300450181725255,0,0.8716161375029841,0,0.0037530583995542587,0.0015508317481050353,0.01705062539507381,0.0991204284404806,-0.00014643,-0.00012632,0.0,0.0,0.5,0,0,0,0,0
c_730,DOGEUSDT,1714608000000,0,train,control,,,,0,0.008741665760841018,0,0.9721371479793831,0,0.007772490878514378,0.0024912166634426785,-0.0006453858346119813,,-7.76e-05,-0.0001528,0.0,0.0,0.5,0,0,0,0,0
c_731,DOGEUSDT,1723892400000,0,train,control,,0.4432672575422895,0.34875634253851673,0,-0.034006814690688746,0,0.9090499369028303,11,-0.003627802017469419,-1.8697779974938397e-05,0.004131116557394011,0.09768976359749443,2.113e-05,2.969e-05,0.0,0.0,0.5,0,0,0,0,0
c_732,DOGEUSDT,1739512800000,0,train,control,,0.4559135298778785,0.4752346108107982,0,-0.11253453869413034,0,0.9692478695813265,6,-0.0008219993920306384,-0.00046983134856131743,-0.00377400089837842,0.13158370442384693,-6.6e-07,-7.099999999999999e-05,0.0,0.0,0.5,0,0,0,0,0
c_733,DOGEUSDT,1750298400000,0,train,control,,0.7841687314348028,0.7314234531834621,0,-0.07206739068301786,0,0.8790218123413296,2,-0.003261204252816173,-0.005060515495824939,-0.016665514338111188,0.08482135515851814,5.951e-05,-4.049000000000001e-05,0.0,0.0,0.5,0,0,0,0,0
c_734,DOGEUSDT,1759845600000,0,train,control,,3.5277116244746987,1.7142496237824858,1,-0.02560808227109974,0,0.964939531787418,14,-0.008361529436731996,0.010874907574284163,0.022188092274298916,-0.024533489997485156,0.0001,0.0,0.0,0.0,0.5,0,0,0,0,0
c_735,DOGEUSDT,1714608000000,0,train,control,,,,0,0.008741665760841018,0,0.9721371479793831,0,0.007772490878514378,0.0024912166634426785,-0.0006453858346119813,,-7.76e-05,-0.0001528,0.0,0.0,0.5,0,0,0,0,0
c_736,DOGEUSDT,1723680000000,0,train,control,,0.2686797392650555,0.3722253767962067,0,-0.18617178862042655,0,0.9225707589688119,0,-0.005182041469901753,-0.0007602238513400623,-0.005331085848857442,0.021277645087764065,2.515e-05,-2.1099999999999984e-06,0.0,0.0,0.5,0,0,0,0,0
c_737,DOGEUSDT,1736654400000,0,train,control,,0.5135070459765988,0.5507961985234056,0,0.009933019877428584,0,0.8550590007532011,4,3.066086859062749e-05,-0.00011457550074262126,0.0020512801782927195,0.03431125044818952,-9.273e-05,-6.387e-05,0.0,0.0,0.5,0,0,0,0,0
c_738,DOGEUSDT,1748757600000,0,train,control,,0.6162822682147029,0.7799630142681666,0,-0.0741832664081155,0,0.8217271395328795,6,-0.0009762132868270086,-0.007882614889533752,-0.012618048176699278,0.1276650726768772,-1.869e-05,-5.753e-05,0.0,0.0,0.5,0,0,0,0,0
c_739,DOGEUSDT,1761868800000,0,train,control,,2.0524335239344516,1.181187768739579,1,0.20300450181725255,0,0.8716161375029841,0,0.0037530583995542587,0.0015508317481050353,0.01705062539507381,0.0991204284404806,-0.00014643,-0.00012632,0.0,0.0,0.5,0,0,0,0,0
c_740,DOGEUSDT,1714608000000,0,train,control,,,,0,0.008741665760841018,0,0.9721371479793831,0,0.007772490878514378,0.0024912166634426785,-0.0006453858346119813,,-7.76e-05,-0.0001528,0.0,0.0,0.5,0,0,0,0,0
c_741,DOGEUSDT,1724259600000,0,train,control,,0.5932857361025641,1.421591411158784,1,-0.07448636350668601,1,0.9824924698795181,17,0.006184648488720059,0.0015268399299414098,-0.015951791036112207,0.26731580540194655,0.0001,9.863000000000001e-05,0.0,0.0,0.5,0,0,0,0,0
c_742,DOGEUSDT,1736215200000,0,train,control,,1.6590528536629403,0.7912134971977415,0,-0.04825910484525565,1,0.992650010034116,2,-0.001282293855087098,0.001393843735873652,0.0022178400672182037,0.009756072534502044,0.0001,0.0001132,0.0,0.0,0.5,0,0,0,0,0
c_743,DOGEUSDT,1748487600000,0,train,control,,1.6014725823953637,1.1982381612427198,0,-0.03353023385369734,1,0.8947678760957585,3,0.002587337678556009,-0.004196455749407132,-0.011851095736417815,-0.0324449317361349,3.144e-05,2.2869999999999996e-05,0.0,0.0,0.5,0,0,0,0,0
c_744,DOGEUSDT,1761868800000,0,train,control,,2.0524335239344516,1.181187768739579,1,0.20300450181725255,0,0.8716161375029841,0,0.0037530583995542587,0.0015508317481050353,0.01705062539507381,0.0991204284404806,-0.00014643,-0.00012632,0.0,0.0,0.5,0,0,0,0,0
c_745,DOGEUSDT,1715191200000,0,train,control,,0.47761807141286144,0.8389434206090469,0,0.055934821569106064,0,0.8741850220264316,18,0.002492826714899743,-0.0012741963371087819,-0.00849795080828858,-0.033159595944754656,0.0001,0.0,0.0,0.0,0.5,0,0,0,0,0
c_746,DOGEUSDT,1725580800000,0,train,control,,0.5539521958110617,0.7037284567309331,0,-0.056737356455090156,0,0.9527360774818402,0,0.001273310589699634,0.004145559718205019,0.004279501414088899,0.09528229436923621,6.639e-05,-1.841999999999999e-05,0.0,0.0,0.5,0,0,0,0,0
c_747,DOGEUSDT,1737698400000,0,train,control,,1.2952337616786456,1.1004241222657325,0,-0.03365274329531124,1,0.8228801843317972,6,0.005736272962064429,-0.0001410962311836031,0.004310873208415633,-0.025660039047227915,3.191e-05,-6.809000000000001e-05,0.0,0.0,0.5,0,0,0,0,0
c_748,DOGEUSDT,1750572000000,0,train,control,,0.8597868166760316,1.2896105141198348,0,0.01599782067054462,0,0.8641232332155477,6,0.0029695098455249486,0.002963136106190051,-0.0027190087578923684,0.029536115535743774,6.2e-06,-6.0679999999999995e-05,0.0,0.0,0.5,0,0,0,0,0
c_749,DOGEUSDT,1761868800000,0,train,control,,2.0524335239344516,1.181187768739579,1,0.20300450181725255,0,0.8716161375029841,0,0.0037530583995542587,0.0015508317481050353,0.01705062539507381,0.0991204284404806,-0.00014643,-0.00012632,0.0,0.0,0.5,0,0,0,0,0
c_750,DOGEUSDT,1714608000000,0,train,control,,,,0,0.008741665760841018,0,0.9721371479793831,0,0.007772490878514378,0.0024912166634426785,-0.0006453858346119813,,-7.76e-05,-0.0001528,0.0,0.0,0.5,0,0,0,0,0
c_751,DOGEUSDT,1726596000000,0,train,control,,1.0639452958836468,2.857135055095077,3,0.05520523342094595,0,0.9388489208633094,18,0.0013835667759937093,-0.002441292579892247,0.008133545140889821,0.025108270785614353,3.78e-06,8.957e-05,0.0,0.0,0.5,0,0,0,0,0
c_752,DOGEUSDT,1738972800000,0,train,control,,0.9376018931290538,1.294866313066285,0,0.08240528683179654,0,0.7416985278622392,0,0.004584733732371085,-0.0019056123280702557,0.0004243101495804186,0.004120610651666946,-4.178e-05,-8.847e-05,0.0,0.0,0.5,0,0,0,0,0
c_753,DOGEUSDT,1749362400000,0,train,control,,0.31348856454478147,0.3416837218075302,0,0.04830845762305722,1,0.9162175648702595,6,-0.0016994140147662286,0.001385237015562779,0.0037825121909067353,-0.1326107558695926,-2.23e-06,-7.3999999999999995e-06,0.0,0.0,0.5,0,0,0,0,0
c_754,DOGEUSDT,1761868800000,0,train,control,,2.0524335239344516,1.181187768739579,1,0.20300450181725255,0,0.8716161375029841,0,0.0037530583995542587,0.0015508317481050353,0.01705062539507381,0.0991204284404806,-0.00014643,-0.00012632,0.0,0.0,0.5,0,0,0,0,0
c_755,DOGEUSDT,1714608000000,0,train,control,,,,0,0.008741665760841018,0,0.9721371479793831,0,0.007772490878514378,0.0024912166634426785,-0.0006453858346119813,,-7.76e-05,-0.0001528,0.0,0.0,0.5,0,0,0,0,0
c_756,DOGEUSDT,1726473600000,0,train,control,,0.8865892018253196,0.7975347739340318,0,0.014891053638198128,0,0.944198487363955,8,0.003323131037021384,0.003034784542470754,0.015652792557692006,0.11076987595353648,0.0001,3.6500000000000006e-05,0.0,0.0,0.5,0,0,0,0,0
c_757,DOGEUSDT,1737075600000,0,train,control,,0.7050072997125355,0.8845206236484352,0,0.11929388423520113,0,0.9667871146305834,1,0.0015009395881822021,-0.0017164268148844055,-0.02608173830931641,-0.024356117087507755,0.0001,0.0,0.0,0.0,0.5,0,0,0,0,0
c_758,DOGEUSDT,1751328000000,0,train,control,,0.6339252443464006,0.7729072294018988,0,-0.029368162067150264,1,0.9711747749867639,0,0.00033909039701589575,0.000580599903454041,-0.014775091511254725,-0.058914089715635824,1.407e-05,-8.534999999999999e-05,0.0,0.0,0.5,0,0,0,0,0
c_759,DOGEUSDT,1761868800000,0,train,control,,2.0524335239344516,1.181187768739579,1,0.20300450181725255,0,0.8716161375029841,0,0.0037530583995542587,0.0015508317481050353,0.01705062539507381,0.0991204284404806,-0.00014643,-0.00012632,0.0,0.0,0.5,0,0,0,0,0
c_760,DOGEUSDT,1715230800000,0,train,control,,0.8314829331104278,0.6584995972257824,0,-0.10742908440057485,0,0.8637298091042583,5,-0.0027722174820025086,-0.0025915009370397145,-0.010266230373788375,-0.004402284403398533,9.765e-05,-2.350000000000003e-06,0.0,0.0,0.5,0,0,0,0,0
c_761,DOGEUSDT,1726675200000,0,train,control,,1.3366766048493792,1.2028643047725578,0,-0.07200354278888145,0,0.9218778823095369,16,-0.001079639380266889,0.0017648108519208578,-0.008173606456638683,-0.00010599189421856003,4.5e-07,-3.33e-06,0.0,0.0,0.5,0,0,0,0,0
c_762,DOGEUSDT,1736690400000,0,train,control,,0.5990017860740466,0.608117674569063,0,-0.04363007028436814,1,0.8476023098167211,14,0.00349127869673066,0.0031699279667372115,0.005933983525944931,0.0021813438817642056,-8.906e-05,-7.746000000000001e-05,0.0,0.0,0.5,0,0,0,0,0
c_763,DOGEUSDT,1750320000000,0,train,control,,0.38151157878724173,0.48736774362220087,0,0.03835842499148847,1,0.8885983263598326,8,-0.0006965491673897343,0.0011363431257990502,-0.006043865272886936,0.09246558525182658,5.951e-05,-4.049000000000001e-05,0.0,0.0,0.5,0,0,0,0,0
c_764,DOGEUSDT,1761868800000,0,train,control,,2.0524335239344516,1.181187768739579,1,0.20300450181725255,0,0.8716161375029841,0,0.0037530583995542587,0.0015508317481050353,0.01705062539507381,0.0991204284404806,-0.00014643,-0.00012632,0.0,0.0,0.5,0,0,0,0,0
c_765,DOGEUSDT,1714608000000,0,train,control,,,,0,0.008741665760841018,0,0.9721371479793831,0,0.007772490878514378,0.0024912166634426785,-0.0006453858346119813,,-7.76e-05,-0.0001528,0.0,0.0,0.5,0,0,0,0,0
c_766,DOGEUSDT,1725411600000,0,train,control,,1.7343825270116966,1.0586045842728338,0,-0.0006840749296357978,0,0.9277481840193705,1,-0.006036353889079437,-0.0012074157209882679,-0.0021821909927231447,-0.1493497292026581,-2.07e-05,-0.0001207,0.0,0.0,0.5,0,0,0,0,0
c_767,DOGEUSDT,1739901600000,0,train,control,,1.8107382848399471,2.178170551299182,2,0.11554530025844108,0,0.8566045635335985,18,-0.00550134785136629,-0.0013588000501198309,0.0038554682127691603,0.14298654063492874,-3.458e-05,-6.345e-05,0.0,0.0,0.5,0,0,0,0,0
c_768,DOGEUSDT,1748386800000,0,train,control,,0.8692000389538959,0.6150267471879544,0,-0.12793426169221736,0,0.8877314359841189,23,0.0007981725614175759,-0.0026728480914774222,-0.0004586210368988232,0.08476765957736696,0.0001,3.439e-05,0.0,0.0,0.5,0,0,0,0,0
c_769,DOGEUSDT,1761444000000,0,train,control,,0.5516666841194656,0.4524293716220586,0,-0.08831254608740653,0,0.9502335084646819,2,-0.0005803622606900253,-0.00020645395007727293,-0.0006264385944663722,0.18501993584861098,3.381e-05,-6.619e-05,0.0,0.0,0.5,0,0,0,0,0
c_770,DOGEUSDT,1714608000000,0,train,control,,,,0,0.008741665760841018,0,0.9721371479793831,0,0.007772490878514378,0.0024912166634426785,-0.0006453858346119813,,-7.76e-05,-0.0001528,0.0,0.0,0.5,0,0,0,0,0
c_771,DOGEUSDT,1723453200000,0,train,control,,1.3590741868480176,1.03649799611298,0,-0.08008496584492368,0,0.9231115918514513,9,-0.005951558745636519,-0.012074406745380902,-0.005045060448138984,0.16602462502721244,5.832e-05,0.00011841,0.0,0.0,0.5,0,0,0,0,0
c_772,DOGEUSDT,1738915200000,0,train,control,,0.9811139218073425,0.7298121759894689,0,-0.16468179471051053,1,0.7278605072993769,8,-9.40916638920786e-05,0.0064652497316309105,0.011917967448959501,-0.05532373520049926,4.669e-05,-2.8290000000000002e-05,0.0,0.0,0.5,0,0,0,0,0
c_773,DOGEUSDT,1748790000000,0,train,control,,1.3934788785989491,0.8534463810262501,0,0.007551799699616471,0,0.8239679393260364,15,0.0032202348967529538,-0.02654077740594937,-0.01194101724744614,0.13008291179709078,-3.376e-05,-6.198e-05,0.0,0.0,0.5,0,0,0,0,0
c_774,DOGEUSDT,1761868800000,0,train,control,,2.0524335239344516,1.181187768739579,1,0.20300450181725255,0,0.8716161375029841,0,0.0037530583995542587,0.0015508317481050353,0.01705062539507381,0.0991204284404806,-0.00014643,-0.00012632,0.0,0.0,0.5,0,0,0,0,0
c_775,DOGEUSDT,1761958800000,0,test,control,,0.521352623017251,0.36511263100713176,0,-0.14050298427877314,0,0.8888040105037002,1,0.0012085000269264957,0.0014790217258404928,-0.00734871323360061,0.12461298231618621,6.001e-05,-1.2069999999999998e-05,0.0,0.0,0.5,0,0,0,0,0
c_776,DOGEUSDT,1767006000000,0,test,control,,1.4614000166194936,1.827468495620585,1,-0.033436069314581,1,0.9252253583567313,11,-0.003646037956946903,0.0024237603643242965,-0.0067650352263651,0.2885212467134757,0.0001,4.1740000000000004e-05,0.0,0.0,0.5,0,0,0,0,0
c_777,DOGEUSDT,1770019200000,0,test,control,,2.49055563607245,4.087620324734833,4,0.10826687496009992,0,0.8070958646616543,8,0.0013239874371498445,0.01388873616728301,-0.002096789357947641,0.313846190355453,-4.013e-05,6.025e-05,0.0,0.0,0.5,0,0,0,0,0
c_778,DOGEUSDT,1776171600000,0,test,control,,1.318547363997079,2.5691465510609968,2,-0.06249778576170188,0,0.979900020828994,13,0.0009994296659780006,-0.019012911144216313,0.01923486627972727,0.25659592657863173,4.455e-05,-3.5300000000000004e-05,0.0,306.73400000000004,0.0,0,0,0,0,0
c_779,DOGEUSDT,1779638400000,0,test,control,,0.3717648345182489,0.9387865536867156,1,0.027938667437977075,1,0.915872730541075,16,-0.001105612849707307,0.0001210913297449462,0.010324720123190774,0.20175404165923702,3.077e-05,-5.5730000000000003e-05,0.0,0.0,0.5,0,0,0,0,0
c_780,DOGEUSDT,1715547600000,0,train,control,,0.25674130640641324,0.5172797474131654,0,0.013281640289882254,0,0.8339444115907747,21,-0.0022217335711435487,-0.001689571630854318,-0.0038185856063004966,-0.04270675244254516,0.0001,0.00010966,0.0,0.0,0.5,0,0,0,0,0
c_781,DOGEUSDT,1726012800000,0,train,control,,0.520163391026468,0.696308940785646,0,-0.060386437366931875,0,0.979222264582539,0,0.000501908642206895,-0.00040479469356175695,0.01828970022165737,0.3280270187009174,3.867e-05,4.35e-05,0.0,0.0,0.5,0,0,0,0,0
c_782,DOGEUSDT,1740369600000,0,train,control,,4.937334999536793,2.169951605086528,1,-0.07240122144232826,0,0.8566269545793,4,-0.004143655060813219,0.005357661912540117,-0.0004076103037706263,0.5885636239635609,-1.409e-05,-3.2710000000000004e-05,0.0,0.0,0.5,0,0,0,0,0
c_783,DOGEUSDT,1748988000000,0,train,control,,0.881563718325942,0.7810061645631572,0,-0.10406681172656625,0,0.8407540237928621,22,-0.0035962952765628254,-0.0020791997927352424,-0.00897445829077924,0.09776400833481723,2.866e-05,-7.134e-05,0.0,0.0,0.5,0,0,0,0,0
c_784,DOGEUSDT,1760932800000,0,train,control,,1.5978486162460077,1.2854122331160953,0,0.09467663351041168,0,0.912386014755075,4,0.012749932621559365,-0.010782647025506674,-0.027642538386108,0.28612856886479565,9.42e-05,0.00010902,0.0,0.0,0.5,0,0,0,0,0
c_785,DOGEUSDT,1716609600000,0,train,control,,0.45543234264853855,0.5270224152913451,0,0.062125760897241054,0,0.9393020594965674,4,-0.000847004538665872,0.002353989506050279,-0.0007354000697301909,0.06828708380647179,0.0001,0.0,0.0,0.0,0.5,0,0,0,0,0
c_786,DOGEUSDT,1726448400000,0,train,control,,1.7382603372470966,1.7296215307602663,2,-0.09380161390116158,0,0.943368382217303,1,-0.007763047689951911,-0.004314594018109569,-0.0208624914560658,0.08652161441634817,0.0001,3.6500000000000006e-05,0.0,0.0,0.5,0,0,0,0,0
c_787,DOGEUSDT,1739196000000,0,train,control,,1.0125706084582236,0.6386569352162118,0,0.05573531717814429,0,0.8680102476515799,14,0.008699395655542123,0.00014490676793728428,0.006617032421286823,0.14161273405214206,9.046e-05,2.4719999999999994e-05,0.0,0.0,0.5,0,0,0,0,0
c_788,DOGEUSDT,1749175200000,0,train,control,,0.5628378162687208,1.0947359958048881,0,0.11596670460879359,1,0.8183942023457613,2,-0.000443824748139246,-0.001795258719752721,0.014923745773086904,-0.06050128751600212,-6.883e-05,-0.00013378,0.0,0.0,0.5,0,0,0,0,0
c_789,DOGEUSDT,1761674400000,0,train,control,,0.6405200662643357,1.4836053429372587,1,0.003288822287845121,0,0.9652423012652184,18,-0.0004284620208316563,-0.0014635229962155073,-0.031574947640590656,0.1538427235602504,-3.8e-06,-0.00010071,0.0,0.0,0.5,0,0,0,0,0
p_158,DRIFTUSDT,1733360400000,1,train,main,32.7545,2.64979082125941,1.287164456417114,1,-0.010949048536959225,1,0.9535845588235293,1,-0.002973554218210726,0.030214002975075108,0.04911692081193168,-0.12083034561284878,0.00013245,-0.00052219,0.0,0.0,0.5,0,1,0,0,0
p_159,DRIFTUSDT,1735592400000,1,train,main,21.2738,0.3851943365731005,0.7317481191479933,0,-0.02459375601469123,0,0.8647122840429874,21,-0.0008569915254236671,-0.0058626091012426475,-0.024476489716909026,0.05408291381138504,5e-05,0.0,0.0,0.0,0.5,0,0,0,0,0
p_160,DRIFTUSDT,1738544400000,1,train,main,24.758,7.5108278538774345,4.03359615076993,3,-0.08568887628456673,0,0.6778177574637752,1,-0.012285938083950608,0.018738543239795798,0.043329166190311894,-0.024168371483620995,5e-05,0.0,0.0,0.0,0.5,0,0,0,0,0
p_161,DRIFTUSDT,1741050000000,1,train,main,18.0516,2.752012705998235,2.9150775332171603,2,-0.017710501414288815,0,0.8801126458361271,1,-0.002140552506186719,0.003836588783140478,0.0067385537486009655,0.006774686894216682,5e-05,0.0,0.0,0.0,0.5,0,1,0,0,0
p_162,DRIFTUSDT,1741975200000,1,train,main,19.8102,4.20726979367739,3.268203062994209,4,-0.13147709389421616,0,0.7187812902302959,18,-0.004937548974254815,-0.004693143519913367,0.02918862590674808,-0.02857646256629199,-5.71e-06,-5.571e-05,0.0,0.0,0.5,0,0,0,0,0
p_163,DRIFTUSDT,1742166000000,1,train,main,25.6912,1.4387501793546933,1.3324372027147744,0,-0.11392343816732671,0,0.9139061987536897,23,-0.00820511332799044,-0.00032843991345501744,-0.0030185351007667566,-0.04248221493174544,-0.00044035,-0.00011437999999999997,0.0,0.0,0.5,0,0,0,0,0
p_164,DRIFTUSDT,1745964000000,1,train,main,39.6001,1.8565431046019114,1.071930736361854,0,-0.12058156367599926,0,0.9470068694798821,22,-0.0010497685234029802,-0.002299354800282205,-0.006795887496943322,0.08620191001219682,5e-05,6.934000000000001e-05,0.0,0.0,0.5,0,0,0,0,0
p_165,DRIFTUSDT,1746594000000,1,train,main,20.2478,1.2577836786241838,3.2719523526026966,3,0.19289016055766145,0,0.7103268298744874,5,0.0007651331518302328,0.004697019321813569,0.005315777092588022,-0.04047174607784018,3.529e-05,0.00010074000000000001,0.0,0.0,0.5,0,0,0,0,0
p_166,DRIFTUSDT,1751097600000,1,train,main,16.6308,0.6845938173543944,0.993264810712263,0,-0.4409877384047827,1,0.8583848089681995,8,0.0006408095063345409,-0.0008596002383153204,0.006553847354321651,0.12321031180543837,-0.00012027,2.8159999999999988e-05,0.0,0.0,0.5,0,0,0,0,0
p_167,DRIFTUSDT,1753012800000,1,train,main,45.3857,0.9230290236288192,0.7835332652001273,0,-0.006164019595538923,0,0.9577437858508604,12,-9.161859518156524e-05,0.0034838400786260993,0.0022456907654378098,-0.05778859903544159,5e-05,0.0,0.0,0.0,0.5,0,0,0,0,0
p_168,DRIFTUSDT,1756260000000,1,train,main,27.9315,0.3241278134732911,0.4258364910133603,0,-0.12100898089522938,1,0.8789447320086826,2,-0.0005228748774792497,-0.0012670099707513453,-0.0027138866588572765,0.20427275878804738,5e-05,0.0,0.0,0.0,0.5,0,0,1,0,0
p_169,DRIFTUSDT,1757646000000,1,train,main,15.8883,0.4897824369928915,1.0001907907558802,0,0.09634454239926153,1,0.9577691811734365,3,2.6012425268469905e-05,-0.006043182284550187,-0.013601115306945544,-0.05855270737442869,5e-05,0.0,0.0,0.0,0.5,0,0,0,0,0
p_170,DRIFTUSDT,1758128400000,1,train,main,45.3915,1.2603486397048056,1.4753492254077958,1,0.028602167257570747,0,0.9220869083863825,17,-0.001990932880696894,0.002106830245235365,-0.0008943117593706956,0.0832360956782438,5e-05,0.0,0.0,0.0,0.5,0,0,0,0,0
p_171,DRIFTUSDT,1758682800000,1,train,main,19.5909,1.3490332449033244,1.2111385961138597,0,0.02639829592696098,1,0.731448402572216,3,-0.0028862596601616866,-0.005407001989138934,-0.018437752194179625,-0.010689006922641894,9.872e-05,-2.676999999999999e-05,0.0,0.0,0.5,0,0,0,0,0
p_172,DRIFTUSDT,1758898800000,1,train,main,22.4173,2.264668062825093,2.9255726065164693,2,-0.08621582379216321,0,0.738011823954456,15,-0.007522260728526352,-0.016346567456812563,-0.054006892390715495,-0.07135364512909362,5e-05,-5.461e-05,0.0,0.0,0.5,0,0,0,0,0
p_173,DRIFTUSDT,1759233600000,1,train,main,21.1031,1.1458682565464458,1.1251765238891647,0,0.03380131763259719,0,0.8585388552815263,12,0.0011268953236501583,-0.003128387422471002,-0.027883928273004645,-0.008885742765340258,5e-05,0.0,0.0,0.0,0.5,0,0,0,0,0
p_174,DRIFTUSDT,1768280400000,1,test,main,16.3506,1.6368202323532306,0.9745811135572996,0,0.17875264988286169,0,0.8241935483870967,5,0.001076811456223442,-0.030844093506167822,-0.033013690581377764,-0.04424904431908229,5e-05,0.0,0.0,0.0,0.5,0,0,0,0,0
p_175,DRIFTUSDT,1769382000000,1,test,main,15.5853,2.5866877601133558,2.678253225220146,3,-0.010346494806693491,0,0.7851929092805006,23,-0.00041606424031870515,0.022727042457162446,0.05205161994951896,-0.1290262818612426,-0.00082192,0.0014333700000000002,0.0,0.0,0.5,0,0,0,0,0
p_176,DRIFTUSDT,1770364800000,1,test,main,17.3859,1.5344686218524979,1.7690391141133601,1,0.013368700096996082,1,0.6544,8,-0.0021001545861587105,-0.009490623042914809,-0.015158986931202276,-0.15824506192338025,5e-05,1.2430000000000001e-05,0.0,0.0,0.5,0,1,0,0,0
p_177,DRIFTUSDT,1775102400000,1,test,main,42.5701,104.76872361404288,129.61750256915897,4,-0.0672020897437888,0,0.5060998616526223,4,-0.004238150538149515,0.028046414076524136,0.09203809571538063,-0.1379140824588938,-0.00208064,0.0016398000000000003,0.0,0.0,0.5,0,1,0,0,0
p_178,DRIFTUSDT,1775185200000,1,test,main,16.7699,95.78615362928734,102.17310885799158,4,-0.026468380803837906,0,0.5322408739674926,3,-0.0014174387002806976,-0.016793829960851495,0.05074330196157148,-0.08741882993627155,-0.00293107,-0.0015559600000000001,0.0,0.0,0.5,0,1,0,0,0
p_179,DRIFTUSDT,1775314800000,1,test,main,41.0006,95.38549895688311,56.18897011799081,4,-0.05747946045205833,0,0.4746651939803949,15,0.0001131457495906777,-0.005015161160767575,0.04050112051878891,-0.06276885633617413,-0.00082136,0.00145006,0.0,0.0,0.5,0,1,0,0,0
p_180,DRIFTUSDT,1775462400000,1,test,main,17.8607,20.976772553682963,27.068756479249505,4,0.04593856128981603,0,0.5657876570481846,8,0.0018996877841374622,-0.012187313508547643,-0.03901140331070384,-0.11305525811532285,-0.00161511,-0.0010168299999999998,0.0,0.0,0.5,0,1,0,0,0
p_181,DRIFTUSDT,1775581200000,1,test,main,66.9138,165.1371422074415,202.73691410136152,4,0.03648539784307962,0,0.3643517879331769,17,0.001009709649771684,0.007128773111988582,-0.055437032702682826,-0.12822824882107897,1.25e-05,-0.00011769999999999999,0.0,0.0,0.5,0,1,0,0,0
p_182,DRIFTUSDT,1775995200000,1,test,main,42.6887,33.62027487292608,21.46102079514712,4,-0.07755441148585641,0,0.7559187094070815,12,0.00026464620722770044,0.019858635753083727,-0.006277729859762295,-0.06562143760307694,0.00048379,0.00037312,0.0,0.0,0.5,0,1,0,1,0
p_183,DRIFTUSDT,1776103200000,1,test,main,23.2887,8.387394884685945,10.863760472209234,4,-0.18052899382868556,0,0.7485291326627443,18,-0.0007802398371336359,-6.718695042624923e-05,-0.0014454368161457272,-0.03433798500561888,5e-05,-3.828e-05,0.0,0.0,0.5,0,1,0,1,0
p_184,DRIFTUSDT,1776265200000,1,test,main,32.6253,3.218229193526349,2.5206534897605795,2,-0.05709964623649795,0,0.8039476181438603,15,0.0012564884794868123,0.013015552971488457,0.03736276978032768,-0.04099616762761906,5e-05,0.0,0.0,0.0,0.5,0,1,0,0,0
p_185,DRIFTUSDT,1777554000000,1,test,main,43.0525,1.4145391373200362,1.9563219696994942,1,-0.10238497372106,0,0.8386327503974561,13,0.0029737126954253465,0.008218420006725692,-0.15999975456338278,-0.03617739765730969,-0.00019347,2.9969999999999986e-05,0.0,0.0,0.5,0,0,0,0,0
p_186,DRIFTUSDT,1779692400000,1,test,main,41.713,6.801990263465073,2.6412155201120076,1,0.07103991817108425,0,0.998648191956742,7,0.00020809099134038803,0.05084628234448789,0.09648855021390086,0.0437403165723194,-8.541e-05,-0.00011237,0.0,0.0,0.5,0,0,0,0,0
p_187,DRIFTUSDT,1733439600000,1,train,fast,18.5222,2.986942766020318,2.0271765877665806,2,-0.0971535192175066,0,0.9184714105649134,23,-0.02376018131094767,0.0033406345114795994,0.03826612044872111,-0.12710614068159315,0.00034731,0.00029394999999999996,0.0,0.0,0.5,0,1,0,0,0
p_188,DRIFTUSDT,1745967600000,1,train,fast,21.1937,2.9624163452063823,1.5938689934070853,1,-0.2765732350640384,0,0.9326136735361465,23,-0.006096111985957366,0.0006341475318468215,-0.006247338473469558,0.08747491170313755,5e-05,6.934000000000001e-05,0.0,0.0,0.5,0,0,0,0,0
p_189,DRIFTUSDT,1751176800000,1,train,fast,10.4485,0.2335782386165305,0.43433187960248804,0,0.23373247499421784,0,0.9309273422562142,6,0.00037119871069073656,0.002078196670942311,0.0018180162820937828,0.13244879687143477,5e-05,0.0,0.0,0.0,0.5,0,0,0,0,0
p_190,DRIFTUSDT,1753063200000,1,train,fast,17.7213,5.153253587256524,5.209207996417942,2,-0.14804845248190127,0,0.989120240105046,2,-0.0005173724638522142,-0.019429573462650063,0.007138860057098301,-0.09720692642683193,5e-05,0.0,0.0,0.0,0.5,0,0,0,0,0
p_191,DRIFTUSDT,1756342800000,1,train,fast,12.3657,56.02932184287378,20.13264491242053,4,0.04457593888650349,1,0.8989130434782608,1,0.0008282753975227805,0.055282646155522634,0.035489458045283584,0.22951909494460737,5e-05,0.00012516,0.0,0.0,0.5,0,0,0,0,0
p_192,DRIFTUSDT,1758142800000,1,train,fast,10.8824,23.633328666267843,10.13310955663484,3,0.0681777118225422,0,0.9781550203974206,21,-0.0002258027677709877,0.028464840002902222,0.03837684240007188,0.07102005334662945,5e-05,0.0,0.0,0.0,0.5,0,0,0,0,0
p_193,DRIFTUSDT,1769382000000,1,test,fast,15.5853,2.5866877601133558,2.678253225220146,3,-0.010346494806693491,0,0.7851929092805006,23,-0.00041606424031870515,0.022727042457162446,0.05205161994951896,-0.1290262818612426,-0.00082192,0.0014333700000000002,0.0,0.0,0.5,0,0,0,0,0
p_194,DRIFTUSDT,1775124000000,1,test,fast,11.4227,269.06829623097434,288.5264662433341,4,-0.007883868842183516,1,0.5313910016759056,10,0.00015658358702898802,0.07042201737999289,0.09896577251573717,-0.12464005475720635,-0.00649324,0.0034781300000000003,0.0,0.0,0.5,0,1,0,0,0
p_195,DRIFTUSDT,1775628000000,1,test,fast,18.4095,171.53856047922844,159.6796091529515,4,-0.0012808530798150426,1,0.44429103962446503,6,0.0024186129743906633,-0.013235328436437307,-0.060264316098034273,-0.10610865828647639,0.00085431,0.0002776600000000001,0.0,0.0,0.5,0,1,0,0,0
p_196,DRIFTUSDT,1775890800000,1,test,fast,13.28,12.236158529606357,15.551445352956447,4,-0.05540120563109345,1,0.6050587532364071,7,0.0006535498073747937,0.0025786407042223884,0.01734240168982558,-0.05777449667547826,0.00040427,0.00025221,0.0,0.0,0.5,0,1,0,0,0
p_197,DRIFTUSDT,1776056400000,1,test,fast,13.8634,14.144991378960018,16.28656472359456,4,0.08464880918399378,0,0.9275547057573825,5,-0.0012756396522366684,0.01926388400958518,0.00010051224492146542,-0.036289197939957524,0.00024464,-0.00043096000000000003,0.0,0.0,0.5,0,1,0,1,0
p_198,DRIFTUSDT,1776337200000,1,test,fast,17.5312,3.738411536524903,7.4985518636449315,4,-0.10227573622619252,0,0.8996014423989371,11,-0.0039016238212307105,0.0014999387761369968,0.049373719216959794,-0.04741025550272152,5e-05,0.0,0.0,0.0,0.5,0,1,0,0,0
p_199,DRIFTUSDT,1779775200000,1,test,fast,14.7736,37.01438417582726,46.36247029253264,4,0.0029189070602179653,1,0.9515960230245946,6,0.0022603465604018142,-0.008030883291404686,0.20951665581978124,0.0018897066411667496,-0.00124571,-0.00129219,0.0,0.0,0.5,0,0,0,0,0
c_790,DRIFTUSDT,1731164400000,0,train,control,,,,0,-0.002687966258098307,0,0.725503355704698,15,-0.0008022888135023815,0.009646653082029947,0.019024150201804525,0.030082170187809947,-0.00759365,0.01240635,0.0,0.0,0.5,0,0,0,0,0
c_791,DRIFTUSDT,1737388800000,0,train,control,,0.7955456977706369,1.0100584261438645,0,0.062020473238864136,1,0.8129998431864512,16,-0.026962939625736114,-0.004937635503376818,-0.010081736892541642,0.020205736104318528,5e-05,0.0,0.0,0.0,0.5,0,0,0,0,0
c_792,DRIFTUSDT,1747278000000,0,train,control,,0.7734022321035783,0.8330617652433453,0,-0.018435262952300628,1,0.8828189019393609,3,9.613591870988249e-05,-0.0007448888118486882,-0.010027389184502208,0.06369514586870001,5e-05,0.0,0.0,0.0,0.5,0,0,0,0,0
c_793,DRIFTUSDT,1751817600000,0,train,control,,0.8930994313656627,1.5775102528820337,1,0.13415897553110626,0,0.9332717617178481,16,-0.00019563162839912626,-0.0028470393850161804,0.005979593055623035,-0.005465083994666626,5e-05,0.00024779,0.0,0.0,0.5,0,0,0,0,0
c_794,DRIFTUSDT,1760968800000,0,train,control,,0.6032515450574956,1.2295390401534314,1,-0.042039634292138084,1,0.8123148869836322,14,0.0027248177738627677,-0.01356019764022048,0.015369258260700683,-0.09724701371596735,5e-05,0.0,0.0,0.0,0.5,0,0,0,0,0
c_795,DRIFTUSDT,1732294800000,0,train,control,,0.38539916436693455,0.6222774375731045,0,-0.19005672775632165,0,0.7799335780457962,17,0.0021814350052940367,-0.025774831659614677,-0.020657946225618295,-0.07766410335000638,0.00023367,0.00018367,0.0,0.0,0.5,0,0,0,0,0
c_796,DRIFTUSDT,1738036800000,0,train,control,,0.872032833787026,1.1402549720518858,0,0.24088939199197276,1,0.8661049546661781,4,0.002374445107812511,0.0010502352753966404,0.013042082892996848,0.05733499051695191,5e-05,4.1700000000000024e-06,0.0,0.0,0.5,0,0,0,0,0
c_797,DRIFTUSDT,1747245600000,0,train,control,,1.4875343817724884,1.3026579526608355,0,0.1771369967779582,0,0.9034416826003824,18,-0.0010704731375123,0.0005650870886544824,-0.0044364844080724795,-0.07513221970483949,5e-05,0.0,0.0,0.0,0.5,0,0,0,0,0
c_798,DRIFTUSDT,1752314400000,0,train,control,,2.402910808909057,2.4828225296896766,4,0.1466839752799951,0,0.931981151403401,10,0.0021090817773977513,0.00755112101558915,0.0022454450277732524,0.017287822643305136,5e-05,0.0,0.0,0.0,0.5,0,0,0,0,0
c_799,DRIFTUSDT,1761868800000,0,train,control,,0.8238773934325389,1.1344902953917835,0,0.1897665100841268,0,0.7213483146067415,0,0.0037530583995542587,-0.006185871234428978,-0.03578996750465649,-0.05144273851012765,5e-05,0.0,0.0,0.0,0.5,0,0,0,0,0
c_800,DRIFTUSDT,1731164400000,0,train,control,,,,0,-0.002687966258098307,0,0.725503355704698,15,-0.0008022888135023815,0.009646653082029947,0.019024150201804525,0.030082170187809947,-0.00759365,0.01240635,0.0,0.0,0.5,0,0,0,0,0
c_801,DRIFTUSDT,1739736000000,0,train,control,,0.1990558648936671,0.4285751734409573,0,-0.04884611007154964,1,0.8939220183486238,20,0.0019932148076237883,0.0005479899885275361,-0.002067863514675431,-0.08890400241182524,5e-05,0.0,0.0,0.0,0.5,0,0,0,0,0
c_802,DRIFTUSDT,1744459200000,0,train,control,,0.3701238558767979,0.4631277543706717,0,-0.18726936008678055,0,0.9741577335375192,12,0.0010924191387996559,-0.0017733483560124432,-0.011299983499598655,-0.03506713347254778,5e-05,0.0,0.0,0.0,0.5,0,0,0,0,0
c_803,DRIFTUSDT,1752753600000,0,train,control,,18.11124916989233,6.516331183828309,3,0.018861260263329963,0,0.9847036328871893,12,-0.0030617453385075356,0.004219228852479461,-0.012165104376383436,-0.027830468383312077,5e-05,0.0,0.0,0.0,0.5,0,0,0,0,0
c_804,DRIFTUSDT,1761868800000,0,train,control,,0.8238773934325389,1.1344902953917835,0,0.1897665100841268,0,0.7213483146067415,0,0.0037530583995542587,-0.006185871234428978,-0.03578996750465649,-0.05144273851012765,5e-05,0.0,0.0,0.0,0.5,0,0,0,0,0
c_805,DRIFTUSDT,1731164400000,0,train,control,,,,0,-0.002687966258098307,0,0.725503355704698,15,-0.0008022888135023815,0.009646653082029947,0.019024150201804525,0.030082170187809947,-0.00759365,0.01240635,0.0,0.0,0.5,0,0,0,0,0
c_806,DRIFTUSDT,1736931600000,0,train,control,,0.5722317556205198,0.5511888715074308,0,0.06209636481411026,1,0.8200494863912423,9,-0.0009624312494022466,-0.006942428524018348,-0.01860543953072425,0.0047463110386703825,5e-05,0.0,0.0,0.0,0.5,0,0,0,0,0
c_807,DRIFTUSDT,1745028000000,0,train,control,,0.5884715720564136,0.6068277914636049,0,0.10560365773834982,0,0.9286531858069439,2,0.001290395970267674,-0.006211454952836469,-0.006582198323748971,0.0745570638404056,5e-05,0.0,0.0,0.0,0.5,0,0,0,0,0
c_808,DRIFTUSDT,1754560800000,0,train,control,,0.34948658732253024,0.4936625171185713,0,0.01305243956288508,0,0.8802321491382342,10,0.0009320070000599693,4.189564587233529e-05,-0.0019965961689008362,-0.23949052914512448,5e-05,0.0,0.0,0.0,0.5,0,0,0,0,0
c_809,DRIFTUSDT,1761868800000,0,train,control,,0.8238773934325389,1.1344902953917835,0,0.1897665100841268,0,0.7213483146067415,0,0.0037530583995542587,-0.006185871234428978,-0.03578996750465649,-0.05144273851012765,5e-05,0.0,0.0,0.0,0.5,0,0,0,0,0
c_810,DRIFTUSDT,1731164400000,0,train,control,,,,0,-0.002687966258098307,0,0.725503355704698,15,-0.0008022888135023815,0.009646653082029947,0.019024150201804525,0.030082170187809947,-0.00759365,0.01240635,0.0,0.0,0.5,0,0,0,0,0
c_811,DRIFTUSDT,1738033200000,0,train,control,,1.4935394809497515,1.1573163997791276,0,-0.20983003591918062,1,0.8744390511951643,3,0.010068140813820734,-0.0023847901017455156,0.011503773397298796,0.05916920000776633,5e-05,0.0,0.0,0.0,0.5,0,0,0,0,0
c_812,DRIFTUSDT,1747472400000,0,train,control,,1.499166861093323,0.661561932749888,0,0.07283346049721749,0,0.815897295820814,9,-0.00023210966407928867,0.04741219463867187,0.04789928656967851,0.03585426764804281,5e-05,0.0,0.0,0.0,0.5,0,0,0,0,0
c_813,DRIFTUSDT,1753434000000,0,train,control,,2.1020930586186752,2.1648796722814647,4,-0.038103464099166734,0,0.7446977730646872,9,-0.0008170785019880256,-0.003484259461331761,-0.011265267973179196,0.09415376757304407,5e-05,0.0,0.0,0.0,0.5,0,0,0,0,0
c_814,DRIFTUSDT,1761868800000,0,train,control,,0.8238773934325389,1.1344902953917835,0,0.1897665100841268,0,0.7213483146067415,0,0.0037530583995542587,-0.006185871234428978,-0.03578996750465649,-0.05144273851012765,5e-05,0.0,0.0,0.0,0.5,0,0,0,0,0
c_815,DRIFTUSDT,1731448800000,0,train,control,,,,0,-0.012941553940590649,1,0.6581975071907958,22,-0.013533579208811328,-0.004933364205529185,-0.02360944374636518,0.0031076746541692686,0.00027272,0.00022272,0.0,0.0,0.5,0,0,0,0,0
c_816,DRIFTUSDT,1739494800000,0,train,control,,1.4278026146146974,0.5930066493120705,0,-0.040025495582577786,1,0.9040137614678899,1,0.0015327162424425696,-0.004982849070389588,-0.006265336687412607,-0.08364564468469773,5e-05,0.0,0.0,0.0,0.5,0,0,0,0,0
c_817,DRIFTUSDT,1744765200000,0,train,control,,0.9169439394048278,0.4609081370865163,0,0.08188426644498248,0,0.8948874475391072,1,-0.006022100570873605,0.003909150434910822,-0.0008843397804476861,0.12466197027539806,5e-05,0.0,0.0,0.0,0.5,0,0,0,0,0
c_818,DRIFTUSDT,1754341200000,0,train,control,,0.4093163550492803,0.6602389762179466,0,-0.46245889954341446,1,0.8703734439834024,21,0.00026934207314942103,0.0002965565982382892,0.01060473205589801,-0.17442951494855438,5e-05,0.0,0.0,0.0,0.5,0,0,0,0,0
c_819,DRIFTUSDT,1761789600000,0,train,control,,0.6001101381430773,0.8493289115869707,0,-0.07871413515811987,1,0.7812734082397004,2,-0.0008217469725230881,0.0019227557137074718,-0.011103058110582755,0.005126953577939519,5e-05,0.0,0.0,0.0,0.5,0,0,0,0,0
c_820,DRIFTUSDT,1731164400000,0,train,control,,,,0,-0.002687966258098307,0,0.725503355704698,15,-0.0008022888135023815,0.009646653082029947,0.019024150201804525,0.030082170187809947,-0.00759365,0.01240635,0.0,0.0,0.5,0,0,0,0,0
c_821,DRIFTUSDT,1738087200000,0,train,control,,0.4475323253592055,0.6553036830738127,0,0.08119160751502627,0,0.85740452422383,18,0.0030661821824876792,0.00691576816117792,-0.006755021648593233,0.05882335265312537,5e-05,7.496e-05,0.0,0.0,0.5,0,0,0,0,0
c_822,DRIFTUSDT,1745776800000,0,train,control,,0.6621514607143187,3.821632931011638,2,0.11201215548148316,0,0.9486432343835367,18,0.0017669463798913713,-0.009081444209201558,-0.00711567382250024,0.14939799961524153,5e-05,0.0,0.0,0.0,0.5,0,0,0,0,0
c_823,DRIFTUSDT,1753902000000,0,train,control,,1.7091697209708716,0.960548885888169,0,-0.0652009314212891,0,0.8119094045297736,19,-0.010795078646704327,9.400435163928346e-06,-0.009493800693601588,0.007757350839153784,5e-05,0.0,0.0,0.0,0.5,0,0,0,0,0
c_824,DRIFTUSDT,1761138000000,0,train,control,,1.158975476867691,0.9803330013457896,0,0.13730493370582983,0,0.8128714552555613,13,0.004420395212354754,0.0036031010591348004,0.019027268089610732,-0.11097187786071327,5e-05,0.0,0.0,0.0,0.5,0,0,0,0,0
c_825,DRIFTUSDT,1732057200000,0,train,control,,0.2844314508133406,0.23323565091087503,0,-0.09731175508150372,0,0.814251587717765,23,-0.004132737635124493,-0.012537064836558986,-0.018638060865575134,-0.11726148560045616,5e-05,0.0,0.0,0.0,0.5,0,0,0,0,0
c_826,DRIFTUSDT,1739282400000,0,train,control,,2.5685672296405158,2.891355327967668,3,0.005639568166354292,1,0.9240825688073394,14,-0.010185600176820487,0.00846300669267028,0.010790692570112443,-0.11052949837168444,-0.00012891,-0.00017891,0.0,0.0,0.5,0,0,0,0,0
c_827,DRIFTUSDT,1747112400000,0,train,control,,0.774459331438625,1.8548436865611044,2,0.12435883897526931,0,0.900027314941273,5,0.010019541449607773,2.5834849505908503e-05,-0.0012606279528852777,-0.09378425721485467,5e-05,0.0,0.0,0.0,0.5,0,0,0,0,0
c_828,DRIFTUSDT,1753315200000,0,train,control,,1.2411905832055035,2.912046816463605,2,0.1193810315122395,1,0.7849946977730646,0,0.0014813827476276012,-2.9470105469926996e-05,0.002531393210619785,0.09767191225270502,5e-05,0.0,0.0,0.0,0.5,0,0,0,0,0
c_829,DRIFTUSDT,1761796800000,0,train,control,,0.42440628341897285,0.6016588852082736,0,-0.0957640646033823,0,0.7846441947565542,4,-0.002085177659300207,0.0005924930685122769,-0.0040216829755490525,0.0019178430391182388,5e-05,0.0,0.0,0.0,0.5,0,0,0,0,0
c_830,DRIFTUSDT,1731999600000,0,train,control,,0.2616065664738185,0.3995464158538094,0,-0.11070472616555428,0,0.8457146186564121,7,0.0009733974289256738,0.0008748414910860195,0.025765449144466632,-0.1022868504736004,5e-05,0.0,0.0,0.0,0.5,0,0,0,0,0
c_831,DRIFTUSDT,1738141200000,0,train,control,,0.305086805414908,0.623688602282946,0,0.030483751379063107,1,0.8429858429858429,9,-0.00017717516588265447,0.0004436220761171231,0.0074130031411730555,0.03272268739694402,5e-05,0.0,0.0,0.0,0.5,0,0,0,0,0
c_832,DRIFTUSDT,1745247600000,0,train,control,,5.290918359344365,2.502743657360207,2,0.025461310773640614,0,0.9910731244064579,15,0.013338942954293186,-0.006160193220075276,-0.004873115087838244,0.05038210668600475,5e-05,0.0,0.0,0.0,0.5,0,0,0,0,0
c_833,DRIFTUSDT,1752786000000,0,train,control,,3.882743869407632,2.41325651593591,2,0.14329517116714,0,0.9326959847036329,21,0.0040353496630483035,-0.009635404340281086,-0.015856699691372187,-0.032108551135258054,5e-05,0.0,0.0,0.0,0.5,0,0,0,0,0
c_834,DRIFTUSDT,1761692400000,0,train,control,,0.7990197964978145,2.8439096610522263,2,0.0900584815032017,0,0.7687265917602996,23,0.002025049696508158,-0.008894021155286817,-0.01575136263603354,-0.10651616414658704,5e-05,0.0,0.0,0.0,0.5,0,0,0,0,0
c_835,DRIFTUSDT,1731164400000,0,train,control,,,,0,-0.002687966258098307,0,0.725503355704698,15,-0.0008022888135023815,0.009646653082029947,0.019024150201804525,0.030082170187809947,-0.00759365,0.01240635,0.0,0.0,0.5,0,0,0,0,0
c_836,DRIFTUSDT,1736902800000,0,train,control,,0.9715996389215885,0.6736665554905767,0,0.08368407382369095,1,0.7920193470374849,1,0.0034927249574936703,-0.003450928416478537,0.008891779862341891,0.003568569800561588,5e-05,0.0,0.0,0.0,0.5,0,0,0,0,0
c_837,DRIFTUSDT,1745787600000,0,train,control,,0.5036611202656326,0.622680051540644,0,-0.07547359649003978,0,0.9484611181934074,21,-0.0018805177303687192,-0.0029044639101187173,-0.011238604950268332,0.14675584643780487,9.48e-06,-4.052e-05,0.0,0.0,0.5,0,0,0,0,0
c_838,DRIFTUSDT,1752094800000,0,train,control,,1.3668663404819608,1.1684338561433993,0,-0.04938309496815401,1,0.9172285514996513,21,-0.009335939877621314,-0.010469761212270867,-0.025020768963661434,-0.0112546433595547,-0.00017189,-0.00022189,0.0,0.0,0.5,0,0,0,0,0
c_839,DRIFTUSDT,1761868800000,0,train,control,,0.8238773934325389,1.1344902953917835,0,0.1897665100841268,0,0.7213483146067415,0,0.0037530583995542587,-0.006185871234428978,-0.03578996750465649,-0.05144273851012765,5e-05,0.0,0.0,0.0,0.5,0,0,0,0,0
c_840,DRIFTUSDT,1732006800000,0,train,control,,0.2571542507238824,0.3342213354704474,0,0.0025408675343364263,0,0.8377323311775331,9,0.0016805531320887041,0.006792195229809135,0.013765347838654053,-0.10264634533537542,5e-05,0.00022998,0.0,0.0,0.5,0,0,0,0,0
c_841,DRIFTUSDT,1737360000000,0,train,control,,4.422140393745534,2.2413866285275583,2,-0.01049953117127878,1,0.8482044848674926,8,-0.003488480205292198,-0.001974372638265828,-0.02740272522733804,0.004140800565910055,5e-05,0.0,0.0,0.0,0.5,0,0,0,0,0
c_842,DRIFTUSDT,1747429200000,0,train,control,,0.43605823962931156,0.47310544781534813,0,0.12600482287919126,1,0.8447145588636985,21,-0.0031661670239664713,0.0005980744700145846,0.0018185899041413358,0.005752291379620245,5e-05,0.0,0.0,0.0,0.5,0,0,0,0,0
c_843,DRIFTUSDT,1751965200000,0,train,control,,1.476476095511391,1.2516022591473392,0,-0.09800509303786206,0,0.935131364798884,9,-0.002145873274517751,-0.01291738315702074,-0.012536373609202026,0.04327558344900293,5e-05,0.0,0.0,0.0,0.5,0,0,0,0,0
c_844,DRIFTUSDT,1760965200000,0,train,control,,3.34176589407982,1.1666092017039207,1,0.03846946339550345,0,0.8048324240062354,13,-0.0015598880773546409,0.017920100330979287,0.023360535365217844,-0.10541883645453126,5e-05,0.0,0.0,0.0,0.5,0,0,0,0,0
c_845,DRIFTUSDT,1731387600000,0,train,control,,,,0,0.04181607861769141,1,0.7060402684563759,5,0.004138630508105253,-0.010122483055932602,0.001348242579067016,0.007141842875172021,0.00025298,0.00183243,0.0,0.0,0.5,0,0,0,0,0
c_846,DRIFTUSDT,1737950400000,0,train,control,,0.860291664822596,3.2257519019249457,2,-0.17535592388254825,0,0.8681248865492831,4,0.0040469305245555065,-0.010103541363736682,-0.03042894448143974,0.08425096369005,-1.232e-05,-6.232e-05,0.0,0.0,0.5,0,0,0,0,0
c_847,DRIFTUSDT,1745485200000,0,train,control,,4.905675335458125,2.4135281356295364,2,-0.05746901551739713,0,0.9253234750462107,9,-0.0019584228457348698,-0.0013903610492167304,-0.0014622377646520105,0.0767199881806312,5e-05,0.0,0.0,0.0,0.5,0,0,0,0,0
c_848,DRIFTUSDT,1754467200000,0,train,control,,0.6087036901894962,0.7140378019411807,0,0.05902098682978707,0,0.8851565247977489,8,0.0012013096906232955,-0.0049688061913276335,0.0014140508657236363,-0.2055623674925356,5e-05,0.0,0.0,0.0,0.5,0,0,0,0,0
c_849,DRIFTUSDT,1761868800000,0,train,control,,0.8238773934325389,1.1344902953917835,0,0.1897665100841268,0,0.7213483146067415,0,0.0037530583995542587,-0.006185871234428978,-0.03578996750465649,-0.05144273851012765,5e-05,0.0,0.0,0.0,0.5,0,0,0,0,0
c_850,DRIFTUSDT,1732233600000,0,train,control,,0.14296728522360178,0.13813631696090267,0,-0.07754366638274784,1,0.8036473809939987,0,-0.0002571344650637898,-0.0025896450438414416,-0.004083719087371727,-0.08260033085841606,5e-05,-5.039999999999999e-06,0.0,0.0,0.5,0,0,0,0,0
c_851,DRIFTUSDT,1738832400000,0,train,control,,1.2510621958447066,0.7166716750557184,0,-0.0815344385854408,0,0.7474162877221991,9,-0.000764020540946917,0.00022544068726695394,-0.004466207332699783,-0.05686704172856062,5e-05,1.8640000000000004e-05,0.0,0.0,0.5,0,0,0,0,0
c_852,DRIFTUSDT,1744506000000,0,train,control,,0.6569104354220621,0.4031228161525918,0,-0.12173698898900713,0,0.9845478824876002,1,0.002724143513793142,-0.0012756887029659735,-0.01416042846461271,-0.03545384555530002,5e-05,0.0,0.0,0.0,0.5,0,0,0,0,0
c_853,DRIFTUSDT,1754319600000,0,train,control,,1.2132719959536598,0.6317536549531539,0,0.07138614897494319,0,0.8602489626556016,15,-0.001597456605330717,-0.0030687458278145165,0.005791571804015621,-0.15902942040684453,5e-05,0.0,0.0,0.0,0.5,0,0,0,0,0
c_854,DRIFTUSDT,1761159600000,0,train,control,,0.45704264137771605,0.8111609695145551,0,-0.01581439239436162,1,0.7964000679232467,19,0.00226835240023991,0.008089218436623326,0.03407679061241259,-0.12027575516548394,5e-05,0.0,0.0,0.0,0.5,0,0,0,0,0
c_855,DRIFTUSDT,1732334400000,0,train,control,,0.27147695029207614,0.4150665928091246,0,0.07755446940026371,0,0.7875662762920235,4,0.0017680181551716222,0.0025164776152795496,0.023614154131253902,-0.10762972551026245,0.00086128,0.0008112799999999999,0.0,0.0,0.5,0,0,0,0,0
c_856,DRIFTUSDT,1737406800000,0,train,control,,0.37200816323628955,1.3967576068251073,1,0.0369409511673547,1,0.7988082170299513,21,-0.0003993278945002149,-0.0009093565387626909,-0.005912122998449131,0.019339179337592004,5e-05,8.721e-05,0.0,0.0,0.5,0,0,0,0,0
c_857,DRIFTUSDT,1745233200000,0,train,control,,0.4786811795358804,0.77963936981031,0,0.33310625802891264,0,0.9891710966725732,11,-0.0019240134715237816,0.004018550324106571,0.0046597243202205,0.0781855480953181,5e-05,0.0,0.0,0.0,0.5,0,0,0,0,0
c_858,DRIFTUSDT,1754060400000,0,train,control,,1.3625259272085561,1.1195506810152045,0,-0.007683857194921351,1,0.776661166941653,15,0.011058162962677826,0.0018067323640028432,-0.0039617450258539995,-0.10342500934751686,5e-05,0.0,0.0,0.0,0.5,0,0,0,0,0
c_859,DRIFTUSDT,1761868800000,0,train,control,,0.8238773934325389,1.1344902953917835,0,0.1897665100841268,0,0.7213483146067415,0,0.0037530583995542587,-0.006185871234428978,-0.03578996750465649,-0.05144273851012765,5e-05,0.0,0.0,0.0,0.5,0,0,0,0,0
c_860,DRIFTUSDT,1731164400000,0,train,control,,,,0,-0.002687966258098307,0,0.725503355704698,15,-0.0008022888135023815,0.009646653082029947,0.019024150201804525,0.030082170187809947,-0.00759365,0.01240635,0.0,0.0,0.5,0,0,0,0,0
c_861,DRIFTUSDT,1737025200000,0,train,control,,0.45443896926268035,0.7047860975739728,0,-0.1741353717676042,1,0.9279411764705882,11,0.0005943125599735452,0.008625793981845797,0.03458384766431819,-0.00456685215025213,5e-05,0.0,0.0,0.0,0.5,0,0,0,0,0
c_862,DRIFTUSDT,1745136000000,0,train,control,,0.6294530640547803,0.6779492068995406,0,-0.11820367312652508,0,0.9559736229635377,8,-0.0020433400070663057,-0.005955347878165412,-0.004789436843387389,0.08512477249648838,5e-05,0.0,0.0,0.0,0.5,0,0,0,0,0
c_863,DRIFTUSDT,1754575200000,0,train,control,,1.3803317969154791,1.1791450056146988,0,0.15652816994571372,1,0.9322337755467911,14,0.002294457368139574,0.0025091472247601152,0.020838876725402404,-0.16454470797016468,5e-05,0.0,0.0,0.0,0.5,0,0,0,0,0
c_864,DRIFTUSDT,1761868800000,0,train,control,,0.8238773934325389,1.1344902953917835,0,0.1897665100841268,0,0.7213483146067415,0,0.0037530583995542587,-0.006185871234428978,-0.03578996750465649,-0.05144273851012765,5e-05,0.0,0.0,0.0,0.5,0,0,0,0,0
c_865,DRIFTUSDT,1731348000000,0,train,control,,,,0,-0.008664679600245067,1,0.753163950143816,18,0.004457467147541347,0.0020053948796351796,0.0001105615871827375,0.021212795173857348,-0.00204239,-0.00174122,0.0,0.0,0.5,0,0,0,0,0
c_866,DRIFTUSDT,1737529200000,0,train,control,,0.36505029946329953,0.3625180412593879,0,0.09241291783004257,1,0.8169201819037165,7,-0.0029202799532150126,-0.0026079806902970155,-0.004210390478740224,0.019010629789752136,5e-05,0.0,0.0,0.0,0.5,0,0,0,0,0
c_867,DRIFTUSDT,1747260000000,0,train,control,,0.9928083861530961,0.6174232420499486,0,0.044825636806078754,0,0.9104069926249658,22,0.000937195351124586,0.0008492846516215849,-0.002665112509848652,-0.07210870338831274,5e-05,0.0,0.0,0.0,0.5,0,0,0,0,0
c_868,DRIFTUSDT,1753862400000,0,train,control,,1.2419916711110102,1.0994176018700286,0,-0.060525828523136954,0,0.8348582570871457,8,-0.001305001632309137,-0.003917249963320918,-0.0015585201982795318,-0.02615053290570047,5e-05,0.0,0.0,0.0,0.5,0,0,0,0,0
c_869,DRIFTUSDT,1761868800000,0,train,control,,0.8238773934325389,1.1344902953917835,0,0.1897665100841268,0,0.7213483146067415,0,0.0037530583995542587,-0.006185871234428978,-0.03578996750465649,-0.05144273851012765,5e-05,0.0,0.0,0.0,0.5,0,0,0,0,0
c_870,DRIFTUSDT,1761958800000,0,test,control,,1.5422601490707988,0.8483680316300605,0,0.18599167815349113,0,0.747565543071161,1,0.0012085000269264957,-0.020310144584498677,0.006400007444328268,-0.04446724086351169,-9.916e-05,-0.00014916000000000002,0.0,0.0,0.5,0,0,0,0,0
c_871,DRIFTUSDT,1765220400000,0,test,control,,2.0989074608505893,1.8120866589402054,2,-0.14221180796942395,0,0.9621643612693247,19,-0.0037533767643143858,-0.021588690990478165,-0.029063585870363978,-0.057971365145313106,5e-05,0.0,0.0,0.0,0.5,0,0,0,0,0
c_872,DRIFTUSDT,1769760000000,0,test,control,,1.5546119020815226,1.9656083683356973,1,0.015109622252600638,0,0.6542669584245077,8,0.0025351014040561975,0.04898767798277359,-0.002443469841089024,-0.05347757577076977,-0.00016001,0.00056171,0.0,0.0,0.5,0,0,0,0,0
c_873,DRIFTUSDT,1774238400000,0,test,control,,0.6102297259148713,0.8402147273488331,0,0.03238751636119279,1,0.8461291358817862,4,-0.003475273276861803,-0.0010525284794743923,0.008317494772836883,0.05354082501647357,5e-05,2.6670000000000004e-05,0.0,0.0,0.5,0,0,0,0,0
c_874,DRIFTUSDT,1779516000000,0,test,control,,0.6486310860337385,0.9693576411451971,0,-0.07699715243551031,0,0.9130434782608695,6,-0.0007681508754271184,-0.00012876471193581847,-0.03496439054549291,-0.10792905705490785,5e-05,0.0,0.0,0.0,0.5,0,0,0,0,0
c_875,DRIFTUSDT,1761958800000,0,test,control,,1.5422601490707988,0.8483680316300605,0,0.18599167815349113,0,0.747565543071161,1,0.0012085000269264957,-0.020310144584498677,0.006400007444328268,-0.04446724086351169,-9.916e-05,-0.00014916000000000002,0.0,0.0,0.5,0,0,0,0,0
c_876,DRIFTUSDT,1764957600000,0,test,control,,1.5882179000666394,1.6003570885232412,0,0.04761307231121917,1,0.8876013904982618,18,0.00587893980790359,-0.0019259998903895517,-0.014139558231398286,-0.07813688474735178,5e-05,0.0,0.0,0.0,0.5,0,0,0,0,0
c_877,DRIFTUSDT,1769191200000,0,test,control,,2.1039358321142108,1.5855354890783433,1,-0.071106089237207,1,0.7589545014520813,18,0.005517379189378212,0.03635257659903893,0.06811867742359107,-0.062482051477640486,-0.0002499,-0.00018999000000000002,0.0,0.0,0.5,0,0,0,0,0
c_878,DRIFTUSDT,1774238400000,0,test,control,,0.6102297259148713,0.8402147273488331,0,0.03238751636119279,1,0.8461291358817862,4,-0.003475273276861803,-0.0010525284794743923,0.008317494772836883,0.05354082501647357,5e-05,2.6670000000000004e-05,0.0,0.0,0.5,0,0,0,0,0
c_879,DRIFTUSDT,1779516000000,0,test,control,,0.6486310860337385,0.9693576411451971,0,-0.07699715243551031,0,0.9130434782608695,6,-0.0007681508754271184,-0.00012876471193581847,-0.03496439054549291,-0.10792905705490785,5e-05,0.0,0.0,0.0,0.5,0,0,0,0,0
c_880,DRIFTUSDT,1761958800000,0,test,control,,1.5422601490707988,0.8483680316300605,0,0.18599167815349113,0,0.747565543071161,1,0.0012085000269264957,-0.020310144584498677,0.006400007444328268,-0.04446724086351169,-9.916e-05,-0.00014916000000000002,0.0,0.0,0.5,0,0,0,0,0
c_881,DRIFTUSDT,1765130400000,0,test,control,,1.0345887304164558,1.4163351532126767,0,0.002581190805362957,0,0.9133089133089133,18,0.011740770378845402,0.0030412708849421634,-0.0015935325478012618,-0.02736839352290977,5e-05,0.0,0.0,0.0,0.5,0,0,0,0,0
c_882,DRIFTUSDT,1770771600000,0,test,control,,0.8444746172926954,0.5066029776011891,0,0.33050895362556443,1,0.7578849721706864,1,0.005108618086106739,0.0005351443021442215,-0.007843951773303095,-0.11663672997654395,5e-05,0.0,0.0,0.0,0.5,0,0,0,0,0
c_883,DRIFTUSDT,1773234000000,0,test,control,,0.6259863442586966,0.5535502616772763,0,0.04422950700898669,0,0.8818280739934712,13,0.002530949901654518,0.0025360808858148703,0.022710406254157066,-0.13143239336942014,4.161e-05,0.0002733,0.0,0.0,0.5,0,0,0,0,0
c_884,DRIFTUSDT,1778814000000,0,test,control,,4.331881087157085,1.858012929748133,1,-0.2706241184554215,0,0.8349617111169791,3,0.0020951486026381627,0.07594908899404329,0.07868793762548518,0.1352044135654214,-1.92e-05,-4.6649999999999996e-05,0.0,0.0,0.5,0,0,0,0,0
c_885,DRIFTUSDT,1761958800000,0,test,control,,1.5422601490707988,0.8483680316300605,0,0.18599167815349113,0,0.747565543071161,1,0.0012085000269264957,-0.020310144584498677,0.006400007444328268,-0.04446724086351169,-9.916e-05,-0.00014916000000000002,0.0,0.0,0.5,0,0,0,0,0
c_886,DRIFTUSDT,1766008800000,0,test,control,,1.0404648475206166,2.1426640554806515,2,0.043553783154579966,1,0.644155844155844,22,0.0010634245999345746,-2.428795271595108e-05,0.005524296622135122,-0.3943896832699455,-7.835e-05,-0.00012835,0.0,0.0,0.5,0,0,0,0,0
c_887,DRIFTUSDT,1770883200000,0,test,control,,0.8732121333165146,0.7367721078781763,0,0.1478224528636723,0,0.888,8,0.00127280125074325,0.014044985074211239,-0.023815064944793966,-0.16101259522232242,-5.409e-05,7.776000000000001e-05,0.0,0.0,0.5,0,0,0,0,0
c_888,DRIFTUSDT,1773622800000,0,test,control,,0.6305852371970891,0.8910388983345146,0,0.037138806591712814,1,0.9558107167710507,1,-0.003867879289189587,0.013221844655683334,0.043947314107146924,0.06945777238418249,5e-05,0.0,0.0,0.0,0.5,0,0,0,0,0
c_889,DRIFTUSDT,1779516000000,0,test,control,,0.6486310860337385,0.9693576411451971,0,-0.07699715243551031,0,0.9130434782608695,6,-0.0007681508754271184,-0.00012876471193581847,-0.03496439054549291,-0.10792905705490785,5e-05,0.0,0.0,0.0,0.5,0,0,0,0,0
c_890,DRIFTUSDT,1762668000000,0,test,control,,0.3529152886570735,1.3564024648928066,1,-0.009946052425478337,1,0.8298435619735259,6,0.0020270708874851858,-0.005119808278145275,0.008202979163694075,0.02918119666406252,5e-05,0.0,0.0,0.0,0.5,0,0,0,0,0
c_891,DRIFTUSDT,1765393200000,0,test,control,,1.0440926802190513,1.0910479383055227,0,0.2580173294715993,1,0.9108950992304576,19,0.0010828511036418448,0.0005770760460417933,0.01050793065855943,0.14242571596825448,5e-05,0.0,0.0,0.0,0.5,0,0,0,0,0
c_892,DRIFTUSDT,1770703200000,0,test,control,,0.668571351273441,1.191917109369789,0,0.007318040952550458,1,0.7667560321715818,6,-0.005518585110421803,-0.014656597444438847,-0.028644435892134806,-0.1080096260628504,-0.00015089,-0.00016863,0.0,0.0,0.5,0,0,0,0,0
c_893,DRIFTUSDT,1774018800000,0,test,control,,1.423843510796586,1.184924748012481,0,-0.12811516021247485,0,0.9222614840989399,15,-0.0017914654072469975,0.008065006808084951,0.011661203181341543,0.04891057740467757,5e-05,0.0,0.0,0.0,0.5,0,0,0,0,0
c_894,DRIFTUSDT,1779516000000,0,test,control,,0.6486310860337385,0.9693576411451971,0,-0.07699715243551031,0,0.9130434782608695,6,-0.0007681508754271184,-0.00012876471193581847,-0.03496439054549291,-0.10792905705490785,5e-05,0.0,0.0,0.0,0.5,0,0,0,0,0
c_895,DRIFTUSDT,1762016400000,0,test,control,,1.144588608033721,0.995332496776251,0,0.1404538368754522,0,0.7765917602996254,17,0.001455740060152449,-0.002043037347309348,-0.0031506505432326577,-0.037008475838505736,5e-05,2.4330000000000003e-05,0.0,0.0,0.5,0,0,0,0,0
c_896,DRIFTUSDT,1765483200000,0,test,control,,2.0019470195541,1.811690400225467,1,-0.04101113293301731,1,0.8157148643175374,20,0.0014957328594640492,-0.0019491888610590976,0.004365833384652594,0.15189804786960381,-0.00011746,3.167e-05,0.0,0.0,0.5,0,0,0,0,0
c_897,DRIFTUSDT,1768896000000,0,test,control,,2.8449868423376485,3.0774686589988955,3,0.17444215424190382,0,0.7729912875121007,8,0.0026580266132714943,-0.03042149031965233,-0.04234169497150021,-0.07042129238315724,5e-05,0.00028054,0.0,0.0,0.5,0,0,0,0,0
c_898,DRIFTUSDT,1773763200000,0,test,control,,0.865791183082724,0.8481344486001228,0,-0.12134206512411146,1,0.9363957597173145,16,-0.006210637044290937,-0.004827348069711503,-0.014918902611790462,0.08539695140054,5e-05,0.0,0.0,0.0,0.5,0,0,0,0,0
c_899,DRIFTUSDT,1779285600000,0,test,control,,0.8853260602822935,0.6449549954546691,0,-0.10306875330167137,0,0.824679113185531,14,-0.005347324791017348,-0.027233174674299743,-0.008162902481230477,0.041250119161440085,-5.23e-06,-7.53e-06,0.0,0.0,0.5,0,0,0,0,0
c_900,DRIFTUSDT,1762178400000,0,test,control,,2.656250056690885,1.573349388191969,1,-0.030140986909474036,0,0.739023892178885,14,0.001279275733123428,0.07362240085889551,0.07820316114893185,-0.039533407063233536,-9.516e-05,6.758e-05,0.0,0.0,0.5,0,0,0,0,0
c_901,DRIFTUSDT,1765386000000,0,test,control,,1.706780752198916,0.754969854623596,0,0.12626184331390322,1,0.9104900769542325,17,0.0011399472733634223,0.02293592215235693,0.01500044739543695,0.1380035374967419,5e-05,0.0,0.0,0.0,0.5,0,0,0,0,0
c_902,DRIFTUSDT,1769011200000,0,test,control,,1.9400461152841952,2.5530526531345643,2,-0.13383280867093464,0,0.7478218780251694,16,0.005363447669618851,0.014785005359206002,0.04908881801054426,-0.14731110469420966,-0.00034559,0.00010711999999999999,0.0,0.0,0.5,0,0,0,0,0
c_903,DRIFTUSDT,1774364400000,0,test,control,,0.8090649686120206,0.7413972156309134,0,0.07751248311657327,0,0.8633117239863752,15,-0.00313128862374576,-0.0016474734092262273,0.0036452020846783183,-0.1749575138535266,5e-05,0.0,0.0,0.0,0.5,0,0,0,0,0
c_904,DRIFTUSDT,1779516000000,0,test,control,,0.6486310860337385,0.9693576411451971,0,-0.07699715243551031,0,0.9130434782608695,6,-0.0007681508754271184,-0.00012876471193581847,-0.03496439054549291,-0.10792905705490785,5e-05,0.0,0.0,0.0,0.5,0,0,0,0,0
c_905,DRIFTUSDT,1761958800000,0,test,control,,1.5422601490707988,0.8483680316300605,0,0.18599167815349113,0,0.747565543071161,1,0.0012085000269264957,-0.020310144584498677,0.006400007444328268,-0.04446724086351169,-9.916e-05,-0.00014916000000000002,0.0,0.0,0.5,0,0,0,0,0
c_906,DRIFTUSDT,1765288800000,0,test,control,,0.3846804429331241,0.47797486703287123,0,0.4062393107875505,1,0.9316517493897478,14,-0.001631454711943829,0.004510579090721084,0.012097491492035496,-0.03854456313343872,5e-05,0.0,0.0,0.0,0.5,0,0,0,0,0
c_907,DRIFTUSDT,1769184000000,0,test,control,,1.3254159309892548,1.4080048428593048,0,-0.0011485209167968993,1,0.7415295256534365,16,0.00826290235569139,0.00204932395804484,0.04232345871979002,0.0193583805833724,-0.00019067,-0.00024066999999999998,0.0,0.0,0.5,0,0,0,0,0
c_908,DRIFTUSDT,1773612000000,0,test,control,,0.6067641868349064,0.5023650641807673,0,-0.07117074408958965,1,0.9515193690559035,22,0.005363362584234085,0.0077226237160285625,0.01657541359566127,0.08366778883115433,5e-05,0.0,0.0,0.0,0.5,0,0,0,0,0
c_909,DRIFTUSDT,1779516000000,0,test,control,,0.6486310860337385,0.9693576411451971,0,-0.07699715243551031,0,0.9130434782608695,6,-0.0007681508754271184,-0.00012876471193581847,-0.03496439054549291,-0.10792905705490785,5e-05,0.0,0.0,0.0,0.5,0,0,0,0,0
c_910,DRIFTUSDT,1762290000000,0,test,control,,8.567408652586106,5.13410243201475,4,-0.017985798821444313,1,0.779401530967293,21,0.00202075477329943,0.035339977067822666,0.052920350118075235,0.032418716679636396,-0.00011259,-6.451e-05,0.0,0.0,0.5,0,0,0,0,0
c_911,DRIFTUSDT,1765836000000,0,test,control,,1.2730978593068252,1.4283786877557507,0,-0.32781117741370297,1,0.6751721344673957,22,0.0052050296630723756,0.014024483883553172,0.016066398471406586,-0.1473937729731734,5e-05,0.0,0.0,0.0,0.5,0,0,0,0,0
c_912,DRIFTUSDT,1770688800000,0,test,control,,4.531051439978577,2.7392514246228004,2,0.05084257759391302,0,0.7846291331546024,2,0.00947655433974313,0.018495496615641132,-0.010097474570698232,-0.11114794237442328,-4.567e-05,-5.85e-05,0.0,0.0,0.5,0,0,0,0,0
c_913,DRIFTUSDT,1774216800000,0,test,control,,2.169407706865852,1.1415949024043361,1,-0.04639020685630273,0,0.8367062854695364,22,-0.003970065267579464,0.008437164744464652,0.023715536517528203,0.02713092712803362,2.333e-05,-2.6670000000000004e-05,0.0,0.0,0.5,0,0,0,0,0
c_914,DRIFTUSDT,1779044400000,0,test,control,,0.5884600040109824,0.4931515330588451,0,-0.01563309483795798,1,0.7747557433324531,19,0.0023243060396079453,0.003260233947741854,0.002404138197577396,0.12393364989180046,-0.00020842,-0.00013790999999999999,0.0,0.0,0.5,0,0,0,0,0
c_915,DRIFTUSDT,1761958800000,0,test,control,,1.5422601490707988,0.8483680316300605,0,0.18599167815349113,0,0.747565543071161,1,0.0012085000269264957,-0.020310144584498677,0.006400007444328268,-0.04446724086351169,-9.916e-05,-0.00014916000000000002,0.0,0.0,0.5,0,0,0,0,0
c_916,DRIFTUSDT,1764860400000,0,test,control,,1.1838159725285178,0.8631325439498014,0,0.0844925429631654,1,0.8941676322904596,15,-0.006714936354081514,-0.0031913681248817733,-0.01145375218092625,-0.06156101499883767,5e-05,0.0,0.0,0.0,0.5,0,0,0,0,0
c_917,DRIFTUSDT,1770109200000,0,test,control,,1.3922790732399273,1.178384515840032,0,-0.18422365333554402,1,0.7156673114119924,9,-0.0005231752675241123,0.000589539834466697,-0.0031830104580369465,-0.01517273135526108,5e-05,0.0,0.0,0.0,0.5,0,0,0,0,0
c_918,DRIFTUSDT,1774386000000,0,test,control,,0.7086170391479972,1.1982522864204108,1,-0.0884419583958438,1,0.8616635534556644,21,0.010440912224231567,0.00011721608898403196,0.014978837307056998,-0.1243916142423736,5e-05,0.0,0.0,0.0,0.5,0,0,0,0,0
c_919,DRIFTUSDT,1779516000000,0,test,control,,0.6486310860337385,0.9693576411451971,0,-0.07699715243551031,0,0.9130434782608695,6,-0.0007681508754271184,-0.00012876471193581847,-0.03496439054549291,-0.10792905705490785,5e-05,0.0,0.0,0.0,0.5,0,0,0,0,0
c_920,DRIFTUSDT,1761958800000,0,test,control,,1.5422601490707988,0.8483680316300605,0,0.18599167815349113,0,0.747565543071161,1,0.0012085000269264957,-0.020310144584498677,0.006400007444328268,-0.04446724086351169,-9.916e-05,-0.00014916000000000002,0.0,0.0,0.5,0,0,0,0,0
c_921,DRIFTUSDT,1765303200000,0,test,control,,1.1699777661522364,1.67986583398727,1,-0.007976319554766766,0,0.9878493317132442,18,-0.002786074513419499,-0.004384622532203898,-0.041730332725932476,0.10535321422885781,5e-05,0.0,0.0,0.0,0.5,0,0,0,0,0
c_922,DRIFTUSDT,1769914800000,0,test,control,,5.691937204869867,7.309446754440938,4,-0.06909522568240614,0,0.6072210065645515,3,0.004478707034474214,0.0019640292098504417,0.05101181611986478,-0.030998334329749078,-3.965e-05,0.00032183,0.0,0.0,0.5,0,0,0,0,0
c_923,DRIFTUSDT,1773280800000,0,test,control,,1.3141180944992017,0.6333807911096415,0,-0.3312349059071334,0,0.8744287268770403,2,-0.005359313392298481,0.006318448825749749,0.0075576637884943836,-0.12569738757803364,5e-05,4.2850000000000005e-05,0.0,0.0,0.5,0,0,0,0,0
c_924,DRIFTUSDT,1779516000000,0,test,control,,0.6486310860337385,0.9693576411451971,0,-0.07699715243551031,0,0.9130434782608695,6,-0.0007681508754271184,-0.00012876471193581847,-0.03496439054549291,-0.10792905705490785,5e-05,0.0,0.0,0.0,0.5,0,0,0,0,0
c_925,DRIFTUSDT,1762484400000,0,test,control,,1.0172095605610796,1.2054474458214988,0,0.10271888906354372,0,0.8533205924510272,3,0.0035713828295795224,0.005140206960803785,0.005954967888406164,0.05566397400944448,5e-05,0.0,0.0,0.0,0.5,0,0,0,0,0
c_926,DRIFTUSDT,1765908000000,0,test,control,,1.1049725725266564,1.8293406606864717,2,0.04681310835138875,0,0.6658566221142163,18,-0.005155416442956887,-0.0007683800433877926,0.0016712436162380473,-0.35303400768560256,5e-05,0.0,0.0,0.0,0.5,0,0,0,0,0
c_927,DRIFTUSDT,1770919200000,0,test,control,,5.421674659880591,3.3133738936506383,3,0.008678077652730314,0,0.9273104880581516,18,-0.006711664289175742,-0.0001343202277896456,-0.012828628153217702,-0.14269984539059727,-0.00019851,-0.00024851,0.0,0.0,0.5,0,0,0,0,0
c_928,DRIFTUSDT,1774623600000,0,test,control,,1.417583747479725,1.4702708410619127,1,0.14646883352679385,0,0.8054576463899943,15,0.00013302314753934252,-0.007222119269497941,0.017088950192138217,0.09214564198535632,4.664e-05,2.383e-05,0.0,0.0,0.5,0,0,0,0,0
c_929,DRIFTUSDT,1779516000000,0,test,control,,0.6486310860337385,0.9693576411451971,0,-0.07699715243551031,0,0.9130434782608695,6,-0.0007681508754271184,-0.00012876471193581847,-0.03496439054549291,-0.10792905705490785,5e-05,0.0,0.0,0.0,0.5,0,0,0,0,0
c_930,DRIFTUSDT,1761958800000,0,test,control,,1.5422601490707988,0.8483680316300605,0,0.18599167815349113,0,0.747565543071161,1,0.0012085000269264957,-0.020310144584498677,0.006400007444328268,-0.04446724086351169,-9.916e-05,-0.00014916000000000002,0.0,0.0,0.5,0,0,0,0,0
c_931,DRIFTUSDT,1765195200000,0,test,control,,7.027768644645643,2.271375390855148,1,-0.037304710561289464,1,0.9808709808709808,12,-0.0017624867243375515,0.012043638696912627,0.0060634828209903,-0.05642212933135354,5e-05,0.0,0.0,0.0,0.5,0,0,0,0,0
c_932,DRIFTUSDT,1769950800000,0,test,control,,0.8491247650171071,1.9201501100365161,1,0.09876036398083932,0,0.6017505470459519,13,-0.0037033696216972993,0.003869695754201973,0.02115625575266713,-0.017633026047395767,-0.00012115,0.00055444,0.0,0.0,0.5,0,0,0,0,0
c_933,DRIFTUSDT,1773597600000,0,test,control,,0.7012399934797983,0.6630457941490174,0,0.23105194493053707,0,0.940848990953375,18,0.005356730223862308,-0.0009811669876457268,0.007153643756976559,0.04853884622360577,5e-05,0.0,0.0,0.0,0.5,0,0,0,0,0
c_934,DRIFTUSDT,1779170400000,0,test,control,,0.5448008110083217,0.5185925920019552,0,0.16176606670202043,1,0.7598693166349034,6,-0.0002158945186201384,-0.0008568316656201643,-0.007648596370853612,0.08172735085520366,-0.00028792,-0.00012215,0.0,0.0,0.5,0,0,0,0,0
c_935,DRIFTUSDT,1731596400000,0,train,control,,,,0,-0.04612407316744842,0,0.5501917545541707,15,-0.022338720779757185,0.001197787587235096,-0.004437208661515666,-0.012056332506214473,0.000384,-7.805999999999997e-05,0.0,0.0,0.5,0,0,0,0,0
c_936,DRIFTUSDT,1738166400000,0,train,control,,0.7027466161897581,0.5381464667408256,0,-0.03692610709510919,0,0.8109946681375252,16,-0.0005441725978211525,-0.0015972077372783668,0.001863590863366929,0.04684747075198431,5e-05,0.0,0.0,0.0,0.5,0,0,0,0,0
c_937,DRIFTUSDT,1745589600000,0,train,control,,0.9481612222666538,0.7006825609133907,0,-0.20057577124868092,0,0.9709796672828095,14,-0.0002691561847640028,0.0062861881712629715,0.006509708389011571,0.10717488533977415,5e-05,0.0,0.0,0.0,0.5,0,0,0,0,0
c_938,DRIFTUSDT,1752292800000,0,train,control,,0.9236361417062768,2.0793543662133636,2,-0.06754852836391297,1,0.9080106535545994,4,0.0014034789265512694,-0.0039002099504297965,-0.012837212917265767,0.019528321288308472,5e-05,0.0,0.0,0.0,0.5,0,0,0,0,0
c_939,DRIFTUSDT,1761102000000,0,train,control,,0.28382549320970546,0.8161143515835622,0,0.19298115651958325,1,0.788859677949392,3,-0.0014245671826991523,-0.003873215028420907,-0.05750738894204092,-0.08537410499941736,5e-05,8.550000000000005e-06,0.0,0.0,0.5,0,0,0,0,0
c_940,DRIFTUSDT,1731164400000,0,train,control,,,,0,-0.002687966258098307,0,0.725503355704698,15,-0.0008022888135023815,0.009646653082029947,0.019024150201804525,0.030082170187809947,-0.00759365,0.01240635,0.0,0.0,0.5,0,0,0,0,0
c_941,DRIFTUSDT,1739487600000,0,train,control,,0.27377270562122186,0.37055180982031927,0,0.027678766379680458,1,0.8950688073394495,23,-0.0006543613547249481,-0.001264198938721345,-0.0016341689004329895,-0.08973968283354113,5e-05,0.0,0.0,0.0,0.5,0,0,0,0,0
c_942,DRIFTUSDT,1745784000000,0,train,control,,0.4335024376981209,0.8342983198729554,0,0.051705147257379035,0,0.9573848115097431,20,0.0014673646639914053,-0.0019766768899179606,-0.011842978453533765,0.14592884762718328,5e-05,0.0,0.0,0.0,0.5,0,0,0,0,0
c_943,DRIFTUSDT,1751997600000,0,train,control,,1.5310393010476022,1.3932828000165272,1,-0.2577931344646333,1,0.9344338525924204,18,0.005115710073474328,-0.006722929644821122,-0.009337406318220857,0.06734799436696179,-1.256e-05,-6.256e-05,0.0,0.0,0.5,0,0,0,0,0
c_944,DRIFTUSDT,1760749200000,0,train,control,,0.8900646174717075,0.47972994125934043,0,-0.06688583818201614,1,0.786593920498831,1,0.0038015164704178674,0.028819690417554146,0.029093775981618455,-0.09902762702907211,5e-05,9.638e-05,0.0,0.0,0.5,0,0,0,0,0
c_945,DRIFTUSDT,1731603600000,0,train,control,,,,0,0.02040464318405768,0,0.566059443911793,17,0.013930681818181752,-0.014401931894520352,0.0030448024366259343,-0.013132288713822738,0.00017049,-0.00036717999999999994,0.0,0.0,0.5,0,0,0,0,0
c_946,DRIFTUSDT,1737950400000,0,train,control,,0.860291664822596,3.2257519019249457,2,-0.17535592388254825,0,0.8681248865492831,4,0.0040469305245555065,-0.010103541363736682,-0.03042894448143974,0.08425096369005,-1.232e-05,-6.232e-05,0.0,0.0,0.5,0,0,0,0,0
c_947,DRIFTUSDT,1745492400000,0,train,control,,0.505370008302756,2.041513779896617,1,0.3790123002954653,0,0.9286506469500923,11,0.0008633812737146158,0.00018948197779515986,-0.009010741787645622,0.07954428048128676,5e-05,0.0,0.0,0.0,0.5,0,0,0,0,0
c_948,DRIFTUSDT,1753714800000,0,train,control,,2.3407635801275855,1.4144326309684903,1,-0.187336414441439,0,0.7875408052230686,15,-0.003747086443941468,-0.006571654236766875,-0.015370236714190886,-0.04876202043215757,0.00012575,-7.308e-05,0.0,0.0,0.5,0,0,0,0,0
c_949,DRIFTUSDT,1761868800000,0,train,control,,0.8238773934325389,1.1344902953917835,0,0.1897665100841268,0,0.7213483146067415,0,0.0037530583995542587,-0.006185871234428978,-0.03578996750465649,-0.05144273851012765,5e-05,0.0,0.0,0.0,0.5,0,0,0,0,0
c_950,DRIFTUSDT,1731398400000,0,train,control,,,,0,0.07813660954403873,0,0.7020613614573347,8,-0.005955648382446824,0.006408632108768133,-0.02261092264818725,0.007437686431927978,0.00045382,0.00063161,0.0,0.0,0.5,0,0,0,0,0
c_951,DRIFTUSDT,1738130400000,0,train,control,,0.7587897366611448,0.5030503518316913,0,0.039924116848066654,1,0.8260709689281117,6,0.0025677617415270524,0.0005736953354802435,-0.0014707885397520428,0.036294096992165265,5e-05,0.0,0.0,0.0,0.5,0,0,0,0,0
c_952,DRIFTUSDT,1747504800000,0,train,control,,5.020909150412358,1.65460138761618,1,-0.06823259230211334,0,0.8214968587817537,18,0.0018232284750191053,0.007023037105663153,0.009446871679723776,0.029988859210124466,5e-05,0.0,0.0,0.0,0.5,0,0,0,0,0
c_953,DRIFTUSDT,1753761600000,0,train,control,,0.7732936609826458,1.3754649103596188,1,0.08305823615615415,0,0.8448869591256176,4,0.00575950996734019,0.0008309702418701084,0.02468124622790542,-0.026614662566687725,5e-05,0.0,0.0,0.0,0.5,0,0,0,0,0
c_954,DRIFTUSDT,1761300000000,0,train,control,,0.21880250233267132,0.4651470651066827,0,-0.10130181492315413,0,0.9127917833800188,10,0.002109039693531832,0.0003406880752408066,0.010350946806103089,-0.07498740695935995,5e-05,0.0,0.0,0.0,0.5,0,0,0,0,0
c_955,DRIFTUSDT,1731164400000,0,train,control,,,,0,-0.002687966258098307,0,0.725503355704698,15,-0.0008022888135023815,0.009646653082029947,0.019024150201804525,0.030082170187809947,-0.00759365,0.01240635,0.0,0.0,0.5,0,0,0,0,0
c_956,DRIFTUSDT,1739354400000,0,train,control,,1.0369799246510145,2.1635540070985795,1,-0.015588686710376097,0,0.915940366972477,10,-0.0023710138367966887,-0.006905533660562564,-0.012733831970113336,-0.13393775756793028,-0.00014071,-0.00019071,0.0,0.0,0.5,0,0,0,0,0
c_957,DRIFTUSDT,1745758800000,0,train,control,,1.8307537292047342,0.5811304243328105,0,0.28581048892064276,1,0.9395374248770716,13,-0.0018631932511711136,0.028685460388561245,0.029972958677955058,0.14363667192210505,5e-05,0.0,0.0,0.0,0.5,0,0,0,0,0
c_958,DRIFTUSDT,1754629200000,0,train,control,,1.161914547150118,2.2737260137689903,2,0.1236093191802218,0,0.9869090909090907,5,6.684251389555524e-05,-0.008897775574342301,-0.014310623188411054,-0.1491553713839512,-0.00028114,-0.00033114,0.0,0.0,0.5,0,0,0,0,0
c_959,DRIFTUSDT,1761868800000,0,train,control,,0.8238773934325389,1.1344902953917835,0,0.1897665100841268,0,0.7213483146067415,0,0.0037530583995542587,-0.006185871234428978,-0.03578996750465649,-0.05144273851012765,5e-05,0.0,0.0,0.0,0.5,0,0,0,0,0
c_960,DRIFTUSDT,1731164400000,0,train,control,,,,0,-0.002687966258098307,0,0.725503355704698,15,-0.0008022888135023815,0.009646653082029947,0.019024150201804525,0.030082170187809947,-0.00759365,0.01240635,0.0,0.0,0.5,0,0,0,0,0
c_961,DRIFTUSDT,1737378000000,0,train,control,,1.7632683791585386,1.3226662540581777,0,-0.015405869369368651,0,0.8164497412576445,13,-0.012107973306855651,-0.004612593875790305,-0.009519662378496883,-0.006435536589927585,-3.721e-05,-8.721e-05,0.0,0.0,0.5,0,0,0,0,0
c_962,DRIFTUSDT,1745150400000,0,train,control,,0.6793428848382775,0.6102872623209092,0,-0.06479335326603772,0,0.936966640806827,12,-0.0006061643347168142,0.0016039166813629586,0.0024665591303896983,0.08734567915705882,5e-05,0.0,0.0,0.0,0.5,0,0,0,0,0
c_963,DRIFTUSDT,1753819200000,0,train,control,,0.6609249530034307,0.9234849516417595,0,-0.05414940708914761,0,0.8381580920953953,20,-0.0007493216980089461,2.0283865593163537e-05,-0.004634955612806124,-0.04350250713697576,5e-05,0.0,0.0,0.0,0.5,0,0,0,0,0
c_964,DRIFTUSDT,1761771600000,0,train,control,,2.3421300833760768,4.039007835119734,4,-0.08950808048619635,1,0.799625468164794,21,0.006929124745944095,0.012675255600474798,0.0708724796106839,-0.0138578696058358,5e-05,0.0,0.0,0.0,0.5,0,0,0,0,0
c_965,DRIFTUSDT,1761958800000,0,test,control,,1.5422601490707988,0.8483680316300605,0,0.18599167815349113,0,0.747565543071161,1,0.0012085000269264957,-0.020310144584498677,0.006400007444328268,-0.04446724086351169,-9.916e-05,-0.00014916000000000002,0.0,0.0,0.5,0,0,0,0,0
c_966,DRIFTUSDT,1765375200000,0,test,control,,0.33151302947677025,0.584206865796986,0,0.10810454950584147,1,0.9270959902794653,14,0.0011147108113898432,8.139710530341588e-05,-0.015149755121880042,0.12538592981096625,5e-05,0.0,0.0,0.0,0.5,0,0,0,0,0
c_967,DRIFTUSDT,1770660000000,0,test,control,,1.3890869784807678,1.7245682229050727,1,0.007759150404328863,0,0.7605004468275245,18,0.007444778019988836,-0.002304465068583985,0.005709280216308089,-0.1048749466067006,1.283e-05,-3.717e-05,0.0,0.0,0.5,0,0,0,0,0
c_968,DRIFTUSDT,1773424800000,0,test,control,,1.209802998489836,2.8209924718537307,1,0.1213114750729527,1,0.9569705404778474,18,-0.011782145143779751,-0.01457150623613742,-0.022879143024440354,0.026044986434599827,5e-05,5.132e-05,0.0,0.0,0.5,0,0,0,0,0
c_969,DRIFTUSDT,1779516000000,0,test,control,,0.6486310860337385,0.9693576411451971,0,-0.07699715243551031,0,0.9130434782608695,6,-0.0007681508754271184,-0.00012876471193581847,-0.03496439054549291,-0.10792905705490785,5e-05,0.0,0.0,0.0,0.5,0,0,0,0,0
c_970,DRIFTUSDT,1761958800000,0,test,control,,1.5422601490707988,0.8483680316300605,0,0.18599167815349113,0,0.747565543071161,1,0.0012085000269264957,-0.020310144584498677,0.006400007444328268,-0.04446724086351169,-9.916e-05,-0.00014916000000000002,0.0,0.0,0.5,0,0,0,0,0
c_971,DRIFTUSDT,1765144800000,0,test,control,,0.658767683403619,0.5863828252966543,0,-0.050493213708200126,0,0.914936914936915,22,-0.013160889355742328,0.0020635070499576084,-0.0038483014585858543,-0.03281805220007154,5e-05,0.0,0.0,0.0,0.5,0,0,0,0,0
c_972,DRIFTUSDT,1769112000000,0,test,control,,0.7721710220548305,0.8572644622209017,0,-0.03559452731851565,1,0.7221684414327202,20,0.004898343141591616,-0.0012985407605793531,0.008706616465335411,-0.023658709612456683,-0.0001941,-0.00012111,0.0,0.0,0.5,0,0,0,0,0
c_973,DRIFTUSDT,1774256400000,0,test,control,,0.7035144891019108,1.3234154936149405,1,-0.022206902118807305,0,0.8218224649320055,9,0.0013776242204199605,-0.0019859687433412903,0.0003629765204565438,0.06051635915266802,4.9e-06,-4.5100000000000005e-05,0.0,0.0,0.5,0,0,0,0,0
c_974,DRIFTUSDT,1779516000000,0,test,control,,0.6486310860337385,0.9693576411451971,0,-0.07699715243551031,0,0.9130434782608695,6,-0.0007681508754271184,-0.00012876471193581847,-0.03496439054549291,-0.10792905705490785,5e-05,0.0,0.0,0.0,0.5,0,0,0,0,0
c_975,DRIFTUSDT,1762646400000,0,test,control,,0.23681916866076097,0.27832507264034245,0,-0.1196845812346241,1,0.8584837545126355,0,-0.0005482509718993649,0.0008267892088264611,0.001134006678286057,0.04178871769688243,5e-05,0.0,0.0,0.0,0.5,0,0,0,0,0
c_976,DRIFTUSDT,1765576800000,0,test,control,,0.37661750494438506,0.688221971282926,0,-0.13197201042357254,1,0.7938436614013771,22,-9.982253771073647e-05,-0.0014581316586637443,0.0017209694069790253,0.14114496492222445,5e-05,0.0,0.0,0.0,0.5,0,0,0,0,0
c_977,DRIFTUSDT,1770861600000,0,test,control,,1.7653987792400734,1.7718378586245076,1,-0.07037174890926773,1,0.8441814595660748,2,0.003511706677581258,-0.02287780021227331,-0.02984593161082777,-0.1525823469711836,-1.84e-06,0.00022048,0.0,0.0,0.5,0,0,0,0,0
c_978,DRIFTUSDT,1773259200000,0,test,control,,0.3780122855825008,0.5261160237801229,0,0.13741706729011235,1,0.890424374319913,20,0.00026352253117649805,-0.00016074897310761022,0.00896768635960906,-0.1250742258001935,7.15e-06,0.00029069999999999996,0.0,0.0,0.5,0,0,0,0,0
c_979,DRIFTUSDT,1779256800000,0,test,control,,0.7133486904974633,0.6926793525129552,0,-0.20402613535651326,0,0.7935086737548964,6,0.005502416346463148,-0.000628245669166383,0.008337433909677281,0.07534033459786199,2.3e-06,0.00010291,0.0,0.0,0.5,0,0,0,0,0
c_980,DRIFTUSDT,1762549200000,0,test,control,,0.9868298422985168,1.888676056441693,2,-0.07634803048028554,1,0.901098901098901,21,0.0035645863570391307,0.0013036395127071366,-0.018757178248427316,0.043275329315085626,5e-05,0.0,0.0,0.0,0.5,0,0,0,0,0
c_981,DRIFTUSDT,1765724400000,0,test,control,,1.9282338190632748,1.5520147112089382,1,-0.09135281018926963,0,0.7545565006075333,15,-0.004207913874153797,-0.032372947860388336,-0.040849902742272085,0.11612919934203962,5e-05,0.0,0.0,0.0,0.5,0,0,0,0,0
c_982,DRIFTUSDT,1769839200000,0,test,control,,0.738422008432016,1.0073938536206295,0,0.21867776819399545,0,0.6537199124726477,6,1.6674527515456467e-05,-0.0018209718458318202,0.01253444397032505,-0.025373263937240813,-0.00024955,0.00017754999999999995,0.0,0.0,0.5,0,0,0,0,0
c_983,DRIFTUSDT,1773853200000,0,test,control,,0.8280464607313245,1.6017852942530029,1,0.03216080429588058,1,0.896027411928472,17,-0.00205637462134142,-0.002187622012488036,-0.02503650567648303,0.04205229264860527,5e-05,0.0,0.0,0.0,0.5,0,0,0,0,0
c_984,DRIFTUSDT,1779343200000,0,test,control,,1.1964522291000703,0.9853731088502974,0,-0.0783082221413536,0,0.8255542590431739,6,-0.002545083885195561,-0.012208529016774463,-0.0406594799915599,-0.04634926683926323,5e-05,0.0,0.0,0.0,0.5,0,0,0,0,0
c_985,DRIFTUSDT,1761958800000,0,test,control,,1.5422601490707988,0.8483680316300605,0,0.18599167815349113,0,0.747565543071161,1,0.0012085000269264957,-0.020310144584498677,0.006400007444328268,-0.04446724086351169,-9.916e-05,-0.00014916000000000002,0.0,0.0,0.5,0,0,0,0,0
c_986,DRIFTUSDT,1765468800000,0,test,control,,3.3187121542999187,1.8793413028356978,2,0.06933887284270276,1,0.8193600648035642,16,0.0035256857827503456,0.0016290337342597606,0.007393793681609685,0.15288058737324192,-0.00011746,3.167e-05,0.0,0.0,0.5,0,0,0,0,0
c_987,DRIFTUSDT,1769907600000,0,test,control,,8.515000732167374,4.761535623204922,4,0.16112205928507578,0,0.6088621444201313,1,0.0019617110592730766,0.012653742667710131,-0.02198552910486515,-0.02019036867964262,-3.965e-05,0.00032183,0.0,0.0,0.5,0,0,0,0,0
c_988,DRIFTUSDT,1774436400000,0,test,control,,0.45249454867923156,0.8270306549480986,0,0.32123663627997473,1,0.9059100594370304,11,0.002260822002342126,-0.002295554916085795,-0.004997782449754958,-0.11160065472392641,5e-05,0.0,0.0,0.0,0.5,0,0,0,0,0
c_989,DRIFTUSDT,1779375600000,0,test,control,,1.0751749401893074,1.0054000056844257,0,-0.09738068834003547,1,0.8387286639199528,15,-0.0018951849848424871,-0.003081608539023626,-0.02950245896708898,-0.06781903066979332,5e-05,0.0,0.0,0.0,0.5,0,0,0,0,0
c_990,DRIFTUSDT,1761958800000,0,test,control,,1.5422601490707988,0.8483680316300605,0,0.18599167815349113,0,0.747565543071161,1,0.0012085000269264957,-0.020310144584498677,0.006400007444328268,-0.04446724086351169,-9.916e-05,-0.00014916000000000002,0.0,0.0,0.5,0,0,0,0,0
c_991,DRIFTUSDT,1765846800000,0,test,control,,2.8675298206422704,1.3995448750325408,1,-0.2484193812907924,0,0.6545159983799108,1,-0.006584103002781441,0.0038691011319413175,0.0167130832510148,-0.15345855135736158,5e-05,0.0,0.0,0.0,0.5,0,0,0,0,0
c_992,DRIFTUSDT,1769068800000,0,test,control,,0.8894405992402968,0.6746153398493022,0,-0.34772346013660566,0,0.7357212003872217,8,-0.003886914424635563,0.0012867397066788188,-0.019343027849461895,-0.016507259328887018,-0.00017361,0.00023689999999999998,0.0,0.0,0.5,0,0,0,0,0
c_993,DRIFTUSDT,1773738000000,0,test,control,,0.6994128340049861,0.8607656967069071,0,0.11470142241757124,1,0.9306135560552522,9,-0.0008448688701529131,-0.0031910485275935935,-0.040718616814686415,0.07851106085483014,5e-05,0.0,0.0,0.0,0.5,0,0,0,0,0
c_994,DRIFTUSDT,1779350400000,0,test,control,,1.3407610166275037,1.1525882195865331,0,0.16052570646507341,0,0.8386243386243386,8,0.003279989998930298,-3.7121413143455015e-06,-0.026657735823946017,-0.04616242399641801,5e-05,0.00010965000000000001,0.0,0.0,0.5,0,0,0,0,0
c_995,DRIFTUSDT,1761958800000,0,test,control,,1.5422601490707988,0.8483680316300605,0,0.18599167815349113,0,0.747565543071161,1,0.0012085000269264957,-0.020310144584498677,0.006400007444328268,-0.04446724086351169,-9.916e-05,-0.00014916000000000002,0.0,0.0,0.5,0,0,0,0,0
c_996,DRIFTUSDT,1766152800000,0,test,control,,1.3931592016372354,1.4895827908569226,0,0.02351065950405611,1,0.7148418491484185,14,0.0014492126665513396,0.0030316008133727656,-0.012589194959943633,-0.33961094978919876,5e-05,0.0,0.0,0.0,0.5,0,0,0,0,0
c_997,DRIFTUSDT,1769018400000,0,test,control,,2.2929588707558577,2.612140718292656,3,-0.03152191540414195,1,0.7216844143272023,18,0.003822421293182078,0.003512524937064008,0.04317410092227158,-0.12940775576605662,-0.00078923,-0.0005677900000000001,0.0,0.0,0.5,0,0,0,0,0
c_998,DRIFTUSDT,1774411200000,0,test,control,,0.6357875959104587,0.7392183021736913,0,-0.10815501902643801,1,0.8983748886910062,4,0.0026851063829787646,-0.001619907127175036,-0.003784647736069877,-0.10969768190576155,5e-05,0.0,0.0,0.0,0.5,0,0,0,0,0
c_999,DRIFTUSDT,1779098400000,0,test,control,,0.7254143045039358,0.8622658451018274,0,0.22196031148555573,0,0.7638286334056399,10,-0.0012934896949391025,0.001215847280106045,-0.006206062714630671,0.06444471274399946,-6.785e-05,6.598000000000002e-05,0.0,0.0,0.5,0,0,0,0,0
p_200,ESPORTSUSDT,1753891200000,1,train,main,46.4516,,,0,-0.0492503678104539,0,0.4483845547675334,16,-0.0061384328248166265,-0.02225493007406548,-0.058972585353556435,,5e-05,0.0,0.0,0.0,0.5,0,0,0,0,0
p_201,ESPORTSUSDT,1754233200000,1,train,main,45.1741,,,0,-0.10309008011737364,0,0.5,15,-0.0014460446245683342,-0.010999808370687552,-0.045801320585802975,,5e-05,0.0,0.0,0.0,0.5,0,0,0,0,0
p_202,ESPORTSUSDT,1756699200000,1,train,main,22.5816,0.17140560204399835,0.29144947892169787,0,-0.2803085346913109,0,0.8177730542838456,4,0.00026675242400819816,-0.002125850394921359,-0.00820391948535255,0.13006781456675023,5e-05,0.0,0.0,0.0,0.5,0,0,0,0,0
p_203,ESPORTSUSDT,1756951200000,1,train,main,21.3537,0.21703451540906735,0.31570172601109536,0,-0.12092821622306422,0,0.8558637780797825,2,-0.0010302154882274597,-0.0009165949237608454,0.011414683699563574,0.0382401569882345,5e-05,0.0,0.0,0.0,0.5,0,0,1,0,0
p_204,ESPORTSUSDT,1760227200000,1,train,main,49.2446,0.547854238262635,1.226667517567727,0,-0.22304022379998925,0,0.7379380396140173,0,-0.003601588771909564,-0.0015751946495111745,0.04794991863483317,0.7313696944367125,5e-05,0.0,0.0,0.0,0.5,0,0,0,0,0
p_205,ESPORTSUSDT,1762189200000,1,test,main,22.4034,1.9153152094432258,1.973957245203524,1,0.035302658700736296,0,0.9270723364722774,17,0.008751518178412894,-0.01007039216604687,-0.04166921341236158,0.056680925923998565,5e-05,0.0,0.0,0.0,0.5,0,0,0,0,0
p_206,ESPORTSUSDT,1762527600000,1,test,main,32.7045,10.382802153394868,6.092732664034928,4,0.11120529904887275,0,0.5617547952306895,15,0.004571509475537688,-0.013693194464565723,0.04016075958356931,0.10942881239242036,5e-05,-0.00025739,0.0,0.0,0.5,0,1,0,0,0
p_207,ESPORTSUSDT,1762927200000,1,test,main,57.7648,1.7292693291861443,5.056266783909147,3,-0.0636297221718956,1,0.981241793284562,6,0.0014544587737004187,0.018553569999329417,0.02936493420089005,0.030431800724397252,0.00025521,0.00020521000000000002,0.0,0.0,0.5,0,1,0,0,0
p_208,ESPORTSUSDT,1763031600000,1,test,main,41.3026,42.741688442817896,113.25226622924278,4,0.027064694425861537,1,0.6565,11,0.0015468099719628532,-0.04289077978396738,-0.32926902259226765,0.03799631247902457,0.00032935,-0.00094446,0.0,0.0,0.5,0,1,0,0,0
p_209,ESPORTSUSDT,1763089200000,1,test,main,38.4336,61.973465552312724,68.75293512868134,4,0.04538595412883195,0,0.7119047619047619,3,0.003675077210892494,0.060587935630724316,-0.04775580799252366,-0.02418900018557816,0.0001028,5.28e-05,0.0,0.0,0.5,0,1,0,0,0
p_210,ESPORTSUSDT,1763701200000,1,test,main,16.6976,0.880917154521797,1.0308039668822808,0,0.057808949803483146,0,0.9109123078073214,5,0.0027289948416052904,-0.012434088054937075,-0.05218535260373381,0.0027921276299428034,5e-05,-9.846e-05,0.0,0.0,0.5,0,1,0,0,0
p_211,ESPORTSUSDT,1764162000000,1,test,main,18.8918,0.9804014597635936,1.086286658226531,0,-0.1288309582401936,0,0.8924653610303634,13,-0.005147663620113583,0.00093552437446252,0.014622555461224141,-0.06881109148231154,5e-05,-0.00026935999999999996,0.0,0.0,0.5,0,1,0,0,0
p_212,ESPORTSUSDT,1764846000000,1,test,main,22.3648,3.981324735242615,2.463484487268268,2,-0.06071157105640214,0,0.74407488149763,11,-0.002118648604090081,0.035842441651082364,0.039421178324882934,-0.0019141246238636653,5e-05,0.0,0.0,0.0,0.5,0,0,0,0,0
p_213,ESPORTSUSDT,1767452400000,1,test,main,21.5688,1.2028287724279372,0.9397061291608991,0,0.0601531694256594,1,0.9486902160981203,15,0.001322629298128424,-0.005734399940949059,-0.006574239353016487,-0.10898150105493193,0.00042621,8.048000000000002e-05,0.0,0.0,0.5,0,0,0,0,0
p_214,ESPORTSUSDT,1769115600000,1,test,main,17.8131,0.5216002954502463,0.5558754515074268,0,-0.4160034051357969,0,0.9550502602575179,21,-0.004036423652863076,0.001687942476212959,0.010242206827127003,0.009632828816129764,5e-05,-0.00014548,0.0,0.0,0.5,0,1,0,0,0
p_215,ESPORTSUSDT,1770318000000,1,test,main,20.0047,5.038645498843554,5.134498012709676,4,-0.16960990491462127,1,0.7902589201136724,19,0.0023913934023543837,-0.005852240088251292,0.008930561402639856,-0.1100767187235523,5e-05,-0.00010520000000000001,0.0,0.0,0.5,0,1,0,0,0
p_216,ESPORTSUSDT,1773644400000,1,test,main,17.3422,1.267622274478716,1.1628909867711459,0,0.09348541455772234,0,0.9698574851809811,7,-0.006684057619326915,0.0004400110165721186,0.006905250450645502,0.04640299036286482,5e-05,0.0,0.0,0.0,0.5,0,1,0,0,0
p_217,ESPORTSUSDT,1774436400000,1,test,main,28.3926,2.4825637245826506,1.0275071523137167,1,0.06952059267991782,0,0.8311727015347935,11,0.002260822002342126,-0.0029239194276778377,-0.006014579658391774,0.16329263963069918,5e-05,0.0,0.0,0.0,0.5,0,1,0,0,0
p_218,ESPORTSUSDT,1775221200000,1,test,main,22.4096,1.4894816563931486,1.6034822421438475,1,-0.1935498404988755,0,0.9520129819952089,13,-0.004374218089855099,-0.00033999518843642857,0.0187677690100069,0.009943244620474564,5e-05,0.0,0.0,0.0,0.5,0,1,0,0,0
p_219,ESPORTSUSDT,1776528000000,1,test,main,17.2147,0.8471061525564033,3.8243998502591467,2,-0.3080255753582085,0,0.7942161016949153,16,-0.0011336916358749656,-0.004272311883450333,-0.03875496190769317,-0.12819247703356618,0.00014014,-7.249e-05,0.0,0.0,0.5,0,1,0,0,0
p_220,ESPORTSUSDT,1777024800000,1,test,main,42.6522,0.2236405343408447,0.4955174740250978,0,-0.09761813448908656,0,0.7820896887648929,10,-0.003182214584678662,-0.00026582996987108614,0.001345882134098553,0.023698292387739052,5e-05,0.0,0.0,0.0,0.5,0,0,0,0,0
p_221,ESPORTSUSDT,1778486400000,1,test,main,38.4491,0.532701921276876,0.4990761091889868,0,-0.08253710384537091,1,0.8383747178329571,8,-0.0010124927745396798,0.0003935234691325356,-0.0030666328312812354,0.16265231465904184,5e-05,0.0,0.0,0.0,0.5,0,0,0,0,0
p_222,ESPORTSUSDT,1778688000000,1,test,main,32.1176,9.087348858453126,14.641603967484894,4,0.089427597760532,1,0.902565716984102,16,-0.011697373421651126,-0.007700566740422435,-0.05510616726397823,-0.06759372327697413,5e-05,0.0,0.0,0.0,0.5,0,0,0,0,0
p_223,ESPORTSUSDT,1779231600000,1,test,main,34.7841,5.350726553448704,7.316634356188914,4,-0.02086236704236191,0,0.8588075880758808,23,-0.0034610305891158632,0.019071216065275204,0.0076478767983594355,-0.09646907059489643,-0.00137787,-0.00132862,0.0,0.0,0.5,0,0,0,0,0
p_224,ESPORTSUSDT,1779804000000,1,test,main,16.8367,762.9097719340538,700.9210835228643,4,0.03522109429146626,1,0.04901138406231276,14,0.0013009264723621598,0.03434297321457454,0.07671808382745493,0.02068988396015937,0.0042924,0.00281013,0.0,10179.74146,0.0,0,0,0,0,0
p_225,ESPORTSUSDT,1753909200000,1,train,fast,10.5655,,,0,0.06739067309456483,0,0.47951142631993693,21,0.0023420145603652506,8.693962224661563e-05,-0.009529260907835945,,5e-05,0.0,0.0,0.0,0.5,0,0,0,0,0
p_226,ESPORTSUSDT,1753916400000,1,train,fast,10.6546,,,0,-0.005831461152274408,1,0.5855003940110323,23,0.0012892223738062507,0.13971017196202312,0.05249677742179435,,5e-05,0.0,0.0,0.0,0.5,0,0,0,0,0
p_227,ESPORTSUSDT,1754244000000,1,train,fast,14.8286,,,0,0.06507299183273961,0,0.5165484633569739,18,0.0010425616124951917,0.011997935001813089,0.027722532665413673,,5e-05,0.0,0.0,0.0,0.5,0,0,0,0,0
p_228,ESPORTSUSDT,1756969200000,1,train,fast,11.4722,2.87039577396617,1.4511450743819136,1,0.024194985592972607,0,0.919897673674954,7,-0.0023803647481813028,0.0354680273848483,0.03234779718788383,0.0357195924890223,5e-05,0.0,0.0,0.0,0.5,0,0,1,0,0
p_229,ESPORTSUSDT,1757383200000,1,train,fast,11.3411,0.7150784876873865,0.7450389589174322,0,0.034733015728500787,1,0.8715352206371498,2,-0.0025520193480342225,-0.015451346679893247,0.027264569962401983,0.13698569653380782,5e-05,0.0,0.0,0.0,0.5,0,0,0,0,0
p_230,ESPORTSUSDT,1760130000000,1,train,fast,17.8272,2.1647894532469953,1.291252284421286,1,-0.09090785020390131,0,0.8193822429475044,21,-0.020644859195937088,-0.04635597234465107,-0.11545674436521172,0.15247381098438267,5e-05,-0.00018064,0.0,0.0,0.5,0,0,0,0,0
p_231,ESPORTSUSDT,1762268400000,1,test,fast,13.8395,2.9506511693336424,1.829079816765085,2,-0.11712844867912331,1,0.9810245918080797,15,0.005664773274285108,0.008015714333440354,0.025739319026733258,0.0510656644917572,0.00043672,-0.0003804200000000001,0.0,0.0,0.5,0,1,0,0,0
p_232,ESPORTSUSDT,1762527600000,1,test,fast,16.8502,10.382802153394868,6.092732664034928,4,0.11120529904887275,0,0.5617547952306895,15,0.004571509475537688,-0.013693194464565723,0.04016075958356931,0.10942881239242036,5e-05,-0.00025739,0.0,0.0,0.5,0,1,0,0,0
p_233,ESPORTSUSDT,1762959600000,1,test,fast,26.617,9.641864155447255,10.88014989104587,4,0.03351244979429888,0,0.989545609839426,15,-0.009955825963056894,0.03306561603812465,0.16119301806520847,0.03860109321424007,0.00042037,0.00016515999999999997,0.0,0.0,0.5,0,1,0,0,0
p_234,ESPORTSUSDT,1763035200000,1,test,fast,25.526,88.6951506551854,83.11616220912485,4,-0.02233518596022758,0,0.6097857142857143,12,-0.0004973230035200862,-0.0194994773524473,-0.16822102973328315,0.039480453950934496,0.00032935,-0.00094446,0.0,0.0,0.5,0,1,0,0,0
p_235,ESPORTSUSDT,1763089200000,1,test,fast,15.1929,61.973465552312724,68.75293512868134,4,0.04538595412883195,0,0.7119047619047619,3,0.003675077210892494,0.060587935630724316,-0.04775580799252366,-0.02418900018557816,0.0001028,5.28e-05,0.0,0.0,0.5,0,1,0,0,0
p_236,ESPORTSUSDT,1764846000000,1,test,fast,21.7725,3.981324735242615,2.463484487268268,2,-0.06071157105640214,0,0.74407488149763,11,-0.002118648604090081,0.035842441651082364,0.039421178324882934,-0.0019141246238636653,5e-05,0.0,0.0,0.0,0.5,0,0,0,0,0
p_237,ESPORTSUSDT,1776528000000,1,test,fast,14.0167,0.8471061525564033,3.8243998502591467,2,-0.3080255753582085,0,0.7942161016949153,16,-0.0011336916358749656,-0.004272311883450333,-0.03875496190769317,-0.12819247703356618,0.00014014,-7.249e-05,0.0,0.0,0.5,0,1,0,0,0
p_238,ESPORTSUSDT,1777039200000,1,test,fast,12.803,7.624347403123818,5.63796546505972,2,0.14893413991037768,0,0.8968876489286286,14,-0.002337888103485667,-0.008029778700802702,-0.02081901954597463,0.03127173045319958,5e-05,0.0,0.0,0.0,0.5,0,0,0,0,0
p_239,ESPORTSUSDT,1779264000000,1,test,fast,12.7829,9.311946482472752,7.790961910434111,4,0.07812893814359802,0,0.9521680216802169,8,-0.001678732692511595,0.027623162866737976,0.02404266425043022,-0.09408064494467841,5e-05,0.00142787,0.0,0.0,0.5,0,0,0,0,0
p_240,ESPORTSUSDT,1779807600000,1,test,fast,15.6566,984.5929400173984,763.7073817484358,4,-0.04986034151865148,0,0.04697423606950269,15,-0.004217660286634982,0.01655314277051129,0.0817219657319926,0.02001130900958007,0.0042924,0.00281013,849.64121,53989.196679999994,0.015493421135296054,0,0,0,0,0
c_1000,ESPORTSUSDT,1754557200000,0,train,control,,1.4672675631783507,0.9150887198710839,0,-0.0733076625704934,1,0.6723076923076923,9,0.0014134940754380314,0.06481857274102526,0.1179356397922964,-0.13439970396220835,5e-05,0.0,0.0,0.0,0.5,0,0,0,0,0
c_1001,ESPORTSUSDT,1756184400000,0,train,control,,3.079944587472024,3.0513439941207525,4,0.11053416076419016,1,0.9837758112094396,5,0.001966765308445254,0.03548956950950161,0.13649745415303433,0.16890190281076206,-0.00046833,-0.00044432,0.0,0.0,0.5,0,0,0,0,0
c_1002,ESPORTSUSDT,1758528000000,0,train,control,,0.7309267650583583,1.9929030465105664,1,-0.13250571910700076,1,0.835201165527289,8,-0.002611114264630832,0.0033516010820261945,-0.0826681948630749,0.15919708692661813,5e-05,-0.0005602199999999999,0.0,0.0,0.5,0,0,0,0,0
c_1003,ESPORTSUSDT,1759885200000,0,train,control,,0.4251831025446838,0.550207963841633,0,0.08544351008130398,0,0.8676300844914354,1,0.004801853462668921,0.0025120051766362294,0.00137011376394517,0.11555547104531869,0.00064798,0.0003713,0.0,0.0,0.5,0,0,0,0,0
c_1004,ESPORTSUSDT,1761800400000,0,train,control,,1.4350498607908315,0.6717951041562228,0,-0.07708667793088826,0,0.8978358688665096,5,-0.01979140788386056,-0.0001225278858947362,-0.001503298051848443,-0.014450832393890979,0.00070254,0.00065254,0.0,0.0,0.5,0,0,0,0,0
c_1005,ESPORTSUSDT,1754553600000,0,train,control,,1.032805738461469,0.6545820250097701,0,-0.07073634551034909,1,0.6697435897435897,8,0.0012922872874183556,-0.0008007571031813273,0.07442994062571982,-0.13205483805621537,5e-05,0.0,0.0,0.0,0.5,0,0,0,0,0
c_1006,ESPORTSUSDT,1755828000000,0,train,control,,0.2646707417231026,0.2626291519125389,0,-0.06390040628399576,1,0.7497773820124666,2,0.0017798983397386173,-0.01964287246203088,-0.0387837218150673,-0.059206055904097596,5e-05,0.0,0.0,0.0,0.5,0,0,0,0,0
c_1007,ESPORTSUSDT,1758358800000,0,train,control,,0.2587038928136264,0.2628696473613319,0,-0.020391584570403094,0,0.9029474392020621,9,-0.0022845350436287775,0.0017956186116592607,0.007982605834383497,0.05475167977391229,0.0002575,0.00020750000000000003,0.0,0.0,0.5,0,0,0,0,0
c_1008,ESPORTSUSDT,1759579200000,0,train,control,,0.392543071370676,0.42447631307823225,0,0.01881048416429542,1,0.8864117252412654,12,-0.0012320294900675338,0.0006728151805920759,-0.007170064931180247,0.08628027921397244,5.869e-05,-0.00016418000000000002,0.0,0.0,0.5,0,0,0,0,0
c_1009,ESPORTSUSDT,1761868800000,0,train,control,,1.1106524973390663,0.6772777443554239,0,0.035505583407444107,0,0.9399614313263338,0,0.0037530583995542587,-0.0033590004465677476,0.011577380705808655,0.13196693535867662,5e-05,0.0,0.0,0.0,0.5,0,0,0,0,0
c_1010,ESPORTSUSDT,1754622000000,0,train,control,,2.8452752179582816,1.7814305585072945,2,0.12505350894835876,0,0.8887179487179487,3,-0.0016038615920508218,0.1480288118367546,0.15305832848941459,-0.16097133040216044,0.00033075,3.540999999999999e-05,0.0,0.0,0.5,0,0,0,0,0
c_1011,ESPORTSUSDT,1755874800000,0,train,control,,6.66346958022173,2.3267069515952135,1,0.04508758841735591,0,0.8150134048257373,15,0.029443024847443915,-0.011089386545083596,-0.031158075998425815,-0.0033014160605824017,5e-05,0.0,0.0,0.0,0.5,0,0,0,0,0
c_1012,ESPORTSUSDT,1758218400000,0,train,control,,0.6127888909449402,2.174173037278728,1,-0.05826822363588587,0,0.9689005939706377,18,0.00016679346373851608,-0.011124343860608987,0.017951629746871242,0.08084472220144437,0.00020493,0.00012991,0.0,0.0,0.5,0,0,0,0,0
c_1013,ESPORTSUSDT,1760666400000,0,train,control,,0.5798997853505996,0.33607053439950396,0,0.11406321116869818,0,0.833966891477621,2,0.00033199035112799717,-0.007037609276481391,-0.007248368389825643,0.5996055770442771,5e-05,-0.0004596499999999999,0.0,0.0,0.5,0,0,0,0,0
c_1014,ESPORTSUSDT,1761678000000,0,train,control,,0.136097828838755,0.38129971937856794,0,0.22079368271089564,0,0.9389329333619026,19,-0.0023913916841002067,-0.0007172559377579423,-0.0028997399840115404,0.05878413477419253,0.00010703,-0.0002209,0.0,0.0,0.5,0,0,0,0,0
c_1015,ESPORTSUSDT,1754474400000,0,train,control,,0.586240944027049,0.7188218687626847,0,-0.03245854932463802,1,0.6928205128205128,10,0.0013125537203215799,-0.012286338491124114,0.010655802677820247,-0.12439592206109454,5e-05,0.0,0.0,0.0,0.5,0,0,0,0,0
c_1016,ESPORTSUSDT,1755759600000,0,train,control,,0.5731597121008055,0.4494298018436445,0,-0.24040447896160974,0,0.7065669160432253,7,-0.0016202263226215655,0.004996151545173557,-0.019541128963424675,0.00504754092525761,5e-05,0.0,0.0,0.0,0.5,0,0,0,0,0
c_1017,ESPORTSUSDT,1758621600000,0,train,control,,0.6325276840492199,0.6262007779288982,0,-0.11506502242307938,0,0.8323885399111383,10,-0.0017278594792192107,0.004437148047343067,-0.009789175554615668,0.13776368743400894,5e-05,0.0,0.0,0.0,0.5,0,0,0,0,0
c_1018,ESPORTSUSDT,1759644000000,0,train,control,,0.37908162520552163,0.45869684360362734,0,0.21716229421369873,0,0.958559116478299,6,-0.0005153094852897118,0.0003551292104979379,-0.005004701254950981,0.08834382322256314,5e-05,0.0,0.0,0.0,0.5,0,0,0,0,0
c_1019,ESPORTSUSDT,1761638400000,0,train,control,,0.33737992836255387,0.311998614600185,0,0.16872913067425033,0,0.9413756160274266,8,0.000601437312434333,0.0016425372864038285,-0.00311952985950521,0.0009328933257498895,0.00032793,2.0899999999999966e-05,0.0,0.0,0.5,0,0,0,0,0
c_1020,ESPORTSUSDT,1754474400000,0,train,control,,0.586240944027049,0.7188218687626847,0,-0.03245854932463802,1,0.6928205128205128,10,0.0013125537203215799,-0.012286338491124114,0.010655802677820247,-0.12439592206109454,5e-05,0.0,0.0,0.0,0.5,0,0,0,0,0
c_1021,ESPORTSUSDT,1755932400000,0,train,control,,0.34829575871219026,0.3923868348481823,0,0.08794621356043181,0,0.8816901408450705,7,-0.0014656659765354915,0.009432917479668764,0.06221979693943409,-0.0069467173962077244,5e-05,0.0,0.0,0.0,0.5,0,0,0,0,0
c_1022,ESPORTSUSDT,1758517200000,0,train,control,,0.37770336705078056,0.824555955302055,0,-0.2983340621728118,1,0.905861257424633,5,-0.0019441043813026404,0.0004479043961458476,-0.0062614032123194,0.07856779937603187,5e-05,-0.0005602199999999999,0.0,0.0,0.5,0,0,0,0,0
c_1023,ESPORTSUSDT,1760504400000,0,train,control,,0.5483557629557211,0.7404884080721443,0,-0.07328159188243014,1,0.8065808297567955,5,0.002801425628266778,-0.002737152662793148,-0.004618419953497288,0.6605293192975276,0.00034331,-4.6829999999999984e-05,0.0,0.0,0.5,0,0,0,0,0
c_1024,ESPORTSUSDT,1761868800000,0,train,control,,1.1106524973390663,0.6772777443554239,0,0.035505583407444107,0,0.9399614313263338,0,0.0037530583995542587,-0.0033590004465677476,0.011577380705808655,0.13196693535867662,5e-05,0.0,0.0,0.0,0.5,0,0,0,0,0
c_1025,ESPORTSUSDT,1763524800000,0,test,control,,2.248801543395577,2.3655523371900475,4,-0.04170252424865401,0,0.8081428571428572,4,-0.0074246832351301,0.01798519526267661,0.029051515002921566,-0.027851537817096334,5e-05,0.0,0.0,0.0,0.5,0,0,0,0,0
c_1026,ESPORTSUSDT,1767207600000,0,test,control,,0.22657478840536288,0.42269343120365516,0,0.02704486227826263,1,0.944262518761086,19,0.0007832194658580914,-0.0005428693343944209,-0.001364721714801934,-0.06827524625095556,0.00049305,-0.00011386000000000002,0.0,0.0,0.5,0,0,0,0,0
c_1027,ESPORTSUSDT,1771038000000,0,test,control,,0.33425830970621945,0.6766650734799374,0,-0.07967414532812733,0,0.7936955638792365,3,-0.0012011837753148453,0.0001306553025332164,-0.007556316835279718,0.2128893580483834,5e-05,0.0,0.0,0.0,0.5,0,0,0,0,0
c_1028,ESPORTSUSDT,1775541600000,0,test,control,,0.5721041580404265,1.0449611898011042,0,-0.19798326913180608,1,0.9161462604344077,6,-0.0027870088768703386,-0.0008262430983656654,0.004384186073153223,-0.04941411888168731,5e-05,0.0,0.0,0.0,0.5,0,0,0,0,0
c_1029,ESPORTSUSDT,1778252400000,0,test,control,,2.6676534278174797,1.341743175981433,1,-0.10941350913643717,0,0.8216704288939052,15,0.006305550391647533,0.0026464484915971393,0.0006341816174491191,0.23583476051093188,5e-05,0.0,0.0,0.0,0.5,0,0,0,0,0
c_1030,ESPORTSUSDT,1761958800000,0,test,control,,0.6941117367037734,0.5709550737334812,0,-0.04724434108127093,0,0.9821826280623608,1,0.0012085000269264957,-0.007666884707798032,0.0002674225232560154,0.10712687630333471,0.00046594,0.00041593999999999995,0.0,0.0,0.5,0,0,0,0,0
c_1031,ESPORTSUSDT,1768068000000,0,test,control,,0.5272430253942169,0.5290730849995435,0,0.050632448068247404,1,0.7183869698369519,18,-0.001415480480049811,-0.0028241411666396032,0.0006447047315997991,-0.014259627044954759,5e-05,0.0,0.0,0.0,0.5,0,0,0,0,0
c_1032,ESPORTSUSDT,1771520400000,0,test,control,,0.37141721440638265,0.7212525375846454,0,-0.11096626151019667,0,0.8977569382841212,17,-0.0014330339181496726,0.0026275028865921316,-0.014270693959821666,0.11874948225257405,5e-05,0.0,0.0,0.0,0.5,0,0,0,0,0
c_1033,ESPORTSUSDT,1774742400000,0,test,control,,1.3905386504041453,1.2870662590087563,0,0.19444726883788516,1,0.907068685099462,0,-0.005907476509463608,-0.003362150291520391,-0.012861267193831186,0.12721856460579356,8.583e-05,3.5829999999999994e-05,0.0,0.0,0.5,0,0,0,0,0
c_1034,ESPORTSUSDT,1779004800000,0,test,control,,2.3646182062348298,2.5426518075976756,3,0.19850604181711212,0,0.952710027100271,8,0.0008402543306399673,0.0015168330931997168,0.003919372063612563,-0.1205610020550309,5e-05,0.0,0.0,0.0,0.5,0,0,0,0,0
c_1035,ESPORTSUSDT,1761958800000,0,test,control,,0.6941117367037734,0.5709550737334812,0,-0.04724434108127093,0,0.9821826280623608,1,0.0012085000269264957,-0.007666884707798032,0.0002674225232560154,0.10712687630333471,0.00046594,0.00041593999999999995,0.0,0.0,0.5,0,0,0,0,0
c_1036,ESPORTSUSDT,1768068000000,0,test,control,,0.5272430253942169,0.5290730849995435,0,0.050632448068247404,1,0.7183869698369519,18,-0.001415480480049811,-0.0028241411666396032,0.0006447047315997991,-0.014259627044954759,5e-05,0.0,0.0,0.0,0.5,0,0,0,0,0
c_1037,ESPORTSUSDT,1771203600000,0,test,control,,0.71848365651366,0.7996095119734554,0,-0.07601713349414478,1,0.848069024071227,1,0.00019622977198100497,-0.0018312413741653922,-0.020772857089764517,0.19637381269460172,5e-05,0.0,0.0,0.0,0.5,0,0,0,0,0
c_1038,ESPORTSUSDT,1773316800000,0,test,control,,1.214857944282709,1.3044139626143068,1,0.010127014349878297,1,0.9252787172742077,12,0.00023020421387388347,0.0012950215392814317,-0.0022816461129706892,-0.03207575869869205,5e-05,0.0,0.0,0.0,0.5,0,0,0,0,0
c_1039,ESPORTSUSDT,1779627600000,0,test,control,,1.7930655288536341,1.6605416039260879,1,-0.03644407226143564,0,0.8716596764529659,13,-0.0027377586864969473,-0.00022417766692264858,-0.012304249159689976,-0.032858921815354006,5e-05,0.0,17.8704,0.0,1.0,0,0,0,0,0
c_1040,ESPORTSUSDT,1764439200000,0,test,control,,0.5799432990746282,0.5761036998946528,0,-0.02344502089161559,1,0.8792078064553381,18,-0.006386176220645837,-0.002502761378522438,0.0014838503239809084,0.030907936553634108,5e-05,0.0,0.0,0.0,0.5,0,0,0,0,0
c_1041,ESPORTSUSDT,1766804400000,0,test,control,,0.5961612201271126,1.2283544388738172,1,-0.31519589089800093,1,0.8658700402991358,3,-0.00023904400697240735,0.0006712990924590735,0.0010852866236360041,0.054923587155954454,5e-05,0.0,0.0,0.0,0.5,0,0,0,0,0
c_1042,ESPORTSUSDT,1771459200000,0,test,control,,0.34036738171493575,0.37994717973287767,0,-0.034841815824566386,0,0.892154457583043,0,0.0006598472408442868,-0.00405226403160416,-0.004033546351759719,0.20872099931708848,5e-05,0.0,0.0,0.0,0.5,0,0,0,0,0
c_1043,ESPORTSUSDT,1775019600000,0,test,control,,0.3906407353006195,0.7368173489288329,0,0.0009740101634411201,0,0.9277367696734642,5,0.0020298235829395443,0.0010013178289036665,-0.017939763109810044,0.12889580855712293,5e-05,0.0,0.0,0.0,0.5,0,0,0,0,0
c_1044,ESPORTSUSDT,1779627600000,0,test,control,,1.7930655288536341,1.6605416039260879,1,-0.03644407226143564,0,0.8716596764529659,13,-0.0027377586864969473,-0.00022417766692264858,-0.012304249159689976,-0.032858921815354006,5e-05,0.0,17.8704,0.0,1.0,0,0,0,0,0
c_1045,ESPORTSUSDT,1761958800000,0,test,control,,0.6941117367037734,0.5709550737334812,0,-0.04724434108127093,0,0.9821826280623608,1,0.0012085000269264957,-0.007666884707798032,0.0002674225232560154,0.10712687630333471,0.00046594,0.00041593999999999995,0.0,0.0,0.5,0,0,0,0,0
c_1046,ESPORTSUSDT,1766793600000,0,test,control,,0.28270799582043193,0.30538347057526577,0,-0.0053839434055893455,0,0.8486476732762596,0,-0.002139296546270254,0.0029388914624229,0.009450154976958664,0.04686723982237213,5e-05,0.0,0.0,0.0,0.5,0,0,0,0,0
c_1047,ESPORTSUSDT,1770912000000,0,test,control,,3.412636720332411,2.2267155869859603,2,-0.012017023786583078,0,0.780855614973262,16,-0.006521336837040601,-0.016000975041357827,0.03132999403683945,0.17090334931236412,5e-05,0.0,0.0,0.0,0.5,0,0,0,0,0
c_1048,ESPORTSUSDT,1774054800000,0,test,control,,1.772561323243519,1.6803648763974122,1,-0.3613305801763643,1,0.7757105662833587,1,0.0024293095056666923,0.007346171797992757,0.011665548607465496,0.08110228950628796,5e-05,0.0,0.0,0.0,0.5,0,0,0,0,0
c_1049,ESPORTSUSDT,1779627600000,0,test,control,,1.7930655288536341,1.6605416039260879,1,-0.03644407226143564,0,0.8716596764529659,13,-0.0027377586864969473,-0.00022417766692264858,-0.012304249159689976,-0.032858921815354006,5e-05,0.0,17.8704,0.0,1.0,0,0,0,0,0
c_1050,ESPORTSUSDT,1764568800000,0,test,control,,0.6765642688997107,0.6955810639005193,0,-0.009664557135785604,0,0.8664665011451778,6,0.0023225526625990566,-0.004504013881570099,-0.003454407929136411,0.013329704685121839,5e-05,0.0,0.0,0.0,0.5,0,0,0,0,0
c_1051,ESPORTSUSDT,1766955600000,0,test,control,,0.41859468666209804,0.42788803800373915,0,-0.18259095941096096,0,0.918032424791271,21,-0.00011887263026278544,0.00048735568163457254,-0.00020117482157631139,-0.011942299606238285,5e-05,0.0,0.0,0.0,0.5,0,0,0,0,0
c_1052,ESPORTSUSDT,1770879600000,0,test,control,,0.7873504106055411,0.6807142507294341,0,-0.015757632149775515,0,0.8457326203208556,7,-0.00020861241452478836,0.0004939590655904742,-0.007846630076033279,0.024926520497921816,5e-05,0.0,0.0,0.0,0.5,0,0,0,0,0
c_1053,ESPORTSUSDT,1774004400000,0,test,control,,5.279061600056192,5.76700812929986,4,0.20580476972028228,1,0.7740833152527664,11,0.0005103132898338506,0.00035637284431015747,0.03361477788221832,0.0825975529810387,5e-05,0.0,0.0,0.0,0.5,0,0,0,0,0
c_1054,ESPORTSUSDT,1779627600000,0,test,control,,1.7930655288536341,1.6605416039260879,1,-0.03644407226143564,0,0.8716596764529659,13,-0.0027377586864969473,-0.00022417766692264858,-0.012304249159689976,-0.032858921815354006,5e-05,0.0,17.8704,0.0,1.0,0,0,0,0,0
c_1055,ESPORTSUSDT,1761958800000,0,test,control,,0.6941117367037734,0.5709550737334812,0,-0.04724434108127093,0,0.9821826280623608,1,0.0012085000269264957,-0.007666884707798032,0.0002674225232560154,0.10712687630333471,0.00046594,0.00041593999999999995,0.0,0.0,0.5,0,0,0,0,0
c_1056,ESPORTSUSDT,1768118400000,0,test,control,,0.49029327700183234,0.56153215383629,0,-0.07279679689876338,1,0.7321767694913515,8,-0.00036825752447142016,0.004458377174846835,-0.006089243459150788,-0.013825331448054784,5e-05,0.0,0.0,0.0,0.5,0,0,0,0,0
c_1057,ESPORTSUSDT,1771156800000,0,test,control,,0.26582412811731226,0.6031462544016207,0,0.15271606089807135,1,0.8005944215820758,12,-0.0017161650530264161,0.001494856355970247,1.9414781386706472e-05,0.189565772746683,5e-05,0.0,0.0,0.0,0.5,0,0,0,0,0
c_1058,ESPORTSUSDT,1774814400000,0,test,control,,0.9713676995515239,1.8121052952721874,2,0.006221762808410968,1,0.9094958088327287,20,-0.0011596874566999814,-0.00034689282255126615,0.004320388268663528,0.13170293802947486,0.00038589,-0.00013196999999999997,0.0,0.0,0.5,0,0,0,0,0
c_1059,ESPORTSUSDT,1779627600000,0,test,control,,1.7930655288536341,1.6605416039260879,1,-0.03644407226143564,0,0.8716596764529659,13,-0.0027377586864969473,-0.00022417766692264858,-0.012304249159689976,-0.032858921815354006,5e-05,0.0,17.8704,0.0,1.0,0,0,0,0,0
c_1060,ESPORTSUSDT,1761958800000,0,test,control,,0.6941117367037734,0.5709550737334812,0,-0.04724434108127093,0,0.9821826280623608,1,0.0012085000269264957,-0.007666884707798032,0.0002674225232560154,0.10712687630333471,0.00046594,0.00041593999999999995,0.0,0.0,0.5,0,0,0,0,0
c_1061,ESPORTSUSDT,1767978000000,0,test,control,,1.2339085484113907,1.6724767892718997,1,0.2818020772232459,0,0.7829047545723623,17,0.004961722755785993,-0.0002471955323527453,-0.0030033628625211676,-0.03725408210125762,5e-05,0.0,0.0,0.0,0.5,0,0,0,0,0
c_1062,ESPORTSUSDT,1771142400000,0,test,control,,0.8894006131125746,0.5861131436605977,0,0.11488004417630283,0,0.8047553726566071,8,0.00588033002606221,-0.004375930958418138,-0.014059108835360584,0.19266040456160677,5e-05,0.0,0.0,0.0,0.5,0,0,0,0,0
c_1063,ESPORTSUSDT,1774702800000,0,test,control,,2.2611233380224167,2.183048679493579,3,0.12196173155121376,0,0.9167521581383711,13,0.0019339704473626208,-0.003983562698116676,-0.017011562048813295,0.12743579220326426,5e-05,0.0,0.0,0.0,0.5,0,0,0,0,0
c_1064,ESPORTSUSDT,1778997600000,0,test,control,,1.8736662783441802,2.838708950319239,3,-0.02589919150375176,0,0.9510840108401084,6,-0.0003801969855627183,-0.0028501174256476292,0.00199949663401116,-0.12062321772449991,5e-05,0.0,0.0,0.0,0.5,0,0,0,0,0
c_1065,ESPORTSUSDT,1761958800000,0,test,control,,0.6941117367037734,0.5709550737334812,0,-0.04724434108127093,0,0.9821826280623608,1,0.0012085000269264957,-0.007666884707798032,0.0002674225232560154,0.10712687630333471,0.00046594,0.00041593999999999995,0.0,0.0,0.5,0,0,0,0,0
c_1066,ESPORTSUSDT,1767013200000,0,test,control,,2.0193808404830866,1.2429360894037926,1,0.07893927688641539,0,0.9638644696735433,13,-0.0021135852117583885,0.012925930611921968,0.009533553256509942,-0.05071320206435158,5e-05,0.0,0.0,0.0,0.5,0,0,0,0,0
c_1067,ESPORTSUSDT,1770692400000,0,test,control,,0.24550096298083976,0.4600942632841669,0,-0.03117199894419572,0,0.9181390374331551,3,-0.005482955714806861,5.005807813581564e-05,-0.0029729403399562644,-0.04293889925300433,5e-05,0.0,0.0,0.0,0.5,0,0,0,0,0
c_1068,ESPORTSUSDT,1775617200000,0,test,control,,0.5676751859047364,0.7619487757084478,0,0.1035393077785296,0,0.8865829811392166,3,-0.001630590721728846,-0.004046307482053985,0.011661380755239401,-0.05660986178640792,5e-05,0.0,0.0,0.0,0.5,0,0,0,0,0
c_1069,ESPORTSUSDT,1779627600000,0,test,control,,1.7930655288536341,1.6605416039260879,1,-0.03644407226143564,0,0.8716596764529659,13,-0.0027377586864969473,-0.00022417766692264858,-0.012304249159689976,-0.032858921815354006,5e-05,0.0,17.8704,0.0,1.0,0,0,0,0,0
c_1070,ESPORTSUSDT,1761958800000,0,test,control,,0.6941117367037734,0.5709550737334812,0,-0.04724434108127093,0,0.9821826280623608,1,0.0012085000269264957,-0.007666884707798032,0.0002674225232560154,0.10712687630333471,0.00046594,0.00041593999999999995,0.0,0.0,0.5,0,0,0,0,0
c_1071,ESPORTSUSDT,1766617200000,0,test,control,,0.39309770071854583,0.3745076499650669,0,0.10914901733873829,0,0.8545020751047577,23,0.0035161054055842084,-0.0004410898004857217,-0.005583175061426505,0.04778846224618338,5e-05,0.0,0.0,0.0,0.5,0,0,0,0,0
c_1072,ESPORTSUSDT,1771653600000,0,test,control,,1.2830531046723435,6.739530783170887,3,-0.08925362993453063,0,0.8129514636928146,6,0.0006624157964776701,0.0009051077931177986,-0.020289575539661542,0.10291027548249426,5e-05,0.0,0.0,0.0,0.5,0,0,0,0,0
c_1073,ESPORTSUSDT,1774868400000,0,test,control,,0.990988189084999,2.2196368689161496,2,0.1671714120463604,1,0.9268860252721131,11,-4.7431158120615804e-05,-0.003813175451535879,-0.01276477511142113,0.12342750761081836,5e-05,0.0,0.0,0.0,0.5,0,0,0,0,0
c_1074,ESPORTSUSDT,1778094000000,0,test,control,,10.316620406574192,4.917842747010434,3,0.04231764900949129,0,0.9325056433408578,19,-0.001246905769549701,0.013468454005816786,0.006128871662535682,0.15645738478522178,5e-05,0.0,0.0,0.0,0.5,0,0,0,0,0
c_1075,ESPORTSUSDT,1763956800000,0,test,control,,0.4125744263054545,0.5581831426721346,0,0.21127691832427847,0,0.9240073445030985,4,-0.0008550173975465447,-0.004866494636657932,-0.004736603099129903,-0.040973090601200746,5e-05,-4.118e-05,0.0,0.0,0.5,0,0,0,0,0
c_1076,ESPORTSUSDT,1767733200000,0,test,control,,3.4023470448766515,2.317469105319498,2,-0.034906800147445176,1,0.7841879245153895,21,0.004460028111429076,-0.029385525315828314,-0.02103604809105185,-0.06868505878291135,0.00013336,8.336000000000002e-05,0.0,0.0,0.5,0,0,0,0,0
c_1077,ESPORTSUSDT,1770991200000,0,test,control,,0.66440915675546,1.3940189058765997,1,0.19305743863500183,0,0.8122884606706078,14,0.0028068605518269513,-0.004952745011973486,0.007505819795066704,0.15756838717284435,5e-05,0.0,0.0,0.0,0.5,0,0,0,0,0
c_1078,ESPORTSUSDT,1773360000000,0,test,control,,18.720573559907425,9.73380139143482,4,-0.09766303253268561,1,0.9739446323437304,0,0.004833114963979749,0.05662922318258824,0.1021678447616046,0.008873156930446015,5e-05,0.0,0.0,0.0,0.5,0,0,0,0,0
c_1079,ESPORTSUSDT,1779627600000,0,test,control,,1.7930655288536341,1.6605416039260879,1,-0.03644407226143564,0,0.8716596764529659,13,-0.0027377586864969473,-0.00022417766692264858,-0.012304249159689976,-0.032858921815354006,5e-05,0.0,17.8704,0.0,1.0,0,0,0,0,0
c_1080,ESPORTSUSDT,1764576000000,0,test,control,,0.3934572049812216,0.614838373106435,0,0.006830556945505904,1,0.8790923263467868,8,0.0034540009908354883,-0.0031191689581638094,0.007610762529762604,0.021158075822646973,5e-05,0.0,0.0,0.0,0.5,0,0,0,0,0
c_1081,ESPORTSUSDT,1767952800000,0,test,control,,0.6958326626134549,0.5753399001968821,0,-0.017546900644177372,0,0.7378569351058187,10,0.003440405203279562,-0.008833951948947242,-0.019376923024066104,-0.039128924557315044,5e-05,0.0,0.0,0.0,0.5,0,0,0,0,0
c_1082,ESPORTSUSDT,1771362000000,0,test,control,,0.45696653701560924,0.6544020948636805,0,0.009106759182074847,0,0.909756846806399,21,-0.0007024078126635758,0.00411132382843621,0.016374115561247366,0.2307827852656196,5e-05,0.0,0.0,0.0,0.5,0,0,0,0,0
c_1083,ESPORTSUSDT,1774972800000,0,test,control,,0.5679760841789543,0.7126191967875448,0,0.15420553008868854,1,0.9245840110096334,16,0.002165097309179289,-0.0004153966710608733,0.0070329534928238084,0.13105638336494396,5e-05,0.0,0.0,0.0,0.5,0,0,0,0,0
c_1084,ESPORTSUSDT,1778245200000,0,test,control,,0.5186770633481773,0.8228380828331544,0,-0.28085563647671014,0,0.8334085778781037,13,-0.002423240157691304,9.995633725449929e-05,0.001536078041500497,0.23045006451460529,5e-05,0.0,0.0,0.0,0.5,0,0,0,0,0
c_1085,ESPORTSUSDT,1764529200000,0,test,control,,0.24978397846882136,0.8474868274745591,0,-0.20397290708237667,1,0.8589987874588603,19,-0.00026026829505679326,-0.0009176193003877271,-0.0010728770620727862,0.026157105926471295,5e-05,0.0,0.0,0.0,0.5,0,0,0,0,0
c_1086,ESPORTSUSDT,1766901600000,0,test,control,,0.9279263532016547,0.6167822253296821,0,-0.3135110124420648,0,0.8860894630084338,6,-0.0007287540814219507,0.0004319840172528992,-0.002986525036375611,0.020525147443935805,5e-05,0.0,0.0,0.0,0.5,0,0,0,0,0
c_1087,ESPORTSUSDT,1771290000000,0,test,control,,0.5676908734792271,0.5506245527138499,0,-0.10669159437361087,1,0.8672348528831193,1,-0.00018297331639144412,-0.004435801323102593,-0.012030476741311517,0.17567131962785731,5e-05,0.0,0.0,0.0,0.5,0,0,0,0,0
c_1088,ESPORTSUSDT,1774728000000,0,test,control,,1.16358040891649,2.6781170834933326,2,0.03886808134364287,0,0.915451019642187,20,2.841287192814503e-05,-0.0022489554736618888,-0.046931348650342326,0.12558888219923042,5e-05,0.0,0.0,0.0,0.5,0,0,0,0,0
c_1089,ESPORTSUSDT,1779512400000,0,test,control,,0.8100404210950035,0.9682173067139271,0,0.0042069265365610705,1,0.8727381665668064,5,-0.0012314961421499174,0.0015966885707025887,-0.011153221129980819,-0.018276630492679503,5e-05,0.0,0.0,0.0,0.5,0,0,0,0,0
c_1090,ESPORTSUSDT,1761958800000,0,test,control,,0.6941117367037734,0.5709550737334812,0,-0.04724434108127093,0,0.9821826280623608,1,0.0012085000269264957,-0.007666884707798032,0.0002674225232560154,0.10712687630333471,0.00046594,0.00041593999999999995,0.0,0.0,0.5,0,0,0,0,0
c_1091,ESPORTSUSDT,1767805200000,0,test,control,,1.0624789166787143,0.724999698809696,0,-0.007987038164314543,0,0.7402179678009889,17,-0.0008017252426260623,-0.006494262848488957,-0.008896297585048391,-0.07278216131966343,5e-05,0.0,0.0,0.0,0.5,0,0,0,0,0
c_1092,ESPORTSUSDT,1771023600000,0,test,control,,0.6385036021984551,0.47424845885323824,0,-0.03062247398671364,0,0.794485310708967,23,0.0014476718184616214,-0.012887105058264847,-0.008304658980524097,0.21352326844446193,5e-05,0.0,0.0,0.0,0.5,0,0,0,0,0
c_1093,ESPORTSUSDT,1774965600000,0,test,control,,0.6886750102362477,0.7644553082960471,0,0.09971115465900568,1,0.9293882146878518,14,0.009483097631777276,0.014864775536645235,0.01797091942326853,0.12714515226322287,5e-05,0.0,0.0,0.0,0.5,0,0,0,0,0
c_1094,ESPORTSUSDT,1779627600000,0,test,control,,1.7930655288536341,1.6605416039260879,1,-0.03644407226143564,0,0.8716596764529659,13,-0.0027377586864969473,-0.00022417766692264858,-0.012304249159689976,-0.032858921815354006,5e-05,0.0,17.8704,0.0,1.0,0,0,0,0,0
c_1095,ESPORTSUSDT,1761958800000,0,test,control,,0.6941117367037734,0.5709550737334812,0,-0.04724434108127093,0,0.9821826280623608,1,0.0012085000269264957,-0.007666884707798032,0.0002674225232560154,0.10712687630333471,0.00046594,0.00041593999999999995,0.0,0.0,0.5,0,0,0,0,0
c_1096,ESPORTSUSDT,1767783600000,0,test,control,,1.4357891561722345,0.8527735464897067,0,0.15304481344144527,1,0.7635887696966587,11,0.002750021816912534,-0.00044756713349998126,0.002674471127324439,-0.07042856134678491,5e-05,0.0,0.0,0.0,0.5,0,0,0,0,0
c_1097,ESPORTSUSDT,1770613200000,0,test,control,,0.9395532537567082,0.994599027326477,0,0.03809409795712824,0,0.9230802139037432,5,-0.004250041041168771,0.000485669792786249,-0.004356806850541307,-0.041371128036593624,5e-05,0.0,0.0,0.0,0.5,0,0,0,0,0
c_1098,ESPORTSUSDT,1773320400000,0,test,control,,7.143259879442119,2.848266714833153,2,-0.029525376420302597,0,0.9124389327320557,13,-0.0005668539605190362,0.012229133475500928,0.015155801568958186,-0.031573917039460046,5e-05,0.0,0.0,0.0,0.5,0,0,0,0,0
c_1099,ESPORTSUSDT,1778198400000,0,test,control,,0.3668938548260728,0.4836733066624141,0,-0.4416692632369763,0,0.8523702031602709,0,0.0012181975934023063,-0.003951175431116546,-0.002921372141204724,0.22728377149515275,5e-05,0.0,0.0,0.0,0.5,0,0,0,0,0
c_1100,ESPORTSUSDT,1763967600000,0,test,control,,0.532763367780451,0.5136471258679779,0,-0.15198440440650784,1,0.9206105118200598,7,-0.006442071116713321,-0.011183696000321526,-0.024272580355030927,-0.04074724891248797,5e-05,-4.118e-05,0.0,0.0,0.5,0,0,0,0,0
c_1101,ESPORTSUSDT,1768042800000,0,test,control,,0.8497869097862416,0.6373672262637864,0,-0.22993058859067436,1,0.729045834830365,11,0.0007219229823905902,0.0016183425912187099,-0.003997996339987259,-0.015069529362018743,5e-05,0.0,0.0,0.0,0.5,0,0,0,0,0
c_1102,ESPORTSUSDT,1771286400000,0,test,control,,0.37586632264868736,0.643309305435233,0,0.38964818563265846,0,0.8665149439167693,0,0.004396078826039753,0.00013691168373753618,-0.013511289159671074,0.17587935348550876,5e-05,0.0,0.0,0.0,0.5,0,0,0,0,0
c_1103,ESPORTSUSDT,1775044800000,0,test,control,,1.8677175898633946,2.0535517176966054,1,0.0925726598194453,1,0.933466783435506,12,0.00182069907258124,0.00019690996541371736,-0.0006623002899433713,0.12523304278825048,0.00021908,0.00016908,0.0,0.0,0.5,0,0,0,0,0
c_1104,ESPORTSUSDT,1779627600000,0,test,control,,1.7930655288536341,1.6605416039260879,1,-0.03644407226143564,0,0.8716596764529659,13,-0.0027377586864969473,-0.00022417766692264858,-0.012304249159689976,-0.032858921815354006,5e-05,0.0,17.8704,0.0,1.0,0,0,0,0,0
c_1105,ESPORTSUSDT,1763960400000,0,test,control,,0.4661179344364132,0.5572559396271709,0,-0.079437853196889,0,0.9237548772090889,5,-0.008306943923266374,-0.001472923541767061,-0.001550475226959808,-0.04073778105881699,5e-05,-4.118e-05,0.0,0.0,0.5,0,0,0,0,0
c_1106,ESPORTSUSDT,1766624400000,0,test,control,,0.30461175667635015,0.3712111931678975,0,0.20132227842997782,0,0.8508129999799507,1,-0.00111152574597196,-0.00025332234809754916,-0.007652442162853609,0.06047145070737504,5e-05,0.0,0.0,0.0,0.5,0,0,0,0,0
c_1107,ESPORTSUSDT,1771117200000,0,test,control,,0.6504403212144443,1.0801675633982104,0,0.14637762095103038,1,0.7920422964820714,1,-0.0007450347730652737,6.8388421156414005e-06,-0.007691585571646376,0.19834138093729364,5e-05,0.0,0.0,0.0,0.5,0,0,0,0,0
c_1108,ESPORTSUSDT,1773392400000,0,test,control,,2.622740326561543,1.3567158999564444,1,0.43319059110357233,1,0.964361768758612,9,0.002859525628865103,-0.008491189846625552,-0.0036245944584776236,-0.0034904081972226223,5e-05,-0.00038988,0.0,0.0,0.5,0,0,0,0,0
c_1109,ESPORTSUSDT,1779472800000,0,test,control,,1.844403115295074,1.899622442022615,1,0.027019602154837685,1,0.8381066506890353,18,-0.0025912125002275654,-0.0020038831598887825,-0.017320313326982112,-0.03284411927141692,5e-05,0.0,0.0,0.0,0.5,0,0,0,0,0
c_1110,ESPORTSUSDT,1761958800000,0,test,control,,0.6941117367037734,0.5709550737334812,0,-0.04724434108127093,0,0.9821826280623608,1,0.0012085000269264957,-0.007666884707798032,0.0002674225232560154,0.10712687630333471,0.00046594,0.00041593999999999995,0.0,0.0,0.5,0,0,0,0,0
c_1111,ESPORTSUSDT,1767805200000,0,test,control,,1.0624789166787143,0.724999698809696,0,-0.007987038164314543,0,0.7402179678009889,17,-0.0008017252426260623,-0.006494262848488957,-0.008896297585048391,-0.07278216131966343,5e-05,0.0,0.0,0.0,0.5,0,0,0,0,0
c_1112,ESPORTSUSDT,1771617600000,0,test,control,,1.61903932351501,1.5290053297675996,1,-0.3252837275543378,0,0.8223799264985425,20,-0.00419139012475506,-0.0029363764205681173,-0.010342581980892716,0.1241381754537948,5e-05,0.0,0.0,0.0,0.5,0,0,0,0,0
c_1113,ESPORTSUSDT,1773993600000,0,test,control,,3.2427071049119602,2.1933416634935656,3,-0.047680884491550696,0,0.7791549142981123,8,0.004965797167267381,0.027490293841186807,0.0443508255392964,0.09007403226323026,5e-05,0.0,0.0,0.0,0.5,0,0,0,0,0
c_1114,ESPORTSUSDT,1779606000000,0,test,control,,0.5848697179455206,0.5387251169367997,0,0.008875552322588935,0,0.8615937687237867,7,0.0022883444212326537,0.0013181582605354934,-0.001412233995729344,-0.03230819243089119,5e-05,0.0,0.0,0.0,0.5,0,0,0,0,0
c_1115,ESPORTSUSDT,1761958800000,0,test,control,,0.6941117367037734,0.5709550737334812,0,-0.04724434108127093,0,0.9821826280623608,1,0.0012085000269264957,-0.007666884707798032,0.0002674225232560154,0.10712687630333471,0.00046594,0.00041593999999999995,0.0,0.0,0.5,0,0,0,0,0
c_1116,ESPORTSUSDT,1766761200000,0,test,control,,0.7408613404659457,0.5224844091572781,0,0.2212530804801704,0,0.8708222226677628,15,-0.01815103794890024,0.002832249984612791,0.0017398678676109913,0.05264004203288364,5e-05,0.0,0.0,0.0,0.5,0,0,0,0,0
c_1117,ESPORTSUSDT,1770710400000,0,test,control,,0.276226440094074,0.31148881096709774,0,-0.12111746799901217,0,0.9163208556149732,8,0.00014084016238742432,-0.001308984692181514,-0.013841459805309068,-0.030976043553615776,5e-05,0.0,0.0,0.0,0.5,0,0,0,0,0
c_1118,ESPORTSUSDT,1773410400000,0,test,control,,0.6699464057063202,0.7993299826554536,0,-0.2719341274277616,0,0.946981084805211,14,0.0083797000906025,0.003103091059941532,0.0012078566042620417,-0.0034639421807402225,5.006e-05,-6.945000000000001e-05,0.0,0.0,0.5,0,0,0,0,0
c_1119,ESPORTSUSDT,1778115600000,0,test,control,,0.9695712170505938,2.034511470808446,1,0.2686635822057547,0,0.9530474040632054,1,-0.0051996495888322,-0.0027613538077615666,-0.0060529832560333304,0.1621934422748904,5e-05,0.0,0.0,0.0,0.5,0,0,0,0,0
c_1120,ESPORTSUSDT,1762005600000,0,test,control,,1.0655222908534283,1.523634900420222,1,-0.03196492118586999,1,0.9454837211266416,14,-0.0006583493980285362,-0.009185983809713841,-0.06829560397300605,0.09501455091473664,5.07e-05,-8.921000000000001e-05,0.0,0.0,0.5,0,0,0,0,0
c_1121,ESPORTSUSDT,1767160800000,0,test,control,,1.7573511207119972,0.735673114929265,0,-0.3402518936362923,0,0.9425569654796015,6,0.001453210144607468,0.003912815487976395,0.005976647145670909,-0.10860377258248888,0.00046952,0.00033051,0.0,0.0,0.5,0,0,0,0,0
c_1122,ESPORTSUSDT,1770836400000,0,test,control,,1.1383496906811101,1.758127374312137,2,-0.023677001479290864,1,0.8715080213903743,19,0.011281548404174387,-0.0030736615539720398,-0.005185343165450578,0.041396554097397564,5e-05,0.0,0.0,0.0,0.5,0,0,0,0,0
c_1123,ESPORTSUSDT,1774036800000,0,test,control,,1.4479808338152418,1.710084516553104,1,0.08934313085261583,0,0.7746257322629637,20,0.005859467428043578,0.005238917054834203,0.032041249084896375,0.0822198778665288,5e-05,0.0,0.0,0.0,0.5,0,0,0,0,0
c_1124,ESPORTSUSDT,1779501600000,0,test,control,,1.0681865355207922,1.0830244599481234,0,-0.23249414956711617,0,0.8614739364889155,2,0.0017483260143476512,-0.0037416122694435543,-0.012098511932539859,-0.01721262910120707,5e-05,0.0,0.0,0.0,0.5,0,0,0,0,0
c_1125,ESPORTSUSDT,1754560800000,0,train,control,,0.9032247311313332,1.0579469346599868,0,0.03211342967251739,0,0.6979487179487179,10,0.0009320070000599693,0.0007103237635379173,0.12033405366344876,-0.13254980416274126,5e-05,0.0,0.0,0.0,0.5,0,0,0,0,0
c_1126,ESPORTSUSDT,1755961200000,0,train,control,,0.27507916345600353,0.2920708373372944,0,-0.09360334221793264,0,0.8657718120805369,15,-0.0020833115595920914,-0.004570800358912592,0.0058192037972665325,-0.003283446294280984,-0.00017548,-0.00022548,0.0,0.0,0.5,0,0,0,0,0
c_1127,ESPORTSUSDT,1758200400000,0,train,control,,0.6996965980381864,0.7111716629817965,0,0.03904529080328183,0,0.9658703071672355,13,0.0005042088621116951,0.0063585424378066625,-0.02793454531092718,0.07132485398766966,0.00041848,-8.177999999999999e-05,0.0,0.0,0.5,0,0,0,0,0
c_1128,ESPORTSUSDT,1759780800000,0,train,control,,2.486654525020917,1.4785450155173285,1,0.1065428557575203,0,0.9927946968969161,20,-0.004990237010461457,-0.004487255742184605,-0.0018070818554729315,0.10529943384343105,0.00031852,5.099e-05,0.0,0.0,0.5,0,0,0,0,0
c_1129,ESPORTSUSDT,1761685200000,0,train,control,,0.7743386498079865,0.4061754543606859,0,-0.0038636420386820186,0,0.907735161774159,21,-0.007783224352938019,0.004504443439925094,0.001378909901588985,0.03268271289030175,0.00010908,-0.00028011999999999997,0.0,0.0,0.5,0,0,0,0,0
c_1130,ESPORTSUSDT,1754661600000,0,train,control,,0.4736829560970492,0.44039005467054776,0,-0.05183852282019958,0,0.6743589743589744,14,0.0035414219272755505,0.010388910288925109,-0.036506581483163096,-0.1737450334013998,5e-05,-9.23e-05,0.0,0.0,0.5,0,0,0,0,0
c_1131,ESPORTSUSDT,1756004400000,0,train,control,,0.38856518799381823,0.28173631913910946,0,0.06928791692310732,1,0.8719923002887391,3,-0.0040006341412281285,-0.010230157274464692,-0.005149119274594339,-0.028765313278964366,5e-05,0.00016514,0.0,0.0,0.5,0,0,0,0,0
c_1132,ESPORTSUSDT,1758146400000,0,train,control,,0.371702510085302,0.7079648421384029,0,0.01215150761031623,0,0.9134609822409904,22,0.003680291446545804,-0.002814571107576468,-0.03575266824962175,0.08321299392878592,5e-05,-0.00031563999999999995,0.0,0.0,0.5,0,0,0,0,0
c_1133,ESPORTSUSDT,1759766400000,0,train,control,,0.5559068722527767,0.8365683239052158,0,-0.05869558779881558,0,0.9723635993485342,16,0.00377824141058633,-0.0012944518739219403,0.0023303877985310422,0.10798718098025337,0.00011005,4.915e-05,0.0,0.0,0.5,0,0,0,0,0
c_1134,ESPORTSUSDT,1761868800000,0,train,control,,1.1106524973390663,0.6772777443554239,0,0.035505583407444107,0,0.9399614313263338,0,0.0037530583995542587,-0.0033590004465677476,0.011577380705808655,0.13196693535867662,5e-05,0.0,0.0,0.0,0.5,0,0,0,0,0
c_1135,ESPORTSUSDT,1754701200000,0,train,control,,0.5171122873826939,0.36739584377418055,0,-0.05787652142403349,0,0.7010256410256409,1,-0.0007322414304601647,-0.015475122909225411,0.03815618964931106,-0.18723345905004485,0.00017833,0.00012833,0.0,0.0,0.5,0,0,0,0,0
c_1136,ESPORTSUSDT,1756206000000,0,train,control,,0.8526023749573519,1.4181768815942426,1,0.005351244279886651,0,0.9182890855457227,11,0.0005485493412866404,-0.023786706040487656,-0.054758631273302646,0.1859916983130203,5e-05,0.0,0.0,0.0,0.5,0,0,0,0,0
c_1137,ESPORTSUSDT,1758542400000,0,train,control,,0.6972211136128033,0.5807922750422317,0,-0.2971862162540712,1,0.8836714109604393,12,0.000722949705763905,-0.0044184865706783415,-0.0017971120742862215,0.13880166166672825,5e-05,-0.00020957999999999998,0.0,0.0,0.5,0,0,0,0,0
c_1138,ESPORTSUSDT,1759741200000,0,train,control,,0.523415240570897,0.780012808707282,0,-0.1437718738522854,1,0.9704288589564949,9,0.003792193934597807,-0.0006353268557375342,-0.024709625332575955,0.08522518281396352,0.00026753,0.00021752999999999999,0.0,0.0,0.5,0,0,0,0,0
c_1139,ESPORTSUSDT,1761804000000,0,train,control,,1.1564117197923818,0.8132447304895073,0,0.07794724659246985,0,0.9230340689950718,6,0.01563080337352551,0.008934229628833036,0.011176305155280055,0.006488547250092062,0.00070254,0.00065254,0.0,0.0,0.5,0,0,0,0,0
c_1140,ESPORTSUSDT,1754647200000,0,train,control,,0.4434105338850159,0.753677130307556,0,0.014355332828658111,0,0.6646153846153846,10,0.0005018426633176176,0.00499472295947594,-0.12325503128813747,-0.16644694498808832,5e-05,-0.00028074999999999997,0.0,0.0,0.5,0,0,0,0,0
c_1141,ESPORTSUSDT,1755846000000,0,train,control,,0.261502304513452,0.2733375844303775,0,0.044328733554061604,0,0.7613535173642031,7,-0.0022111873890762477,-0.007495760441568266,-0.07842181682771832,-0.055681364714607384,5e-05,0.0,0.0,0.0,0.5,0,0,0,0,0
c_1142,ESPORTSUSDT,1758488400000,0,train,control,,0.3833651789051751,0.24919785445016185,0,-0.011343962677050025,0,0.9049646979715342,21,-0.0015999514903716797,0.008220071624165246,0.012617413637380621,0.06312182668609667,0.00061022,0.0005602199999999999,0.0,0.0,0.5,0,0,0,0,0
c_1143,ESPORTSUSDT,1759759200000,0,train,control,,0.48432153123146415,0.667454439856428,0,-0.2294037547334456,0,0.9721600162866451,14,0.003795324000183139,0.002323599528022427,-0.008245833712862662,0.09687590736448062,0.00011005,4.915e-05,0.0,0.0,0.5,0,0,0,0,0
c_1144,ESPORTSUSDT,1761703200000,0,train,control,,0.42982292670864436,0.4401799761321975,0,0.01870203389908057,1,0.9092779087208057,2,0.0004707138566947183,-0.0010892622218190515,-0.007805562264291155,0.009628677907843622,5e-05,-5.7029999999999994e-05,0.0,0.0,0.5,0,0,0,0,0
c_1145,ESPORTSUSDT,1754593200000,0,train,control,,0.46210581321803257,0.4861572713196374,0,0.02205966192063576,0,0.6984615384615384,19,0.0004585611827100857,0.02478349975154696,0.0057001472346406255,-0.1649203155892921,0.00029534,0.00024534,0.0,0.0,0.5,0,0,0,0,0
c_1146,ESPORTSUSDT,1755745200000,0,train,control,,0.4591584002001594,0.37321315214201056,0,-0.12878897845208107,0,0.71875,3,-0.005988629625754272,0.020004009302286407,0.09462639314876845,0.025475043021597185,5e-05,0.0,0.0,0.0,0.5,0,0,0,0,0
c_1147,ESPORTSUSDT,1758207600000,0,train,control,,0.6326300014721777,0.7421814150773648,0,-0.11443642097416616,0,0.9726962457337884,15,0.0016493229341932572,-0.0041293140172430935,-0.004667508363766376,0.06800924506257928,0.00041848,-8.177999999999999e-05,0.0,0.0,0.5,0,0,0,0,0
c_1148,ESPORTSUSDT,1760634000000,0,train,control,,4.077967830096838,2.3796006303472854,1,-0.054318869873923814,0,0.8246065808297568,17,0.006535206593284973,-0.020875055080733763,-0.060707983490568176,0.6007875541356686,0.00050965,0.00026963,0.0,0.0,0.5,0,0,0,0,0
c_1149,ESPORTSUSDT,1761613200000,0,train,control,,2.6296659695825824,1.8599615069291913,2,-0.07401882935573516,1,0.9325905292479109,1,-0.0012492975441002032,0.008916363965575219,0.015457650978193458,-0.002319419966066369,0.00030703,0.00025205000000000003,0.0,0.0,0.5,0,0,0,0,0
c_1150,ESPORTSUSDT,1754474400000,0,train,control,,0.586240944027049,0.7188218687626847,0,-0.03245854932463802,1,0.6928205128205128,10,0.0013125537203215799,-0.012286338491124114,0.010655802677820247,-0.12439592206109454,5e-05,0.0,0.0,0.0,0.5,0,0,0,0,0
c_1151,ESPORTSUSDT,1755691200000,0,train,control,,0.7065887937630809,0.5100324710001113,0,-0.09172589698830681,1,0.6881889763779528,12,-0.0010374036775081211,-0.0086345157430308,0.0011265673662767184,0.0106813739331654,5e-05,0.0,0.0,0.0,0.5,0,0,0,0,0
c_1152,ESPORTSUSDT,1758510000000,0,train,control,,1.5386173764059399,1.1564564202560437,0,-0.124422795358936,0,0.8751540961560014,3,-0.0007512358617936405,-0.02140226347387585,-0.006948348575618909,0.08039529579736289,0.00025958,-9.790000000000027e-06,0.0,0.0,0.5,0,0,0,0,0
c_1153,ESPORTSUSDT,1759716000000,0,train,control,,0.46857333262398043,0.4003774504176315,0,-0.14948972440235475,1,0.9335810496980957,2,0.005555744802337143,-0.00030517812424625404,-0.0020227063817294545,0.09364545928101699,5e-05,-0.00011841,0.0,0.0,0.5,0,0,0,0,0
c_1154,ESPORTSUSDT,1761768000000,0,train,control,,0.6494208996576869,0.8307774658882824,0,-0.18469725578052143,0,0.8998071566316691,20,-0.001240710473799646,-0.001577861390945503,-0.006413505307483528,0.002234141948287284,0.00034529,-0.00015135999999999996,0.0,0.0,0.5,0,0,0,0,0
c_1155,ESPORTSUSDT,1761958800000,0,test,control,,0.6941117367037734,0.5709550737334812,0,-0.04724434108127093,0,0.9821826280623608,1,0.0012085000269264957,-0.007666884707798032,0.0002674225232560154,0.10712687630333471,0.00046594,0.00041593999999999995,0.0,0.0,0.5,0,0,0,0,0
c_1156,ESPORTSUSDT,1766808000000,0,test,control,,0.8374810439012432,1.370316852242167,1,0.21308213044680707,0,0.8675341339695651,4,0.00071730348801688,-0.008783369283438544,-0.010615309353389557,0.05499520421230915,5e-05,0.0,0.0,0.0,0.5,0,0,0,0,0
c_1157,ESPORTSUSDT,1770962400000,0,test,control,,1.0518996149742543,1.1290845201094772,0,-0.16481274279198013,0,0.7494545454545455,6,-0.0022383140849382005,0.001444209021888741,-0.004287387566576057,0.14791419891436636,5e-05,0.0,0.0,0.0,0.5,0,0,0,0,0
c_1158,ESPORTSUSDT,1774706400000,0,test,control,,5.973422600362061,3.028908552911267,3,0.09433401889270551,0,0.9199299386963592,14,0.005971389725776888,0.007169089278526079,-0.005104216415364672,0.12510284224267468,5e-05,0.0,0.0,0.0,0.5,0,0,0,0,0
c_1159,ESPORTSUSDT,1779627600000,0,test,control,,1.7930655288536341,1.6605416039260879,1,-0.03644407226143564,0,0.8716596764529659,13,-0.0027377586864969473,-0.00022417766692264858,-0.012304249159689976,-0.032858921815354006,5e-05,0.0,17.8704,0.0,1.0,0,0,0,0,0
c_1160,ESPORTSUSDT,1761958800000,0,test,control,,0.6941117367037734,0.5709550737334812,0,-0.04724434108127093,0,0.9821826280623608,1,0.0012085000269264957,-0.007666884707798032,0.0002674225232560154,0.10712687630333471,0.00046594,0.00041593999999999995,0.0,0.0,0.5,0,0,0,0,0
c_1161,ESPORTSUSDT,1768071600000,0,test,control,,0.8642813612546626,0.626377127470987,0,0.04698200707160498,0,0.7236736300022243,19,0.0004739687313215351,-0.002310392406152091,-0.005288361117905219,-0.014296271268053152,5e-05,0.0,0.0,0.0,0.5,0,0,0,0,0
c_1162,ESPORTSUSDT,1771462800000,0,test,control,,0.40146707229862566,0.38493300700257965,0,-0.02108636713746798,0,0.8880084392326187,1,-0.00018216636456165383,-0.002745903106058881,-0.002830901919756195,0.21179154610286266,5e-05,0.0,0.0,0.0,0.5,0,0,0,0,0
c_1163,ESPORTSUSDT,1773417600000,0,test,control,,1.8496528506813095,1.1078707344761445,0,-0.11673786760217071,0,0.9370850557434548,16,-0.007648569383055865,-0.0023113877154645394,-0.001401703627069419,0.03261820839831131,5e-05,0.0,0.0,0.0,0.5,0,0,0,0,0
c_1164,ESPORTSUSDT,1779627600000,0,test,control,,1.7930655288536341,1.6605416039260879,1,-0.03644407226143564,0,0.8716596764529659,13,-0.0027377586864969473,-0.00022417766692264858,-0.012304249159689976,-0.032858921815354006,5e-05,0.0,17.8704,0.0,1.0,0,0,0,0,0
c_1165,ESPORTSUSDT,1761958800000,0,test,control,,0.6941117367037734,0.5709550737334812,0,-0.04724434108127093,0,0.9821826280623608,1,0.0012085000269264957,-0.007666884707798032,0.0002674225232560154,0.10712687630333471,0.00046594,0.00041593999999999995,0.0,0.0,0.5,0,0,0,0,0
c_1166,ESPORTSUSDT,1767848400000,0,test,control,,1.1645765739491816,1.0593489118150996,0,-0.05172230305842863,1,0.727129634382111,5,0.002289047930107902,-0.0026050052296635413,-0.011362495459004956,-0.07408233643451496,5e-05,0.0,0.0,0.0,0.5,0,0,0,0,0
c_1167,ESPORTSUSDT,1771441200000,0,test,control,,0.49813901784513137,0.6167757451599123,0,-0.19480123992965473,1,0.9137125382262996,19,-0.012345826080352935,-0.00399376241478922,-0.014715625872721783,0.22960999090029308,5e-05,0.0,0.0,0.0,0.5,0,0,0,0,0
c_1168,ESPORTSUSDT,1774882800000,0,test,control,,0.8358595673014639,1.0808058536877037,0,0.09795210358637556,0,0.9106968597522832,15,0.00402720959418237,-0.0027576892767969445,-0.009599009461669463,0.12613484581595485,9.082e-05,4.082e-05,0.0,0.0,0.5,0,0,0,0,0
c_1169,ESPORTSUSDT,1779627600000,0,test,control,,1.7930655288536341,1.6605416039260879,1,-0.03644407226143564,0,0.8716596764529659,13,-0.0027377586864969473,-0.00022417766692264858,-0.012304249159689976,-0.032858921815354006,5e-05,0.0,17.8704,0.0,1.0,0,0,0,0,0
c_1170,ESPORTSUSDT,1761958800000,0,test,control,,0.6941117367037734,0.5709550737334812,0,-0.04724434108127093,0,0.9821826280623608,1,0.0012085000269264957,-0.007666884707798032,0.0002674225232560154,0.10712687630333471,0.00046594,0.00041593999999999995,0.0,0.0,0.5,0,0,0,0,0
c_1171,ESPORTSUSDT,1767754800000,0,test,control,,1.119053320866325,1.5875652268085425,1,0.15274972735774106,1,0.7722972163766704,3,0.005600303877358215,-0.001178458881370888,0.00013101940351758075,-0.06677349654631974,5e-05,-0.00023462000000000003,0.0,0.0,0.5,0,0,0,0,0
c_1172,ESPORTSUSDT,1771628400000,0,test,control,,1.352287280123545,1.1676275471769182,0,0.018387855922973075,0,0.8213407679635027,23,0.003798366481149039,0.005616923022551726,0.0037037849939093315,0.12619631745085175,5e-05,0.0,0.0,0.0,0.5,0,0,0,0,0
c_1173,ESPORTSUSDT,1773349200000,0,test,control,,11.007121180465798,6.899124282481754,4,-0.04289535115620341,1,0.8677189026681699,21,-0.0037886913175468415,0.01900219226093793,0.030883975964823153,-0.016998193726313802,5e-05,0.0,0.0,0.0,0.5,0,0,0,0,0
c_1174,ESPORTSUSDT,1779544800000,0,test,control,,0.6231792910870166,1.2801266833406375,0,0.1386638568087336,1,0.9004194128220491,14,0.006084896823060208,-0.0032036202495183508,-0.006482696235750447,-0.026282276931369548,5e-05,0.0,0.0,0.0,0.5,0,0,0,0,0
c_1175,ESPORTSUSDT,1763506800000,0,test,control,,1.3865099412007997,2.1285744927132253,2,-0.15553931366573748,1,0.8071428571428573,23,0.007144788500849088,0.0006520048057626684,0.006492887343980387,-0.026495430550790754,5e-05,-0.00032963,0.0,0.0,0.5,0,0,0,0,0
c_1176,ESPORTSUSDT,1766829600000,0,test,control,,0.4848469311144235,0.3678994214671223,0,-0.04357883399444981,0,0.84908875834553,10,0.0003403940346515228,0.0048653456716996075,0.0052680927699258855,0.03878123139514025,5e-05,0.0,0.0,0.0,0.5,0,0,0,0,0
c_1177,ESPORTSUSDT,1770937200000,0,test,control,,0.5030956181548086,1.2030144216130432,1,0.13859593014551005,0,0.7879144385026737,23,0.00669383091923939,-0.002486566854765994,-0.00493314076628787,0.19029866432217818,5e-05,0.0,0.0,0.0,0.5,0,0,0,0,0
c_1178,ESPORTSUSDT,1773439200000,0,test,control,,0.8694005634204615,1.2207377955282959,0,-0.3369111957889823,0,0.9555618188650884,22,-0.003426011886564205,-0.0010179878532150992,0.004118924172665049,0.052825365390044884,5e-05,-5.999999999999604e-08,0.0,0.0,0.5,0,0,0,0,0
c_1179,ESPORTSUSDT,1778144400000,0,test,control,,0.3762805505815356,0.3242464501354028,0,0.041063584676199305,1,0.9415349887133183,9,-0.003487968227825096,-0.0059077315618590335,-0.006608342206910255,0.17619820059399002,5e-05,0.0,0.0,0.0,0.5,0,0,0,0,0
c_1180,ESPORTSUSDT,1761958800000,0,test,control,,0.6941117367037734,0.5709550737334812,0,-0.04724434108127093,0,0.9821826280623608,1,0.0012085000269264957,-0.007666884707798032,0.0002674225232560154,0.10712687630333471,0.00046594,0.00041593999999999995,0.0,0.0,0.5,0,0,0,0,0
c_1181,ESPORTSUSDT,1768078800000,0,test,control,,0.6093056324599542,0.6280908742419229,0,-0.26956100626090607,0,0.7181474447809202,21,-0.0005784213512540283,-0.00015306711187239227,-0.008395815909610563,-0.0144490168049764,5e-05,0.0,0.0,0.0,0.5,0,0,0,0,0
c_1182,ESPORTSUSDT,1771034400000,0,test,control,,0.5309534526521918,0.7526693611630573,0,0.14336113886222543,1,0.7989078929554582,2,-0.0018852570581301652,-0.004874830102634333,-0.020474023107484817,0.21331842960758898,5e-05,0.0,0.0,0.0,0.5,0,0,0,0,0
c_1183,ESPORTSUSDT,1774983600000,0,test,control,,0.4049311515353969,0.7343881255434436,0,-0.37271953637049077,0,0.9227574127361441,19,0.004751540509586965,-0.00032830551531638227,0.009493408253246079,0.14145114049858412,5e-05,0.0,0.0,0.0,0.5,0,0,0,0,0
c_1184,ESPORTSUSDT,1779469200000,0,test,control,,2.2170669547923088,2.0818195014568404,2,0.014546729721265535,1,0.8515278609946075,17,0.002049337841094929,-0.00985335682634658,-0.020631398769553867,-0.028714446578492175,5e-05,0.0,0.0,0.0,0.5,0,0,0,0,0
c_1185,ESPORTSUSDT,1763344800000,0,test,control,,5.950343173435575,6.067837783535795,4,0.06547957597454315,0,0.893095238095238,2,-0.005479011993146712,0.005096696850822768,0.014145554552215885,-0.028859824942817476,5e-05,0.0,0.0,0.0,0.5,0,0,0,0,0
c_1186,ESPORTSUSDT,1766977200000,0,test,control,,0.40216104342917813,0.5745822049900213,0,0.10055076625784969,0,0.9277731148120335,3,0.008027659119671869,-0.0011096445594943984,-0.00026590933935973627,-0.019366750615739822,5e-05,0.0,0.0,0.0,0.5,0,0,0,0,0
c_1187,ESPORTSUSDT,1770606000000,0,test,control,,0.7271078746680022,0.6186077809134777,0,0.4207810554509275,0,0.8938395721925133,3,0.0037680582413832328,-0.0007050042502903743,-0.003662403787461478,-0.04084128674935094,5e-05,0.0,0.0,0.0,0.5,0,0,0,0,0
c_1188,ESPORTSUSDT,1775581200000,0,test,control,,0.5372799052755554,0.7752362337795935,0,0.15679425951498477,1,0.9209823587543893,17,0.001009709649771684,0.0005516430952058624,-0.002342522523018888,-0.06309338268642974,5e-05,0.0,0.0,0.0,0.5,0,0,0,0,0
c_1189,ESPORTSUSDT,1779055200000,0,test,control,,1.7758462318253552,2.8820941706120227,2,0.0709021541526418,1,0.893089430894309,22,0.001730793813115099,-0.0011087964654681092,-0.004423966757103652,-0.12535119598151448,5e-05,0.0,0.0,0.0,0.5,0,0,0,0,0
c_1190,ESPORTSUSDT,1761958800000,0,test,control,,0.6941117367037734,0.5709550737334812,0,-0.04724434108127093,0,0.9821826280623608,1,0.0012085000269264957,-0.007666884707798032,0.0002674225232560154,0.10712687630333471,0.00046594,0.00041593999999999995,0.0,0.0,0.5,0,0,0,0,0
c_1191,ESPORTSUSDT,1766671200000,0,test,control,,0.33617809589206366,0.39046367487397016,0,-0.022680968545432893,1,0.8473244180684484,14,0.000724292472499263,-0.0008014324678559188,0.0018859648529954433,0.07194992925072702,5e-05,0.0,0.0,0.0,0.5,0,0,0,0,0
c_1192,ESPORTSUSDT,1770768000000,0,test,control,,0.5582686219673202,0.7382135404097045,0,-0.22666241712967763,0,0.880042780748663,0,0.002076819000709349,9.117160578523233e-05,-0.000698430443469591,-0.010539125507123537,5e-05,0.0,0.0,0.0,0.5,0,0,0,0,0
c_1193,ESPORTSUSDT,1775682000000,0,test,control,,0.4739265843899452,0.3547745484105953,0,0.09028440657616726,0,0.9339557181606005,21,0.0007561410153892819,-0.0019767809677586883,0.0012784174338434373,-0.05147389324226003,5e-05,0.0,0.0,0.0,0.5,0,0,0,0,0
c_1194,ESPORTSUSDT,1778097600000,0,test,control,,0.8319902803462291,4.7298567223689645,3,-0.12239447658214254,0,0.9270880361173816,20,0.0014329643296432965,7.270189315729782e-05,0.006445630952153961,0.1584756161202821,5e-05,-7.513e-05,0.0,0.0,0.5,0,0,0,0,0
c_1195,ESPORTSUSDT,1761958800000,0,test,control,,0.6941117367037734,0.5709550737334812,0,-0.04724434108127093,0,0.9821826280623608,1,0.0012085000269264957,-0.007666884707798032,0.0002674225232560154,0.10712687630333471,0.00046594,0.00041593999999999995,0.0,0.0,0.5,0,0,0,0,0
c_1196,ESPORTSUSDT,1767808800000,0,test,control,,0.43821736199535616,0.7045299977529773,0,-0.009446379685602845,0,0.7365566562302178,18,-0.00016332364718139755,-0.0039037769675891454,-0.012855454639659772,-0.07273634981022051,5e-05,0.0,0.0,0.0,0.5,0,0,0,0,0
c_1197,ESPORTSUSDT,1771513200000,0,test,control,,1.2033616785678796,1.2499562281436474,1,0.12485728474041256,0,0.901508047142314,15,0.007753008902221261,-0.0030011937756120716,-0.041887415996731445,0.1022029452828912,5e-05,0.0,0.0,0.0,0.5,0,0,0,0,0
c_1198,ESPORTSUSDT,1774260000000,0,test,control,,1.2692223409209193,0.922809324239187,0,-0.09569356042396374,1,0.7514374050770232,10,-0.0013903488445193182,-0.007734613765559065,-0.010733969589758936,0.09203054556188368,5e-05,0.0,0.0,0.0,0.5,0,0,0,0,0
c_1199,ESPORTSUSDT,1778983200000,0,test,control,,3.1635670804774003,2.6436694147533912,3,0.15940706172970992,1,0.9433604336043361,2,-0.0029172666764206868,0.0017546841045616218,-0.000771945675728887,-0.12038762283363176,5e-05,0.0,0.0,0.0,0.5,0,0,0,0,0
c_1200,ESPORTSUSDT,1763499600000,0,test,control,,3.1403423527757024,3.7914282113154334,4,-0.134626475429422,0,0.8099285714285714,21,-0.0041473818243112255,-0.013736048855329261,-0.05890289205711417,-0.026134128767384534,5e-05,-0.00032963,0.0,0.0,0.5,0,0,0,0,0
c_1201,ESPORTSUSDT,1767744000000,0,test,control,,2.345802392944596,2.2380004379765484,2,0.09835151966711393,0,0.7908090814214103,0,0.00415773681954565,0.000128117074958647,-0.03390009041546054,-0.06934560885393162,0.00013336,8.336000000000002e-05,0.0,0.0,0.5,0,0,0,0,0
c_1202,ESPORTSUSDT,1771282800000,0,test,control,,0.5227739274548947,0.6413694960262156,0,0.11495702941862658,1,0.8597338659111493,23,-0.0039805273762949425,-0.0025057118507568715,-0.025691274184148183,0.17619834544328883,5e-05,0.0,0.0,0.0,0.5,0,0,0,0,0
c_1203,ESPORTSUSDT,1773378000000,0,test,control,,1.606161331843449,2.699468875090171,2,0.16337460451860594,1,0.9673681573343355,5,-0.00019336857872697492,0.0042870765071030435,0.02525563444494523,0.01427658383327295,0.00011951,6.951e-05,0.0,0.0,0.5,0,0,0,0,0
c_1204,ESPORTSUSDT,1779012000000,0,test,control,,13.670240657127062,5.084740112605612,3,-0.004738872904779709,0,0.9203252032520326,10,0.002096073449693671,0.004169470095963672,0.002845001035985298,-0.11997251894300905,5e-05,0.0,0.0,0.0,0.5,0,0,0,0,0
p_241,ETHUSDT,1716206400000,1,train,main,23.1026,1.069150189661466,0.9962133855029635,0,-0.11830900107624379,0,0.983012115587536,12,-0.0014730263236364504,-0.012595886615121194,-0.012008918499735588,0.10770882915043062,1.916e-05,-6.909e-05,0.0,0.0,0.5,0,0,0,0,0
p_242,ETHUSDT,1738555200000,1,train,main,17.4204,6.3137325715028485,13.652344401456254,4,0.018590828658738588,0,0.7348787535757001,4,0.004944456382411205,-0.008852083195850218,-0.03343442405546744,0.10948763962141489,3.237e-05,-6.763e-05,0.0,0.0,0.5,0,0,0,0,0
p_243,ETHUSDT,1740924000000,1,train,main,15.576,1.3797396712459813,0.9881135082785056,0,-0.16317425770678315,0,0.7729141179349156,14,-0.003090416799021746,-0.00840517919517464,-0.0017408449775552733,0.2801859208627224,6.221e-05,7.152e-05,0.0,0.0,0.5,0,1,0,0,0
p_244,ETHUSDT,1744167600000,1,train,main,17.9906,3.7469211723222875,4.630036658397547,3,-0.03032827219436778,0,0.7244595167443832,3,-0.005286830269075988,-0.0007388625448899021,-0.018242056390582864,0.35981312227785756,-4.82e-05,-5.975e-05,0.0,0.0,0.5,0,1,0,0,0
p_245,ETHUSDT,1746691200000,1,train,main,24.6864,2.6940770975563506,2.1340296197297635,2,0.08811435627010537,0,0.9916666666666667,8,0.0023388445198801785,0.0018136014911223155,0.03457006743625801,0.20157551070191457,4.564e-05,-3.9840000000000005e-05,0.0,0.0,0.5,0,0,0,0,0
c_1205,ETHUSDT,1714608000000,0,train,control,,,,0,-0.051079677984333945,1,0.9830142226516742,0,0.007772490878514378,-0.0016581249960559723,0.009234997502714556,,-8.6e-07,-4.9760000000000005e-05,0.0,0.0,0.5,0,0,0,0,0
c_1206,ETHUSDT,1724245200000,0,train,control,,0.5467349523539268,0.6002870234889119,0,0.061041074262287644,0,0.9240268494879664,13,0.002487679581476538,0.004331106085930557,0.0063151864332146755,0.377538675661555,2.306e-05,5.032e-05,0.0,0.0,0.5,0,0,0,0,0
c_1207,ETHUSDT,1738173600000,0,train,control,,1.3360805873532515,1.3931330764836487,0,0.01272464194410376,0,0.9067839847929587,18,0.0029924336696800892,0.00030612799244603356,-0.0005582876379901272,-0.020175338076114865,8.686e-05,-1.314e-05,0.0,0.0,0.5,0,0,0,0,0
c_1208,ETHUSDT,1752055200000,0,train,control,,1.036073333146182,0.9625000044821496,0,-0.05236173998548361,0,0.985205738014345,10,0.0008415260900709933,-0.006349853247872402,0.0209135398840488,0.18638198077567958,6.771e-05,3.0500000000000064e-06,0.0,0.0,0.5,0,0,0,0,0
c_1209,ETHUSDT,1761868800000,0,train,control,,0.7939897330673266,1.1930649761056233,0,0.15101164590789032,0,0.8941453091935105,0,0.0037530583995542587,0.001346925408266616,0.007654449929285126,0.24992023414868816,3.219e-05,5.462e-05,0.0,0.0,0.5,0,0,0,0,0
c_1210,ETHUSDT,1714608000000,0,train,control,,,,0,-0.051079677984333945,1,0.9830142226516742,0,0.007772490878514378,-0.0016581249960559723,0.009234997502714556,,-8.6e-07,-4.9760000000000005e-05,0.0,0.0,0.5,0,0,0,0,0
c_1211,ETHUSDT,1727607600000,0,train,control,,0.49618674296576815,0.9939701835212669,0,-0.08057582484853373,0,0.9700035928231525,11,-0.00014338142203855099,-0.0012165676343239297,0.00441596734459616,0.2415650296655047,6.785e-05,-3.7699999999999995e-06,0.0,0.0,0.5,0,0,0,0,0
c_1212,ETHUSDT,1739786400000,0,train,control,,1.9850417352763925,1.3826218093396516,0,0.12431994834292841,0,0.9776063599511985,10,1.144529047112791e-05,0.020699392987372684,0.039530654014594095,0.22040210189079668,5.61e-05,1.835e-05,0.0,0.0,0.5,0,0,0,0,0
c_1213,ETHUSDT,1749211200000,0,train,control,,1.0869580400197767,0.907750774927614,0,-0.03949208600724344,0,0.9236054096818975,12,0.002308283185430768,0.0012285715725751855,0.004245435566761074,0.19886546933295562,2.643e-05,-3.753e-05,0.0,0.0,0.5,0,0,0,0,0
c_1214,ETHUSDT,1761015600000,0,train,control,,0.9428805958919637,0.6539855673168027,0,-0.0010675924975381084,0,0.9320678728309442,3,-0.0031410456066343017,0.005263745775858207,-0.0020655380667014083,0.14747936392079808,3.53e-05,-1.883e-05,0.0,0.0,0.5,0,0,0,0,0
c_1215,ETHUSDT,1714608000000,0,train,control,,,,0,-0.051079677984333945,1,0.9830142226516742,0,0.007772490878514378,-0.0016581249960559723,0.009234997502714556,,-8.6e-07,-4.9760000000000005e-05,0.0,0.0,0.5,0,0,0,0,0
c_1216,ETHUSDT,1726340400000,0,train,control,,3.054946809144232,1.0551288720883674,1,-0.05277850071618024,0,0.976718606038713,19,-0.0019094585857978865,-0.006927146958081394,-0.012461614349902618,0.22562190928740744,1.35e-06,-7.100000000000001e-06,0.0,0.0,0.5,0,0,0,0,0
c_1217,ETHUSDT,1735866000000,0,train,control,,0.5635104594238354,0.5391814401216608,0,0.11718719163469096,1,0.9822422347157903,1,-0.0017284141593833585,0.00068481221221801,-0.006442933403372803,0.018014562229278115,0.0001,0.0,0.0,0.0,0.5,0,0,0,0,0
c_1218,ETHUSDT,1751490000000,0,train,control,,1.2532443794897952,2.1185152963768528,1,-0.07769796112914638,0,0.9930504418262149,21,-0.004828414760189236,0.010262364606377318,0.024730569146858224,0.11202131824845818,5.236e-05,3.2840000000000004e-05,0.0,0.0,0.5,0,0,0,0,0
c_1219,ETHUSDT,1761868800000,0,train,control,,0.7939897330673266,1.1930649761056233,0,0.15101164590789032,0,0.8941453091935105,0,0.0037530583995542587,0.001346925408266616,0.007654449929285126,0.24992023414868816,3.219e-05,5.462e-05,0.0,0.0,0.5,0,0,0,0,0
c_1220,ETHUSDT,1715324400000,0,train,control,,0.8372280072700753,0.4908540617339062,0,0.08690109470560492,0,0.9452660655814026,7,0.0061454704249235565,0.0021288434475487685,0.0004038494919624589,0.21365431592870351,9.04e-05,-9.600000000000003e-06,0.0,0.0,0.5,0,0,0,0,0
c_1221,ETHUSDT,1726693200000,0,train,control,,2.1556436216424655,3.967359215659843,3,0.022710018466961874,0,0.9436798077742647,21,0.002923801241490989,-0.00731698698553789,-0.006940482182147507,0.14085463020987574,2.329e-05,-2.4630000000000003e-05,0.0,0.0,0.5,0,0,0,0,0
c_1222,ETHUSDT,1737511200000,0,train,control,,1.0261109249080391,0.9527450559940235,0,-0.10872395756294935,0,0.9442671319346924,2,-0.0013188738686431562,-0.004572926170557963,-0.004262173727981159,0.09678957895675107,0.0001,0.0,0.0,0.0,0.5,0,0,0,0,0
c_1223,ETHUSDT,1752800400000,0,train,control,,2.1824428417840904,2.461229694775922,3,-0.0025941361315834997,1,0.9992570621468926,1,0.004692196286854945,0.0049269504029983225,0.008762896968477327,-0.09079738836840515,0.0001,0.0,0.0,0.0,0.5,0,0,0,0,0
c_1224,ETHUSDT,1761868800000,0,train,control,,0.7939897330673266,1.1930649761056233,0,0.15101164590789032,0,0.8941453091935105,0,0.0037530583995542587,0.001346925408266616,0.007654449929285126,0.24992023414868816,3.219e-05,5.462e-05,0.0,0.0,0.5,0,0,0,0,0
c_1225,ETHUSDT,1714608000000,0,train,control,,,,0,-0.051079677984333945,1,0.9830142226516742,0,0.007772490878514378,-0.0016581249960559723,0.009234997502714556,,-8.6e-07,-4.9760000000000005e-05,0.0,0.0,0.5,0,0,0,0,0
c_1226,ETHUSDT,1727442000000,0,train,control,,1.1979889563374466,1.3104096195569805,0,0.009632997674164003,0,0.9835936343449297,13,0.004627860115398331,0.004985529145006198,-0.0044147187024349875,0.18374710729880517,7.694e-05,-2.306e-05,0.0,0.0,0.5,0,0,0,0,0
c_1227,ETHUSDT,1739372400000,0,train,control,,3.166387172226139,2.9126393367708703,2,-0.043188513981125096,1,0.9093591094095044,15,0.007004993784108327,0.0036173551259054523,0.000826674599474068,0.21061136696411836,3.35e-05,4.586e-05,0.0,0.0,0.5,0,0,0,0,0
c_1228,ETHUSDT,1749758400000,0,train,control,,2.0265064707454576,1.7127142522798213,1,-0.1184184649475451,0,0.9354393886766239,20,-0.007169795527364495,-0.022554438337207824,-0.02763412270940016,0.2892404305271524,5.333e-05,-7.029999999999999e-06,0.0,0.0,0.5,0,0,0,0,0
c_1229,ETHUSDT,1761822000000,0,train,control,,0.8480011037433729,0.9533387779718564,0,-0.02451389167934889,0,0.9149565012932048,11,-0.0006746602862993376,0.020063621432245344,-0.002069034654354364,0.2309098669760567,-2.243e-05,-6.158e-05,0.0,0.0,0.5,0,0,0,0,0
p_246,FFUSDT,1768802400000,1,test,main,16.9341,2.52763338239192,3.5152833264163053,4,0.10068874354674223,0,0.8243184296619411,6,-0.0015440363485591875,0.0006341520071693214,0.0011768219882495631,-0.010618224363135823,5e-05,0.0,0.0,0.0,0.5,0,0,0,0,0
p_247,FFUSDT,1770321600000,1,test,main,15.1448,1.3743123187928856,2.8119482345166604,3,0.021106594904470567,1,0.837313099754519,20,-0.016206695309000985,0.001357150907704332,-0.006038353554885692,-0.10135398358957741,5e-05,0.0,0.0,0.0,0.5,0,1,0,0,0
p_248,FFUSDT,1775829600000,1,test,main,104.2372,1.4432175594581582,1.5332999499248874,1,-0.11655277258392781,0,0.9695180557462584,14,0.000809963240129871,0.002660027214165639,-0.013925394901835935,-0.029544932993748968,-0.00024903,-9.543000000000003e-05,0.0,0.0,0.5,0,1,0,0,0
p_249,FFUSDT,1778641200000,1,test,main,16.7766,4.273885950946602,4.281308662835222,4,-0.17649223718505064,0,0.948705240986247,3,0.0007164022771711003,-0.0061962442903566355,-0.0007511148339363568,0.11189990656584875,5e-05,0.0,0.0,0.0,0.5,0,0,0,0,0
p_250,FFUSDT,1778781600000,1,test,main,23.281,9.111461113255311,5.756272677146634,4,-0.012080498432081335,0,0.8453389830508475,18,-0.0026796416880398894,-0.003982768430464114,0.003772265824990011,0.10959163743677919,5e-05,0.0,0.0,0.0,0.5,0,0,0,0,0
p_251,FFUSDT,1779800400000,1,test,main,17.0909,0.4326117283578591,0.5955594469071458,0,0.13171205493878801,0,0.95342082616179,13,-0.0007128609182426295,-0.0012859725250352104,-0.001829387952385084,-0.008233126053720254,5e-05,0.0,0.0,0.0,0.5,0,0,0,0,0
p_252,FFUSDT,1775840400000,1,test,fast,95.6149,1.0152650197160693,1.4394282742441638,0,-0.1771877499004833,0,0.9717149526294109,17,0.007359743720743983,-0.0010150963054521805,0.011930352841538804,0.04496904512479499,-0.00115995,-0.0009079000000000001,0.0,0.0,0.5,0,1,0,0,0
p_253,FFUSDT,1779883200000,1,test,fast,12.518,3.8192129077975174,3.291963097695574,4,0.048017012228250076,1,0.9581409355551094,12,-0.0016582370751756495,0.00012353227420751816,0.04275370814917125,-0.04458535888831628,5e-05,0.0,0.0,0.0,0.5,0,0,0,0,0
c_1230,FFUSDT,1762146000000,0,test,control,,1.1149197326942453,1.094553764617326,0,0.09924596059125357,0,0.5411701765478333,5,-0.00039115362512278783,-0.0378870084214382,-0.09148382553007246,0.023243190700343613,-3.706e-05,-8.706e-05,0.0,0.0,0.5,0,0,0,0,0
c_1231,FFUSDT,1765184400000,0,test,control,,0.6646668558922663,0.4308125421406726,0,0.011891190909849213,1,0.8676153846153846,9,0.0028660464730036876,0.01889418475281406,0.022544964426809748,-0.04883553718857694,5e-05,0.0,0.0,0.0,0.5,0,0,0,0,0
c_1232,FFUSDT,1770116400000,0,test,control,,0.4831579802575456,0.7894624818892093,0,-0.31914390447649743,0,0.8419129500268674,11,-0.0035008902190768894,-0.005688448106461827,-0.010050079915836353,-0.0011372855227466984,-2.324e-05,-4.8000000000000015e-06,0.0,0.0,0.5,0,0,0,0,0
c_1233,FFUSDT,1774490400000,0,test,control,,0.8348331163767879,1.1168207652540985,0,0.026756033438445487,0,0.9738846572361262,2,-0.0007422915339476821,0.0008107730872039218,-0.0031952705980121017,0.028859402204813752,-0.00012712,0.00033966000000000004,0.0,0.0,0.5,0,0,0,0,0
c_1234,FFUSDT,1779217200000,0,test,control,,1.4470277487518868,2.3707903920885665,2,0.17266315009177924,0,0.9100145137880986,19,-0.0007419826818638605,-0.003428116439417282,-0.025108230036603108,-0.04534249974382991,5e-05,0.0,64.9044,0.0,1.0,0,0,0,0,0
c_1235,FFUSDT,1761958800000,0,test,control,,0.43223811959509445,0.25742795385206435,0,0.008990735712835167,0,0.6192629327110074,1,0.0012085000269264957,-0.006353358082666063,-0.029454735815899254,0.03380532139423966,-8.999e-05,-9.240999999999999e-05,0.0,0.0,0.5,0,0,0,0,0
c_1236,FFUSDT,1766217600000,0,test,control,,2.765207655259184,1.1225457388799656,1,0.08550641846202954,0,0.8267175572519083,8,-0.00025265629000866636,0.006197990047021392,0.00346658546581672,0.08966810000347836,4.665e-05,6.017e-05,0.0,0.0,0.5,0,0,0,0,0
c_1237,FFUSDT,1769896800000,0,test,control,,2.276790035805537,2.771303680914378,3,0.11568392306393224,0,0.8408668730650154,22,0.003793131315204429,-0.004201221964079345,-0.005214991427001951,0.00023461008275765458,2.594e-05,2.7119999999999998e-05,0.0,0.0,0.5,0,0,0,0,0
c_1238,FFUSDT,1774414800000,0,test,control,,2.0987088970334162,1.104518119056258,1,0.09896898657549598,1,0.9513730743469525,5,0.003519627440079374,0.0015647060061410468,-0.015122671920925049,0.01970377519832523,-0.00011475,-8.653e-05,0.0,0.0,0.5,0,0,0,0,0
c_1239,FFUSDT,1779624000000,0,test,control,,0.5264869171087008,0.6547980291544613,0,-0.1704790811740103,0,0.8952933858594236,12,0.001634194449700322,-0.0010229373750336532,-0.004765172348612499,0.01376841692684719,5e-05,0.0,0.0,0.0,0.5,0,0,0,0,0
c_1240,FFUSDT,1761958800000,0,test,control,,0.43223811959509445,0.25742795385206435,0,0.008990735712835167,0,0.6192629327110074,1,0.0012085000269264957,-0.006353358082666063,-0.029454735815899254,0.03380532139423966,-8.999e-05,-9.240999999999999e-05,0.0,0.0,0.5,0,0,0,0,0
c_1241,FFUSDT,1766660400000,0,test,control,,0.987663571424233,0.8352425293709371,0,-0.1706034490532277,0,0.9744814965433103,11,-0.0010985104381354108,-0.00046405691180764714,-0.002783253444774385,0.07972535425518243,5e-05,0.0,0.0,0.0,0.5,0,0,0,0,0
c_1242,FFUSDT,1770627600000,0,test,control,,0.9863336077510022,0.5520174602873604,0,0.16029002890337027,1,0.9383480123780051,9,-0.007973747576125678,0.005761433686441197,-0.002422027152958757,-0.2360320295870889,5e-05,0.0,0.0,0.0,0.5,0,0,0,0,0
c_1243,FFUSDT,1775253600000,0,test,control,,0.30355368245719716,0.7691945247732578,0,-0.22765073996857452,0,0.9517822602928987,22,0.0019371228486184029,0.0012773156206129202,-0.011327750468903636,0.10951426634970027,-0.00082164,-0.00058716,0.0,0.0,0.5,0,0,0,0,0
c_1244,FFUSDT,1778421600000,0,test,control,,0.2957196092831752,0.48229333539486136,0,0.00821545477976603,0,0.9656310971034069,14,0.0005080905068665313,0.0005366444042986737,0.002131410041303485,-0.013513748096294142,5e-05,0.0,0.0,0.0,0.5,0,0,0,0,0
c_1245,FFUSDT,1761958800000,0,test,control,,0.43223811959509445,0.25742795385206435,0,0.008990735712835167,0,0.6192629327110074,1,0.0012085000269264957,-0.006353358082666063,-0.029454735815899254,0.03380532139423966,-8.999e-05,-9.240999999999999e-05,0.0,0.0,0.5,0,0,0,0,0
c_1246,FFUSDT,1766487600000,0,test,control,,0.36975259048863474,0.3623966508016061,0,0.1224156423991011,0,0.8863894139886578,11,0.0008674840904104575,-0.0016441661390905666,-0.006084189512709479,0.017191617664115328,5e-05,0.0,0.0,0.0,0.5,0,0,0,0,0
c_1247,FFUSDT,1769558400000,0,test,control,,1.281685653225174,0.8330403043698973,0,-0.01440834986770431,0,0.9210526315789473,0,-5.9414975488552644e-05,-0.000804655000316116,-0.009677115578921676,-0.12189764809544051,-9.26e-05,-0.00013359,0.0,0.0,0.5,0,0,0,0,0
c_1248,FFUSDT,1775199600000,0,test,control,,0.5673097220702673,0.6906657807584896,0,-0.04375099106684409,0,0.9673943078198397,7,0.0028103684722020736,-0.00027379517528029914,0.0028703466113508777,0.05140579309873326,-0.00022318,0.00012814000000000003,0.0,0.0,0.5,0,0,0,0,0
c_1249,FFUSDT,1779624000000,0,test,control,,0.5264869171087008,0.6547980291544613,0,-0.1704790811740103,0,0.8952933858594236,12,0.001634194449700322,-0.0010229373750336532,-0.004765172348612499,0.01376841692684719,5e-05,0.0,0.0,0.0,0.5,0,0,0,0,0
c_1250,FFUSDT,1762592400000,0,test,control,,0.5289585444234965,0.485389412699367,0,-0.047885831360516246,1,0.9823082763857252,9,0.0008719205418420362,-0.0009330371876867635,0.0025156767849834607,-0.050784271896583334,-9.298e-05,-0.00014298,0.0,0.0,0.5,0,0,0,0,0
c_1251,FFUSDT,1765890000000,0,test,control,,0.6538541544701068,0.8558646354152394,0,-0.034020010255345845,0,0.8522482163597147,13,-0.0006271741847310218,0.003130826433167526,0.014767077567651271,-0.00492403200401626,5e-05,5.4290000000000004e-05,0.0,0.0,0.5,0,0,0,0,0
c_1252,FFUSDT,1770123600000,0,test,control,,0.6641943249786242,0.8234236968830033,0,-0.05010105771273154,1,0.8520150456743687,13,0.0031996371096397504,-0.0005049029294923477,-0.005258975354152117,-0.002244846393744013,3.194e-05,0.00014571,0.0,0.0,0.5,0,0,0,0,0
c_1253,FFUSDT,1774000800000,0,test,control,,2.255015713305092,3.5776013978325274,2,-0.07278044199079049,1,0.9348947995236205,10,-0.006415456814327807,0.020095584314758996,0.024822978224529547,0.02990362570795424,-0.00039101,0.00078439,0.0,0.0,0.5,0,0,0,0,0
c_1254,FFUSDT,1779624000000,0,test,control,,0.5264869171087008,0.6547980291544613,0,-0.1704790811740103,0,0.8952933858594236,12,0.001634194449700322,-0.0010229373750336532,-0.004765172348612499,0.01376841692684719,5e-05,0.0,0.0,0.0,0.5,0,0,0,0,0
c_1255,FFUSDT,1761958800000,0,test,control,,0.43223811959509445,0.25742795385206435,0,0.008990735712835167,0,0.6192629327110074,1,0.0012085000269264957,-0.006353358082666063,-0.029454735815899254,0.03380532139423966,-8.999e-05,-9.240999999999999e-05,0.0,0.0,0.5,0,0,0,0,0
c_1256,FFUSDT,1766509200000,0,test,control,,0.48866628677838025,0.6735613212743066,0,0.0022518909329722705,0,0.8863894139886578,17,0.006344008887332919,2.9627828751687688e-05,-0.005173943213125081,0.014912004579897518,5e-05,0.0,0.0,0.0,0.5,0,0,0,0,0
c_1257,FFUSDT,1771088400000,0,test,control,,0.6609989085008208,0.8658342863466361,0,0.07556888830203083,0,0.9622731614135626,17,-0.000328295643846452,-0.004250007019888415,-0.005588572250752516,-0.09299985001345011,5e-05,0.0,0.0,0.0,0.5,0,0,0,0,0
c_1258,FFUSDT,1774760400000,0,test,control,,0.25476121737202967,0.2883212036711441,0,-0.3278351423106681,0,0.9570184983677912,5,-0.0025988513017434272,-0.0002702277796733091,0.0003272601848370539,0.054212453640990074,-0.00010307,0.00035355,0.0,0.0,0.5,0,0,0,0,0
c_1259,FFUSDT,1779440400000,0,test,control,,1.1095144036801874,1.1101050506927737,0,-0.035561595530134306,0,0.9076301057433133,9,-0.001671257346487818,-0.0020272078434675797,0.008403673671856193,-0.10385156908945037,5e-05,0.0,0.0,0.0,0.5,0,0,0,0,0
c_1260,FFUSDT,1761958800000,0,test,control,,0.43223811959509445,0.25742795385206435,0,0.008990735712835167,0,0.6192629327110074,1,0.0012085000269264957,-0.006353358082666063,-0.029454735815899254,0.03380532139423966,-8.999e-05,-9.240999999999999e-05,0.0,0.0,0.5,0,0,0,0,0
c_1261,FFUSDT,1766624400000,0,test,control,,0.8647132728822144,0.4563438668806413,0,0.049891524002636856,0,0.9576047173647824,1,-0.00111152574597196,-0.008232446312171363,-0.007624858264669292,0.055771306862263836,5e-05,0.0,0.0,0.0,0.5,0,0,0,0,0
c_1262,FFUSDT,1770872400000,0,test,control,,1.0528903718979967,0.8667814824196273,0,-0.08179600830854356,1,0.9681028326588907,5,-0.008294572036796382,-0.009368392421745227,-0.01502057186711904,-0.2780490940743214,5e-05,0.0,0.0,0.0,0.5,0,0,0,0,0
c_1263,FFUSDT,1774832400000,0,test,control,,0.9638675612088938,0.7002669535292712,0,0.0069360427064589555,0,0.9522578890097932,1,0.004142296132492894,0.0004828366844625049,0.00028672152738119154,0.09759850888962623,-7.091e-05,0.00025881,0.0,0.0,0.5,0,0,0,0,0
c_1264,FFUSDT,1779624000000,0,test,control,,0.5264869171087008,0.6547980291544613,0,-0.1704790811740103,0,0.8952933858594236,12,0.001634194449700322,-0.0010229373750336532,-0.004765172348612499,0.01376841692684719,5e-05,0.0,0.0,0.0,0.5,0,0,0,0,0
c_1265,FFUSDT,1761958800000,0,test,control,,0.43223811959509445,0.25742795385206435,0,0.008990735712835167,0,0.6192629327110074,1,0.0012085000269264957,-0.006353358082666063,-0.029454735815899254,0.03380532139423966,-8.999e-05,-9.240999999999999e-05,0.0,0.0,0.5,0,0,0,0,0
c_1266,FFUSDT,1766120400000,0,test,control,,1.949272844647011,1.1722932466586469,0,0.04851475583650785,0,0.7952682720743557,5,0.0024222022930334534,-0.0010024391810901678,-0.01436974576111556,0.07122071158171661,5e-05,5.682e-05,0.0,0.0,0.5,0,0,0,0,0
c_1267,FFUSDT,1771466400000,0,test,control,,0.8813038333847486,0.7051456951566127,0,-0.12673482396030403,0,0.9345168116623561,2,0.006318258955258804,0.005541393763712646,0.009176945911624107,-0.038490501984787845,5e-05,0.0,0.0,0.0,0.5,0,0,0,0,0
c_1268,FFUSDT,1774288800000,0,test,control,,0.37322088391504266,0.7023957332899113,0,-0.20229007462519474,0,0.9580521370914385,18,0.007273928403336441,0.0009780841016036972,0.004999279588584712,0.005171624026284474,-0.00023153,0.00066714,0.0,0.0,0.5,0,0,0,0,0
c_1269,FFUSDT,1779624000000,0,test,control,,0.5264869171087008,0.6547980291544613,0,-0.1704790811740103,0,0.8952933858594236,12,0.001634194449700322,-0.0010229373750336532,-0.004765172348612499,0.01376841692684719,5e-05,0.0,0.0,0.0,0.5,0,0,0,0,0
p_254,FILUSDT,1731715200000,1,train,main,15.8867,1.989790333948691,1.7322952439181134,1,0.0509963868398069,0,0.9021459227467811,0,-0.00210810040869092,0.0014218618812935455,0.014997012214290721,0.06523437260989746,0.0001,0.0,0.0,0.0,0.5,0,1,1,0,0
p_255,FILUSDT,1732334400000,1,train,main,21.6123,1.8748570997777678,3.9300048581701956,3,0.08553645565002153,0,0.9651276056886811,4,0.0017680181551716222,0.011572605316187248,-0.044052888383367635,0.09419494535246815,0.00010229,-7.003e-05,0.0,0.0,0.5,0,1,1,0,0
p_256,FILUSDT,1738555200000,1,train,main,22.8819,9.927532633676167,15.157079338062116,4,-0.21988989771209114,1,0.5906067325136061,4,0.004944456382411205,-0.011353037315999646,-0.09377262486127448,-0.16416294894001032,5.464e-05,5.305e-05,0.0,0.0,0.5,0,0,0,0,0
p_257,FILUSDT,1762448400000,1,test,main,122.3667,5.135213097457959,4.652738888761447,4,0.0592802601071482,0,0.7954292084726867,17,-0.011286349694454686,0.0036347224935204593,0.07573328103982489,-0.01292450985567067,-0.00049773,-0.00017450000000000007,0.0,0.0,0.5,0,1,0,0,0
p_258,FILUSDT,1767204000000,1,test,main,21.248,2.3600192266036077,2.7881183537320973,3,-0.09503590284983032,0,0.9194484760522497,18,-0.00044165024267935727,0.0023925505992683396,-0.00467754815946716,0.14447802974220592,-1.226e-05,0.00036779,0.0,0.0,0.5,0,1,0,0,0
p_259,FILUSDT,1771974000000,1,test,main,25.6264,0.48821260474908323,0.6841013275107597,0,-0.017808743773263656,0,0.8637254901960785,23,0.0012904394993220635,0.00039748917235610465,0.002069926735970583,0.030189185420924015,-0.00010053,-0.00020053,0.0,0.0,0.5,0,1,0,0,0
p_260,FILUSDT,1777953600000,1,test,main,21.315,0.6077279216671935,0.719969439054101,0,0.055035860545437285,0,0.9515640766902118,4,0.004005494669276552,-0.00023303821710121518,-0.00268151296381262,-0.17236016514410502,-6.239e-05,-0.00016239,0.0,0.0,0.5,0,0,0,0,0
p_261,FILUSDT,1778245200000,1,test,main,19.537,6.8657513967756,3.1329240188845007,3,-0.1266199861274053,0,0.9431034482758622,13,-0.002423240157691304,0.016399115426030602,-0.014271644575371898,0.0017708726251386836,9.815e-05,-1.8500000000000043e-06,0.0,0.0,0.5,0,0,0,0,0
p_262,FILUSDT,1762502400000,1,test,fast,10.0333,8.508653147240851,9.937146409224779,4,0.005615816940302608,0,0.9606643356643357,8,0.0019660302204685836,-0.013927885923679084,-0.018551741368036254,0.05702687174210523,-0.00582186,-0.00536716,0.0,0.0,0.5,0,1,0,0,0
p_263,FILUSDT,1762527600000,1,test,fast,18.9103,14.57694489583051,11.929652896398997,4,-0.012699476014156419,1,0.9603709949409781,15,0.004571509475537688,-0.037186007648840606,0.01561570594203105,0.07888313455071674,-0.00220562,-0.00170789,0.0,0.0,0.5,0,1,0,0,0
p_264,FILUSDT,1778248800000,1,test,fast,12.5565,4.299606389670762,3.6965413153298696,3,-0.11159888353518983,0,0.9310344827586208,14,-0.004690727062694863,-0.006381812546423007,0.005052655992856468,-0.0015128050799458476,9.815e-05,-1.8500000000000043e-06,0.0,0.0,0.5,0,0,0,0,0
c_1270,FILUSDT,1716134400000,0,train,control,,2.1059766094809507,1.761826216304637,2,-0.15332614241810721,0,0.9445557782231128,16,-0.0004918089150455287,0.002262077206518932,0.012852834169080642,0.11219604108960957,9.085e-05,-9.150000000000006e-06,0.0,0.0,0.5,0,0,0,0,0
c_1271,FILUSDT,1726732800000,0,train,control,,0.7910537768874153,0.8134950794675926,0,0.053057258320743886,0,0.9745290527991509,8,0.0012452858189044241,0.003817667894064277,-0.0028729173288775615,-0.04501108139610404,0.0001,0.0001339,0.0,0.0,0.5,0,0,0,0,0
c_1272,FILUSDT,1736269200000,0,train,control,,2.403536460396095,4.1405136418871065,2,-0.010988905016617409,1,0.8907069102462272,17,-0.0021344978772469673,-0.004433889821034743,-0.01564282862845947,0.03950987307795023,0.0001,0.0,0.0,0.0,0.5,0,0,0,0,0
c_1273,FILUSDT,1751522400000,0,train,control,,1.4953642690714102,1.08298381151382,0,0.036552668743203676,0,0.9950738916256158,6,0.0050754792460811415,-0.003962993231544017,0.011446494268672693,-0.12484828687022054,0.0001,0.0,0.0,0.0,0.5,0,0,0,0,0
c_1274,FILUSDT,1761285600000,0,train,control,,0.7703388872417445,0.9030429190864148,0,-0.01257349908119814,0,0.9527845036319613,6,0.0006776598147730102,-0.004540704379201068,-0.004728605816610383,-0.04040407146627437,1.693e-05,-4.033e-05,0.0,0.0,0.5,0,0,0,0,0
c_1275,FILUSDT,1714608000000,0,train,control,,,,0,0.023760079095599088,0,0.9887504326756664,0,0.007772490878514378,0.001510025856921012,-9.55055465900387e-05,,0.0001,0.0,0.0,0.0,0.5,0,0,0,0,0
c_1276,FILUSDT,1724684400000,0,train,control,,2.0696048370774447,1.7752184825558524,2,0.026665515806234757,0,0.9370387453874538,15,-0.004294283127719297,-0.007758936406182821,-0.001020409570490975,0.08746142083003346,0.0001,0.0,0.0,0.0,0.5,0,0,0,0,0
c_1277,FILUSDT,1739271600000,0,train,control,,0.7258031981631479,0.7808404022567986,0,0.03359773062027763,1,0.9804809052333805,11,-0.0004634525787970872,-0.005047083795664575,-0.0014266299066228517,0.04197910745592946,7.93e-06,-9.207e-05,0.0,0.0,0.5,0,0,0,0,0
c_1278,FILUSDT,1750582800000,0,train,control,,1.1621523479976827,1.1851708443953508,0,0.07756523994370655,1,0.8447470817120623,9,0.0026758073809314544,0.001236973119271807,-0.006237019281633737,0.06924717195030364,-0.00010518,5.457e-05,0.0,0.0,0.5,0,0,0,0,0
c_1279,FILUSDT,1760547600000,0,train,control,,2.1468876022255343,3.3142053403025247,4,-0.07483757032739512,1,0.6605392156862745,17,-0.0005787418459247078,-0.007213923210935702,0.039199901664535054,0.2608690947415516,4.696e-05,-5.304000000000001e-05,0.0,0.0,0.5,0,0,0,0,0
c_1280,FILUSDT,1716854400000,0,train,control,,0.594640155697867,0.7144650746397305,0,-0.1361596190812133,0,0.9621069182389936,0,-0.002435689748273637,0.0013507033278552752,0.0035287924752060345,-0.1518905867452608,0.00012497,2.4969999999999986e-05,0.0,0.0,0.5,0,0,0,0,0
c_1281,FILUSDT,1725159600000,0,train,control,,1.3533522638840836,0.681483932657948,0,-0.16125656087872983,0,0.8314871553146358,3,-0.004948634533986576,0.004910844036081272,0.006492773445403526,0.30325935779517116,4.755e-05,-5.245000000000001e-05,0.0,0.0,0.5,0,0,0,0,0
c_1282,FILUSDT,1737122400000,0,train,control,,0.9694804270866445,1.0694963130161155,0,0.02781917042330207,1,0.9684192843944229,14,-0.0027487320098263848,-0.0029290410786941942,4.8228690351021725e-08,-0.02867838667562607,0.0001,0.0,0.0,0.0,0.5,0,0,0,0,0
c_1283,FILUSDT,1751407200000,0,train,control,,0.8023639543104727,1.1486834215510608,0,-0.052156054259504446,0,0.9127738735014469,22,-0.0012034751525835392,0.0007471213834835081,0.012892671853106268,0.04070723061700593,-2.152e-05,-2.005e-05,0.0,0.0,0.5,0,0,0,0,0
c_1284,FILUSDT,1761868800000,0,train,control,,1.4413297727340826,1.460187132032636,1,0.05586227117672321,0,0.8676557863501483,0,0.0037530583995542587,0.002392110332660235,-0.016214575710936416,-0.05286151710448962,-0.00034907,-0.00035831999999999997,0.0,0.0,0.5,0,0,0,0,0
c_1285,FILUSDT,1762891200000,0,test,control,,3.377262857316305,2.3765878502795332,3,-0.21617846620344555,0,0.5744841469552088,20,-0.002622294730445519,0.004125904064422467,0.01684266077396603,0.027308414489380296,0.0001,0.0,0.0,0.0,0.5,0,0,0,0,0
c_1286,FILUSDT,1766790000000,0,test,control,,0.7098700718337083,0.5834284729201151,0,-0.11105353924075147,1,0.8868876080691644,23,0.0008704175831213479,-0.004741190195279363,-0.005923223096294135,0.07373423246213127,3.402e-05,0.00011642,0.0,0.0,0.5,0,0,0,0,0
c_1287,FILUSDT,1771369200000,0,test,control,,0.5644416151063573,0.8263935511920367,0,0.07345167444487041,1,0.930164888457808,23,-0.0021317989899825715,0.008270099055305048,0.0008706467615105438,-0.08677505748932215,-4.098e-05,-7.385e-05,0.0,0.0,0.5,0,0,0,0,0
c_1288,FILUSDT,1774594800000,0,test,control,,0.47607925592419664,0.631959068708332,0,0.012926978174669212,0,0.8942505133470227,7,0.00047675422226365076,-0.004222731123943983,0.009302588679413632,0.02888381389801132,-6.36e-06,8.257e-05,0.0,0.0,0.5,0,0,0,0,0
c_1289,FILUSDT,1779656400000,0,test,control,,0.5643091724387373,0.5758729480555597,0,-0.0767241051657573,0,0.9142581888246627,21,-0.001295308091766117,-0.0012784118563756478,-0.006377736251058316,0.07839008433849629,-9.488e-05,-0.00019488,0.0,0.0,0.5,0,0,0,0,0
c_1290,FILUSDT,1761958800000,0,test,control,,1.7444250226889235,1.0240121116989918,0,0.1129361569446566,0,0.9074183976261126,1,0.0012085000269264957,0.0048623649448689315,-0.017192852695977093,-0.048194785451975704,5.187e-05,-3.413e-05,0.0,0.0,0.5,0,0,0,0,0
c_1291,FILUSDT,1767542400000,0,test,control,,1.493124423065936,1.5583750788913846,0,-0.05462186444367755,0,0.9517766497461928,16,-0.0001336180932040643,0.005811726758825217,0.007711685672621016,-0.026606088203745427,-0.00041061,-0.00025516,0.0,0.0,0.5,0,0,0,0,0
c_1292,FILUSDT,1770480000000,0,test,control,,1.9928792930046746,1.8613223271468895,1,-0.014447700880838785,1,0.8741007194244603,16,0.007377298847643355,-0.0016378263769913567,0.008351075675203622,-0.026227186011220545,3.08e-05,0.00013098,0.0,0.0,0.5,0,0,0,0,0
c_1293,FILUSDT,1775714400000,0,test,control,,0.6578243745970909,0.5504786177027421,0,0.05441863489653147,0,0.9483315392895586,6,0.0028207987269660622,0.006852765501479433,0.022518288505369622,0.05004999430950986,5.745e-05,7.161e-05,0.0,0.0,0.5,0,0,0,0,0
c_1294,FILUSDT,1779588000000,0,test,control,,0.5463177122874673,0.8996598121761525,0,0.009504667852859314,1,0.9421965317919074,2,0.000565012205044676,-0.009087659590158016,-0.0034440480550396928,0.06856049587003625,0.0001,7.169000000000001e-05,0.0,0.0,0.5,0,0,0,0,0
c_1295,FILUSDT,1762765200000,0,test,control,,2.9939868961290217,2.82718659700021,4,-0.07075776208008544,0,0.6552591847005536,9,-0.004571607918607525,-0.00825065267724615,0.0006870038733395251,0.00031407501441171187,0.0001,0.0,0.0,0.0,0.5,0,0,0,0,0
c_1296,FILUSDT,1766091600000,0,test,control,,2.0717191805071087,3.5975573194046766,3,-0.06524345848485386,1,0.8295615275813296,21,0.0013239073028053442,0.0004454972289876481,0.006854834683371376,-0.0013064692748655932,-0.00036575,-0.00027176,0.0,0.0,0.5,0,0,0,0,0
c_1297,FILUSDT,1771023600000,0,test,control,,0.563888848138538,0.8207652055382355,0,0.017059152134325316,1,0.9589589589589589,23,0.0014476718184616214,-0.0033727922501021784,-0.021163953057584957,-0.1796653958611376,-2.03e-05,-8.154000000000001e-05,0.0,0.0,0.5,0,0,0,0,0
c_1298,FILUSDT,1774911600000,0,test,control,,0.4450202460714204,0.5940704822208486,0,-0.22994959622897423,0,0.8618143459915611,23,-0.0003609372987513339,0.0013099309373752587,0.005597377593122973,-0.011933410321956255,0.0001,0.00023456000000000003,0.0,0.0,0.5,0,0,0,0,0
c_1299,FILUSDT,1779814800000,0,test,control,,3.547717555259908,4.501811085786177,4,-0.03917523952588957,0,0.972407231208373,17,0.0007374650554015228,0.019488817833920768,0.06660879135237657,0.04208670931607629,-0.00011568,-6.664e-05,0.0,0.0,0.5,0,0,0,0,0
c_1300,FILUSDT,1761958800000,0,test,control,,1.7444250226889235,1.0240121116989918,0,0.1129361569446566,0,0.9074183976261126,1,0.0012085000269264957,0.0048623649448689315,-0.017192852695977093,-0.048194785451975704,5.187e-05,-3.413e-05,0.0,0.0,0.5,0,0,0,0,0
c_1301,FILUSDT,1767571200000,0,test,control,,0.9917123591676045,1.0659086207674142,0,0.06530941315417503,0,0.9467005076142132,0,0.003467831530507065,-0.0073418051050574695,-0.007511814008227047,-0.03769911092483845,-0.00017343,0.00023718,0.0,0.0,0.5,0,0,0,0,0
c_1302,FILUSDT,1770231600000,0,test,control,,3.542363603757164,3.172495606811056,4,-0.0012814427051733143,1,0.8155038759689922,19,0.01177489034271516,0.006103130230988162,0.02320309707604599,-0.016567497197235,5.948e-05,7.167e-05,0.0,0.0,0.5,0,0,0,0,0
c_1303,FILUSDT,1775797200000,0,test,control,,0.8650872797413954,0.6843491483853917,0,0.13825118100709843,0,0.9806243272335845,5,0.003500966767960377,-0.005383957529549088,0.0033890033493359927,0.029648747206588676,0.0001,8.822e-05,0.0,0.0,0.5,0,0,0,0,0
c_1304,FILUSDT,1779814800000,0,test,control,,3.547717555259908,4.501811085786177,4,-0.03917523952588957,0,0.972407231208373,17,0.0007374650554015228,0.019488817833920768,0.06660879135237657,0.04208670931607629,-0.00011568,-6.664e-05,0.0,0.0,0.5,0,0,0,0,0
c_1305,FILUSDT,1762956000000,0,test,control,,1.004086886476644,1.4212999100728811,1,-0.036805464693655046,1,0.5807750377453447,14,0.0004383131423431458,0.016318377442761108,0.011907009656406042,0.03262876224156179,0.0001,0.0,0.0,0.0,0.5,0,0,0,0,0
c_1306,FILUSDT,1766804400000,0,test,control,,1.042762320808647,0.9233524868442655,0,0.06146785365417203,1,0.8955331412103748,3,-0.00023904400697240735,-0.00040807044586179856,0.00030669351423618377,0.07058708570548311,-1.408e-05,-4.608e-05,0.0,0.0,0.5,0,0,0,0,0
c_1307,FILUSDT,1770472800000,0,test,control,,1.4800862491523974,1.5979984369065539,1,-0.020534239881636048,0,0.8635563380281691,14,0.0010740889450012222,0.0026922082736082686,0.01601699648995924,-0.017916692376677652,3.08e-05,0.00013098,0.0,0.0,0.5,0,0,0,0,0
c_1308,FILUSDT,1775034000000,0,test,control,,0.8440305377335264,0.9859637159608732,0,0.06017969811165577,1,0.9019189765458422,9,-0.0003073476480620532,-0.002113408935283399,-0.011070208823868655,0.05014936831721468,6.939e-05,2.0419999999999998e-05,0.0,0.0,0.5,0,0,0,0,0
c_1309,FILUSDT,1779814800000,0,test,control,,3.547717555259908,4.501811085786177,4,-0.03917523952588957,0,0.972407231208373,17,0.0007374650554015228,0.019488817833920768,0.06660879135237657,0.04208670931607629,-0.00011568,-6.664e-05,0.0,0.0,0.5,0,0,0,0,0
c_1310,FILUSDT,1761958800000,0,test,control,,1.7444250226889235,1.0240121116989918,0,0.1129361569446566,0,0.9074183976261126,1,0.0012085000269264957,0.0048623649448689315,-0.017192852695977093,-0.048194785451975704,5.187e-05,-3.413e-05,0.0,0.0,0.5,0,0,0,0,0
c_1311,FILUSDT,1767535200000,0,test,control,,1.9744077993946516,1.6941721225906534,0,-0.16277781405273511,1,0.9568527918781725,14,0.0014380370684242188,-0.0023689075248916336,-0.01722246115426594,-0.02510526767716688,-0.00041061,-0.00025516,0.0,0.0,0.5,0,0,0,0,0
c_1312,FILUSDT,1771336800000,0,test,control,,0.8385634642992971,0.7216378703691978,0,0.16932159279035816,0,0.944713870029098,14,0.003124024202718473,-0.0015771590631906947,0.01156374065128518,-0.12727081142250093,-6.033e-05,-3.4830000000000004e-05,0.0,0.0,0.5,0,0,0,0,0
c_1313,FILUSDT,1775073600000,0,test,control,,0.41011493558502393,0.5832142590071986,0,-0.17946221019703393,0,0.8975453575240128,20,0.0013165976530472158,-2.0554112158568142e-05,0.011189810570647763,0.038536824637740635,0.0001,0.00010507000000000001,0.0,0.0,0.5,0,0,0,0,0
c_1314,FILUSDT,1779814800000,0,test,control,,3.547717555259908,4.501811085786177,4,-0.03917523952588957,0,0.972407231208373,17,0.0007374650554015228,0.019488817833920768,0.06660879135237657,0.04208670931607629,-0.00011568,-6.664e-05,0.0,0.0,0.5,0,0,0,0,0
c_1315,FILUSDT,1763182800000,0,test,control,,1.3652042731494105,1.0610914587718714,0,0.04446111963974193,0,0.5675974564556262,5,-0.003227563454146561,-0.015088495324280634,1.859934103840268e-06,0.022883845425904607,3.91e-05,-4.259e-05,0.0,0.0,0.5,0,0,0,0,0
c_1316,FILUSDT,1766714400000,0,test,control,,1.2610874445535636,2.3587059249319475,2,0.05092049667968862,0,0.8811239193083574,2,0.0034690444338545414,-0.0017452319958921702,0.024198140579608705,0.04324038745240427,-8.24e-05,-0.0001824,0.0,0.0,0.5,0,0,0,0,0
c_1317,FILUSDT,1771056000000,0,test,control,,0.7367207014837922,0.6025531116228948,0,-0.08214182248254254,1,0.9539539539539539,8,0.00416428987173282,0.001765008705692446,0.006122831809382123,-0.20161731566872598,7.326e-05,-2.6740000000000005e-05,0.0,0.0,0.5,0,0,0,0,0
c_1318,FILUSDT,1775599200000,0,test,control,,2.0642785572027873,1.6305436198357808,1,0.04017079364534909,0,0.9878721058434399,22,0.008681507739026517,-0.007984558050835559,-0.02259992362823554,0.03510027875507261,2.405e-05,5.031e-05,0.0,0.0,0.5,0,0,0,0,0
c_1319,FILUSDT,1779058800000,0,test,control,,0.7898771286172557,0.5073859349793546,0,-0.11613172373767748,0,0.8290155440414508,23,-0.005152784264483922,0.0005026061107484303,0.0016251306482376734,-0.05945808690199372,4.563e-05,1.832e-05,0.0,0.0,0.5,0,0,0,0,0
c_1320,FILUSDT,1761958800000,0,test,control,,1.7444250226889235,1.0240121116989918,0,0.1129361569446566,0,0.9074183976261126,1,0.0012085000269264957,0.0048623649448689315,-0.017192852695977093,-0.048194785451975704,5.187e-05,-3.413e-05,0.0,0.0,0.5,0,0,0,0,0
c_1321,FILUSDT,1766764800000,0,test,control,,3.0679345049445863,1.6997477344341032,2,-0.02633213943645293,0,0.8825648414985592,16,-0.0027981187116746372,0.0017504096608663342,-0.010808595257758678,0.07901399677390332,3.2e-05,-5.745000000000001e-05,0.0,0.0,0.5,0,0,0,0,0
c_1322,FILUSDT,1770782400000,0,test,control,,1.9534701494572413,1.307177842064351,0,-0.07713166801656761,0,0.8054545454545454,4,-0.007250736801313452,0.0028985819661452032,0.010879804421255967,0.005616242620309145,3.073e-05,5.9579999999999995e-05,0.0,0.0,0.5,0,0,0,0,0
c_1323,FILUSDT,1774911600000,0,test,control,,0.4450202460714204,0.5940704822208486,0,-0.22994959622897423,0,0.8618143459915611,23,-0.0003609372987513339,0.0013099309373752587,0.005597377593122973,-0.011933410321956255,0.0001,0.00023456000000000003,0.0,0.0,0.5,0,0,0,0,0
c_1324,FILUSDT,1779735600000,0,test,control,,0.8291196365566775,1.5621770521563205,1,-0.09976362111671894,0,0.9624277456647399,19,-0.00014834268967225297,-0.002574809843155748,0.00033355544001809106,0.1439781892993896,0.0001,0.00012516,0.0,0.0,0.5,0,0,0,0,0
p_265,GUAUSDT,1768485600000,1,test,main,18.6331,0.1253483555961946,0.3505626851054429,0,-0.048413178122848406,0,0.972622027534418,14,-0.0013442510314006198,,,,5e-05,0.0,0.0,0.0,0.5,0,0,1,0,0
p_266,GUAUSDT,1771923600000,1,test,main,30.4913,1.1289981901868924,0.9611687958436601,0,-0.24878944585095625,1,0.9958434772281931,9,0.0031968813385415662,,,,5e-05,0.0,0.0,0.0,0.5,0,1,0,0,0
p_267,GUAUSDT,1772575200000,1,test,main,15.3722,0.9180870305498197,1.2595370897153855,0,-0.2173783043546664,0,0.9369661499525467,22,-0.003757718050969462,,,,0.00022883,-0.00050827,0.0,0.0,0.5,0,1,0,0,0
p_268,GUAUSDT,1773957600000,1,test,main,19.3928,0.494152007938349,0.4168803351111502,0,0.23858536732149657,0,0.9577138969212451,22,-0.0009681407864085113,,,,0.00049092,0.00019057000000000004,0.0,0.0,0.5,0,1,0,0,0
p_269,GUAUSDT,1774846800000,1,test,main,17.4433,0.2979749248012338,0.2562556330757314,0,0.11669448170036223,0,0.9680451692344656,5,0.006543063875674382,,,,5e-05,-0.00074171,0.0,0.0,0.5,0,1,0,0,0
p_270,GUAUSDT,1775012400000,1,test,main,29.5279,1.093337663125236,1.4816172946495119,1,0.015066736895747102,1,0.9676333115545057,3,-0.0018096902566039122,,,,5e-05,-0.00022720000000000002,0.0,0.0,0.5,0,1,0,0,0
p_271,GUAUSDT,1775142000000,1,test,main,24.2756,2.5484954916525986,3.0037307512898974,3,0.026085188297949733,0,0.8681103119350745,15,0.00898572039023169,,,,0.00077755,0.00011187000000000002,0.0,0.0,0.5,0,1,0,0,0
p_272,GUAUSDT,1776538800000,1,test,main,46.3723,0.5042136878287921,0.6662442569259309,0,0.08251031757555335,1,0.8163922040490815,19,-0.0023778137572755837,,,,0.00093321,-0.0006624100000000001,0.0,0.0,0.5,0,1,0,0,0
p_273,GUAUSDT,1778511600000,1,test,main,35.4986,0.4757904914416932,0.7764155995011222,0,-0.23100844217458882,0,0.933252427184466,15,-0.0014241129220352992,,,,0.00023379,0.00018379,0.0,0.0,0.5,0,0,0,0,0
p_274,GUAUSDT,1778850000000,1,test,main,24.6076,14.86727138286735,7.001455418652493,4,-0.02958141729785107,1,0.8140436440942913,13,-0.0028815332437354155,,,,0.0001466,7.133000000000001e-05,0.0,0.0,0.5,0,0,0,0,0
p_275,GUAUSDT,1779397200000,1,test,main,29.8916,1.8482384891995876,2.065116805391405,2,-0.019433465863959373,0,0.7164285714285714,21,0.00018414285364748821,,,,-0.00031164,-8.362000000000002e-05,0.0,0.0,0.5,0,0,0,0,0
p_276,GUAUSDT,1779710400000,1,test,main,44.8886,2.313663791662488,3.4183099739243805,3,0.00650347735188837,1,0.7142338197009143,12,-0.002345806451612941,,,,-0.00072958,-0.00010289000000000001,0.0,0.0,0.5,0,0,0,0,0
p_277,GUAUSDT,1779811200000,1,test,main,15.534,5.43282066814745,7.242597952330739,4,4.865986668107965e-05,1,0.7057613168724279,16,-0.005143508304541594,,,,-0.00015987,-0.00020987,0.0,0.0,0.5,0,0,0,0,0
p_278,GUAUSDT,1779253200000,1,test,fast,14.3257,1.7294223316647828,2.4929879248748588,2,0.03590094161388356,0,0.8416071428571429,5,0.0007628152969894222,,,,5e-05,0.0,0.0,0.0,0.5,0,0,0,0,0
p_279,GUAUSDT,1779717600000,1,test,fast,31.5339,2.9100913727134707,3.4810959106522414,4,0.1079974982171137,0,0.7337894290730762,14,-0.0003052025393884733,,,,-0.00041301,0.00019088999999999998,0.0,0.0,0.5,0,0,0,0,0
p_280,GUAUSDT,1779840000000,1,test,fast,12.7896,2.3225931902399646,2.8625247553494133,4,-0.03848577742361249,1,0.6884185773074661,0,0.002322737740592769,,,,-0.0008713,-0.00071143,0.0,0.0,0.5,0,0,0,0,0
p_281,GUAUSDT,1779886800000,1,test,fast,14.3026,22.374387621429573,8.383211334806889,3,-0.05232603985221741,0,0.575132275132275,13,-0.0010945642802347858,,,,-0.00116125,-0.00108095,0.0,0.0,0.5,0,0,0,0,0
p_282,GUAUSDT,1779897600000,1,test,fast,42.2304,31.15388494131362,23.953649951105607,4,-0.03276432045259344,0,0.5598471487360376,16,0.003990629420792112,,,,-0.00116125,-0.00108095,0.0,0.0,0.5,0,0,0,0,0
c_1325,GUAUSDT,1766397600000,0,test,control,,,,0,-0.04240145352498748,0,0.5606177606177606,10,0.00546151296339428,,,,0.00019927,-0.00033625000000000007,0.0,0.0,0.5,0,0,0,0,0
c_1326,GUAUSDT,1768230000000,0,test,control,,0.817507291731705,0.8246161726722843,0,0.05086970777481806,1,0.9752862218712988,15,0.0028257068682337565,,,,5e-05,-0.00032426,0.0,0.0,0.5,0,0,0,0,0
c_1327,GUAUSDT,1771095600000,0,test,control,,0.15301750821232538,0.16954533440694322,0,0.37591649450183745,1,0.8545716342692585,19,0.00043178326488405434,,,,0.00035589,0.00030588999999999996,0.0,0.0,0.5,0,0,0,0,0
c_1328,GUAUSDT,1775422800000,0,test,control,,0.6830328309079166,2.002087971759465,1,-0.084919159119775,0,0.796120462690877,21,0.00456860406570103,,,,5e-05,-5.2759999999999996e-05,0.0,0.0,0.5,0,0,0,0,0
c_1329,GUAUSDT,1778335200000,0,test,control,,0.24317000340499514,0.38557333370992264,0,0.09045775659300427,1,0.8960355987055016,14,-9.705451975436385e-05,,,,0.00028887,0.0001646,0.0,0.0,0.5,0,0,0,0,0
c_1330,GUAUSDT,1766397600000,0,test,control,,,,0,-0.04240145352498748,0,0.5606177606177606,10,0.00546151296339428,,,,0.00019927,-0.00033625000000000007,0.0,0.0,0.5,0,0,0,0,0
c_1331,GUAUSDT,1768831200000,0,test,control,,0.3963779274700489,0.4795789841659966,0,-0.052127202732078236,1,0.8666486705358348,14,-0.0003536649470738169,,,,5e-05,0.0,0.0,0.0,0.5,0,0,0,0,0
c_1332,GUAUSDT,1771077600000,0,test,control,,0.17064559151093284,0.3085126691292528,0,0.11062521691141393,1,0.857571394288457,14,-0.002472622991801858,,,,0.00027243,0.00022243,0.0,0.0,0.5,0,0,0,0,0
c_1333,GUAUSDT,1775584800000,0,test,control,,0.9129712540935626,0.8539112309955861,0,0.12726156304014036,0,0.8179640921984611,18,0.006785207426781966,,,,5e-05,-0.00101784,0.0,0.0,0.5,0,0,0,0,0
c_1334,GUAUSDT,1778335200000,0,test,control,,0.24317000340499514,0.38557333370992264,0,0.09045775659300427,1,0.8960355987055016,14,-9.705451975436385e-05,,,,0.00028887,0.0001646,0.0,0.0,0.5,0,0,0,0,0
c_1335,GUAUSDT,1766793600000,0,test,control,,,,0,0.0915105237696776,0,0.4906949806949807,0,-0.002139296546270254,,,,0.00047698,0.00024002,0.0,0.0,0.5,0,0,0,0,0
c_1336,GUAUSDT,1769000400000,0,test,control,,0.7858713939114881,0.48003223121469174,0,-0.0719966773482273,1,0.9580240248346605,13,-0.0007278290976159182,,,,0.00011316,6.315999999999998e-05,0.0,0.0,0.5,0,0,0,0,0
c_1337,GUAUSDT,1771149600000,0,test,control,,0.29626515571462053,0.22555228372762684,0,-0.2076526723069219,1,0.8621910247180226,10,-0.00032099947304962024,,,,0.00016754,-0.00020233,0.0,0.0,0.5,0,0,0,0,0
c_1338,GUAUSDT,1775548800000,0,test,control,,1.1687529906602787,0.7806209152257345,0,-0.14584068737598396,0,0.842525436108233,8,0.0007601400641961748,,,,0.00106784,-0.00075358,0.0,0.0,0.5,0,0,0,0,0
c_1339,GUAUSDT,1778335200000,0,test,control,,0.24317000340499514,0.38557333370992264,0,0.09045775659300427,1,0.8960355987055016,14,-9.705451975436385e-05,,,,0.00028887,0.0001646,0.0,0.0,0.5,0,0,0,0,0
c_1340,GUAUSDT,1766397600000,0,test,control,,,,0,-0.04240145352498748,0,0.5606177606177606,10,0.00546151296339428,,,,0.00019927,-0.00033625000000000007,0.0,0.0,0.5,0,0,0,0,0
c_1341,GUAUSDT,1769389200000,0,test,control,,0.7365845935635544,0.4801478226735171,0,0.03646599051110582,0,0.8902051250077934,1,0.0020720567847450446,,,,5e-05,-0.00020348,0.0,0.0,0.5,0,0,0,0,0
c_1342,GUAUSDT,1771491600000,0,test,control,,0.5031555671018687,0.34142958125147266,0,-0.10298253372918256,1,0.9688028077473028,9,-0.0036126608356008166,,,,0.00021316,0.00013527,0.0,0.0,0.5,0,0,0,0,0
c_1343,GUAUSDT,1776031200000,0,test,control,,0.5767803132223126,0.49259898013103337,0,0.11231825706942136,0,0.9019024861828066,22,0.00040391064038072664,,,,0.00163873,0.0008558699999999999,0.0,0.0,0.5,0,0,0,0,0
c_1344,GUAUSDT,1778335200000,0,test,control,,0.24317000340499514,0.38557333370992264,0,0.09045775659300427,1,0.8960355987055016,14,-9.705451975436385e-05,,,,0.00028887,0.0001646,0.0,0.0,0.5,0,0,0,0,0
c_1345,GUAUSDT,1766397600000,0,test,control,,,,0,-0.04240145352498748,0,0.5606177606177606,10,0.00546151296339428,,,,0.00019927,-0.00033625000000000007,0.0,0.0,0.5,0,0,0,0,0
c_1346,GUAUSDT,1769036400000,0,test,control,,0.3094034575256286,0.403242743336605,0,0.014071729328792944,1,0.9393305439330544,23,-0.005269179347211568,,,,0.000396,0.00028283999999999997,0.0,0.0,0.5,0,0,0,0,0
c_1347,GUAUSDT,1770904800000,0,test,control,,0.65062664616703,0.36738667439603784,0,0.023798574325852608,0,0.8213354494955221,14,0.007481675423543912,,,,0.00013486,4.974999999999999e-05,0.0,0.0,0.5,0,0,0,0,0
c_1348,GUAUSDT,1774468800000,0,test,control,,0.3929264614357441,0.8642081397865156,0,-0.39204061764381554,0,0.8837819902478433,20,0.0009380279939196881,,,,5e-05,0.0,0.0,0.0,0.5,0,0,0,0,0
c_1349,GUAUSDT,1777896000000,0,test,control,,1.0829897719186752,1.6606475521588693,1,-0.024156853515875064,0,0.9121170359376657,12,-0.0017909925622474853,,,,0.00129381,0.0006918800000000001,0.0,0.0,0.5,0,0,0,0,0
c_1350,GUAUSDT,1766397600000,0,test,control,,,,0,-0.04240145352498748,0,0.5606177606177606,10,0.00546151296339428,,,,0.00019927,-0.00033625000000000007,0.0,0.0,0.5,0,0,0,0,0
c_1351,GUAUSDT,1768773600000,0,test,control,,0.151932216867736,0.2616955538948058,0,-0.2728249367928885,1,0.9109866378728573,22,0.0013342529285853587,,,,5e-05,0.0,0.0,0.0,0.5,0,0,0,0,0
c_1352,GUAUSDT,1771657200000,0,test,control,,0.7702994065526536,0.5765431098205964,0,-0.374230869033054,0,0.9656036589186141,7,-0.0009966517807779754,,,,0.00040984,-6.559999999999964e-06,0.0,0.0,0.5,0,0,0,0,0
c_1353,GUAUSDT,1775800800000,0,test,control,,0.5613265874995285,0.5919652550436565,0,0.12852379603076472,0,0.8802676948686156,6,0.00013594344752586963,,,,0.00116277,0.0009205400000000001,0.0,0.0,0.5,0,0,0,0,0
c_1354,GUAUSDT,1777910400000,0,test,control,,0.7153903153658421,0.9087702839584225,0,0.00475192353504539,1,0.9205979009859004,16,-0.0022879212975034802,,,,0.00129381,0.0006918800000000001,0.0,0.0,0.5,0,0,0,0,0
c_1355,GUAUSDT,1766397600000,0,test,control,,,,0,-0.04240145352498748,0,0.5606177606177606,10,0.00546151296339428,,,,0.00019927,-0.00033625000000000007,0.0,0.0,0.5,0,0,0,0,0
c_1356,GUAUSDT,1768287600000,0,test,control,,0.616839821363459,0.7441199513969136,0,0.23553390871567512,0,0.9917643332277477,7,0.002865582106055796,,,,0.00018784,0.00013784,0.0,0.0,0.5,0,0,0,0,0
c_1357,GUAUSDT,1771322400000,0,test,control,,0.06486330740156947,0.15058854934662125,0,-0.01625451477146579,1,0.9012642614862781,10,-0.0007763428235983883,,,,5e-05,-0.00024362000000000003,0.0,0.0,0.5,0,0,0,0,0
c_1358,GUAUSDT,1776031200000,0,test,control,,0.5767803132223126,0.49259898013103337,0,0.11231825706942136,0,0.9019024861828066,22,0.00040391064038072664,,,,0.00163873,0.0008558699999999999,0.0,0.0,0.5,0,0,0,0,0
c_1359,GUAUSDT,1778097600000,0,test,control,,0.8600178762755467,1.6346679424521438,2,-0.10782389700904271,0,0.9733933688088416,20,0.0014329643296432965,,,,0.00125348,-1.9460000000000007e-05,0.0,0.0,0.5,0,0,0,0,0
c_1360,GUAUSDT,1766397600000,0,test,control,,,,0,-0.04240145352498748,0,0.5606177606177606,10,0.00546151296339428,,,,0.00019927,-0.00033625000000000007,0.0,0.0,0.5,0,0,0,0,0
c_1361,GUAUSDT,1769446800000,0,test,control,,0.8811190448531087,0.5986123155810228,0,-0.06344119490635633,0,0.8585946754785211,17,-0.0003435700466274299,,,,0.00037539,0.00032539,0.0,0.0,0.5,0,0,0,0,0
c_1362,GUAUSDT,1771470000000,0,test,control,,0.8329625512002188,0.9345558773566188,0,-0.006607606156517647,0,0.9628233458988691,3,-0.0004429128703597892,,,,7.789e-05,-0.00011437,0.0,0.0,0.5,0,0,0,0,0
c_1363,GUAUSDT,1775804400000,0,test,control,,0.5271176950720788,0.5309530087410695,0,-0.18078835648111727,0,0.869583680125015,7,-0.0044453012957255756,,,,0.00116277,0.0009205400000000001,0.0,0.0,0.5,0,0,0,0,0
c_1364,GUAUSDT,1778173200000,0,test,control,,0.31363685412395337,0.4362800281142184,0,0.1512513852742824,0,0.9345067539909947,17,-0.0012308794213990568,,,,0.00076528,0.0006335000000000001,0.0,0.0,0.5,0,0,0,0,0
c_1365,GUAUSDT,1766397600000,0,test,control,,,,0,-0.04240145352498748,0,0.5606177606177606,10,0.00546151296339428,,,,0.00019927,-0.00033625000000000007,0.0,0.0,0.5,0,0,0,0,0
c_1366,GUAUSDT,1769126400000,0,test,control,,0.2258298753192937,0.2838793439799804,0,0.24987224121170823,0,0.9653799433121879,0,0.002394050929010488,,,,0.00030004,0.00025004,0.0,0.0,0.5,0,0,0,0,0
c_1367,GUAUSDT,1771660800000,0,test,control,,0.2187436276419357,0.548567036855258,0,0.44130046281954344,0,0.9675458931144666,8,0.0009076218094879685,,,,5e-05,-0.0005195,0.0,0.0,0.5,0,0,0,0,0
c_1368,GUAUSDT,1774461600000,0,test,control,,1.9260789973535493,1.3525545846213762,0,-0.11811275848742098,1,0.8909374188522462,18,-0.007538224154860347,,,,5e-05,0.0,0.0,0.0,0.5,0,0,0,0,0
c_1369,GUAUSDT,1778335200000,0,test,control,,0.24317000340499514,0.38557333370992264,0,0.09045775659300427,1,0.8960355987055016,14,-9.705451975436385e-05,,,,0.00028887,0.0001646,0.0,0.0,0.5,0,0,0,0,0
c_1370,GUAUSDT,1766757600000,0,test,control,,,,0,0.016602583906798463,0,0.4433204633204633,14,0.003491273508284301,,,,5.858e-05,-5.7470000000000004e-05,0.0,0.0,0.5,0,0,0,0,0
c_1371,GUAUSDT,1769432400000,0,test,control,,0.7902527486199837,0.40933984785136374,0,-0.04561424935327468,0,0.8504270839827919,13,-0.0005454959571802093,,,,0.00019048,-0.00030827999999999997,0.0,0.0,0.5,0,0,0,0,0
c_1372,GUAUSDT,1770930000000,0,test,control,,0.5004928487291969,0.29051546178853654,0,0.1447703215281791,0,0.8280429321762959,21,-0.005469832285848495,,,,0.00032862,0.00019376000000000002,0.0,0.0,0.5,0,0,0,0,0
c_1373,GUAUSDT,1775595600000,0,test,control,,0.767577288433023,0.8289000822022691,0,0.1984877825821508,1,0.8007066057445689,21,0.004484174907467723,,,,5e-05,0.0,0.0,0.0,0.5,0,0,0,0,0
c_1374,GUAUSDT,1778328000000,0,test,control,,0.5289514624245987,0.49929581506304316,0,-0.0808848394424516,0,0.8933050161812297,12,0.000968433070306709,,,,0.00028887,0.0001646,0.0,0.0,0.5,0,0,0,0,0
c_1375,GUAUSDT,1766800800000,0,test,control,,,,0,-0.07005482688762936,0,0.4528957528957529,2,0.0008195970695971362,,,,0.00047698,0.00024002,0.0,0.0,0.5,0,0,0,0,0
c_1376,GUAUSDT,1768924800000,0,test,control,,2.5490042272160762,1.7397078852355805,1,-0.05432081437420738,1,0.9612633283843974,16,0.0016298936867311185,,,,0.00018888,0.00013888,0.0,0.0,0.5,0,0,0,0,0
c_1377,GUAUSDT,1771146000000,0,test,control,,0.2625357679409053,0.17811194860436158,0,0.12874646263125317,1,0.8577513798896089,9,-0.005352904611211491,,,,0.00016754,-0.00020233,0.0,0.0,0.5,0,0,0,0,0
c_1378,GUAUSDT,1775408400000,0,test,control,,0.9560603101170251,2.350093249268531,2,-0.22864139440428186,0,0.7938104054490174,17,-0.0013883892603481704,,,,5e-05,-0.00054345,0.0,0.0,0.5,0,0,0,0,0
c_1379,GUAUSDT,1778335200000,0,test,control,,0.24317000340499514,0.38557333370992264,0,0.09045775659300427,1,0.8960355987055016,14,-9.705451975436385e-05,,,,0.00028887,0.0001646,0.0,0.0,0.5,0,0,0,0,0
c_1380,GUAUSDT,1766397600000,0,test,control,,,,0,-0.04240145352498748,0,0.5606177606177606,10,0.00546151296339428,,,,0.00019927,-0.00033625000000000007,0.0,0.0,0.5,0,0,0,0,0
c_1381,GUAUSDT,1768957200000,0,test,control,,2.011321863996084,1.0951449369107449,1,-0.17656520100810635,0,0.946349034957484,1,0.005712145861663957,,,,0.00066741,0.00018509,0.0,0.0,0.5,0,0,0,0,0
c_1382,GUAUSDT,1770922800000,0,test,control,,0.27953458559007216,0.5103164636892408,0,-0.23507135359555686,1,0.8242873432155073,19,0.002684147014784874,,,,0.00020082,0.00012678,0.0,0.0,0.5,0,0,0,0,0
c_1383,GUAUSDT,1775541600000,0,test,control,,0.6812404126569666,0.5314199015026653,0,-0.09201944903129597,0,0.8306524213136752,6,-0.0027870088768703386,,,,5e-05,-0.0009638600000000001,0.0,0.0,0.5,0,0,0,0,0
c_1384,GUAUSDT,1778335200000,0,test,control,,0.24317000340499514,0.38557333370992264,0,0.09045775659300427,1,0.8960355987055016,14,-9.705451975436385e-05,,,,0.00028887,0.0001646,0.0,0.0,0.5,0,0,0,0,0
c_1385,GUAUSDT,1766397600000,0,test,control,,,,0,-0.04240145352498748,0,0.5606177606177606,10,0.00546151296339428,,,,0.00019927,-0.00033625000000000007,0.0,0.0,0.5,0,0,0,0,0
c_1386,GUAUSDT,1769047200000,0,test,control,,0.6620480381659296,0.4512723984437775,0,-0.13432742694037944,0,0.936563638817654,2,0.002242137496995647,,,,5e-05,-0.00021679999999999998,0.0,0.0,0.5,0,0,0,0,0
c_1387,GUAUSDT,1771675200000,0,test,control,,0.2651887843184863,0.3530091007776669,0,-0.12565797904894238,0,0.9683603784224046,12,-0.0018141926476068148,,,,5e-05,-0.0005195,0.0,0.0,0.5,0,0,0,0,0
c_1388,GUAUSDT,1774555200000,0,test,control,,0.8825449708023198,0.8283577332333516,0,0.14327952747734937,0,0.8979485847831732,20,0.0006675723446834815,,,,0.0001658,-0.00016145000000000002,0.0,0.0,0.5,0,0,0,0,0
c_1389,GUAUSDT,1778335200000,0,test,control,,0.24317000340499514,0.38557333370992264,0,0.09045775659300427,1,0.8960355987055016,14,-9.705451975436385e-05,,,,0.00028887,0.0001646,0.0,0.0,0.5,0,0,0,0,0
c_1390,GUAUSDT,1766642400000,0,test,control,,,,0,-0.07838305394763695,1,0.4381853281853281,6,-0.00039434423744544506,,,,0.00030581,3.5860000000000026e-05,0.0,0.0,0.5,0,0,0,0,0
c_1391,GUAUSDT,1769155200000,0,test,control,,1.4533573474630523,0.9179881184290106,0,-0.4397253772381235,1,0.9758361774744028,8,0.00024923190749587775,,,,0.00016614,0.00011614000000000001,0.0,0.0,0.5,0,0,0,0,0
c_1392,GUAUSDT,1771696800000,0,test,control,,0.5826486124222617,1.8088025250960242,1,-0.01276048757482145,0,0.9210575778459996,18,0.0017044356326620348,,,,5e-05,0.0,0.0,0.0,0.5,0,0,0,0,0
c_1393,GUAUSDT,1775437200000,0,test,control,,0.5637016101489375,0.5896862362706713,0,-0.00932651493509908,0,0.7854874050923174,1,0.0007826325149026275,,,,0.00014065,9.065000000000001e-05,0.0,0.0,0.5,0,0,0,0,0
c_1394,GUAUSDT,1778335200000,0,test,control,,0.24317000340499514,0.38557333370992264,0,0.09045775659300427,1,0.8960355987055016,14,-9.705451975436385e-05,,,,0.00028887,0.0001646,0.0,0.0,0.5,0,0,0,0,0
c_1395,GUAUSDT,1766397600000,0,test,control,,,,0,-0.04240145352498748,0,0.5606177606177606,10,0.00546151296339428,,,,0.00019927,-0.00033625000000000007,0.0,0.0,0.5,0,0,0,0,0
c_1396,GUAUSDT,1769349600000,0,test,control,,0.7531327341743077,0.7654201050855085,0,-0.24140637731977396,0,0.8594675478521104,14,0.0013870109969353458,,,,5e-05,-0.00097823,0.0,0.0,0.5,0,0,0,0,0
c_1397,GUAUSDT,1771027200000,0,test,control,,0.23743466969045007,0.5683408886655162,0,0.02980566068639485,0,0.8395169758487926,0,-0.002137195170576799,,,,5e-05,0.0,0.0,0.0,0.5,0,0,0,0,0
c_1398,GUAUSDT,1774540800000,0,test,control,,0.7980299024897011,0.8999631421601034,0,0.05816957350374745,1,0.8898121699991344,16,-0.005691856455210329,,,,0.0001658,-0.00016145000000000002,0.0,0.0,0.5,0,0,0,0,0
c_1399,GUAUSDT,1777896000000,0,test,control,,1.0829897719186752,1.6606475521588693,1,-0.024156853515875064,0,0.9121170359376657,12,-0.0017909925622474853,,,,0.00129381,0.0006918800000000001,0.0,0.0,0.5,0,0,0,0,0
c_1400,GUAUSDT,1766440800000,0,test,control,,,,0,-0.029353166446824463,1,0.5627413127413127,22,-0.0008357312478553343,,,,0.00042362,7.819000000000001e-05,0.0,0.0,0.5,0,0,0,0,0
c_1401,GUAUSDT,1769277600000,0,test,control,,0.3967860755355797,0.7178297290040825,0,-0.09659032705932699,1,0.8680092275079494,18,0.0013557635637981996,,,,0.0002324,-0.00041432999999999997,0.0,0.0,0.5,0,0,0,0,0
c_1402,GUAUSDT,1771696800000,0,test,control,,0.5826486124222617,1.8088025250960242,1,-0.01276048757482145,0,0.9210575778459996,18,0.0017044356326620348,,,,5e-05,0.0,0.0,0.0,0.5,0,0,0,0,0
c_1403,GUAUSDT,1775941200000,0,test,control,,0.5519434748648998,1.0636600998672812,1,-0.38567019492852905,0,0.8787370264305128,21,-0.0052012673166213766,,,,0.00170041,0.0004474400000000001,0.0,0.0,0.5,0,0,0,0,0
c_1404,GUAUSDT,1778324400000,0,test,control,,0.4326967401022798,0.5454087015168718,0,-0.1923547949482519,0,0.909081715210356,11,0.0004089780660574753,,,,0.00020826,0.00012476,0.0,0.0,0.5,0,0,0,0,0
c_1405,GUAUSDT,1766685600000,0,test,control,,,,0,0.14658122206094842,0,0.4428185328185328,18,0.0006156152745280331,,,,0.00014542,-5.313e-05,0.0,0.0,0.5,0,0,0,0,0
c_1406,GUAUSDT,1768741200000,0,test,control,,0.3144327562774674,0.3983194880578839,0,-0.18168554056224173,0,0.883520043190714,13,-0.0006517164318735586,,,,5e-05,0.0,0.0,0.0,0.5,0,0,0,0,0
c_1407,GUAUSDT,1771142400000,0,test,control,,0.22031020536956708,0.16599170229530694,0,0.4539703142363561,0,0.8639908807295417,8,0.00588033002606221,,,,0.00027891,6.8800000000000154e-06,0.0,0.0,0.5,0,0,0,0,0
c_1408,GUAUSDT,1776067200000,0,test,control,,0.4308108920017333,0.5898166548341119,0,0.08756776160460253,1,0.9303212155482188,8,-0.0029525451615448712,,,,0.00064222,-0.00099651,0.0,0.0,0.5,0,0,0,0,0
c_1409,GUAUSDT,1778335200000,0,test,control,,0.24317000340499514,0.38557333370992264,0,0.09045775659300427,1,0.8960355987055016,14,-9.705451975436385e-05,,,,0.00028887,0.0001646,0.0,0.0,0.5,0,0,0,0,0
c_1410,GUAUSDT,1766574000000,0,test,control,,,,0,-0.09080427705525614,0,0.4517374517374517,11,0.003217939320175708,,,,0.00014469,-4.0579999999999994e-05,0.0,0.0,0.5,0,0,0,0,0
c_1411,GUAUSDT,1768928400000,0,test,control,,0.6897833712369426,1.468307603849465,1,-0.2335574491169395,0,0.9439195572951815,17,-0.005651768121953781,,,,0.00048232,0.00042395,0.0,0.0,0.5,0,0,0,0,0
c_1412,GUAUSDT,1771408800000,0,test,control,,0.3685189225362382,0.5093801610385323,0,0.2920857039319347,0,0.9681444119989382,10,0.00041850281718475363,,,,5e-05,-0.00022934,0.0,0.0,0.5,0,0,0,0,0
c_1413,GUAUSDT,1775876400000,0,test,control,,0.5305181729793486,0.5628666606453121,0,-0.009004166702759971,0,0.9664374441384092,3,0.00011245184798151798,,,,0.00228573,0.00114389,0.0,0.0,0.5,0,0,0,0,0
c_1414,GUAUSDT,1778011200000,0,test,control,,0.4767610809588422,0.42700559701492535,0,-0.29462946451167327,1,0.9084066574790628,20,0.0011146082422086472,,,,0.00077791,-0.0007334899999999999,0.0,0.0,0.5,0,0,0,0,0
p_283,HYPEUSDT,1769475600000,1,test,main,28.8243,2.7692431488856792,2.619910829898897,3,0.12180427331195717,0,0.9934078869923485,1,0.0002129090855553457,-0.0004979901583996612,-0.003635480544136124,0.01129326801406201,5e-05,0.0,0.0,0.0,0.5,0,1,0,0,0
p_284,HYPEUSDT,1770012000000,1,test,main,25.132,4.696432697147502,4.509390438278485,4,-0.1091581735450189,0,0.8840999741742949,6,-0.005361453168688653,0.006876674124688555,0.07413275569603486,-0.019503619394796192,5e-05,0.00014906,0.0,0.0,0.5,0,1,0,0,0
p_285,HYPEUSDT,1778727600000,1,test,main,21.7656,0.8179765564835346,0.8979857055397369,0,-0.4115698588374933,0,0.8723025232822964,3,-0.002977406150122027,0.00019959379825041054,0.004535142334446689,-0.22270640157155033,5e-05,2.517e-05,0.0,2317.6871199999996,0.0,0,0,0,0,0
p_286,HYPEUSDT,1779264000000,1,test,main,20.5494,1.7889066176316615,2.3073972386100814,2,-0.031248822824981152,0,0.990618101545254,8,-0.001678732692511595,0.0038168183879486255,0.007761161975822738,0.07798879792328973,-0.0001246,4.561000000000002e-05,0.0,0.0,0.5,0,0,0,1,0
p_287,HYPEUSDT,1779537600000,1,test,main,16.2936,2.125745759168651,2.5113074993238915,3,-0.12172780729973663,0,0.878469617404351,12,0.0010122148626883118,-0.0016948839316682479,0.008548323391249698,0.03197209581532861,5e-05,0.0,0.0,8650.91824,0.0,0,0,0,1,0
c_1415,HYPEUSDT,1762300800000,0,test,control,,1.6391176950361903,3.7633055505626567,3,0.06012579240859743,0,0.7765436522154544,0,0.0018773417394001377,0.0006248101115392664,-0.014606825354704011,0.16304667394400094,5e-05,0.0,0.0,0.0,0.5,0,0,0,0,0
c_1416,HYPEUSDT,1765756800000,0,test,control,,1.389990026877987,0.818403826472233,0,-0.015656361265213914,1,0.9306969080158961,0,-0.002844850413374579,-0.00515001800633622,-0.007703648603678061,0.05407278133611404,5e-05,2.46e-06,0.0,0.0,0.5,0,0,0,0,0
c_1417,HYPEUSDT,1770969600000,0,test,control,,0.5173029089267039,0.37900965388008134,0,-0.044531184414839,1,0.8783996339405725,8,-0.0022673241504694323,0.0013455636047289368,-0.00041049312998502887,0.012668104971754843,5e-05,0.00012165,0.0,0.0,0.5,0,0,0,0,0
c_1418,HYPEUSDT,1774202400000,0,test,control,,0.42747709180279353,0.5185835299482259,0,-0.06278230353662546,1,0.8700431970379174,18,-0.0018454987427629864,-0.002920810665058877,-0.013707996147821361,0.00791041498838926,4.544e-05,9.800000000000008e-07,0.0,0.0,0.5,0,0,0,0,0
c_1419,HYPEUSDT,1778284800000,0,test,control,,0.6451692598933546,0.5151040721479943,0,-0.17048875637776956,0,0.964636323070058,0,-0.0009833724064956012,0.0009620226709960343,0.0057550731584713475,0.24138772428363103,4.663e-05,-3.3700000000000033e-06,0.0,0.0,0.5,0,0,0,0,0
c_1420,HYPEUSDT,1761958800000,0,test,control,,0.5369750031720477,0.43212930130242383,0,0.015997229484327156,0,0.8790357896413075,1,0.0012085000269264957,0.003601018267212608,0.008327620462943145,0.06495760737068913,5e-05,0.0,0.0,0.0,0.5,0,0,0,0,0
c_1421,HYPEUSDT,1766206800000,0,test,control,,0.3575832063067928,0.3797628308367751,0,-0.1844926510244442,1,0.8237556863794487,5,0.001041225969854386,0.001019720022849153,0.004623349261562716,0.060467437608106314,5e-05,0.0,0.0,0.0,0.5,0,0,0,0,0
c_1422,HYPEUSDT,1770753600000,0,test,control,,0.43432381657511443,0.7698531057221781,0,-0.028039060675660307,0,0.8102156085374463,20,0.0024891083357536188,0.0010142044684951943,0.010586679318265225,0.015450993798903146,5e-05,4.723e-05,0.0,0.0,0.5,0,0,0,0,0
c_1423,HYPEUSDT,1775055600000,0,test,control,,1.0060009058510129,1.09019154679284,0,0.06115850494026877,0,0.9062958255938998,15,0.006868708823728279,-0.0024118092500121898,0.005499085250892668,-0.015741193886154137,5e-05,0.0,0.0,0.0,0.5,0,0,0,0,0
c_1424,HYPEUSDT,1779814800000,0,test,control,,3.9467953421285467,5.898213207214152,4,0.05038511324367351,0,0.9691797206574582,17,0.0007374650554015228,-0.006998071467797291,0.03475854922711002,-0.07262706775223354,4.12e-06,-4.588e-05,6165.30682,691.2432,0.8991849839957851,0,0,0,0,0
c_1425,HYPEUSDT,1761958800000,0,test,control,,0.5369750031720477,0.43212930130242383,0,0.015997229484327156,0,0.8790357896413075,1,0.0012085000269264957,0.003601018267212608,0.008327620462943145,0.06495760737068913,5e-05,0.0,0.0,0.0,0.5,0,0,0,0,0
c_1426,HYPEUSDT,1765792800000,0,test,control,,0.5633372239436176,0.47928104482272016,0,-0.06211212112824263,1,0.9529537643473186,10,0.001039875259550891,0.005939797288500572,0.01738785520244653,0.03740924704135948,5e-05,0.0,0.0,0.0,0.5,0,0,0,0,0
c_1427,HYPEUSDT,1771110000000,0,test,control,,0.26034145539476705,0.48202797939078473,0,-0.06418931987515744,0,0.9426312649164678,23,0.0004420828540526942,-0.0013760874805705504,-0.0070240802552180015,-0.0839830939924767,-9.562e-05,-9.266e-05,0.0,0.0,0.5,0,0,0,0,0
c_1428,HYPEUSDT,1774112400000,0,test,control,,0.8050974652315178,0.5690445661811778,0,0.18342567855675565,0,0.9142915914337303,17,-0.004592126528525316,-0.0027858854101980276,-0.0006027878922957215,0.04060675497271907,2.668e-05,1.59e-06,0.0,0.0,0.5,0,0,0,0,0
c_1429,HYPEUSDT,1778018400000,0,test,control,,1.2799950748346394,1.14568742223802,0,0.009218201789792914,1,0.9911474675033618,22,-0.00298870687880474,-0.001570986684433859,-0.004136090138410367,0.10621375575722586,5e-05,0.0,56740.76568,1286.93976,0.9778219774460893,0,0,0,0,0
c_1430,HYPEUSDT,1762437600000,0,test,control,,0.898808640561244,0.8689275893914795,0,0.21859349389143984,0,0.850378269024087,14,0.007442411306143615,0.0038641549514474155,-0.005180452510092791,0.08442449636367189,5e-05,0.0,0.0,0.0,0.5,0,0,0,0,0
c_1431,HYPEUSDT,1765267200000,0,test,control,,1.6672877699121136,2.346200182364014,3,0.015249110209184917,0,0.7820608472187681,8,0.0036072202101973183,0.003568052037814279,0.022619930124145492,-0.04010355747931403,5e-05,2.3170000000000003e-05,0.0,0.0,0.5,0,0,0,0,0
c_1432,HYPEUSDT,1771196400000,0,test,control,,0.18383777483663755,0.3130481264824616,0,-0.14607626468359008,1,0.9116646778042959,23,0.0022264529349357944,-0.002542291573751811,-0.000699659719464444,-0.07748692133634863,-0.00010271,-6.489e-05,0.0,0.0,0.5,0,0,0,0,0
c_1433,HYPEUSDT,1774764000000,0,test,control,,0.3038794904664391,0.4411820706257095,0,-0.01358014747409514,1,0.9575998075998077,6,0.0005906878214864754,-0.0012355326779218063,-0.0029351399915724906,0.14687966961869156,8.87e-06,-2.29e-06,0.0,0.0,0.5,0,0,0,0,0
c_1434,HYPEUSDT,1779814800000,0,test,control,,3.9467953421285467,5.898213207214152,4,0.05038511324367351,0,0.9691797206574582,17,0.0007374650554015228,-0.006998071467797291,0.03475854922711002,-0.07262706775223354,4.12e-06,-4.588e-05,6165.30682,691.2432,0.8991849839957851,0,0,0,0,0
c_1435,HYPEUSDT,1762106400000,0,test,control,,0.8986534117374859,1.4324427957828274,0,0.05953569647472684,1,0.8288546518571599,18,0.0006732195795147847,0.0024686737581563816,-0.0003529104991891136,0.08963710507904353,5e-05,0.0,0.0,0.0,0.5,0,0,0,0,0
c_1436,HYPEUSDT,1765900800000,0,test,control,,1.7878140792067738,1.6936443479114782,1,-0.08771257148890815,0,0.9003434156650376,16,0.007782738845619684,0.003705878592969632,-0.0002444180984823155,-0.03876031507511597,-1.121e-05,2.5489999999999998e-05,0.0,0.0,0.5,0,0,0,0,0
c_1437,HYPEUSDT,1770476400000,0,test,control,,1.2584769524721848,1.1040988038188921,0,-0.05331207526156434,0,0.8347322194215627,15,-0.006470922117261517,-0.0020978014059157167,-0.006198583546622017,0.03725349152411804,1.279e-05,0.00012428,0.0,0.0,0.5,0,0,0,0,0
c_1438,HYPEUSDT,1775120400000,0,test,control,,0.8078749509473296,0.9442941201689107,0,0.2077123208560283,1,0.8691734921816828,9,-0.007022196839787123,0.0010165117076062781,0.007412326189272791,0.0367083934499812,5e-05,0.0,0.0,0.0,0.5,0,0,0,0,0
c_1439,HYPEUSDT,1778479200000,0,test,control,,0.7459173107621131,1.1033725594521582,1,-0.0771141937780405,0,0.9381079875055779,6,0.0002178695085432238,-0.000805737215904993,-0.00351007398154559,0.07443418602892263,-0.00012868,-0.00017583,0.0,0.0,0.5,0,0,0,0,0
p_288,ICPUSDT,1720832400000,1,train,main,18.0601,0.5469752819477908,0.4721707405805756,0,0.03387541470220528,0,0.9535426940046716,1,-0.000972870226369499,-0.002225003403389009,-0.0017917995753590312,-0.1031083636556686,5.876e-05,-9.24e-06,0.0,0.0,0.5,0,0,0,0,0
p_289,ICPUSDT,1725937200000,1,train,main,17.3072,0.5433135139647703,0.6907320489393082,0,-0.19054970193264167,0,0.9828266123902811,3,-0.0021874027405835556,0.0005292791809946317,0.003438583737870451,0.0853885055089631,5.36e-05,4.850000000000003e-06,0.0,0.0,0.5,0,0,0,0,0
p_290,ICPUSDT,1732233600000,1,train,main,26.3584,0.5005814840017934,0.8286169784225056,0,-0.08809711381846103,0,0.9090909090909091,0,-0.0002571344650637898,0.009813055911436127,0.04308066424716503,0.05953765483379707,0.00010178,1.78e-06,0.0,0.0,0.5,0,1,1,0,0
p_291,ICPUSDT,1738555200000,1,train,main,24.8982,7.026297180102131,13.295720652268768,4,-0.10318526242948796,1,0.6541461412151067,4,0.004944456382411205,-0.02708878180323691,-0.13526399652072718,0.08128603180571888,-7.454e-05,-9.995e-05,0.0,0.0,0.5,0,0,0,0,0
p_292,ICPUSDT,1760133600000,1,train,main,17.9965,51.4227298165613,17.68820706808996,3,-0.21621431540851843,0,0.6360927856990849,22,-0.008269847107655074,-0.39465568221523856,-0.41842259495083134,0.9207959505550067,5.137e-05,-4.863000000000001e-05,0.0,0.0,0.5,0,0,0,0,0
p_293,ICPUSDT,1762045200000,1,test,main,25.8093,3.3359369967145525,2.4235296012368743,3,0.05175933403842706,0,0.930521762638551,1,-0.0010440974418249095,0.002604387221148472,-0.007696288014935689,-0.008244079258981941,4.42e-06,-9.07e-05,0.0,0.0,0.5,0,0,0,0,0
p_294,ICPUSDT,1762200000000,1,test,main,57.8038,4.332781977623223,7.185901874811007,4,0.016367669991229433,1,0.8920231213872832,20,0.0012047978642900244,0.00569105335708328,-0.003938610714077568,-0.01828849611828962,-0.00018579,0.00031629999999999994,0.0,0.0,0.5,0,0,0,0,0
p_295,ICPUSDT,1762416000000,1,test,main,43.2347,10.06059678446139,7.195638570209538,4,-0.006449129343504945,1,0.9624048469784061,8,-0.0012598202553144493,0.04023669580084403,0.01848614644708242,0.002238113638229209,-0.00045954,-0.00023507999999999998,0.0,0.0,0.5,0,1,0,0,0
p_296,ICPUSDT,1763384400000,1,test,main,22.34,0.8730709470434325,0.9758153508319084,0,0.004651553673132504,1,0.6624622977789965,13,-0.002582432133955807,0.00047150923643321215,0.002800826537509792,0.0832413071107361,8.707e-05,1.9590000000000007e-05,0.0,0.0,0.5,0,1,0,0,0
p_297,ICPUSDT,1766228400000,1,test,main,16.1486,0.536390896151253,0.7416572349519438,0,-0.15252864136638863,0,0.883952855847688,11,-0.0006383943757795998,0.005872216798689426,0.009132803703197403,0.09788791422538386,-6.059e-05,-0.00016059,0.0,0.0,0.5,0,1,0,0,0
p_298,ICPUSDT,1768356000000,1,test,main,33.5497,1.8552813178519159,2.3035361304937667,3,0.04161749694004563,1,0.9461333333333334,2,-5.042218071732811e-05,-0.0042259471921238445,-0.03404986435595398,-0.05533796586225892,0.0001,0.0,0.0,0.0,0.5,0,0,1,0,0
p_299,ICPUSDT,1773205200000,1,test,main,15.7537,0.7381114189222712,0.7743416642340483,0,-0.15996508392555617,1,0.9074355083459786,5,0.008238272652732383,0.0027912206973066075,0.007568530216997417,0.07475117860337924,-0.00029541,0.00010083999999999999,0.0,0.0,0.5,0,1,0,0,0
p_300,ICPUSDT,1778022000000,1,test,main,20.5438,7.026769669124811,14.920075303226477,4,-0.029046203313796235,0,0.951716738197425,23,-0.0035224726627362192,-0.0017687563316951625,-0.019032598171527724,0.10641413319019624,-0.00013993,-0.00011329999999999999,0.0,533.4651,0.0,0,0,0,0,0
p_301,ICPUSDT,1778205600000,1,test,main,33.777,3.0205947182366395,3.491461842378873,4,0.011338112593069908,1,0.9226063016212909,2,-0.0012055727034280075,-0.001841135626332381,-0.014464563830885409,0.08021220201049171,-0.00022522,-0.00021245999999999998,0.0,0.0,0.5,0,0,0,1,0
p_302,ICPUSDT,1762218000000,1,test,fast,12.5595,7.583780217396543,6.271613874093177,4,0.04450767072148413,1,0.8982658959537572,1,-0.0010812434299444088,-0.006928999427083322,-0.0020269793217932352,-0.0013983833210414178,-9.04e-06,-2.075e-05,0.0,0.0,0.5,0,1,0,0,0
p_303,ICPUSDT,1762488000000,1,test,fast,10.2072,7.217515457922257,7.490543276455984,4,0.09578371270789302,0,0.9940844682899986,4,-2.9451090574169665e-06,0.007444800182382777,-0.02611248604687308,-0.022009048878997104,-0.00037328,8.626e-05,0.0,0.0,0.5,0,1,0,0,0
p_304,ICPUSDT,1762495200000,1,test,fast,10.1054,15.18577374870044,9.191486085643062,4,0.04982986264842622,0,0.9858466933867736,6,0.004176550712386716,0.03418179623361493,0.03958735687944206,-0.0319539746892268,-0.00037328,8.626e-05,0.0,0.0,0.5,0,1,0,0,0
p_305,ICPUSDT,1762563600000,1,test,fast,11.573,11.221108091839794,8.561523570545674,4,-0.049260770230721236,0,0.8812282083005286,1,-0.006104242574429857,-0.015959958840135617,-0.008471769813218039,-0.07755794485236248,-0.00012593,0.0011339499999999999,0.0,0.0,0.5,0,1,0,0,0
p_306,ICPUSDT,1773205200000,1,test,fast,12.0594,0.7381114189222712,0.7743416642340483,0,-0.15996508392555617,1,0.9074355083459786,5,0.008238272652732383,0.0027912206973066075,0.007568530216997417,0.07475117860337924,-0.00029541,0.00010083999999999999,0.0,0.0,0.5,0,1,0,0,0
p_307,ICPUSDT,1778284800000,1,test,fast,10.866,5.254843002703264,17.740929507174048,4,0.007061985351027597,0,0.9762483130904184,0,-0.0009833724064956012,-0.002936524918684109,0.024928939556164206,0.011626156926979908,1.567e-05,0.00010151000000000001,0.0,0.0,0.5,0,0,0,0,0
c_1440,ICPUSDT,1714608000000,0,train,control,,,,0,0.07214293020310565,0,0.9848212950500971,0,0.007772490878514378,-0.001458452651107854,0.005691931482853157,,0.0001,6.459e-05,0.0,0.0,0.5,0,0,0,0,0
c_1441,ICPUSDT,1725346800000,0,train,control,,0.39707916620291606,0.45730049449064286,0,-0.11316403067769551,0,0.9000361750874233,7,-0.005011273252138876,-0.0001219360706257849,-0.007535908675560282,0.09565783673140683,2.271e-05,-1.2009999999999999e-05,0.0,0.0,0.5,0,0,0,0,0
c_1442,ICPUSDT,1738278000000,0,train,control,,0.5963413377930474,0.6801806305405586,0,0.3612388107220589,0,0.9729959600255155,23,0.00043334819098559573,-0.0020858832070508476,0.0018310417273323632,0.010466634065518676,0.0001,0.0,0.0,0.0,0.5,0,0,0,0,0
c_1443,ICPUSDT,1750867200000,0,train,control,,2.1174726907684844,1.8529533390402686,2,-0.09769698050041101,0,0.919126101954772,16,-0.005361693503025746,-0.012856144135641236,-0.044348420807728495,0.1827124504984518,-5.501e-05,-0.00015378,0.0,0.0,0.5,0,0,0,0,0
c_1444,ICPUSDT,1761868800000,0,train,control,,1.7124937170090087,1.778445236858183,1,0.11697793018136557,0,0.8718335343787696,0,0.0037530583995542587,-0.0032672528303093356,-0.011930519429658603,-0.07366330556810591,-0.00037255,-0.00029884999999999997,0.0,0.0,0.5,0,0,0,0,0
c_1445,ICPUSDT,1714608000000,0,train,control,,,,0,0.07214293020310565,0,0.9848212950500971,0,0.007772490878514378,-0.001458452651107854,0.005691931482853157,,0.0001,6.459e-05,0.0,0.0,0.5,0,0,0,0,0
c_1446,ICPUSDT,1726498800000,0,train,control,,1.858892034920956,1.5947749182593454,0,-0.060805662056129216,0,0.8706166868198307,15,-0.015094404159255687,0.0018901259345522623,0.011084140773345354,-0.03393843455663546,9.37e-06,-8.018e-05,0.0,0.0,0.5,0,0,0,0,0
c_1447,ICPUSDT,1740934800000,0,train,control,,8.495957971480648,4.058116221721883,2,0.07620374448071013,0,0.990460389879718,17,0.043200545599558625,-0.005861186736902301,-0.019099200655764405,0.042804926592543494,4.92e-05,4.287e-05,0.0,0.0,0.5,0,0,0,0,0
c_1448,ICPUSDT,1749211200000,0,train,control,,0.5440025339273779,0.7592559383100475,0,0.09768414563550022,0,0.8893252409853624,12,0.002308283185430768,5.122766166549948e-05,-0.0031152194605262675,0.14061933449895805,-0.00019814,-0.00025445999999999997,0.0,0.0,0.5,0,0,0,0,0
c_1449,ICPUSDT,1759910400000,0,train,control,,1.0883656647657942,1.272302047795735,0,0.0942927672881977,0,0.9382847414343477,8,-0.0016312248971244595,0.002330175340486976,0.00015344634260273756,0.07263323963038927,9.435e-05,2.8910000000000006e-05,0.0,0.0,0.5,0,0,0,0,0
c_1450,ICPUSDT,1714608000000,0,train,control,,,,0,0.07214293020310565,0,0.9848212950500971,0,0.007772490878514378,-0.001458452651107854,0.005691931482853157,,0.0001,6.459e-05,0.0,0.0,0.5,0,0,0,0,0
c_1451,ICPUSDT,1727013600000,0,train,control,,0.8671479107045087,0.8862255219841026,0,-0.06963083921544609,0,0.9416293232218776,14,-0.003027652023985378,-0.0070798812794579434,-0.01132540854002625,-0.140710939520625,4.528e-05,-5.4720000000000005e-05,0.0,0.0,0.5,0,0,0,0,0
c_1452,ICPUSDT,1736247600000,0,train,control,,0.5857723599536974,0.8469790815178929,0,-0.03354861618560568,0,0.9578327444051826,11,-0.003104759319687062,0.029831735601631073,-0.0011594378834737002,0.08900954200633476,0.0001,0.0,0.0,0.0,0.5,0,0,0,0,0
c_1453,ICPUSDT,1748408400000,0,train,control,,0.4889203170185857,0.6242995202141168,0,-0.11828660156120516,1,0.9141535298149417,5,0.0011754693605960814,-0.0005658631138860434,-0.0021882682829783063,0.26110295881327594,7.131e-05,2.9080000000000006e-05,0.0,0.0,0.5,0,0,0,0,0
c_1454,ICPUSDT,1761613200000,0,train,control,,1.688590309367797,1.1495181862687878,0,-0.18958023263801854,0,0.9556694813027745,1,-0.0012492975441002032,0.001800483972504248,0.015892149256881823,-0.1580307661763496,2.527e-05,0.00011525000000000001,0.0,0.0,0.5,0,0,0,0,0
c_1455,ICPUSDT,1715320800000,0,train,control,,0.7965227548875945,0.8125088000166875,0,-0.15461717702485644,0,0.8783223778222349,6,-0.0025609436226780784,0.0015948147976652428,0.005016516603115618,0.007440098479349667,-4.988e-05,1.7980000000000007e-05,0.0,0.0,0.5,0,0,0,0,0
c_1456,ICPUSDT,1727233200000,0,train,control,,0.8823346165827619,1.4288738813231443,2,-0.1376663652977128,0,0.9915201005025126,3,0.0005438582860694585,-0.0039253061667146455,0.02467426832388296,0.007804970351335684,0.0001,0.0,0.0,0.0,0.5,0,0,0,0,0
c_1457,ICPUSDT,1740434400000,0,train,control,,1.3660301260552792,1.2149408754481323,0,-0.011918835735836478,1,0.8944191038368661,22,-0.0003968296185967648,0.007202554132273492,-0.003052692275500683,0.4265011589940962,9.256e-05,0.00012852,0.0,0.0,0.5,0,0,0,0,0
c_1458,ICPUSDT,1749855600000,0,train,control,,1.5021044730846638,1.1271174807431303,0,0.0913885486597525,0,0.8589520341934462,23,0.0013423747053785658,0.011239456132981981,0.017979870506660407,0.038990871042117244,1.984e-05,-4.468e-05,0.0,0.0,0.5,0,0,0,0,0
c_1459,ICPUSDT,1761141600000,0,train,control,,1.4244239802421643,1.73147216736881,1,0.056117026746049944,0,0.8842807424593967,14,0.006956117465865439,0.002358427978954056,0.008979153654316901,0.13381271520120752,-0.00010189,-0.00019055,0.0,0.0,0.5,0,0,0,0,0
c_1460,ICPUSDT,1714766400000,0,train,control,,,,0,-0.03870244392183342,0,0.9857388562419378,20,0.0038482638310130403,0.0027013175205861254,0.0065539045173202805,,8.205e-05,-1.7950000000000003e-05,0.0,0.0,0.5,0,0,0,0,0
c_1461,ICPUSDT,1725382800000,0,train,control,,1.2262000782616334,1.396231462773816,0,0.05705632391910576,0,0.8703501756936871,17,-0.00029465240549024095,-0.0007621807925443316,0.006404410277256515,0.07826649084542164,9.027e-05,6.756e-05,0.0,0.0,0.5,0,0,0,0,0
c_1462,ICPUSDT,1736517600000,0,train,control,,3.4058610905066344,1.4425547196025101,1,-0.013362617553951638,0,0.8200235571260306,14,-0.015350600126342389,0.004607274850913809,-0.006302002446100575,0.043935034642657064,5.14e-06,-9.486000000000001e-05,0.0,0.0,0.5,0,0,0,0,0
c_1463,ICPUSDT,1749211200000,0,train,control,,0.5440025339273779,0.7592559383100475,0,0.09768414563550022,0,0.8893252409853624,12,0.002308283185430768,5.122766166549948e-05,-0.0031152194605262675,0.14061933449895805,-0.00019814,-0.00025445999999999997,0.0,0.0,0.5,0,0,0,0,0
c_1464,ICPUSDT,1761728400000,0,train,control,,0.6656363267118501,0.6108163321503929,0,-0.0785042835841214,0,0.9209891435464415,9,-0.004462087234906649,-0.00019312240250986024,0.0006720642065277283,-0.16139066015211792,-0.00014903,-0.00016376,0.0,0.0,0.5,0,0,0,0,0
c_1465,ICPUSDT,1762743600000,0,test,control,,6.455588718421002,5.180003805410664,4,-0.0951692671248437,0,0.7314099959366112,3,0.0026768732908792727,-0.01698043729764202,-0.05905900285039017,-0.075709888143328,0.0001,0.0004218,0.0,0.0,0.5,0,0,0,0,0
c_1466,ICPUSDT,1767556800000,0,test,control,,1.2256110618250788,1.2361084202070467,0,-0.10804577734515304,0,0.9823547307575297,20,-0.000714066339066403,-0.0014897698975568246,-0.0007698715106239253,0.12483104802634618,0.0001,0.0,0.0,0.0,0.5,0,0,0,0,0
c_1467,ICPUSDT,1771444800000,0,test,control,,1.5645271106076808,1.5165215328907418,1,-0.09690184286405983,0,0.8687451886066205,20,-0.002849509703409763,0.00016524663642756407,-0.015128229272483867,-0.07773130955148441,-0.00033837,-0.00015631,0.0,0.0,0.5,0,0,0,0,0
c_1468,ICPUSDT,1774785600000,0,test,control,,0.5867454611451096,0.5075207122069884,0,0.12798236753652542,0,0.9108019639934534,12,0.004624406153438951,0.0024372772562054174,0.00203663528552948,-0.004634835488214126,-0.00031888,-0.00014615,0.0,0.0,0.5,0,0,0,0,0
c_1469,ICPUSDT,1779235200000,0,test,control,,0.82955547926119,0.7151390772726783,0,0.027451690572691485,0,0.7438290186634557,0,0.0016145839446710037,0.0017683169194759726,-0.00907544365657565,-0.13537471010057783,6.59e-06,-2.5860000000000003e-05,0.0,0.0,0.5,0,0,0,0,0
c_1470,ICPUSDT,1762743600000,0,test,control,,6.455588718421002,5.180003805410664,4,-0.0951692671248437,0,0.7314099959366112,3,0.0026768732908792727,-0.01698043729764202,-0.05905900285039017,-0.075709888143328,0.0001,0.0004218,0.0,0.0,0.5,0,0,0,0,0
c_1471,ICPUSDT,1766901600000,0,test,control,,0.6700347346381722,0.4316799216314817,0,0.2303264978805971,0,0.9336363636363637,6,-0.0007287540814219507,0.013799168199125952,0.005250084195613125,0.08229060825398332,0.0001,0.0,0.0,0.0,0.5,0,0,0,0,0
c_1472,ICPUSDT,1771477200000,0,test,control,,0.7867179497899204,0.7988994335165869,0,-0.09860234847977649,0,0.863741339491917,5,-0.0025989389159736167,-0.004234354468650068,-0.0019222669750200596,-0.024155012854023186,-0.00049619,-0.00021707999999999997,0.0,0.0,0.5,0,0,0,0,0
c_1473,ICPUSDT,1774800000000,0,test,control,,0.3648358431604532,0.5242859531127428,0,-0.011094041990249388,0,0.9079378068739771,16,-0.0008443991694236915,0.0006505466056743836,0.0031258871938155586,-0.005014123742905607,-0.00012863,-0.00012783,0.0,0.0,0.5,0,0,0,0,0
c_1474,ICPUSDT,1779814800000,0,test,control,,1.6239846062898473,2.1519769706704603,2,-0.0005719257970697702,0,0.9762076423936554,17,0.0007374650554015228,-0.0029813238759092272,-0.002381015497972678,-0.0638477039880225,-1.108e-05,-4.557e-05,0.0,0.0,0.5,0,0,0,0,0
c_1475,ICPUSDT,1762801200000,0,test,control,,2.5743737407916067,4.685480428777736,4,0.05813078940396199,0,0.6860016253555465,19,-0.004445426441789302,0.004840799044049599,-0.027084178470827176,-0.05607535511366145,9.436e-05,-5.640000000000007e-06,0.0,0.0,0.5,0,0,0,0,0
c_1476,ICPUSDT,1767769200000,0,test,control,,0.636139900713252,0.6774672259697644,0,0.17605240570264624,0,0.9239404995790064,7,0.0007826688575628532,0.009862620937835955,0.016012080531167323,0.15415030351246367,6.917e-05,9.653e-05,0.0,0.0,0.5,0,0,0,0,0
c_1477,ICPUSDT,1771315200000,0,test,control,,0.32170095825776235,0.49006521409335596,0,0.07442953031325075,1,0.9222478829869131,8,-0.0002544946088097365,1.3889981409300005e-05,-0.005609929912283895,-0.07580997248054833,-9.503e-05,7.96e-05,0.0,0.0,0.5,0,0,0,0,0
c_1478,ICPUSDT,1775977200000,0,test,control,,0.664409741561769,0.6302608402027403,0,-0.021371823853292574,0,0.9320425208807898,7,-0.000644665255473189,0.003242594074308371,0.017833884242387663,-0.10206063563451388,-0.00023285,-0.00012011,0.0,0.0,0.5,0,0,0,0,0
c_1479,ICPUSDT,1779814800000,0,test,control,,1.6239846062898473,2.1519769706704603,2,-0.0005719257970697702,0,0.9762076423936554,17,0.0007374650554015228,-0.0029813238759092272,-0.002381015497972678,-0.0638477039880225,-1.108e-05,-4.557e-05,0.0,0.0,0.5,0,0,0,0,0
c_1480,ICPUSDT,1762743600000,0,test,control,,6.455588718421002,5.180003805410664,4,-0.0951692671248437,0,0.7314099959366112,3,0.0026768732908792727,-0.01698043729764202,-0.05905900285039017,-0.075709888143328,0.0001,0.0004218,0.0,0.0,0.5,0,0,0,0,0
c_1481,ICPUSDT,1767668400000,0,test,control,,0.7507568424510891,0.9878012210906028,0,-0.0033152937994290438,1,0.981614478598104,3,-0.001589570709225911,0.0007108826389211928,-0.006726235587998223,0.15088480348969968,8.964e-05,2.7279999999999996e-05,0.0,0.0,0.5,0,0,0,0,0
c_1482,ICPUSDT,1770904800000,0,test,control,,0.6619088445269741,0.7263795828643639,0,-0.08199083987622525,1,0.9467547609794015,14,0.007481675423543912,-9.018544011780267e-05,-0.00017548413682357466,0.012967587724695126,-0.00014995,0.00035866999999999995,0.0,0.0,0.5,0,0,0,0,0
c_1483,ICPUSDT,1775577600000,0,test,control,,1.3686537944320392,1.1497734224006906,0,0.24003585850074494,0,0.9643755238893545,16,0.004531851218469346,-0.004016433799571048,-0.007144395888120541,-0.10090414349142868,-0.00018682,-0.00017764000000000001,0.0,0.0,0.5,0,0,0,0,0
c_1484,ICPUSDT,1779814800000,0,test,control,,1.6239846062898473,2.1519769706704603,2,-0.0005719257970697702,0,0.9762076423936554,17,0.0007374650554015228,-0.0029813238759092272,-0.002381015497972678,-0.0638477039880225,-1.108e-05,-4.557e-05,0.0,0.0,0.5,0,0,0,0,0
c_1485,ICPUSDT,1763146800000,0,test,control,,3.3204530274514235,2.7074352253908645,4,-0.0455852501570456,0,0.5500812677773264,19,-0.008244115148339892,0.011499762255776194,0.04194493230061702,0.05951051815142738,0.0001,5.0230000000000005e-05,0.0,0.0,0.5,0,0,0,0,0
c_1486,ICPUSDT,1767978000000,0,test,control,,3.45759949115724,2.365352335879344,2,0.027420967507284073,0,0.9261857984844232,17,0.004961722755785993,0.004777876389102702,0.012257299817659089,0.010136275784816545,-0.00012847,-0.00019442,0.0,0.0,0.5,0,0,0,0,0
c_1487,ICPUSDT,1770854400000,0,test,control,,0.7064851640302138,0.5834809277269329,0,-0.14834901230967482,0,0.8820861678004536,0,-0.0050094966761634295,-0.033193448318643085,0.009712488530088404,0.058695536381139196,-0.00028374,2.7280000000000023e-05,0.0,0.0,0.5,0,0,0,0,0
c_1488,ICPUSDT,1775944800000,0,test,control,,0.3857855862146904,0.6742122547704951,0,-0.140226808379889,0,0.9677296886864085,22,0.0017992461731890876,0.002951896732961958,0.005716586301531692,-0.11104363798646247,-0.00012963,-8.586e-05,0.0,0.0,0.5,0,0,0,0,0
c_1489,ICPUSDT,1779814800000,0,test,control,,1.6239846062898473,2.1519769706704603,2,-0.0005719257970697702,0,0.9762076423936554,17,0.0007374650554015228,-0.0029813238759092272,-0.002381015497972678,-0.0638477039880225,-1.108e-05,-4.557e-05,0.0,0.0,0.5,0,0,0,0,0
c_1490,ICPUSDT,1762743600000,0,test,control,,6.455588718421002,5.180003805410664,4,-0.0951692671248437,0,0.7314099959366112,3,0.0026768732908792727,-0.01698043729764202,-0.05905900285039017,-0.075709888143328,0.0001,0.0004218,0.0,0.0,0.5,0,0,0,0,0
c_1491,ICPUSDT,1767495600000,0,test,control,,0.5729184891649871,0.8785875287718047,0,-0.13493920079051025,1,0.9791666666666666,3,-0.0009957232152648637,-0.0008336590948384435,-0.004068659821353313,0.09886840338683753,0.0001,0.0,0.0,0.0,0.5,0,0,0,0,0
c_1492,ICPUSDT,1771344000000,0,test,control,,1.3476734646038444,1.2628130371933115,1,-0.01808149839638046,1,0.9210931485758276,16,0.007732618064915826,-0.014436933094025195,-0.014388864070831547,-0.09487738595206585,-0.00018938,0.00025372999999999997,0.0,0.0,0.5,0,0,0,0,0
c_1493,ICPUSDT,1776193200000,0,test,control,,1.4841703201555116,1.0855607931702178,0,-0.36265341765938514,0,0.919134396355353,19,-0.008700145515589636,-0.006650838283443283,-0.00948797451270801,-0.02133842317606119,-0.0003051,-0.00038601,0.0,0.0,0.5,0,0,0,0,0
c_1494,ICPUSDT,1779814800000,0,test,control,,1.6239846062898473,2.1519769706704603,2,-0.0005719257970697702,0,0.9762076423936554,17,0.0007374650554015228,-0.0029813238759092272,-0.002381015497972678,-0.0638477039880225,-1.108e-05,-4.557e-05,0.0,0.0,0.5,0,0,0,0,0
c_1495,ICPUSDT,1762869600000,0,test,control,,7.0738596960021125,3.546653974961088,3,-0.06414778216607765,0,0.6593864282811865,14,-0.0014344497607654946,-0.005840350335454681,-0.008291069210652029,-0.0527874817025535,7.363e-05,-2.073e-05,0.0,0.0,0.5,0,0,0,0,0
c_1496,ICPUSDT,1767661200000,0,test,control,,1.0415397693794957,1.0291194037605447,0,-0.08184648144257688,0,0.9773053720195347,1,-0.0005712921434539222,-0.009425859318579494,-0.007448408748610161,0.15125071284951896,8.964e-05,2.7279999999999996e-05,0.0,0.0,0.5,0,0,0,0,0
c_1497,ICPUSDT,1771426800000,0,test,control,,1.1902659843096042,0.9965425515601455,0,-0.04796505169583259,1,0.8956889915319477,15,-0.00017410144310747402,0.004924535422194921,0.0038066768664172194,0.026197277868245793,-0.00027911,-7.973e-05,0.0,0.0,0.5,0,0,0,0,0
c_1498,ICPUSDT,1775430000000,0,test,control,,1.167801266347862,0.5711604536311625,0,0.12516331081058776,0,0.9723756906077347,23,0.01175216048697043,-0.0015574191333305805,-0.008152871959189035,-0.11139655722137773,-6.275e-05,0.00012352,0.0,0.0,0.5,0,0,0,0,0
c_1499,ICPUSDT,1779130800000,0,test,control,,1.7765540906001587,1.5374628044828582,1,-0.32418538347764914,0,0.7181365367711691,19,-0.005862704461002907,-0.006184376036043393,-0.004074564569538441,-0.1842294054758728,6.038e-05,0.00014574,0.0,5794.620000000001,0.0,0,0,0,0,0
c_1500,ICPUSDT,1762743600000,0,test,control,,6.455588718421002,5.180003805410664,4,-0.0951692671248437,0,0.7314099959366112,3,0.0026768732908792727,-0.01698043729764202,-0.05905900285039017,-0.075709888143328,0.0001,0.0004218,0.0,0.0,0.5,0,0,0,0,0
c_1501,ICPUSDT,1767956400000,0,test,control,,0.5400935366337404,0.8949490866289307,0,0.10592127846732514,0,0.8916643278136401,11,0.0016013466372828693,0.0011657799117501353,-0.011428395633247188,0.017588316749151525,5.719e-05,-4.059999999999998e-06,0.0,0.0,0.5,0,0,0,0,0
c_1502,ICPUSDT,1772082000000,0,test,control,,1.7398166927040466,1.4407232904622438,0,0.022091818877237664,0,0.9417213431107679,5,0.0050683776351971525,0.004424137218394233,0.00430555115723676,0.0919924966413079,8.254e-05,0.00037772,0.0,0.0,0.5,0,0,0,0,0
c_1503,ICPUSDT,1776157200000,0,test,control,,0.7037588905361533,0.6908814532625218,0,-0.02089097607322478,1,0.9407744874715263,9,0.002690791186551681,-0.0004193249676462444,-0.005559754325489221,-0.013224696768459613,-5.196e-05,3.641e-05,0.0,0.0,0.5,0,0,0,0,0
c_1504,ICPUSDT,1779814800000,0,test,control,,1.6239846062898473,2.1519769706704603,2,-0.0005719257970697702,0,0.9762076423936554,17,0.0007374650554015228,-0.0029813238759092272,-0.002381015497972678,-0.0638477039880225,-1.108e-05,-4.557e-05,0.0,0.0,0.5,0,0,0,0,0
c_1505,ICPUSDT,1762743600000,0,test,control,,6.455588718421002,5.180003805410664,4,-0.0951692671248437,0,0.7314099959366112,3,0.0026768732908792727,-0.01698043729764202,-0.05905900285039017,-0.075709888143328,0.0001,0.0004218,0.0,0.0,0.5,0,0,0,0,0
c_1506,ICPUSDT,1766574000000,0,test,control,,0.8034459184626233,0.7832171922440004,0,0.001987074924240653,1,0.8510028653295129,11,0.003217939320175708,0.0017913102586006242,0.010959694098732323,0.21131170527453763,8.987e-05,-1.013e-05,0.0,0.0,0.5,0,0,0,0,0
c_1507,ICPUSDT,1771070400000,0,test,control,,1.3845938285355266,0.7706468114576194,0,0.16867388567651062,0,0.9696491919590067,12,0.011933859706062285,0.053948601546469854,0.04571927752300039,-0.06933387722691804,-0.00038647,-5.067e-05,0.0,0.0,0.5,0,0,0,0,0
c_1508,ICPUSDT,1775494800000,0,test,control,,1.0193309396373909,1.444473633745812,0,-0.04065831892722113,0,0.9907795473595975,17,-0.0023354428116844064,0.00019183974494512505,0.02839258345824664,-0.12267814433987549,6.548e-05,0.00026747,0.0,0.0,0.5,0,0,0,0,0
c_1509,ICPUSDT,1779814800000,0,test,control,,1.6239846062898473,2.1519769706704603,2,-0.0005719257970697702,0,0.9762076423936554,17,0.0007374650554015228,-0.0029813238759092272,-0.002381015497972678,-0.0638477039880225,-1.108e-05,-4.557e-05,0.0,0.0,0.5,0,0,0,0,0
c_1510,ICPUSDT,1762970400000,0,test,control,,4.014993004618059,4.829535093191777,4,0.11292718097437629,0,0.6210889882161723,18,0.0030268331868736056,-0.034784644641334045,0.02075199256928124,-0.06399399131529197,4.497e-05,-5.503000000000001e-05,0.0,0.0,0.5,0,0,0,0,0
c_1511,ICPUSDT,1767186000000,0,test,control,,2.2734016852958514,1.136953983794343,1,-0.24213885905579108,0,0.8936442031299905,13,-0.0025919548240034103,-0.009754783956913735,-0.000765891501992865,-0.014046839778362154,7.599e-05,4.712999999999999e-05,0.0,0.0,0.5,0,0,0,0,0
c_1512,ICPUSDT,1771268400000,0,test,control,,0.5664889655179042,1.548084066386612,2,0.0185852596597864,1,0.9080061585835258,19,-0.001239744865807146,0.0011784509788240814,-0.013256906319599115,-0.06514386862336068,-0.00044311,0.00011819000000000006,0.0,0.0,0.5,0,0,0,0,0
c_1513,ICPUSDT,1775764800000,0,test,control,,1.0405815615591407,1.2687985836142024,0,0.17614630746076157,0,0.9616552771450266,20,0.002875462948142727,-0.003912353517267062,0.019112855373148333,-0.14442956506473476,8.039e-05,-1.961000000000001e-05,0.0,0.0,0.5,0,0,0,0,0
c_1514,ICPUSDT,1779804000000,0,test,control,,1.780213550711118,2.2828368901199307,1,0.05008599644266189,0,0.9899062725306417,14,0.0013009264723621598,0.006332821536624962,0.0065497972699834405,-0.06207515833533302,-9.125e-05,0.00011786000000000001,0.0,0.0,0.5,0,0,0,0,0
c_1515,ICPUSDT,1762743600000,0,test,control,,6.455588718421002,5.180003805410664,4,-0.0951692671248437,0,0.7314099959366112,3,0.0026768732908792727,-0.01698043729764202,-0.05905900285039017,-0.075709888143328,0.0001,0.0004218,0.0,0.0,0.5,0,0,0,0,0
c_1516,ICPUSDT,1767398400000,0,test,control,,1.4898267521604784,1.7328453011017415,1,0.0616515584208475,0,0.9893383505801191,0,-0.0022572261740626412,0.005313717077060628,0.006046700301038474,0.1264780522395886,9.531e-05,-4.690000000000011e-06,0.0,0.0,0.5,0,0,0,0,0
c_1517,ICPUSDT,1771455600000,0,test,control,,0.7804119864432426,1.0557859331681057,0,-0.021968181019240935,1,0.8625866050808315,23,0.001182493069444231,0.0027728055185213397,0.005771190868974958,-0.07403327271307314,-0.00033837,-0.00015631,0.0,0.0,0.5,0,0,0,0,0
c_1518,ICPUSDT,1776110400000,0,test,control,,1.3203734207892202,0.8331974572919008,0,0.09005466693308402,0,0.9377372817008354,20,0.012326609560652074,0.0032614452428389997,-0.0014985376038037894,-0.025697843728003517,-8.837e-05,-0.00015643,0.0,0.0,0.5,0,0,0,0,0
c_1519,ICPUSDT,1779094800000,0,test,control,,1.653507331538029,1.308098413863039,0,0.1596674360856218,0,0.7064042140282784,9,-0.0004984462495813075,0.01014226603424303,0.005820278028841275,-0.16205396088871754,7.845e-05,1.0969999999999998e-05,0.0,0.0,0.5,0,0,0,0,0
c_1520,ICPUSDT,1762743600000,0,test,control,,6.455588718421002,5.180003805410664,4,-0.0951692671248437,0,0.7314099959366112,3,0.0026768732908792727,-0.01698043729764202,-0.05905900285039017,-0.075709888143328,0.0001,0.0004218,0.0,0.0,0.5,0,0,0,0,0
c_1521,ICPUSDT,1767916800000,0,test,control,,0.3798565963943256,0.594843538260974,0,-0.038983462460594163,0,0.8905416783609318,0,-0.0013642714417628733,0.0028927656421643003,-0.008051526770842131,0.004544168770579268,6.125e-05,1.1039999999999996e-05,0.0,0.0,0.5,0,0,0,0,0
c_1522,ICPUSDT,1770757200000,0,test,control,,0.34783894809981025,0.5365560508234223,0,0.041458442010489475,0,0.8535353535353536,21,-0.0045225795797274445,0.0023365457260005294,0.009844472828305898,0.18731662496758905,-0.00045355,-6.140999999999997e-05,0.0,0.0,0.5,0,0,0,0,0
c_1523,ICPUSDT,1775221200000,0,test,control,,1.3532616036976783,0.7044918628758025,0,-0.06597426986335689,0,0.9774755631109221,13,-0.004374218089855099,0.006636416277362404,0.02847307248833053,-0.0700001978985226,-7.103e-05,0.00023488,0.0,0.0,0.5,0,0,0,0,0
c_1524,ICPUSDT,1779814800000,0,test,control,,1.6239846062898473,2.1519769706704603,2,-0.0005719257970697702,0,0.9762076423936554,17,0.0007374650554015228,-0.0029813238759092272,-0.002381015497972678,-0.0638477039880225,-1.108e-05,-4.557e-05,0.0,0.0,0.5,0,0,0,0,0
c_1525,ICPUSDT,1762743600000,0,test,control,,6.455588718421002,5.180003805410664,4,-0.0951692671248437,0,0.7314099959366112,3,0.0026768732908792727,-0.01698043729764202,-0.05905900285039017,-0.075709888143328,0.0001,0.0004218,0.0,0.0,0.5,0,0,0,0,0
c_1526,ICPUSDT,1766703600000,0,test,control,,1.5909694643455046,1.2872959171228944,0,-0.19586356144502587,0,0.8684813753581662,23,-0.0028920352370763905,-0.005740711743016015,-0.008717190757301815,0.13005061395921272,0.0001,0.0,0.0,0.0,0.5,0,0,0,0,0
c_1527,ICPUSDT,1770732000000,0,test,control,,0.8582462099818372,0.5264242788705725,0,-0.09681156364456796,1,0.84992784992785,14,0.0060832963853171195,-0.0017879690511097837,-0.00633618048543046,0.1911799183413084,-0.00048826,-0.00042724,0.0,0.0,0.5,0,0,0,0,0
c_1528,ICPUSDT,1775552400000,0,test,control,,0.46995745291211355,0.557964755607594,0,0.07884468723473755,1,0.9681475272422464,9,0.00459236559312224,-0.0012363581243041827,0.0028954489695167795,-0.11254134552611511,-0.00031528,-0.00038075999999999995,0.0,0.0,0.5,0,0,0,0,0
c_1529,ICPUSDT,1779814800000,0,test,control,,1.6239846062898473,2.1519769706704603,2,-0.0005719257970697702,0,0.9762076423936554,17,0.0007374650554015228,-0.0029813238759092272,-0.002381015497972678,-0.0638477039880225,-1.108e-05,-4.557e-05,0.0,0.0,0.5,0,0,0,0,0
c_1530,ICPUSDT,1762743600000,0,test,control,,6.455588718421002,5.180003805410664,4,-0.0951692671248437,0,0.7314099959366112,3,0.0026768732908792727,-0.01698043729764202,-0.05905900285039017,-0.075709888143328,0.0001,0.0004218,0.0,0.0,0.5,0,0,0,0,0
c_1531,ICPUSDT,1766851200000,0,test,control,,1.3632614741988556,0.9611143173646788,0,0.01316004616649164,1,0.877650429799427,16,0.00017714144001133706,0.026056894496925397,0.033214155898438125,0.07083044091487492,0.0001,4.805e-05,0.0,0.0,0.5,0,0,0,0,0
c_1532,ICPUSDT,1772067600000,0,test,control,,2.5260674974050334,3.2207711475354888,4,-0.1043827648439802,0,0.931300656117329,1,0.005031455796328232,-0.008038507840210334,-0.010160013255690863,0.09537988191829778,8.254e-05,0.00037772,0.0,0.0,0.5,0,0,0,0,0
c_1533,ICPUSDT,1774879200000,0,test,control,,1.1743284919558548,0.7939054180768905,0,-0.15919531757690472,0,0.918952108063856,14,-0.005428880050339581,-0.0010940590750226045,0.005829958173163794,-0.010064969921430147,-4.592e-05,8.271e-05,0.0,0.0,0.5,0,0,0,0,0
c_1534,ICPUSDT,1779814800000,0,test,control,,1.6239846062898473,2.1519769706704603,2,-0.0005719257970697702,0,0.9762076423936554,17,0.0007374650554015228,-0.0029813238759092272,-0.002381015497972678,-0.0638477039880225,-1.108e-05,-4.557e-05,0.0,0.0,0.5,0,0,0,0,0
c_1535,ICPUSDT,1763740800000,0,test,control,,1.1367721191428473,1.4002604296206766,1,-0.0371754880185468,0,0.702375020760671,16,-0.0223570476763245,0.009307253922703623,-0.0035402095662990076,-0.03850781282724829,0.0001,0.0,0.0,0.0,0.5,0,0,0,0,0
c_1536,ICPUSDT,1767520800000,0,test,control,,1.2755553017758237,1.1205824244846685,0,0.004656619926910554,0,0.9944029850746268,10,0.0009635841827656399,0.0031428184494612997,0.001072215453374253,0.1162168358586915,0.0001,1.3219999999999999e-05,0.0,0.0,0.5,0,0,0,0,0
c_1537,ICPUSDT,1771203600000,0,test,control,,0.6876032244821513,0.5156905942514014,0,0.05413515404815125,0,0.9299461123941494,1,0.00019622977198100497,0.0020632057371340255,-0.0030203144174298486,-0.10074618650085695,-0.0005613,-0.00039102000000000006,0.0,0.0,0.5,0,0,0,0,0
c_1538,ICPUSDT,1775008800000,0,test,control,,1.2352376312625137,1.0892416131385012,1,-0.2805148292953597,0,0.9305669679539852,2,-0.007931115276476186,-0.005841827570664634,0.003259098886071433,0.007176562267389393,-0.00015361,-7.646999999999999e-05,0.0,0.0,0.5,0,0,0,0,0
c_1539,ICPUSDT,1779814800000,0,test,control,,1.6239846062898473,2.1519769706704603,2,-0.0005719257970697702,0,0.9762076423936554,17,0.0007374650554015228,-0.0029813238759092272,-0.002381015497972678,-0.0638477039880225,-1.108e-05,-4.557e-05,0.0,0.0,0.5,0,0,0,0,0
p_308,LABUSDT,1761832800000,1,train,main,199.7293,0.6614733513597493,0.8620084612769104,0,-0.015758651908618804,1,0.47920257813085515,14,-0.0069744816675251465,0.012907047277245821,0.06804752263689302,,5e-05,0.0,0.0,0.0,0.5,0,0,0,0,0
p_309,LABUSDT,1761897600000,1,train,main,27.5661,16.977818182823615,15.23111794973885,4,0.00606342738837628,1,0.4624374950392889,8,-0.0018621549174209682,0.010316876199267664,0.06270672919018655,,0.00069185,-0.00097162,0.0,0.0,0.5,0,0,0,0,0
p_310,LABUSDT,1762012800000,1,test,main,49.3862,5.134581488507685,5.164864779442783,4,-0.05774460100855739,0,0.3356615604413049,16,0.003396432471787378,0.02273599127289144,0.05742183926254545,,5.98e-05,-0.00018108000000000002,0.0,0.0,0.5,0,0,0,0,0
p_311,LABUSDT,1762232400000,1,test,main,19.4805,1.8235439147884316,1.887758160106962,1,-0.026146289185670746,0,0.28720533375664736,5,-0.003682635960603958,0.05510475324736243,0.07784293853343303,-0.061798195744113195,5e-05,0.0,0.0,0.0,0.5,0,1,0,0,0
p_312,LABUSDT,1762480800000,1,test,main,57.4445,0.8425429620743295,0.801149180060332,0,-0.049045865242003744,0,0.4013136288998358,2,0.0006585530564058867,-0.051699049356283555,-0.04301591205893507,-0.07665222298967493,0.00011791,6.790999999999999e-05,0.0,0.0,0.5,0,1,0,0,0
p_313,LABUSDT,1765123200000,1,test,main,39.2908,0.43854028109235327,0.5629460881410517,0,-0.03588892187983687,1,0.8848710449348577,16,0.014939759036144579,-0.00349127952990834,-0.01735488004364479,0.041855844570882206,5e-05,0.0,0.0,0.0,0.5,0,1,0,0,0
p_314,LABUSDT,1766210400000,1,test,main,39.5586,1.131240227233498,0.8562919756142903,0,-0.03529962452750974,1,0.9456666666666667,6,-8.044678558445519e-05,0.0024450478374868777,0.006579806024832968,-0.04928349833322916,5e-05,0.0,0.0,0.0,0.5,0,1,0,0,0
p_315,LABUSDT,1766350800000,1,test,main,28.4109,1.9239039557996955,2.604063146736269,3,-0.10610401343285819,0,0.788058062942181,21,-0.002855908882260931,-0.027129396349627823,-0.024408813336670675,0.0054607327919178154,0.00017134,-0.00029256,0.0,0.0,0.5,0,1,0,0,0
p_316,LABUSDT,1767794400000,1,test,main,22.0069,0.13642228092207334,0.2056985493163323,0,-0.15529231973786983,1,0.8493689219946202,14,0.0004458780208235911,-0.00023655930421604543,0.0003775407296653799,0.02248142096446263,5e-05,0.0,0.0,0.0,0.5,0,0,0,0,0
p_317,LABUSDT,1768669200000,1,test,main,43.5595,0.18047162057225574,0.2931750759671413,0,-0.1814050212404555,0,0.9313250738947235,17,-0.00276251190737885,-8.733920141548387e-05,0.007693239611431567,0.05931498918419321,7.319e-05,2.3189999999999993e-05,0.0,0.0,0.5,0,0,0,0,0
p_318,LABUSDT,1768856400000,1,test,main,23.5765,9.375361165743675,6.083027784853023,2,0.011657152993243491,1,0.6978923787317698,21,0.00044269562956258116,0.015971352098051554,-0.004466834406170535,-0.03475820550283464,5e-05,-0.00031705,0.0,0.0,0.5,0,0,0,0,0
p_319,LABUSDT,1768892400000,1,test,main,21.2637,4.847210588184836,6.5111637159246705,4,-0.07836630044293662,0,0.802861975952087,7,-0.00759470728823318,-0.011702171810748134,-0.06934674093204332,-0.05106773417760935,5e-05,0.0,0.0,0.0,0.5,0,0,0,0,0
p_320,LABUSDT,1772751600000,1,test,main,19.3181,5.88856889987778,27.404326875798997,4,0.12777778791769404,1,0.7131628693662322,23,0.0010014106951224421,-0.019557314707788768,0.11915620394176227,-0.10181999549720089,5e-05,0.0,0.0,0.0,0.5,0,1,0,0,0
p_321,LABUSDT,1773133200000,1,test,main,16.8131,1.0038333575354454,0.7185900492052497,0,-0.1879459809883236,0,0.7156999303551885,9,0.00392470589572669,0.0023250816106196157,0.008883622618062638,-0.08277096014069829,5e-05,0.0,0.0,0.0,0.5,0,1,0,0,0
p_322,LABUSDT,1774083600000,1,test,main,25.8339,1.7109451977154815,0.678862209530453,0,0.22793286803870277,0,0.881336785125912,9,-0.0017542047864326407,0.00341372312807838,-0.00585572343082137,-0.023255994287958312,5e-05,0.0,0.0,0.0,0.5,0,1,0,0,0
p_323,LABUSDT,1774612800000,1,test,main,17.1885,0.7054264206105704,0.7176674567550492,0,-0.03205326408820588,0,0.8068936170212767,12,0.0031118146634485605,-0.00778134979588391,-0.015687059715946392,0.10305966131159036,5e-05,0.0,0.0,0.0,0.5,0,1,0,0,0
p_324,LABUSDT,1775523600000,1,test,main,40.1005,6.768778391799783,5.580689142290531,4,0.013810075048672349,1,0.9514869034333356,1,-0.0011508633654906224,0.0010968990865388667,0.007533173113959923,0.07563788080530673,0.00041083,0.00014856,0.0,0.0,0.5,0,1,0,0,0
p_325,LABUSDT,1775948400000,1,test,main,40.6085,4.057220504001428,4.253904637995639,4,-0.036601148088784834,0,0.7851145581329159,23,-0.0007004184796012545,-0.008432305750592764,-0.005227441923441562,0.07602157190981217,5e-05,0.0,0.0,0.0,0.5,0,1,0,0,0
p_326,LABUSDT,1776222000000,1,test,main,23.3227,9.360513222866079,4.631871512194599,3,-0.05744160783362583,0,0.5707964601769911,3,-0.003866254158938891,0.015145849613864117,0.033114809101046354,0.09390956799104216,9.268e-05,-0.00015036999999999999,0.0,57.65741,0.0,0,1,0,1,0
p_327,LABUSDT,1776916800000,1,test,main,53.8423,0.5482464188423477,0.4537152203124385,0,-0.027251060181261836,0,0.8504986282280189,4,-0.002481462843527951,-0.0019422247886149771,-0.006489007191715273,-0.10677532902306193,5e-05,0.0,0.0,0.0,0.5,0,0,0,0,0
p_328,LABUSDT,1777017600000,1,test,main,28.3463,5.681155985233797,23.962834426736887,4,-0.011079583178369466,1,0.7360416666666667,8,-0.0015615774762386073,-0.010861510739862721,-0.09885761310064432,-0.01187591719885036,0.00019344,-0.0007237,0.0,0.0,0.5,0,0,0,0,0
p_329,LABUSDT,1777150800000,1,test,main,32.7905,8.654279830289903,8.599325670469517,3,0.017316354114345612,0,0.9046875000000001,21,0.001986139720724171,0.0023953631270016923,0.004232740316741766,-0.008540956889838004,0.00035517,-1.9650000000000017e-05,0.0,0.0,0.5,0,0,0,0,0
p_330,LABUSDT,1777651200000,1,test,main,372.6756,0.24403641993724656,0.2665427121752612,0,-0.14515808969978586,0,0.7121661721068249,16,0.0010534662871634177,-0.0006832514016985386,-0.00279046138800548,0.0729231710529443,0.000223,0.00013482000000000001,0.0,0.0,0.5,0,0,0,0,0
p_331,LABUSDT,1777773600000,1,test,main,204.5877,43.97843150281214,38.90686444267601,4,-0.012452185787760259,0,0.33772036326550436,2,-0.0038203870323400948,0.03809024006129432,-0.11208389630772389,0.053887073071942806,0.00045706,-0.00139198,0.0,502.54499999999996,0.0,0,0,0,0,0
p_332,LABUSDT,1777849200000,1,test,main,19.2748,17.70508816384791,15.211989912283574,4,-0.008027939771288996,0,0.5771210723131466,23,0.0044025915514406995,-0.01663487772095343,-0.07303194306212507,-0.0030890665189596857,0.00274746,0.0019089000000000003,20926.78098,59054.39098999999,0.26164634081442806,0,0,0,0,0
p_333,LABUSDT,1778072400000,1,test,main,99.9021,8.244126341863582,5.195756551574301,4,0.028671745819034793,1,0.8021465688893206,13,-0.0036054865467100143,-0.007009079619948814,-0.024250265530128712,-0.02231499260676559,0.00072876,-0.00060997,180402.10404,59059.90024,0.7533642115057971,0,0,0,0,0
p_334,LABUSDT,1778756400000,1,test,main,15.5267,0.5023694120030263,0.8193364348774852,0,0.0386577779306046,1,0.696036036036036,11,-0.0008153788747770797,-0.0018275449072553617,0.00870522944222647,0.02523850614585376,0.00016607,-9.767e-05,0.0,0.0,0.5,0,0,0,0,0
p_335,LABUSDT,1761843600000,1,train,fast,63.0551,3.414094876541449,1.6495015787974954,1,0.0037632947073772687,0,0.5058832346548753,17,0.003988089599203442,0.018916560742736517,0.06516610246814053,,5e-05,0.0,0.0,0.0,0.5,0,0,0,0,0
p_336,LABUSDT,1761854400000,1,train,fast,29.211,31.72467356678798,16.551762951606083,3,0.006889270185314949,0,0.9588173574158735,20,-0.0027960450850564337,0.1315692047186808,0.7436571677235891,,0.00166347,0.00161347,0.0,0.0,0.5,0,0,0,0,0
p_337,LABUSDT,1761861600000,1,train,fast,44.7006,25.70107161608266,27.387825179781643,4,0.04429457474928726,0,0.9763858695652174,22,0.0037834648161040644,0.08362150989840043,0.7674585167833797,,0.00166347,0.00161347,0.0,0.0,0.5,0,0,0,0,0
p_338,LABUSDT,1761901200000,1,train,fast,15.5986,18.09156211803686,17.47774994385111,4,-0.009220338974529915,0,0.40461544567029134,9,0.005602371478636621,0.19329259923768263,0.2275702140465007,,5e-05,-0.0027258,0.0,0.0,0.5,0,0,0,0,0
p_339,LABUSDT,1762041600000,1,test,fast,15.2868,2.1833216228419254,3.2699173934528805,4,-0.0005550436679540642,1,0.337824430510358,0,2.907927737993066e-05,-0.01511999642261641,-0.06413214466273413,,5e-05,-4.9500000000000004e-05,0.0,0.0,0.5,0,0,0,0,0
p_340,LABUSDT,1762095600000,1,test,fast,21.941,2.816852271634201,2.128228614441978,2,-0.0028267327325693942,1,0.36336217160092077,15,-0.0012876313193923151,-0.03371034711780331,-0.02837045493797307,,5e-05,-0.00022134000000000002,0.0,0.0,0.5,0,0,0,0,0
p_341,LABUSDT,1762513200000,1,test,fast,22.8958,2.0042027880113875,2.0812760586742973,2,0.02490456915440664,0,0.6465085687141447,11,-0.0024047199065843857,-0.03596337477545375,0.005017849108891221,-0.08408796495517709,0.00026301,0.0001451,0.0,0.0,0.5,0,1,0,0,0
p_342,LABUSDT,1762520400000,1,test,fast,15.0694,9.900505525579185,4.895025073217319,3,0.008399958103381974,0,0.9245260234271223,13,-0.007574044202847406,0.3438599734418697,0.4406387757457351,-0.0163690184918252,0.00058051,0.00032001,0.0,0.0,0.5,0,1,0,0,0
p_343,LABUSDT,1764370800000,1,test,fast,10.5134,0.3242963195568661,0.308332291390381,0,0.07256260684824316,0,0.9792147806004619,23,0.0026609623501900994,0.049535658591282075,0.05776850118876146,-0.10936009685208187,0.00047759,0.00013207000000000003,0.0,0.0,0.5,0,1,0,0,0
p_344,LABUSDT,1768867200000,1,test,fast,10.1626,3.757729012561259,6.250530789279355,4,-0.08019096429680682,0,0.6773190691720385,0,0.0006646629510386574,-0.024509692577073,-0.011598350997838432,-0.03715035313176527,5e-05,-0.00031705,0.0,0.0,0.5,0,0,0,0,0
p_345,LABUSDT,1775660400000,1,test,fast,19.5036,13.125190742330796,11.258739487798499,4,0.049597145184991934,0,0.8741166723524537,15,-0.009435016880184189,-0.002076464233343381,-0.033102178630721076,-0.01546593581985252,8.299e-05,-0.00028568999999999996,0.0,0.0,0.5,0,1,0,0,0
p_346,LABUSDT,1775671200000,1,test,fast,11.7144,48.79936695188615,45.50691492477748,4,0.003341632284844776,0,0.9899597419605181,18,0.004004980373360395,0.061573206449403325,0.10749599948509996,0.012014045157084253,5e-05,-3.626e-05,0.0,0.0,0.5,0,1,0,0,0
p_347,LABUSDT,1776128400000,1,test,fast,17.9223,1.6422593002283168,1.723747323136276,1,-0.03458841299193279,1,0.8909628058480419,1,-0.0034563420044364567,-0.0005530598645591403,-0.005070895812198645,0.08798611965544337,5e-05,-0.00044523999999999996,0.0,0.0,0.5,0,1,0,1,0
p_348,LABUSDT,1776222000000,1,test,fast,11.2474,9.360513222866079,4.631871512194599,3,-0.05744160783362583,0,0.5707964601769911,3,-0.003866254158938891,0.015145849613864117,0.033114809101046354,0.09390956799104216,9.268e-05,-0.00015036999999999999,0.0,57.65741,0.0,0,1,0,1,0
p_349,LABUSDT,1777017600000,1,test,fast,28.3463,5.681155985233797,23.962834426736887,4,-0.011079583178369466,1,0.7360416666666667,8,-0.0015615774762386073,-0.010861510739862721,-0.09885761310064432,-0.01187591719885036,0.00019344,-0.0007237,0.0,0.0,0.5,0,0,0,0,0
p_350,LABUSDT,1777150800000,1,test,fast,10.675,8.654279830289903,8.599325670469517,3,0.017316354114345612,0,0.9046875000000001,21,0.001986139720724171,0.0023953631270016923,0.004232740316741766,-0.008540956889838004,0.00035517,-1.9650000000000017e-05,0.0,0.0,0.5,0,0,0,0,0
p_351,LABUSDT,1777176000000,1,test,fast,14.4043,3.778729611868957,4.338156171621416,4,-0.041746388174994466,0,0.8400000000000001,4,-0.0016881754153647568,0.00981915514343544,0.025642194236959102,0.000147657107766562,0.00043478,0.00033481,0.0,0.0,0.5,0,0,0,0,0
p_352,LABUSDT,1777658400000,1,test,fast,13.9922,0.17281894620434443,0.23118451233289128,0,0.017039849038831285,0,0.7043896449401412,18,0.0042698854115233555,-0.0028314640993594205,-0.00265708334564587,0.07524146721861921,0.000223,0.00013482000000000001,0.0,0.0,0.5,0,0,0,0,0
p_353,LABUSDT,1777672800000,1,test,fast,25.3424,9.7628338457789,8.430247171525355,3,0.13216033431313745,1,0.9171185920392919,22,0.004183036092818254,-0.023249813972168524,0.04778937893597912,0.04341504943250547,0.00084917,0.0005358299999999999,708.3143600000001,1249.60466,0.361768976533054,0,0,0,0,0
p_354,LABUSDT,1777690800000,1,test,fast,23.1586,20.757796222977003,23.15449829762389,4,0.03682671308296232,0,0.9120289855072464,3,0.00029886660587150494,-0.002779179010787731,0.07536903028733219,0.05018781033177021,0.00122448,0.00100148,15058.164440000002,4486.220780000001,0.7704598671433677,0,0,0,0,0
p_355,LABUSDT,1777708800000,1,test,fast,19.6613,54.37728585663779,49.74908056021041,4,-0.01801707369800972,1,0.765420168067227,8,-0.0012353359743376784,-0.03177412943930228,-0.05374761804276142,0.04312307059854772,0.00140267,0.00017818999999999995,155633.69400000002,151426.11712,0.5068513962551023,0,0,0,0,0
p_356,LABUSDT,1777726800000,1,test,fast,18.172,15.99870123864542,19.356255531543802,4,0.022182215562586795,0,0.9023109243697479,13,0.0008194024251751153,-0.0035057466699271885,0.017767187626763093,0.061176868509046925,0.00150793,-0.00018829999999999997,3241.3244999999997,13258.344550000002,0.19644784935853,0,0,0,0,0
p_357,LABUSDT,1777734000000,1,test,fast,16.1795,34.16896313893037,20.351758663401665,4,0.051808599747938305,0,0.9520279720279721,15,0.0006242659449521802,-0.018889176347356398,-0.006053030052276007,0.058627091027688594,0.00150793,-0.00018829999999999997,670317.50202,21288.62416,0.9692185720251134,1,0,0,0,0
p_358,LABUSDT,1777752000000,1,test,fast,27.5323,53.9364639054176,56.25686278187411,4,0.007319208385244615,0,0.6216497829232996,20,0.00014917361641467064,-0.007529997026224038,-0.10781394007230671,0.058142692582856245,0.00371375,0.00220582,69507.57044,80570.54900000001,0.4631425999963209,1,0,0,0,0
p_359,LABUSDT,1777773600000,1,test,fast,44.3242,43.97843150281214,38.90686444267601,4,-0.012452185787760259,0,0.33772036326550436,2,-0.0038203870323400948,0.03809024006129432,-0.11208389630772389,0.053887073071942806,0.00045706,-0.00139198,0.0,502.54499999999996,0.0,0,0,0,0,0
p_360,LABUSDT,1777795200000,1,test,fast,27.8448,20.206731861527505,25.933587049035104,4,0.019610059615082533,1,0.24270312272352002,8,0.0008639088039464507,0.02241175330712035,0.1020754153911251,0.03154196538855948,0.00243796,-0.0012757900000000002,1817.8078500000001,27789.75254,0.06139674549524747,0,0,0,0,0
p_361,LABUSDT,1777809600000,1,test,fast,17.3521,15.435169180201301,28.090062409757472,4,-0.008234601922650197,0,0.33150405516973436,12,0.0032040566853900354,0.008612454252466432,-0.06600923998427269,-0.01058309935696666,0.00091978,0.00046272,0.0,0.0,0.5,0,0,0,0,0
p_362,LABUSDT,1777824000000,1,test,fast,21.507,10.937498020553894,20.11690782777999,4,-0.018658398685458023,1,0.35627215773881793,16,-0.0009580613108414514,0.003976152130988904,-0.023531196833223772,-0.0005962134376713939,0.00159657,0.00067679,0.0,0.0,0.5,0,0,0,0,0
p_363,LABUSDT,1777838400000,1,test,fast,10.3379,21.31435145138659,27.476358589331724,4,-0.014445615023658863,0,0.5519158855810791,20,0.0002846009297811842,-0.020729162815101336,-0.09789714854502479,-0.007985347369183427,0.00274746,0.0019089000000000003,0.0,36.26592,0.0,0,0,0,0,0
p_364,LABUSDT,1777849200000,1,test,fast,18.0692,17.70508816384791,15.211989912283574,4,-0.008027939771288996,0,0.5771210723131466,23,0.0044025915514406995,-0.01663487772095343,-0.07303194306212507,-0.0030890665189596857,0.00274746,0.0019089000000000003,20926.78098,59054.39098999999,0.26164634081442806,0,0,0,0,0
p_365,LABUSDT,1777892400000,1,test,fast,15.3022,16.00553189328621,14.009987407204298,4,-0.014903732813000801,0,0.3745811276771405,11,-0.011344597312534732,-0.0030515047045390274,-0.006163076248076401,-0.021750057795137924,0.00092282,-0.0016977,0.0,0.0,0.5,0,0,0,0,0
p_366,LABUSDT,1777935600000,1,test,fast,13.3165,7.923181325887573,5.718665125114055,4,0.00741069997204787,1,0.38480404060026224,23,-0.0023062471873133965,-0.013598984862058058,-0.060558685826732045,-0.029559930270924434,0.00070657,1.8279999999999967e-05,16524.48017,1979.81308,0.8930079061517251,0,0,0,0,0
p_367,LABUSDT,1777964400000,1,test,fast,15.2055,6.112118869278709,5.0051314380829135,4,0.042931724955144496,0,0.4650575494147929,7,0.0001297512113202371,0.035039277285146435,0.062376127246794005,-0.015816598200836005,0.00064868,-5.789e-05,0.0,0.0,0.5,0,0,0,0,0
p_368,LABUSDT,1778047200000,1,test,fast,11.4599,3.064800285771384,2.6088145445586255,4,0.06799171164206455,0,0.6831139818367249,6,-8.980735706793631e-05,0.017929452677241935,0.021392817823538326,-0.024672894995314238,0.00133873,-0.00012063000000000004,23310.337620000002,3319.2403999999997,0.8753551258864447,0,0,0,0,0
p_369,LABUSDT,1778072400000,1,test,fast,57.4115,8.244126341863582,5.195756551574301,4,0.028671745819034793,1,0.8021465688893206,13,-0.0036054865467100143,-0.007009079619948814,-0.024250265530128712,-0.02231499260676559,0.00072876,-0.00060997,180402.10404,59059.90024,0.7533642115057971,0,0,0,0,0
p_370,LABUSDT,1778079600000,1,test,fast,10.8793,36.582824516967875,21.22062378737367,4,0.01616471787987125,0,0.8984022145597592,15,-0.0018316342220332732,-0.00525631993597262,-0.0538453376779703,-0.017814459028861206,0.00072876,-0.00060997,410361.53275,44681.0689,0.9018090421908083,0,0,0,0,0
p_371,LABUSDT,1778155200000,1,test,fast,14.6073,23.34358080134205,7.565727435836139,3,-0.012154341967794259,0,0.6855555555555555,12,0.00034529702970289823,-0.040913353358676456,-0.026533587859252073,-0.014229455607847847,0.00017514,-0.00047299999999999995,167560.3891,403756.5573,0.29328797291212294,0,0,0,0,0
p_372,LABUSDT,1778518800000,1,test,fast,37.0383,1.4485806217398918,1.3941237104681092,1,-0.014456246291208842,0,0.9091804863538335,17,0.001515907197979553,-0.0068610565178011855,-0.0585341194136819,0.06033024229377649,5e-05,0.0,2583.4704,1130.3456,0.6956376944899801,1,0,0,0,0
p_373,LABUSDT,1778821200000,1,test,fast,24.704,0.5406888913947708,0.7807947985225075,0,0.017223556361756924,1,0.7107078507078507,5,-0.004202525958774517,-0.002471000435912016,0.003085119624610698,0.037961769980153895,3.597e-05,0.00031622000000000003,0.0,0.0,0.5,0,0,0,0,0
p_374,LABUSDT,1778875200000,1,test,fast,11.3652,0.3572267166955452,0.6097463138711956,0,0.03954915896953418,1,0.5145431145431146,20,-0.0017288986032518439,-0.0008067266258505561,-0.001830902320604426,0.06264464471733427,5e-05,0.0,0.0,0.0,0.5,0,0,0,0,0
c_1540,LABUSDT,1760796000000,0,train,control,,,,0,-0.11596372967687005,0,0.568545169013722,14,-0.00153643280302734,,,,0.00010388,-0.00013847000000000002,0.0,0.0,0.5,0,0,0,0,0
c_1541,LABUSDT,1761015600000,0,train,control,,,,0,-0.06847127110144414,1,0.4833303297891512,3,-0.0031410456066343017,,,,0.00023216,0.00014048,0.0,0.0,0.5,0,0,0,0,0
c_1542,LABUSDT,1761228000000,0,train,control,,,,0,-0.00219205553600412,1,0.5682362330407024,14,0.002886333440234572,,,,0.00023925,9.995999999999998e-05,0.0,0.0,0.5,0,0,0,0,0
c_1543,LABUSDT,1761465600000,0,train,control,,0.5397036068743868,0.3269745891954385,0,-0.24065977612045786,0,0.8200357520703367,8,0.0008828197891449913,,,,0.00025225,-0.00013939000000000003,0.0,0.0,0.5,0,0,0,0,0
c_1544,LABUSDT,1761656400000,0,train,control,,0.5685781652848266,0.46529339230348465,0,-0.07420445796030568,0,0.6174528473970304,13,0.0009755824402160456,0.009570778442968173,0.2411273396722245,,5e-05,-0.00013112,0.0,0.0,0.5,0,0,0,0,0
c_1545,LABUSDT,1760796000000,0,train,control,,,,0,-0.11596372967687005,0,0.568545169013722,14,-0.00153643280302734,,,,0.00010388,-0.00013847000000000002,0.0,0.0,0.5,0,0,0,0,0
c_1546,LABUSDT,1760972400000,0,train,control,,,,0,-0.0041488584311064995,1,0.5108256313878949,15,0.0004959571838632209,,,,0.00013557,8.557000000000001e-05,0.0,0.0,0.5,0,0,0,0,0
c_1547,LABUSDT,1761238800000,0,train,control,,,,0,0.06551471489681643,0,0.6036608912802821,17,0.0031752678677093365,,,,5.693e-05,-0.00030807999999999996,0.0,0.0,0.5,0,0,0,0,0
c_1548,LABUSDT,1761436800000,0,train,control,,0.22313090580875689,0.1917509219799665,0,-0.06266119169660724,1,0.9098172266608295,0,0.00019898321370436016,,,,0.00039164,0.00021285000000000002,0.0,0.0,0.5,0,0,0,0,0
c_1549,LABUSDT,1761656400000,0,train,control,,0.5685781652848266,0.46529339230348465,0,-0.07420445796030568,0,0.6174528473970304,13,0.0009755824402160456,0.009570778442968173,0.2411273396722245,,5e-05,-0.00013112,0.0,0.0,0.5,0,0,0,0,0
c_1550,LABUSDT,1762700400000,0,test,control,,0.5108531298925645,0.47532531090998453,0,-0.10214005419128618,0,0.6957949038611849,15,0.001132410362186631,0.01774788033966491,0.004443724325602864,-0.019994926162973797,5e-05,0.0,0.0,0.0,0.5,0,0,0,0,0
c_1551,LABUSDT,1765497600000,0,test,control,,0.7729055370277335,0.7414458716306248,0,-0.06909315301072214,1,0.7319553805774277,0,0.0016474339672506789,-0.015263800052340272,-0.027169227294716478,0.13472296013247212,5e-05,0.0,0.0,0.0,0.5,0,0,0,0,0
c_1552,LABUSDT,1769781600000,0,test,control,,0.771092703445099,0.4535903307974774,0,-0.1650116245244789,0,0.8589519140989728,14,-0.0005788323778773496,-0.0022969789865499965,-0.010221963776646291,-0.0011335024211828583,5e-05,0.0,0.0,0.0,0.5,0,0,0,0,0
c_1553,LABUSDT,1773630000000,0,test,control,,2.610768608247479,1.8360782982157908,2,0.04231654515410275,0,0.9708756466756083,3,-0.0033413957683903956,0.006087773151580049,-0.0022970459089946106,-0.06151227244972242,5e-05,0.0,0.0,0.0,0.5,0,0,0,0,0
c_1554,LABUSDT,1779814800000,0,test,control,,0.1839955180857135,0.25518795141254375,0,-0.006260147885616834,0,0.9050216175478957,17,0.0007374650554015228,-0.0004171217484554573,0.0047042901981192795,0.061929397183273824,5e-05,0.0,51.8353,0.0,1.0,0,0,0,0,0
c_1555,LABUSDT,1763132400000,0,test,control,,0.883053968659014,0.834801718235633,0,-0.10980929031876069,0,0.5608164787025818,15,0.013535485090695177,0.011580861581633855,-0.06810511208838742,-0.08928492180160147,5e-05,0.0,0.0,0.0,0.5,0,0,0,0,0
c_1556,LABUSDT,1765630800000,0,test,control,,1.4749712309586949,3.128408641519338,2,0.03565524746093622,1,0.6923228346456693,13,0.00012624808413004806,-0.013331846689471174,0.037116879482620956,0.12476510819677238,5e-05,0.0,0.0,0.0,0.5,0,0,0,0,0
c_1557,LABUSDT,1769533200000,0,test,control,,0.5907224001176252,0.4894234163958616,0,0.09141505580121509,0,0.8507186166629238,17,0.0068727194628186595,-0.01571308872360894,0.010464432187208628,-0.017289198504894174,5e-05,0.0,0.0,0.0,0.5,0,0,0,0,0
c_1558,LABUSDT,1772517600000,0,test,control,,0.6010650723107811,0.637887241900335,0,0.4529670860695241,0,0.9299522534063118,6,-0.0026640036420776613,0.011602991386785829,-0.003271586623697494,-0.004748244608080016,5e-05,0.0,0.0,0.0,0.5,0,0,0,0,0
c_1559,LABUSDT,1779814800000,0,test,control,,0.1839955180857135,0.25518795141254375,0,-0.006260147885616834,0,0.9050216175478957,17,0.0007374650554015228,-0.0004171217484554573,0.0047042901981192795,0.061929397183273824,5e-05,0.0,51.8353,0.0,1.0,0,0,0,0,0
c_1560,LABUSDT,1762700400000,0,test,control,,0.5108531298925645,0.47532531090998453,0,-0.10214005419128618,0,0.6957949038611849,15,0.001132410362186631,0.01774788033966491,0.004443724325602864,-0.019994926162973797,5e-05,0.0,0.0,0.0,0.5,0,0,0,0,0
c_1561,LABUSDT,1766959200000,0,test,control,,0.5486022438459935,0.7073903799652861,0,-0.00016642214840547132,0,0.6128395896742194,22,0.0008905075778880765,-0.02367880220153448,-0.025982921182851816,0.07379531574017731,5e-05,-0.00020326,0.0,0.0,0.5,0,0,0,0,0
c_1562,LABUSDT,1770228000000,0,test,control,,0.2634056071894505,0.6749148329665593,0,0.022678651356428874,1,0.780235294117647,18,-0.014466961286036762,-0.001286566239215566,0.0029415136954374244,0.034270924083570756,5e-05,0.0,0.0,0.0,0.5,0,0,0,0,0
c_1563,LABUSDT,1772031600000,0,test,control,,1.7034065115114831,2.6268005358940956,3,0.12657492548364885,0,0.9176398279041179,15,0.010986338818447416,-0.016236889752574906,-0.05764272210771734,0.05262880200490186,5e-05,0.0,0.0,0.0,0.5,0,0,0,0,0
c_1564,LABUSDT,1779580800000,0,test,control,,0.1776626109867966,0.16299958148733198,0,-0.06126609135912325,0,0.7957777532796826,0,0.0021187935156035307,-0.00701673076437445,-0.017869620792501064,0.017437283937811937,5e-05,0.0,0.0,0.0,0.5,0,0,0,0,0
c_1565,LABUSDT,1762700400000,0,test,control,,0.5108531298925645,0.47532531090998453,0,-0.10214005419128618,0,0.6957949038611849,15,0.001132410362186631,0.01774788033966491,0.004443724325602864,-0.019994926162973797,5e-05,0.0,0.0,0.0,0.5,0,0,0,0,0
c_1566,LABUSDT,1765944000000,0,test,control,,0.3730901575047241,0.2830696236653341,0,-0.36491066977674913,0,0.8366708385481851,4,-0.0031399830994353665,-0.009084276860301315,-0.007270351363173624,0.0426358467564853,5e-05,0.0,0.0,0.0,0.5,0,0,0,0,0
c_1567,LABUSDT,1769814000000,0,test,control,,0.2768563071228051,0.3126004533330246,0,-0.016016473523121584,0,0.8386437908496732,23,-0.0005840435041185406,0.003913027413673818,0.0027074781342730295,-0.026503157832883005,5e-05,0.0,0.0,0.0,0.5,0,0,0,0,0
c_1568,LABUSDT,1771963200000,0,test,control,,0.5362754556924271,0.39728663988360713,0,-0.011503006411550831,1,0.8164105716041794,20,0.0001599500583119354,-0.002773485548711508,-0.011715271983106235,-0.011864309725930569,5e-05,0.0,0.0,0.0,0.5,0,0,0,0,0
c_1569,LABUSDT,1779606000000,0,test,control,,0.16742097775661147,0.21287889075391772,0,0.018417869381250337,1,0.7842758975489657,7,0.0022883444212326537,0.00013351286552697812,0.007222401233471155,0.027368294667809046,5e-05,0.0,0.0,0.0,0.5,0,0,0,0,0
c_1570,LABUSDT,1762700400000,0,test,control,,0.5108531298925645,0.47532531090998453,0,-0.10214005419128618,0,0.6957949038611849,15,0.001132410362186631,0.01774788033966491,0.004443724325602864,-0.019994926162973797,5e-05,0.0,0.0,0.0,0.5,0,0,0,0,0
c_1571,LABUSDT,1766610000000,0,test,control,,0.8409815564314086,1.8148044004411177,1,0.05128159334097019,0,0.8390260399053094,21,-2.9707020225810703e-05,-0.027473050352955507,-0.02380396402454809,0.06039861045658318,6.504e-05,-0.00015508999999999998,0.0,0.0,0.5,0,0,0,0,0
c_1572,LABUSDT,1769659200000,0,test,control,,0.8154310799735031,0.8556699825225205,0,0.1400258249731755,0,0.9486436355205193,4,0.001653806885891911,0.009165272255696515,0.05162114107800208,-0.017342320866317686,5e-05,0.0,0.0,0.0,0.5,0,0,0,0,0
c_1573,LABUSDT,1773403200000,0,test,control,,2.1840925832354214,1.85976269762515,1,0.14287534853542294,0,0.994755540517679,12,-0.003193816175374102,0.03363178224072073,0.07600324524307245,-0.11355021183632633,5e-05,0.0,0.0,0.0,0.5,0,0,0,0,0
c_1574,LABUSDT,1779814800000,0,test,control,,0.1839955180857135,0.25518795141254375,0,-0.006260147885616834,0,0.9050216175478957,17,0.0007374650554015228,-0.0004171217484554573,0.0047042901981192795,0.061929397183273824,5e-05,0.0,51.8353,0.0,1.0,0,0,0,0,0
c_1575,LABUSDT,1762700400000,0,test,control,,0.5108531298925645,0.47532531090998453,0,-0.10214005419128618,0,0.6957949038611849,15,0.001132410362186631,0.01774788033966491,0.004443724325602864,-0.019994926162973797,5e-05,0.0,0.0,0.0,0.5,0,0,0,0,0
c_1576,LABUSDT,1765587600000,0,test,control,,0.3787624004678944,0.5152656879207972,0,0.13758319061417834,1,0.6853018372703412,1,0.0005242182166383133,-0.0030101481172255216,0.0068697460863662,0.12696829090153244,5e-05,0.00015364,0.0,0.0,0.5,0,0,0,0,0
c_1577,LABUSDT,1769533200000,0,test,control,,0.5907224001176252,0.4894234163958616,0,0.09141505580121509,0,0.8507186166629238,17,0.0068727194628186595,-0.01571308872360894,0.010464432187208628,-0.017289198504894174,5e-05,0.0,0.0,0.0,0.5,0,0,0,0,0
c_1578,LABUSDT,1772485200000,0,test,control,,0.957421744020083,1.0896898543929876,1,-0.2356087936668157,1,0.9722254570862933,21,0.0018250822592719826,-0.005420061168527134,-5.170129576372508e-05,-0.006539475877017857,5e-05,0.0,0.0,0.0,0.5,0,0,0,0,0
c_1579,LABUSDT,1779814800000,0,test,control,,0.1839955180857135,0.25518795141254375,0,-0.006260147885616834,0,0.9050216175478957,17,0.0007374650554015228,-0.0004171217484554573,0.0047042901981192795,0.061929397183273824,5e-05,0.0,51.8353,0.0,1.0,0,0,0,0,0
c_1580,LABUSDT,1762948800000,0,test,control,,0.3423932523424611,0.45910180954500523,0,-0.10111019504606288,1,0.5869939033922151,12,0.0012876162789034087,0.008394789050911693,0.033406610641818046,0.02469531829258939,5e-05,0.0,0.0,0.0,0.5,0,0,0,0,0
c_1581,LABUSDT,1766966400000,0,test,control,,0.58757879929034,0.5532621370580979,0,-0.006392281217616852,0,0.6100777815353399,0,0.0005895159482273314,-0.050078085233395714,-0.07835459691946302,0.07607806879258464,5e-05,-0.00020326,0.0,0.0,0.5,0,0,0,0,0
c_1582,LABUSDT,1770328800000,0,test,control,,1.319872420257188,0.7901304474412176,0,0.026603773812194084,1,0.7949469297388811,22,-0.008817130424825351,-0.010738502025837676,-0.005586419491493735,0.06844723833845333,5e-05,0.0,0.0,0.0,0.5,0,0,0,0,0
c_1583,LABUSDT,1773507600000,0,test,control,,6.316810098460452,4.0604503523537785,4,-0.0890105534080859,1,0.9815002021835827,17,0.001163637806748125,0.042370625078161195,0.08679364695087416,-0.056316407485669184,0.00016805,0.00011805,0.0,0.0,0.5,0,0,0,0,0
c_1584,LABUSDT,1779354000000,0,test,control,,0.3344825788382689,0.34477929011113334,0,-0.017407673643400744,0,0.6774494556765164,9,0.0005382407876043883,0.006534762320312778,0.010759637345786253,-0.019876503180523624,5e-05,0.0,0.0,0.0,0.5,0,0,0,0,0
c_1585,LABUSDT,1762804800000,0,test,control,,0.22159813841970444,0.29463741371981345,0,-0.22047253279285994,0,0.6308425824605284,20,0.003143144928003526,-0.01169701776827655,-0.03627913872057268,0.008596192524860206,5e-05,0.0,0.0,0.0,0.5,0,0,0,0,0
c_1586,LABUSDT,1766754000000,0,test,control,,2.774378551034939,1.6710574418805477,1,-0.0889417293536618,0,0.6518994476383723,13,0.0016055136570347804,-0.001376704733370946,0.019761143754707906,0.09067875997909948,5e-05,0.0,0.0,0.0,0.5,0,0,0,0,0
c_1587,LABUSDT,1769900400000,0,test,control,,0.5428741495605299,0.43984758595458695,0,-0.34143710810388417,0,0.7924253034547152,23,-0.0017622462697628979,-0.004406515963351276,-0.03319161432218671,-0.0059844926771896005,5e-05,0.0,0.0,0.0,0.5,0,0,0,0,0
c_1588,LABUSDT,1772193600000,0,test,control,,1.9524021084889407,1.4786020630347285,0,-0.34273146562707996,0,0.9521744517408004,12,-0.00722492343233431,0.012709581068805716,0.05405286302432693,0.024835376751707335,5e-05,0.0,0.0,0.0,0.5,0,0,0,0,0
c_1589,LABUSDT,1779552000000,0,test,control,,0.24217085184298276,0.21050211329042198,0,-0.13813880726851302,0,0.8265351118950502,16,-0.00017880699969801485,0.004145720912305931,0.003204332452801327,0.02311636614275185,5e-05,0.0,0.0,0.0,0.5,0,0,0,0,0
c_1590,LABUSDT,1762945200000,0,test,control,,0.4431891864493483,0.4666607344370159,0,-0.012441822055336652,0,0.5803892449585744,11,0.0035367177345097508,-0.0002643551220256937,0.01188484209812024,0.020993836077608623,5e-05,0.0,0.0,0.0,0.5,0,0,0,0,0
c_1591,LABUSDT,1766736000000,0,test,control,,2.9344426153497722,2.717308595078027,4,-0.12118074645895403,0,0.6406267613572314,8,-0.007318852781051805,0.0042462184680503836,0.04011492641621706,0.09126879505561178,5e-05,-0.00029971999999999996,0.0,0.0,0.5,0,0,0,0,0
c_1592,LABUSDT,1769738400000,0,test,control,,1.5104576354572814,0.5939100291127275,0,-0.09535242077029374,0,0.8658963585434174,2,-0.020469976496422147,-0.007311794057196903,-0.008244334497958465,-0.009151481089289194,5e-05,0.0,0.0,0.0,0.5,0,0,0,0,0
c_1593,LABUSDT,1772276400000,0,test,control,,8.56345986862114,8.749321581424187,4,-0.25610091763970283,0,0.9262839175497846,11,0.005392839516263372,-0.02736089579996836,0.033389143578499765,0.03443184375091691,5e-05,0.0,0.0,0.0,0.5,0,0,0,0,0
c_1594,LABUSDT,1779814800000,0,test,control,,0.1839955180857135,0.25518795141254375,0,-0.006260147885616834,0,0.9050216175478957,17,0.0007374650554015228,-0.0004171217484554573,0.0047042901981192795,0.061929397183273824,5e-05,0.0,51.8353,0.0,1.0,0,0,0,0,0
c_1595,LABUSDT,1762700400000,0,test,control,,0.5108531298925645,0.47532531090998453,0,-0.10214005419128618,0,0.6957949038611849,15,0.001132410362186631,0.01774788033966491,0.004443724325602864,-0.019994926162973797,5e-05,0.0,0.0,0.0,0.5,0,0,0,0,0
c_1596,LABUSDT,1765461600000,0,test,control,,8.589475766204716,4.323377664094967,4,-0.015389307413639945,1,0.7978346456692913,14,0.0006899938667210877,0.027686875861124373,-0.030639658156365254,0.13290907712120262,5e-05,0.00020126,0.0,0.0,0.5,0,0,0,0,0
c_1597,LABUSDT,1770260400000,0,test,control,,0.7731024513080379,0.579012891729538,0,-0.2262124951724433,0,0.7813529411764706,3,-0.013263028186524941,-0.01944245320990646,-0.013533360564930635,0.021027413240723988,5e-05,0.0,0.0,0.0,0.5,0,0,0,0,0
c_1598,LABUSDT,1772301600000,0,test,control,,1.1839915909020842,3.3325381294161343,2,0.16094538848190845,1,0.9001979736811458,18,0.005251038371317256,0.009373617943347198,-0.043015416801824566,0.023705717841765943,5e-05,0.0,0.0,0.0,0.5,0,0,0,0,0
c_1599,LABUSDT,1779814800000,0,test,control,,0.1839955180857135,0.25518795141254375,0,-0.006260147885616834,0,0.9050216175478957,17,0.0007374650554015228,-0.0004171217484554573,0.0047042901981192795,0.061929397183273824,5e-05,0.0,51.8353,0.0,1.0,0,0,0,0,0
c_1600,LABUSDT,1762977600000,0,test,control,,0.33864741060134607,0.5648494111884095,0,-0.013813546649569734,0,0.5577614506800063,20,-0.0024454743944446905,0.020189977427528212,0.028085238079758195,0.03907795940918358,5e-05,0.0,0.0,0.0,0.5,0,0,0,0,0
c_1601,LABUSDT,1766628000000,0,test,control,,0.5331063718908265,0.8009258960904191,0,0.025186404107168985,0,0.8239770037199864,2,0.0015777465757416131,0.0007694567528772812,-0.044967613749074535,0.06194083714029731,5e-05,-0.00015344,0.0,0.0,0.5,0,0,0,0,0
c_1602,LABUSDT,1769796000000,0,test,control,,0.46013566939127987,0.39214194771933036,0,0.14899040460727622,1,0.8438375350140056,18,-0.0024929254817409705,-0.015040789663356027,-0.011750924871383506,-0.018717332024864534,5e-05,0.0,0.0,0.0,0.5,0,0,0,0,0
c_1603,LABUSDT,1772082000000,0,test,control,,1.1315636548601273,0.9470197593415353,0,0.05192651509446076,1,0.9153632148377124,5,0.0050683776351971525,0.007971417694087329,0.0020087219288388424,0.012704090479977774,5e-05,0.0,0.0,0.0,0.5,0,0,0,0,0
c_1604,LABUSDT,1779595200000,0,test,control,,0.2122814640563816,0.24584653719639002,0,-0.10421632983305586,0,0.7842942711204205,4,-0.0011355645266310339,0.00044644067082039683,-0.0060270702804654346,0.02014568714114255,5e-05,0.0,0.0,0.0,0.5,0,0,0,0,0
c_1605,LABUSDT,1762700400000,0,test,control,,0.5108531298925645,0.47532531090998453,0,-0.10214005419128618,0,0.6957949038611849,15,0.001132410362186631,0.01774788033966491,0.004443724325602864,-0.019994926162973797,5e-05,0.0,0.0,0.0,0.5,0,0,0,0,0
c_1606,LABUSDT,1765998000000,0,test,control,,0.21568092614536266,0.6463878473576251,0,-0.1640067245774385,0,0.8309605757196495,19,-0.006766565640896219,0.0005891475732559846,-0.023916114275736092,0.02506095264596625,5e-05,0.0,0.0,0.0,0.5,0,0,0,0,0
c_1607,LABUSDT,1769767200000,0,test,control,,0.3318647199443794,0.38442074535462917,0,-0.13103708150666155,0,0.8504901960784313,10,-0.0036889427330370106,-0.002099958238609076,-0.01796294759033426,-0.00025695993131248825,5e-05,0.0,0.0,0.0,0.5,0,0,0,0,0
c_1608,LABUSDT,1772244000000,0,test,control,,1.6148668388221978,1.3995840961173984,0,-0.04035260233632538,0,0.9853703703703703,2,-0.0024140332563048726,-0.01088079654737033,-0.02627846921665972,0.04432114769520291,5e-05,0.0,0.0,0.0,0.5,0,0,0,0,0
c_1609,LABUSDT,1779652800000,0,test,control,,0.18476934812415788,0.17830725377985884,0,-0.19346811539266626,0,0.849990089197225,20,0.001384531869026754,-0.0033798989781119245,-0.012732325295781263,0.024631286884744384,5e-05,0.0,0.0,93.1678,0.0,0,0,0,0,0
c_1610,LABUSDT,1762740000000,0,test,control,,0.6366432029579882,0.5035456975032163,0,-0.12545923213652393,0,0.6626152884164452,2,-0.0055049497496894645,-0.012412471851972215,0.0007089367531723529,-0.010384186090009174,5e-05,-0.00040372,0.0,0.0,0.5,0,0,0,0,0
c_1611,LABUSDT,1766001600000,0,test,control,,0.22632261953053898,0.352840660253539,0,-0.05666954859491337,0,0.8295525657071339,20,0.002174924035008482,-0.001024759376445716,-0.014573199002455007,0.01911164644840025,5e-05,0.0,0.0,0.0,0.5,0,0,0,0,0
c_1612,LABUSDT,1770206400000,0,test,control,,0.20563383854059245,0.30677307456896524,0,0.12834702684224808,1,0.7996470588235294,12,-0.0036608327607818483,-0.00648329433170857,-0.03647352450142601,0.031152368011069187,5e-05,0.0,0.0,0.0,0.5,0,0,0,0,0
c_1613,LABUSDT,1773558000000,0,test,control,,2.1042734716384017,2.658698384070023,3,0.162263501188307,0,0.9846923461730865,7,-0.0004674689217144735,0.015525764037489339,0.06454159679742011,-0.0563912679561237,0.00018409,-2.346999999999999e-05,0.0,0.0,0.5,0,0,0,0,0
c_1614,LABUSDT,1779328800000,0,test,control,,0.2802239493191607,0.30279284292610154,0,0.07514436117631464,1,0.6828149300155522,2,-0.0014243716403756748,-0.0021854411610998385,-0.0035027292014490562,0.013380926698497584,5e-05,0.0,17.9148,89.3844,0.1669611702603561,0,0,0,0,0
c_1615,LABUSDT,1763017200000,0,test,control,,0.2720384250496225,0.43200236030942046,0,0.02673279579157745,1,0.5690167265905893,7,0.004437546982225564,-0.004215000710367123,0.032001086221933484,0.051292439179578125,0.00017956,0.00012956,0.0,0.0,0.5,0,0,0,0,0
c_1616,LABUSDT,1766822400000,0,test,control,,4.402948283193675,2.583556242265191,2,-0.21599281487804753,0,0.618814113403224,8,0.0007331847900185214,0.009231937766251079,0.03409731109148164,0.061789808363766366,0.00035671,0.00030670999999999997,0.0,0.0,0.5,0,0,0,0,0
c_1617,LABUSDT,1769756400000,0,test,control,,0.6621431863028914,0.5348765818671645,0,-0.09275570210214014,0,0.859126984126984,7,-0.0037732206314442748,0.0020316631168275003,-0.0015547474849156,-0.009645446145861856,5e-05,0.0,0.0,0.0,0.5,0,0,0,0,0
c_1618,LABUSDT,1772352000000,0,test,control,,0.9978429596808598,0.624076222410167,0,-0.3715212312751037,0,0.9434028182135786,8,0.003345786596222585,0.0007883572017079934,-0.012296959803928847,0.027370897625773452,5e-05,0.0,0.0,0.0,0.5,0,0,0,0,0
c_1619,LABUSDT,1779814800000,0,test,control,,0.1839955180857135,0.25518795141254375,0,-0.006260147885616834,0,0.9050216175478957,17,0.0007374650554015228,-0.0004171217484554573,0.0047042901981192795,0.061929397183273824,5e-05,0.0,51.8353,0.0,1.0,0,0,0,0,0
c_1620,LABUSDT,1762700400000,0,test,control,,0.5108531298925645,0.47532531090998453,0,-0.10214005419128618,0,0.6957949038611849,15,0.001132410362186631,0.01774788033966491,0.004443724325602864,-0.019994926162973797,5e-05,0.0,0.0,0.0,0.5,0,0,0,0,0
c_1621,LABUSDT,1766682000000,0,test,control,,13.807443083577628,4.65911107774695,2,0.005456621757488909,1,0.672697553827077,17,-0.0033609202740807753,0.11122793895720574,0.11846236334510528,0.06061932997780675,5.389e-05,3.889999999999998e-06,0.0,0.0,0.5,0,0,0,0,0
c_1622,LABUSDT,1770076800000,0,test,control,,0.13912656524761535,0.09540995919431043,0,-0.2909502377476842,0,0.786064425770308,0,-0.0008341988516750902,-0.003288577084346603,-0.002152190756086712,-0.005938543438247054,5e-05,0.0,0.0,0.0,0.5,0,0,0,0,0
c_1623,LABUSDT,1772258400000,0,test,control,,1.8181412139101152,1.2772421605372692,0,-0.3133562732822725,0,0.9735802469135802,6,-0.001118356899073534,-0.012159985725939388,-0.01491960920692946,0.046403729877581054,5e-05,0.0,0.0,0.0,0.5,0,0,0,0,0
c_1624,LABUSDT,1779814800000,0,test,control,,0.1839955180857135,0.25518795141254375,0,-0.006260147885616834,0,0.9050216175478957,17,0.0007374650554015228,-0.0004171217484554573,0.0047042901981192795,0.061929397183273824,5e-05,0.0,51.8353,0.0,1.0,0,0,0,0,0
c_1625,LABUSDT,1762700400000,0,test,control,,0.5108531298925645,0.47532531090998453,0,-0.10214005419128618,0,0.6957949038611849,15,0.001132410362186631,0.01774788033966491,0.004443724325602864,-0.019994926162973797,5e-05,0.0,0.0,0.0,0.5,0,0,0,0,0
c_1626,LABUSDT,1765936800000,0,test,control,,0.30432123717561654,0.2586815023441997,0,0.028989853966197826,0,0.8511420525657071,2,0.00021371599544221597,-0.0014305287031051539,0.0163114947533295,0.044558603294511154,5e-05,0.0,0.0,0.0,0.5,0,0,0,0,0
c_1627,LABUSDT,1769860800000,0,test,control,,0.5597822055088089,0.39779076097462096,0,-0.04289506670094292,0,0.832282913165266,12,-0.0016566230635134736,0.002159310254045569,-0.005802739409079011,-0.030772797742854952,5e-05,0.0,0.0,0.0,0.5,0,0,0,0,0
c_1628,LABUSDT,1772377200000,0,test,control,,2.0617233868975893,1.2309312995382047,1,0.13824002280163636,0,0.9808431349714685,15,-0.0013391702823766956,0.02424879811694998,0.04964766044350281,0.029470397188966484,5e-05,0.0,0.0,0.0,0.5,0,0,0,0,0
c_1629,LABUSDT,1779354000000,0,test,control,,0.3344825788382689,0.34477929011113334,0,-0.017407673643400744,0,0.6774494556765164,9,0.0005382407876043883,0.006534762320312778,0.010759637345786253,-0.019876503180523624,5e-05,0.0,0.0,0.0,0.5,0,0,0,0,0
c_1630,LABUSDT,1763150400000,0,test,control,,0.34576648836123736,0.4634112671267315,0,0.018822595846566807,0,0.6504889532777979,20,0.00750758493389567,-0.00723327658921426,-0.0971638959181979,-0.029220016097468094,0.00038581,0.00033580999999999997,0.0,0.0,0.5,0,0,0,0,0
c_1631,LABUSDT,1765684800000,0,test,control,,1.2927673026930673,1.174127739887489,0,0.1813254859476987,0,0.7501312335958005,4,-0.0002504296641692912,0.05998214864191198,0.013305109631949882,0.1159333555544238,0.00024424,0.00019424,0.0,0.0,0.5,0,0,0,0,0
c_1632,LABUSDT,1770282000000,0,test,control,,1.766678860845441,1.4891277271426762,0,-0.32999353632785605,0,0.8355550095214694,9,0.004310192445567393,0.06662688891769385,0.04793493514524927,0.037875929950072385,0.00050759,0.00045759,0.0,0.0,0.5,0,0,0,0,0
c_1633,LABUSDT,1772082000000,0,test,control,,1.1315636548601273,0.9470197593415353,0,0.05192651509446076,1,0.9153632148377124,5,0.0050683776351971525,0.007971417694087329,0.0020087219288388424,0.012704090479977774,5e-05,0.0,0.0,0.0,0.5,0,0,0,0,0
c_1634,LABUSDT,1779814800000,0,test,control,,0.1839955180857135,0.25518795141254375,0,-0.006260147885616834,0,0.9050216175478957,17,0.0007374650554015228,-0.0004171217484554573,0.0047042901981192795,0.061929397183273824,5e-05,0.0,51.8353,0.0,1.0,0,0,0,0,0
c_1635,LABUSDT,1763157600000,0,test,control,,0.24142226592224292,0.3352710010645351,0,0.025405655232231258,0,0.6402959590210586,22,0.0072792532272733705,0.023350856546224284,0.030386470952753847,-0.025109765118943313,0.00038581,0.00033580999999999997,0.0,0.0,0.5,0,0,0,0,0
c_1636,LABUSDT,1766624400000,0,test,control,,1.0709242278698787,0.8265750018472846,0,0.029316756140872726,1,0.819693382933153,1,-0.00111152574597196,-0.0026082665958173604,-0.06494669171217403,0.06233822872584734,5e-05,-0.00015344,0.0,0.0,0.5,0,0,0,0,0
c_1637,LABUSDT,1769781600000,0,test,control,,0.771092703445099,0.4535903307974774,0,-0.1650116245244789,0,0.8589519140989728,14,-0.0005788323778773496,-0.0022969789865499965,-0.010221963776646291,-0.0011335024211828583,5e-05,0.0,0.0,0.0,0.5,0,0,0,0,0
c_1638,LABUSDT,1772334000000,0,test,control,,1.3673115850898674,1.135598730312247,1,0.043399935865599405,0,0.9705950855945034,3,0.004110732771171642,-0.010437898295661982,-0.016440956581571242,0.029020104017262238,5e-05,0.0,0.0,0.0,0.5,0,0,0,0,0
c_1639,LABUSDT,1779814800000,0,test,control,,0.1839955180857135,0.25518795141254375,0,-0.006260147885616834,0,0.9050216175478957,17,0.0007374650554015228,-0.0004171217484554573,0.0047042901981192795,0.061929397183273824,5e-05,0.0,51.8353,0.0,1.0,0,0,0,0,0
c_1640,LABUSDT,1762700400000,0,test,control,,0.5108531298925645,0.47532531090998453,0,-0.10214005419128618,0,0.6957949038611849,15,0.001132410362186631,0.01774788033966491,0.004443724325602864,-0.019994926162973797,5e-05,0.0,0.0,0.0,0.5,0,0,0,0,0
c_1641,LABUSDT,1765724400000,0,test,control,,0.4942403156041983,1.2966856620799718,0,-0.0017690606654191927,1,0.7190944881889764,15,-0.004207913874153797,-0.018490168895468763,-0.10187699858829846,0.11162262670573853,5e-05,-7.671000000000002e-05,0.0,0.0,0.5,0,0,0,0,0
c_1642,LABUSDT,1770228000000,0,test,control,,0.2634056071894505,0.6749148329665593,0,0.022678651356428874,1,0.780235294117647,18,-0.014466961286036762,-0.001286566239215566,0.0029415136954374244,0.034270924083570756,5e-05,0.0,0.0,0.0,0.5,0,0,0,0,0
c_1643,LABUSDT,1772013600000,0,test,control,,2.048458024473635,2.304461944123654,2,-0.06682362257980079,1,0.9256299938537185,10,0.0005084675886267502,-0.01878246035729536,0.18713462785937082,0.04912928456413475,5e-05,0.0,0.0,0.0,0.5,0,0,0,0,0
c_1644,LABUSDT,1779332400000,0,test,control,,0.40080147577501085,0.333509107125148,0,-0.09941250752917775,0,0.6655365474339036,3,0.0012516368299919194,-0.004437591926803107,-0.006024044317881924,-0.003571776836074146,5e-05,0.0,4.358,6978.9103000000005,0.0006240630909168991,0,0,0,0,0
c_1645,LABUSDT,1762700400000,0,test,control,,0.5108531298925645,0.47532531090998453,0,-0.10214005419128618,0,0.6957949038611849,15,0.001132410362186631,0.01774788033966491,0.004443724325602864,-0.019994926162973797,5e-05,0.0,0.0,0.0,0.5,0,0,0,0,0
c_1646,LABUSDT,1766660400000,0,test,control,,2.345823121606965,1.3645437829419074,1,-0.1466423814815285,0,0.7556081614248676,11,-0.0010985104381354108,0.007229622492331542,-0.020256324255379456,0.06610402019478882,5e-05,0.0,0.0,0.0,0.5,0,0,0,0,0
c_1647,LABUSDT,1769529600000,0,test,control,,0.1805127342836262,0.49003225881315415,0,-0.04143187050236154,0,0.8283179878733439,16,0.0032834694415023696,0.0006434884318721718,0.016506626625110935,-0.056760915604402704,5e-05,0.0,0.0,0.0,0.5,0,0,0,0,0
c_1648,LABUSDT,1771977600000,0,test,control,,0.3320819107790991,0.3073376162313615,0,-0.25622301068881503,0,0.8180086047940996,0,-0.0009439585095129174,-0.006259240415407177,-0.021130509996574356,-0.01657880159156919,5e-05,0.0,0.0,0.0,0.5,0,0,0,0,0
c_1649,LABUSDT,1779634800000,0,test,control,,0.22671446764553735,0.1804144967292944,0,0.10062730084614784,0,0.7975048689964355,15,-0.004387416140168084,-0.0038628192266773106,-0.008030495176337644,0.026478173472740604,5e-05,0.0,3136.7544,0.0,1.0,0,0,0,0,0
c_1650,LABUSDT,1762700400000,0,test,control,,0.5108531298925645,0.47532531090998453,0,-0.10214005419128618,0,0.6957949038611849,15,0.001132410362186631,0.01774788033966491,0.004443724325602864,-0.019994926162973797,5e-05,0.0,0.0,0.0,0.5,0,0,0,0,0
c_1651,LABUSDT,1765512000000,0,test,control,,0.8221892059330291,0.9292946850192959,0,-0.0412667888330337,0,0.7285433070866142,4,-0.0033271307576434772,-0.004985241892853908,-0.013127721783251728,0.1346866014280808,-0.00051354,-0.0005635400000000001,0.0,0.0,0.5,0,0,0,0,0
c_1652,LABUSDT,1770354000000,0,test,control,,0.2516395689210968,0.5028691085700503,0,-0.1624556594173279,1,0.809688351385474,5,0.011334916375757936,0.0035008008127777393,-0.024345506596848594,0.02977822355132708,5e-05,0.0,0.0,0.0,0.5,0,0,0,0,0
c_1653,LABUSDT,1772373600000,0,test,control,,0.7249676577031238,0.9695245496270029,0,-0.08014110192371897,0,0.9542913706766042,14,0.009604560695089526,-0.007706924070836817,0.030816128965815544,0.027200670833738602,5e-05,0.0,0.0,0.0,0.5,0,0,0,0,0
c_1654,LABUSDT,1779814800000,0,test,control,,0.1839955180857135,0.25518795141254375,0,-0.006260147885616834,0,0.9050216175478957,17,0.0007374650554015228,-0.0004171217484554573,0.0047042901981192795,0.061929397183273824,5e-05,0.0,51.8353,0.0,1.0,0,0,0,0,0
c_1655,LABUSDT,1762700400000,0,test,control,,0.5108531298925645,0.47532531090998453,0,-0.10214005419128618,0,0.6957949038611849,15,0.001132410362186631,0.01774788033966491,0.004443724325602864,-0.019994926162973797,5e-05,0.0,0.0,0.0,0.5,0,0,0,0,0
c_1656,LABUSDT,1766840400000,0,test,control,,0.44993126646315923,0.7503709260566863,0,-0.06122197826902766,1,0.629861345958742,13,-1.9443326135623394e-05,0.010434617250642963,0.0009954145835300936,0.05801229782473266,5e-05,-1.0359999999999996e-05,0.0,0.0,0.5,0,0,0,0,0
c_1657,LABUSDT,1770102000000,0,test,control,,0.18705042281635728,0.21608619351249278,0,-0.33351646187002526,1,0.7939425770308123,7,0.004531801250337376,-0.0019500541632674407,-0.01020578548876707,-0.01364053993429815,5e-05,0.0,0.0,0.0,0.5,0,0,0,0,0
c_1658,LABUSDT,1773482400000,0,test,control,,1.3140281382324819,2.6563593630039235,3,0.25001347205775964,0,0.9941686195432994,10,-0.0010758235932792736,0.006583428107098007,0.0037868944955650914,-0.0728740733372862,5e-05,0.0,0.0,0.0,0.5,0,0,0,0,0
c_1659,LABUSDT,1779750000000,0,test,control,,0.1200115232562395,0.11028450619375023,0,0.15194163285621665,0,0.8614691999524017,23,-0.003311318217551484,-0.0027530611395898143,-0.0006191738213925944,-0.001373020850158363,5e-05,0.0,304.72170000000006,444.6435,0.4066397799097156,0,0,0,0,0
c_1660,LABUSDT,1762866000000,0,test,control,,0.9519765786229197,0.5768284805633372,0,-0.08696096813857908,0,0.5564327028294513,13,-0.0071843748871800155,0.03568762575822311,0.023103200121073975,0.010404618050614926,5e-05,0.0,0.0,0.0,0.5,0,0,0,0,0
c_1661,LABUSDT,1765717200000,0,test,control,,1.994688562932601,1.4205766273862086,0,-0.02370108959319997,0,0.7261154855643044,13,0.0008364293536315488,-0.05968206092592761,-0.05628986955178846,0.11436668491509347,5e-05,-7.671000000000002e-05,0.0,0.0,0.5,0,0,0,0,0
c_1662,LABUSDT,1770238800000,0,test,control,,0.08054089619343961,0.3162039258152509,0,-0.20758335940837935,1,0.7895294117647058,21,-0.005499673186251476,-0.006614659003449668,-0.02572259976621937,0.020894108586128328,5e-05,0.0,0.0,0.0,0.5,0,0,0,0,0
c_1663,LABUSDT,1772474400000,0,test,control,,2.4296769608876607,1.7668150327963354,2,0.042219332353407184,0,0.9724001397461279,18,-0.003246603531059648,0.01689339839079717,0.0033419437857126004,-0.011580522339284638,5e-05,0.0,0.0,0.0,0.5,0,0,0,0,0
c_1664,LABUSDT,1779454800000,0,test,control,,0.298628271327138,0.4187808853524382,0,-0.05851186869934662,0,0.8403887847719841,13,0.001246853793794932,-0.0015920299567409252,0.00500298470170956,-0.01506967177002036,5e-05,0.0,70.869,0.0,1.0,0,0,0,0,0
c_1665,LABUSDT,1762700400000,0,test,control,,0.5108531298925645,0.47532531090998453,0,-0.10214005419128618,0,0.6957949038611849,15,0.001132410362186631,0.01774788033966491,0.004443724325602864,-0.019994926162973797,5e-05,0.0,0.0,0.0,0.5,0,0,0,0,0
c_1666,LABUSDT,1765893600000,0,test,control,,0.7011029332945268,0.47815158137779284,0,0.03408646215009161,1,0.855287859824781,14,-0.008621886397611802,-0.0003185955799618438,-0.004396168610499737,0.07410621812216689,5e-05,0.0,0.0,0.0,0.5,0,0,0,0,0
c_1667,LABUSDT,1770206400000,0,test,control,,0.20563383854059245,0.30677307456896524,0,0.12834702684224808,1,0.7996470588235294,12,-0.0036608327607818483,-0.00648329433170857,-0.03647352450142601,0.031152368011069187,5e-05,0.0,0.0,0.0,0.5,0,0,0,0,0
c_1668,LABUSDT,1773561600000,0,test,control,,5.60735338823247,2.9376630063503066,3,-0.013824708521728828,1,0.9795644391408115,8,7.841467922803299e-05,0.040553697016647024,0.08214500295650837,-0.07012762402229675,5e-05,-0.00022604000000000002,0.0,0.0,0.5,0,0,0,0,0
c_1669,LABUSDT,1779447600000,0,test,control,,0.42667344663326884,0.6071628511810826,0,0.14737246725559244,0,0.8656891926652703,11,0.00015788833412273733,0.0051911203962331735,0.006903828920786252,-0.02358473485271688,5e-05,0.0,0.0,0.0,0.5,0,0,0,0,0
c_1670,LABUSDT,1762700400000,0,test,control,,0.5108531298925645,0.47532531090998453,0,-0.10214005419128618,0,0.6957949038611849,15,0.001132410362186631,0.01774788033966491,0.004443724325602864,-0.019994926162973797,5e-05,0.0,0.0,0.0,0.5,0,0,0,0,0
c_1671,LABUSDT,1766728800000,0,test,control,,2.347280242849412,1.7300329367834708,2,0.0011054669446518754,1,0.6200541088941495,6,0.000322740255943111,0.023881410565272966,0.014407754570279957,0.08930382614070043,5e-05,-0.00029971999999999996,0.0,0.0,0.5,0,0,0,0,0
c_1672,LABUSDT,1770246000000,0,test,control,,0.4583655999933385,0.25186071072696437,0,0.20411416043067074,1,0.7871764705882353,23,-0.0035961238264845805,-0.006261986108201318,-0.003359850493724272,0.02866427912390121,5e-05,0.0,0.0,0.0,0.5,0,0,0,0,0
c_1673,LABUSDT,1772506800000,0,test,control,,1.1595000637976516,0.9444292780776432,0,-0.09707946095814134,0,0.9257598695702806,3,-0.003586779697517337,-0.0017213660179220304,-0.014563087797298726,-0.011533314818002419,5e-05,0.0,0.0,0.0,0.5,0,0,0,0,0
c_1674,LABUSDT,1779408000000,0,test,control,,0.1474330257365073,0.20703449387244308,0,0.029052638982162125,0,0.7481076394678049,0,-4.382030581429381e-05,-0.00038209450883608295,-0.010630397450805596,-0.07372836582154735,5e-05,0.0,0.0,0.0,0.5,0,0,0,0,0
c_1675,LABUSDT,1760821200000,0,train,control,,,,0,-0.012970784477341651,1,0.4791339494889684,21,-0.0006120179774441008,,,,-0.00205868,-0.00216256,0.0,0.0,0.5,0,0,0,0,0
c_1676,LABUSDT,1760979600000,0,train,control,,,,0,-0.024568736340471617,0,0.45977396184640734,17,-0.004004353654287827,,,,9.168e-05,4.168e-05,0.0,0.0,0.5,0,0,0,0,0
c_1677,LABUSDT,1761192000000,0,train,control,,,,0,-0.09776524568602243,0,0.5347681692969132,4,-0.0004410814801144497,,,,0.00013929,-0.0002178,0.0,0.0,0.5,0,0,0,0,0
c_1678,LABUSDT,1761436800000,0,train,control,,0.22313090580875689,0.1917509219799665,0,-0.06266119169660724,1,0.9098172266608295,0,0.00019898321370436016,,,,0.00039164,0.00021285000000000002,0.0,0.0,0.5,0,0,0,0,0
c_1679,LABUSDT,1761656400000,0,train,control,,0.5685781652848266,0.46529339230348465,0,-0.07420445796030568,0,0.6174528473970304,13,0.0009755824402160456,0.009570778442968173,0.2411273396722245,,5e-05,-0.00013112,0.0,0.0,0.5,0,0,0,0,0
c_1680,LABUSDT,1760835600000,0,train,control,,,,0,-0.08319541214359918,0,0.45181886054115283,1,-0.0026522276938876076,,,,-0.00015116,-0.00020116,0.0,0.0,0.5,0,0,0,0,0
c_1681,LABUSDT,1761026400000,0,train,control,,,,0,-0.02108216338263427,1,0.5033854233710063,6,-0.0022776337112063866,,,,0.00034813,0.00029812999999999997,0.0,0.0,0.5,0,0,0,0,0
c_1682,LABUSDT,1761238800000,0,train,control,,,,0,0.06551471489681643,0,0.6036608912802821,17,0.0031752678677093365,,,,5.693e-05,-0.00030807999999999996,0.0,0.0,0.5,0,0,0,0,0
c_1683,LABUSDT,1761462000000,0,train,control,,0.2775509679672747,0.32973884262677244,0,-0.05673561115831956,0,0.8565904199044179,7,0.00017928488637372112,,,,0.00025225,-0.00013939000000000003,0.0,0.0,0.5,0,0,0,0,0
c_1684,LABUSDT,1761642000000,0,train,control,,0.5053138399570509,0.5059103319619354,0,0.10670974295239428,0,0.6449965342380796,9,0.002118660775072378,0.013379665180836579,0.15272558900805444,,5e-05,0.0,0.0,0.0,0.5,0,0,0,0,0
c_1685,LABUSDT,1760796000000,0,train,control,,,,0,-0.11596372967687005,0,0.568545169013722,14,-0.00153643280302734,,,,0.00010388,-0.00013847000000000002,0.0,0.0,0.5,0,0,0,0,0
c_1686,LABUSDT,1761037200000,0,train,control,,,,0,-0.047296277878368466,1,0.5149447776948227,9,-0.003428068876134076,,,,0.00043569,0.00020353000000000002,0.0,0.0,0.5,0,0,0,0,0
c_1687,LABUSDT,1761184800000,0,train,control,,,,0,-0.03237360206367956,0,0.5416934840254357,2,0.0027083254108631674,,,,0.00012835,-2.6060000000000005e-05,0.0,0.0,0.5,0,0,0,0,0
c_1688,LABUSDT,1761408000000,0,train,control,,0.38371740212275224,0.29746630686527337,0,0.049480835100312225,0,0.9187917259494364,16,-0.0018440723428595012,,,,0.00017879,-0.00084865,0.0,0.0,0.5,0,0,0,0,0
c_1689,LABUSDT,1761616800000,0,train,control,,0.892767147628569,0.9192336558274774,0,0.0048082088050517245,0,0.6374083397176316,2,0.004002752770326259,-0.01521206202855134,-0.10662447718290766,,5e-05,-9.704e-05,0.0,0.0,0.5,0,0,0,0,0
c_1690,LABUSDT,1760803200000,0,train,control,,,,0,-0.06882732697392951,0,0.4781041629122364,16,-0.0007964224553741418,,,,0.00010388,-0.00013847000000000002,0.0,0.0,0.5,0,0,0,0,0
c_1691,LABUSDT,1760968800000,0,train,control,,,,0,-0.01171812986058282,0,0.49440053548901985,14,0.0027248177738627677,,,,0.00013557,8.557000000000001e-05,0.0,0.0,0.5,0,0,0,0,0
c_1692,LABUSDT,1761192000000,0,train,control,,,,0,-0.09776524568602243,0,0.5347681692969132,4,-0.0004410814801144497,,,,0.00013929,-0.0002178,0.0,0.0,0.5,0,0,0,0,0
c_1693,LABUSDT,1761415200000,0,train,control,,0.2158707269008436,0.3088329109425069,0,-0.17254084146488488,0,0.8892780270694246,18,-1.257597234718109e-05,,,,0.00017521,-0.00031581000000000003,0.0,0.0,0.5,0,0,0,0,0
c_1694,LABUSDT,1761634800000,0,train,control,,0.35021848878673334,0.5958833773811845,0,-0.04632164662122238,1,0.6182189631899602,7,0.004387034736121989,0.04029136020186337,0.08594451832412588,,0.00018112,4.060000000000001e-05,0.0,0.0,0.5,0,0,0,0,0
c_1695,LABUSDT,1763082000000,0,test,control,,0.4718312629556218,0.29698462129579833,0,-0.034479937195199234,0,0.5195404095669846,1,-0.0071577443221216034,0.02058242760362637,0.03042765079138086,0.023060133716439862,5e-05,0.0,0.0,0.0,0.5,0,0,0,0,0
c_1696,LABUSDT,1766653200000,0,test,control,,0.9349985849102638,0.8488825322159469,0,-0.08578148500028761,1,0.8098861458685606,9,-0.0028440963644087835,-0.01915834785873827,-0.017220879458028374,0.0656982018134167,5e-05,0.0,0.0,0.0,0.5,0,0,0,0,0
c_1697,LABUSDT,1770364800000,0,test,control,,0.3373347333733692,0.4962986259127563,0,-0.34955857335193646,0,0.8271514342895263,8,-0.0021001545861587105,-0.003001514191993644,-0.0069370538066420235,0.02614174635501518,5e-05,0.0,0.0,0.0,0.5,0,0,0,0,0
c_1698,LABUSDT,1772384400000,0,test,control,,0.7791627774031182,1.1587221480346752,1,0.022149478250658373,1,0.970769768254338,17,-0.010456393277733627,-0.015348481716228352,-0.002102699505305491,0.028746563639245562,5e-05,0.0,0.0,0.0,0.5,0,0,0,0,0
c_1699,LABUSDT,1779814800000,0,test,control,,0.1839955180857135,0.25518795141254375,0,-0.006260147885616834,0,0.9050216175478957,17,0.0007374650554015228,-0.0004171217484554573,0.0047042901981192795,0.061929397183273824,5e-05,0.0,51.8353,0.0,1.0,0,0,0,0,0
c_1700,LABUSDT,1762700400000,0,test,control,,0.5108531298925645,0.47532531090998453,0,-0.10214005419128618,0,0.6957949038611849,15,0.001132410362186631,0.01774788033966491,0.004443724325602864,-0.019994926162973797,5e-05,0.0,0.0,0.0,0.5,0,0,0,0,0
c_1701,LABUSDT,1766836800000,0,test,control,,1.0829387108834103,1.1878400947782866,1,0.04445324301684724,0,0.6282268064479766,12,-0.0003087104364708223,-0.026159352803623387,-0.049409012011016724,0.057951628374644105,5e-05,-1.0359999999999996e-05,0.0,0.0,0.5,0,0,0,0,0
c_1702,LABUSDT,1769544000000,0,test,control,,3.294569747823325,2.5482111053996404,2,-0.05327063719039411,0,0.9114641814507074,20,0.001456097251432301,0.0033480782225380774,0.014522280035722536,-0.014948229630151133,5e-05,0.0,0.0,0.0,0.5,0,0,0,0,0
c_1703,LABUSDT,1772078400000,0,test,control,,0.3940634668231299,0.9704321305220969,0,-0.18820384295343848,0,0.9218547140649149,4,-0.00046467856556507687,0.0018731964046104234,-0.01897736123702389,0.015730819010260612,5e-05,0.0,0.0,0.0,0.5,0,0,0,0,0
c_1704,LABUSDT,1779397200000,0,test,control,,0.15237671543074152,0.20012839733614754,0,-0.0962159416038318,0,0.7243989462803029,21,0.00018414285364748821,0.004799582137547363,0.003363180026288867,-0.07648665299328389,5e-05,0.0,0.0,0.0,0.5,0,0,0,0,0
c_1705,LABUSDT,1763017200000,0,test,control,,0.2720384250496225,0.43200236030942046,0,0.02673279579157745,1,0.5690167265905893,7,0.004437546982225564,-0.004215000710367123,0.032001086221933484,0.051292439179578125,0.00017956,0.00012956,0.0,0.0,0.5,0,0,0,0,0
c_1706,LABUSDT,1765450800000,0,test,control,,4.169048223485182,2.7197784496016317,3,-0.01948612619324506,0,0.7868766404199474,11,0.0009224355847265632,-0.04340443669799569,0.07349945386583619,0.11694048491675643,5e-05,0.0,0.0,0.0,0.5,0,0,0,0,0
c_1707,LABUSDT,1769839200000,0,test,control,,0.4742193401679421,0.3187791938017867,0,-0.010959107950958226,1,0.8293650793650793,6,1.6674527515456467e-05,-0.0032306712141450884,-0.009554040588074164,-0.028786974086613737,5e-05,0.0,0.0,0.0,0.5,0,0,0,0,0
c_1708,LABUSDT,1773550800000,0,test,control,,2.915396410414141,2.9870066354869644,3,-0.0498676486397019,0,0.9781890945472737,5,0.003246170500372994,0.008660119934215137,0.04050418292345234,-0.052165745266385885,0.00018409,-2.346999999999999e-05,0.0,0.0,0.5,0,0,0,0,0
c_1709,LABUSDT,1779634800000,0,test,control,,0.22671446764553735,0.1804144967292944,0,0.10062730084614784,0,0.7975048689964355,15,-0.004387416140168084,-0.0038628192266773106,-0.008030495176337644,0.026478173472740604,5e-05,0.0,3136.7544,0.0,1.0,0,0,0,0,0
c_1710,LABUSDT,1762700400000,0,test,control,,0.5108531298925645,0.47532531090998453,0,-0.10214005419128618,0,0.6957949038611849,15,0.001132410362186631,0.01774788033966491,0.004443724325602864,-0.019994926162973797,5e-05,0.0,0.0,0.0,0.5,0,0,0,0,0
c_1711,LABUSDT,1765429200000,0,test,control,,1.6261153147437468,1.7533229865274509,1,0.029617659723110104,0,0.7459317585301837,5,0.006161426022256829,-0.010410487757595321,-0.07738198709142591,0.11127661597448654,-0.00015126,-0.00020126,0.0,0.0,0.5,0,0,0,0,0
c_1712,LABUSDT,1769626800000,0,test,control,,0.30212608432316335,0.9828675336670487,0,-0.1370935700953876,0,0.9122437357630979,19,-0.007120915790372777,9.976285218924782e-05,-0.02064121377881993,-0.05211775444472637,5e-05,0.0,0.0,0.0,0.5,0,0,0,0,0
c_1713,LABUSDT,1772334000000,0,test,control,,1.3673115850898674,1.135598730312247,1,0.043399935865599405,0,0.9705950855945034,3,0.004110732771171642,-0.010437898295661982,-0.016440956581571242,0.029020104017262238,5e-05,0.0,0.0,0.0,0.5,0,0,0,0,0
c_1714,LABUSDT,1779372000000,0,test,control,,0.33276647391267183,0.30272957111922894,0,-0.004791202663569531,0,0.6961275272161742,14,-0.001992387758272412,-0.0017533570672146172,-0.008219896563435504,-0.018382478039463003,5e-05,0.0,160.7935,0.0,1.0,0,0,0,0,0
c_1715,LABUSDT,1763038800000,0,test,control,,2.0482564203393063,1.6491593061612984,2,-0.01448653521493975,1,0.5354072221353761,13,0.001943634596695821,-0.009823941760984162,0.1118209183594349,0.04823265682164267,5e-05,-0.00012956,0.0,0.0,0.5,0,0,0,0,0
c_1716,LABUSDT,1765724400000,0,test,control,,0.4942403156041983,1.2966856620799718,0,-0.0017690606654191927,1,0.7190944881889764,15,-0.004207913874153797,-0.018490168895468763,-0.10187699858829846,0.11162262670573853,5e-05,-7.671000000000002e-05,0.0,0.0,0.5,0,0,0,0,0
c_1717,LABUSDT,1769947200000,0,test,control,,0.21268206665869369,0.9315130645011646,0,-0.31773419392172414,0,0.7853641456582633,12,0.006035283787428303,-0.002865624268316003,-0.019687054629249887,0.0031119415581121884,5e-05,0.0,0.0,0.0,0.5,0,0,0,0,0
c_1718,LABUSDT,1773518400000,0,test,control,,0.874969083075932,4.1892581663819435,3,0.1321516024458869,1,0.9569348968863728,20,0.0005748794664666269,-0.007499862046131773,0.03119890407699554,-0.05657012881925744,0.00020756,0.00015756,0.0,0.0,0.5,0,0,0,0,0
c_1719,LABUSDT,1779814800000,0,test,control,,0.1839955180857135,0.25518795141254375,0,-0.006260147885616834,0,0.9050216175478957,17,0.0007374650554015228,-0.0004171217484554573,0.0047042901981192795,0.061929397183273824,5e-05,0.0,51.8353,0.0,1.0,0,0,0,0,0
c_1720,LABUSDT,1762700400000,0,test,control,,0.5108531298925645,0.47532531090998453,0,-0.10214005419128618,0,0.6957949038611849,15,0.001132410362186631,0.01774788033966491,0.004443724325602864,-0.019994926162973797,5e-05,0.0,0.0,0.0,0.5,0,0,0,0,0
c_1721,LABUSDT,1765659600000,0,test,control,,2.0446322549763485,3.3049306759885053,3,-0.06500924016119211,0,0.7489501312335958,21,-0.001026057421501061,0.11449384893742474,0.09187888465289593,0.11940047921558374,0.00035644,0.00030644,0.0,0.0,0.5,0,0,0,0,0
c_1722,LABUSDT,1770066000000,0,test,control,,0.12197563582375387,0.20982032749940757,0,0.08030291341974793,1,0.7848389355742297,21,-0.004118816028771686,-0.005090667059737078,-0.007596199215304826,-0.00614506386850127,5e-05,0.0,0.0,0.0,0.5,0,0,0,0,0
c_1723,LABUSDT,1773511200000,0,test,control,,4.151760960610046,4.295802238482829,4,-0.035826560189240374,0,0.977456530529721,18,-0.0007163415051947681,0.009618243827414075,0.08528343497253099,-0.053464248673429624,0.00016805,0.00011805,0.0,0.0,0.5,0,0,0,0,0
c_1724,LABUSDT,1779814800000,0,test,control,,0.1839955180857135,0.25518795141254375,0,-0.006260147885616834,0,0.9050216175478957,17,0.0007374650554015228,-0.0004171217484554573,0.0047042901981192795,0.061929397183273824,5e-05,0.0,51.8353,0.0,1.0,0,0,0,0,0
c_1725,LABUSDT,1762797600000,0,test,control,,0.3025849772927304,0.402196292756971,0,-0.010006960376025947,1,0.6291230264186338,18,0.0068200917964963016,0.0012539984710899922,0.0011885874659001063,0.010241115117079418,5e-05,0.0,0.0,0.0,0.5,0,0,0,0,0
c_1726,LABUSDT,1765458000000,0,test,control,,2.273525328919628,2.740362534367373,4,-0.01371552126129713,0,0.79251968503937,13,-0.0021564316544210173,-0.014375130386749976,0.02321916058070151,0.11801331261352477,5e-05,0.00020126,0.0,0.0,0.5,0,0,0,0,0
c_1727,LABUSDT,1770181200000,0,test,control,,0.37558282425019257,0.319669914215326,0,0.22469515863933187,0,0.7899159663865546,5,-0.00277976705265129,0.01961275294802737,-0.015553489836537489,0.021001393315113862,5e-05,0.0,0.0,0.0,0.5,0,0,0,0,0
c_1728,LABUSDT,1772359200000,0,test,control,,1.017242850406784,0.8153200757434005,0,0.001466969806726154,1,0.9403167578898334,10,-0.0023280979935371487,-0.00043887054828622594,-0.016952309859364065,0.02729745729838068,5e-05,0.0,0.0,0.0,0.5,0,0,0,0,0
c_1729,LABUSDT,1779814800000,0,test,control,,0.1839955180857135,0.25518795141254375,0,-0.006260147885616834,0,0.9050216175478957,17,0.0007374650554015228,-0.0004171217484554573,0.0047042901981192795,0.061929397183273824,5e-05,0.0,51.8353,0.0,1.0,0,0,0,0,0
c_1730,LABUSDT,1762700400000,0,test,control,,0.5108531298925645,0.47532531090998453,0,-0.10214005419128618,0,0.6957949038611849,15,0.001132410362186631,0.01774788033966491,0.004443724325602864,-0.019994926162973797,5e-05,0.0,0.0,0.0,0.5,0,0,0,0,0
c_1731,LABUSDT,1765756800000,0,test,control,,0.44060881430767357,0.5262466852797829,0,0.11959730302310069,0,0.7391076115485564,0,-0.002844850413374579,0.009736796495871936,0.05587988541937491,0.11767292085097376,5e-05,0.0,0.0,0.0,0.5,0,0,0,0,0
c_1732,LABUSDT,1770436800000,0,test,control,,0.2859188402792688,0.4143339972013889,0,-0.24915947824730578,1,0.9028269778426062,4,0.008078897595244612,0.0013639561402517236,-0.0056182237625582885,0.011667533794897307,5e-05,0.0,0.0,0.0,0.5,0,0,0,0,0
c_1733,LABUSDT,1773612000000,0,test,control,,1.3911539092848937,3.704224435082344,3,0.09814868024353818,1,0.9550680206936195,22,0.005363362584234085,-0.0032397340032035774,-0.04738392613748244,-0.08728831580719944,5e-05,0.0,0.0,0.0,0.5,0,0,0,0,0
c_1734,LABUSDT,1779800400000,0,test,control,,0.23476695621901855,0.23128289523032902,0,0.11071270075435981,0,0.9010550949982151,13,-0.0007128609182426295,4.668829060784108e-06,0.004646409750237105,-0.00832149800982241,5e-05,0.0,127.5512,0.0,1.0,0,0,0,0,0
c_1735,LABUSDT,1763157600000,0,test,control,,0.24142226592224292,0.3352710010645351,0,0.025405655232231258,0,0.6402959590210586,22,0.0072792532272733705,0.023350856546224284,0.030386470952753847,-0.025109765118943313,0.00038581,0.00033580999999999997,0.0,0.0,0.5,0,0,0,0,0
c_1736,LABUSDT,1766599200000,0,test,control,,3.224860284756479,4.094493050790466,3,0.07089926158488352,0,0.8105061436140233,18,0.0003885360100674858,0.020542625998880293,-0.11886355746730437,0.05828347486595496,0.00020344,9.497e-05,0.0,0.0,0.5,0,0,0,0,0
c_1737,LABUSDT,1769482800000,0,test,control,,0.3992510873784647,0.36252159536005796,0,-0.10353564801663255,0,0.8181379125301853,3,0.002961922018535137,0.01065741854722045,0.02863190979374416,-0.03819234821219093,5e-05,0.0,0.0,0.0,0.5,0,0,0,0,0
c_1738,LABUSDT,1772164800000,0,test,control,,0.9606821064361698,1.9349440253370576,1,-0.14457141518219233,1,0.9867644317405083,4,0.0049221661100904285,0.0037515915791397595,0.01120367157790595,0.02647711949974002,5e-05,0.0,0.0,0.0,0.5,0,0,0,0,0
c_1739,LABUSDT,1779757200000,0,test,control,,0.10685071866527665,0.11071951786262785,0,-0.07021595409784936,0,0.8462774185871247,1,-0.006876160530010341,-0.006040545109560723,-0.007487046512309089,0.004267147103965467,5e-05,0.0,0.0,0.0,0.5,0,0,0,0,0
c_1740,LABUSDT,1762700400000,0,test,control,,0.5108531298925645,0.47532531090998453,0,-0.10214005419128618,0,0.6957949038611849,15,0.001132410362186631,0.01774788033966491,0.004443724325602864,-0.019994926162973797,5e-05,0.0,0.0,0.0,0.5,0,0,0,0,0
c_1741,LABUSDT,1766613600000,0,test,control,,0.6342111536954754,1.1719261706556396,0,-0.026644094585511025,0,0.8376169541201668,22,0.0015425257201881195,-0.020166431168206392,-0.06274405258372179,0.05823669215869212,6.504e-05,-0.00015508999999999998,0.0,0.0,0.5,0,0,0,0,0
c_1742,LABUSDT,1770213600000,0,test,control,,1.3209777218076046,0.6346299179402856,0,-0.12182248105000325,0,0.8000588235294117,14,-0.017352941176470665,0.007087989495838573,-0.007663356842442595,0.03596515992344626,5e-05,0.0,0.0,0.0,0.5,0,0,0,0,0
c_1743,LABUSDT,1772528400000,0,test,control,,1.0591537760791447,0.8601510965777752,0,-0.1034032470847082,0,0.9295446605333644,9,-0.017106385102064563,0.0005961712557133079,0.002915334579409167,-0.004463495127834442,5e-05,0.0,0.0,0.0,0.5,0,0,0,0,0
c_1744,LABUSDT,1779753600000,0,test,control,,0.14179705549016017,0.11520711243667028,0,0.10324771549382192,1,0.8497679584308436,0,0.002553035816446103,0.0007521210958225142,0.0014050402727707586,-0.0011343309443177674,5e-05,0.0,0.0,0.0,0.5,0,0,0,0,0
c_1745,LABUSDT,1762700400000,0,test,control,,0.5108531298925645,0.47532531090998453,0,-0.10214005419128618,0,0.6957949038611849,15,0.001132410362186631,0.01774788033966491,0.004443724325602864,-0.019994926162973797,5e-05,0.0,0.0,0.0,0.5,0,0,0,0,0
c_1746,LABUSDT,1765983600000,0,test,control,,0.5348575859894084,0.2691307233386618,0,-0.003863992915995168,0,0.8449624530663329,15,0.02346338734171427,0.001812039949738335,-0.007616148500289443,0.032283910704699915,5e-05,0.0,0.0,0.0,0.5,0,0,0,0,0
c_1747,LABUSDT,1770224400000,0,test,control,,0.47883396842530274,0.9401517015616058,0,0.09237143343623763,0,0.7849411764705881,17,-0.006718663554050146,0.005292539421512084,0.011351523335353622,0.04475359102961665,5e-05,0.0,0.0,0.0,0.5,0,0,0,0,0
c_1748,LABUSDT,1772323200000,0,test,control,,0.40168153286110725,0.5745433464093064,0,-0.06716595097522426,1,0.9245370909514382,0,-0.0021511178955714756,-0.0013827482981686517,-0.011427715202885293,0.027475892156901077,5e-05,0.0,0.0,0.0,0.5,0,0,0,0,0
c_1749,LABUSDT,1779814800000,0,test,control,,0.1839955180857135,0.25518795141254375,0,-0.006260147885616834,0,0.9050216175478957,17,0.0007374650554015228,-0.0004171217484554573,0.0047042901981192795,0.061929397183273824,5e-05,0.0,51.8353,0.0,1.0,0,0,0,0,0
c_1750,LABUSDT,1762700400000,0,test,control,,0.5108531298925645,0.47532531090998453,0,-0.10214005419128618,0,0.6957949038611849,15,0.001132410362186631,0.01774788033966491,0.004443724325602864,-0.019994926162973797,5e-05,0.0,0.0,0.0,0.5,0,0,0,0,0
c_1751,LABUSDT,1765494000000,0,test,control,,0.8147511230517697,0.7170329420702843,0,-0.05421331861616341,0,0.7224409448818897,23,-0.005367169556018207,-0.0008893059880144972,-0.010447106134878084,0.1341998163765598,5e-05,0.0,0.0,0.0,0.5,0,0,0,0,0
c_1752,LABUSDT,1769482800000,0,test,control,,0.3992510873784647,0.36252159536005796,0,-0.10353564801663255,0,0.8181379125301853,3,0.002961922018535137,0.01065741854722045,0.02863190979374416,-0.03819234821219093,5e-05,0.0,0.0,0.0,0.5,0,0,0,0,0
c_1753,LABUSDT,1772362800000,0,test,control,,1.037436100861469,0.9594383611882433,0,0.04605461962995873,0,0.9417142191685106,11,0.0007517313170663223,0.005872942856554366,0.001729189386920655,0.02718983507911755,5e-05,0.0,0.0,0.0,0.5,0,0,0,0,0
c_1754,LABUSDT,1779447600000,0,test,control,,0.42667344663326884,0.6071628511810826,0,0.14737246725559244,0,0.8656891926652703,11,0.00015788833412273733,0.0051911203962331735,0.006903828920786252,-0.02358473485271688,5e-05,0.0,0.0,0.0,0.5,0,0,0,0,0
c_1755,LABUSDT,1762920000000,0,test,control,,0.20975254150119987,0.3726492845710082,0,0.022279397584307532,0,0.5786696889166797,4,0.0016285270608044301,-0.01282340934932042,-0.0647465109723107,0.01708456036114242,5e-05,0.0,0.0,0.0,0.5,0,0,0,0,0
c_1756,LABUSDT,1766865600000,0,test,control,,0.6232762158809317,0.7973029954605939,0,-0.08539470158910094,1,0.6115995941832939,20,0.0007958578799076904,-0.006115819635361427,-0.02098374331252915,0.04243200535947168,5e-05,-0.00030670999999999997,0.0,0.0,0.5,0,0,0,0,0
c_1757,LABUSDT,1769691600000,0,test,control,,0.514546895008137,0.7451261739481655,0,-0.07417034094095573,0,0.9396008403361343,13,0.003173294211984321,0.000277384674405614,-0.017262628120088875,-0.010240372015350593,5e-05,0.0,0.0,0.0,0.5,0,0,0,0,0
c_1758,LABUSDT,1772514000000,0,test,control,,0.577140863353174,0.6002696685028963,0,-0.12799925907687643,0,0.9253522766973332,5,-0.0037498555215635405,-0.014654483673295415,-0.015723799773054478,-0.004082010870683737,5e-05,0.0,0.0,0.0,0.5,0,0,0,0,0
c_1759,LABUSDT,1779814800000,0,test,control,,0.1839955180857135,0.25518795141254375,0,-0.006260147885616834,0,0.9050216175478957,17,0.0007374650554015228,-0.0004171217484554573,0.0047042901981192795,0.061929397183273824,5e-05,0.0,51.8353,0.0,1.0,0,0,0,0,0
c_1760,LABUSDT,1762948800000,0,test,control,,0.3423932523424611,0.45910180954500523,0,-0.10111019504606288,1,0.5869939033922151,12,0.0012876162789034087,0.008394789050911693,0.033406610641818046,0.02469531829258939,5e-05,0.0,0.0,0.0,0.5,0,0,0,0,0
c_1761,LABUSDT,1765465200000,0,test,control,,3.578353095528662,4.175703882105837,4,-0.08336480071801967,0,0.7775590551181102,15,-0.00608907774455402,-0.001513980029611137,0.011809783335797828,0.13638603399658616,5e-05,0.00020126,0.0,0.0,0.5,0,0,0,0,0
c_1762,LABUSDT,1770130800000,0,test,control,,0.25459462229727636,0.4860827883015953,0,-0.031161127694482153,0,0.8019957983193277,15,-0.01400325068617071,-0.0014906376276613397,-0.02621985259384655,-0.02212155903181976,5e-05,0.0,0.0,0.0,0.5,0,0,0,0,0
c_1763,LABUSDT,1773558000000,0,test,control,,2.1042734716384017,2.658698384070023,3,0.162263501188307,0,0.9846923461730865,7,-0.0004674689217144735,0.015525764037489339,0.06454159679742011,-0.0563912679561237,0.00018409,-2.346999999999999e-05,0.0,0.0,0.5,0,0,0,0,0
c_1764,LABUSDT,1779814800000,0,test,control,,0.1839955180857135,0.25518795141254375,0,-0.006260147885616834,0,0.9050216175478957,17,0.0007374650554015228,-0.0004171217484554573,0.0047042901981192795,0.061929397183273824,5e-05,0.0,51.8353,0.0,1.0,0,0,0,0,0
c_1765,LABUSDT,1763110800000,0,test,control,,0.48871495143182164,0.5057464401077678,0,-0.05259235392346004,0,0.49362982648116305,9,0.0024026801263441356,0.01514356017099698,0.021935960359526687,0.024446143194224168,0.00016038,0.00011038000000000001,0.0,0.0,0.5,0,0,0,0,0
c_1766,LABUSDT,1765875600000,0,test,control,,0.37428598289703074,0.3838759589897222,0,-0.014781559321343774,1,0.891348560700876,9,0.0031605959648600018,0.009557581619011034,-0.0019475231425756892,0.08881060472955078,5e-05,0.0,0.0,0.0,0.5,0,0,0,0,0
c_1767,LABUSDT,1770260400000,0,test,control,,0.7731024513080379,0.579012891729538,0,-0.2262124951724433,0,0.7813529411764706,3,-0.013263028186524941,-0.01944245320990646,-0.013533360564930635,0.021027413240723988,5e-05,0.0,0.0,0.0,0.5,0,0,0,0,0
c_1768,LABUSDT,1773352800000,0,test,control,,0.44163750109101996,0.8581514249642576,1,-0.19186713695773008,1,0.9191738023605648,22,0.0016755315356424773,0.0017468216691492176,0.01407823477557969,-0.11597360205776386,5e-05,0.0,0.0,0.0,0.5,0,0,0,0,0
c_1769,LABUSDT,1779462000000,0,test,control,,0.24380122930079165,0.3968468297043508,0,0.0032805940057686763,1,0.8208760518869658,15,-0.0067438476951832615,-0.0026807061111465158,-0.006474113784546502,0.0009027200318400957,5e-05,0.0,0.0,0.0,0.5,0,0,0,0,0
c_1770,LABUSDT,1763010000000,0,test,control,,0.4918414712427212,0.5123976995343059,0,0.013085091685138578,1,0.5625683914334845,5,-0.0002047251344672761,0.019082813273945776,0.0353115493248705,0.05179717160171887,0.00017956,0.00012956,0.0,0.0,0.5,0,0,0,0,0
c_1771,LABUSDT,1766646000000,0,test,control,,1.1827107102699388,0.8258694575276976,0,-0.07326733872558154,0,0.8127043174388457,7,0.0010660616149408251,0.006948963430273666,0.003732994363334037,0.06418550391816143,5e-05,-1.5039999999999998e-05,0.0,0.0,0.5,0,0,0,0,0
c_1772,LABUSDT,1770120000000,0,test,control,,0.7851013185899777,0.380479641827135,0,-0.08473200037962511,1,0.8114495798319328,12,-0.00047517072845838825,-0.022619905933086375,-0.02654452105057956,-0.014355024015791085,5e-05,0.0,0.0,0.0,0.5,0,0,0,0,0
c_1773,LABUSDT,1772478000000,0,test,control,,0.7624023813279825,1.612923628547039,2,-0.1971707958398033,0,0.962792593455223,19,-0.004575663254315797,-0.0035818467228898817,-0.01162769440061426,-0.011259863325288541,5e-05,0.0,0.0,0.0,0.5,0,0,0,0,0
c_1774,LABUSDT,1779775200000,0,test,control,,0.34494172171822585,0.1895143821588024,0,-0.022358833993840546,0,0.878445916465035,6,0.0022603465604018142,0.004653114489025197,-0.009401019601678252,-0.006260715517108153,5e-05,0.0,147.6466,0.0,1.0,0,0,0,0,0
c_1775,LABUSDT,1763049600000,0,test,control,,1.116213770700162,1.3489069217004956,1,-0.014236940209023712,0,0.5155932468344536,16,-0.014446128021442534,-0.004610485563595126,-0.07385669841731311,0.05117878513451538,5e-05,-0.00012956,0.0,0.0,0.5,0,0,0,0,0
c_1776,LABUSDT,1765450800000,0,test,control,,4.169048223485182,2.7197784496016317,3,-0.01948612619324506,0,0.7868766404199474,11,0.0009224355847265632,-0.04340443669799569,0.07349945386583619,0.11694048491675643,5e-05,0.0,0.0,0.0,0.5,0,0,0,0,0
c_1777,LABUSDT,1769943600000,0,test,control,,1.0878162083369758,0.9958611158335179,0,0.0672386089002333,1,0.7909663865546217,11,-0.009583908249680442,-0.005492649026338313,-0.03135470663954334,0.002628481092792106,5e-05,0.0,0.0,0.0,0.5,0,0,0,0,0
c_1778,LABUSDT,1773637200000,0,test,control,,1.7528575768353842,1.7731295344741658,2,-0.10970004983821859,0,0.9387334738455643,5,0.0035355149273519674,0.0011518213894790312,0.006200322479414713,-0.05336203400400647,5e-05,0.0,0.0,0.0,0.5,0,0,0,0,0
c_1779,LABUSDT,1779814800000,0,test,control,,0.1839955180857135,0.25518795141254375,0,-0.006260147885616834,0,0.9050216175478957,17,0.0007374650554015228,-0.0004171217484554573,0.0047042901981192795,0.061929397183273824,5e-05,0.0,51.8353,0.0,1.0,0,0,0,0,0
c_1780,LABUSDT,1762700400000,0,test,control,,0.5108531298925645,0.47532531090998453,0,-0.10214005419128618,0,0.6957949038611849,15,0.001132410362186631,0.01774788033966491,0.004443724325602864,-0.019994926162973797,5e-05,0.0,0.0,0.0,0.5,0,0,0,0,0
c_1781,LABUSDT,1765731600000,0,test,control,,1.6072532376048194,1.2959599759624174,0,0.15494978141684726,0,0.7763123359580052,17,-0.0023060014474316753,-0.004275971640612164,-0.06151204261601456,0.1134067027087276,5e-05,0.0,0.0,0.0,0.5,0,0,0,0,0
c_1782,LABUSDT,1770109200000,0,test,control,,0.1748508732545285,0.24858293434147163,0,0.12595085599361458,1,0.7970938375350138,9,-0.0005231752675241123,-0.0006528079295003453,-0.023456456910267588,-0.015669957233348842,5e-05,0.0,0.0,0.0,0.5,0,0,0,0,0
c_1783,LABUSDT,1773381600000,0,test,control,,1.9066504888384048,1.326385226544915,0,-0.06267713658762201,1,0.9558551261282111,6,0.0022830314284712403,0.03866852663457488,0.03534237016118598,-0.1047913847386354,5e-05,0.0,0.0,0.0,0.5,0,0,0,0,0
c_1784,LABUSDT,1779750000000,0,test,control,,0.1200115232562395,0.11028450619375023,0,0.15194163285621665,0,0.8614691999524017,23,-0.003311318217551484,-0.0027530611395898143,-0.0006191738213925944,-0.001373020850158363,5e-05,0.0,304.72170000000006,444.6435,0.4066397799097156,0,0,0,0,0
c_1785,LABUSDT,1762992000000,0,test,control,,0.299840939624049,0.24595817354872118,0,-0.052635444813519616,0,0.5649914022197906,0,-0.0031082409593162154,-3.8636814274642316e-05,-0.01881245604896156,0.046400580080787554,5e-05,0.0,0.0,0.0,0.5,0,0,0,0,0
c_1786,LABUSDT,1765832400000,0,test,control,,0.3471130733329724,0.6735517055804259,0,-0.0210570215849512,0,0.8769555694618272,21,-0.0039603178474453046,-0.014943879952909312,-0.04774461610660833,0.0936715117966305,5e-05,0.0,0.0,0.0,0.5,0,0,0,0,0
c_1787,LABUSDT,1770001200000,0,test,control,,0.20397854082886363,0.3053863067387755,0,-0.012183447508468264,0,0.7837885154061625,3,-0.013357906719220674,0.0009335160980200283,-0.0018342923674008224,-0.010331301091040294,5e-05,0.0,0.0,0.0,0.5,0,0,0,0,0
c_1788,LABUSDT,1772028000000,0,test,control,,2.875859734556067,2.8921129132272543,4,-0.07124782883644992,0,0.9158574062692071,14,0.002586362239111353,0.0019096855753722283,-0.06298681857669422,0.04459972015976804,5e-05,0.0,0.0,0.0,0.5,0,0,0,0,0
c_1789,LABUSDT,1779811200000,0,test,control,,0.2583296789403721,0.2675936949309294,0,-0.023581749233363754,0,0.9137083019316964,16,-0.005143508304541594,0.00027831343606511574,0.005128241840365264,0.04607594195187378,5e-05,0.0,9.518,0.0,1.0,0,0,0,0,0
c_1790,LABUSDT,1763042400000,0,test,control,,1.2691327099133907,1.6210887641943674,2,-0.04367955134860867,0,0.5195794903861185,14,-0.007932104752667342,-0.026965556034183675,0.06235218799833074,0.046861944086475954,5e-05,-0.00012956,0.0,0.0,0.5,0,0,0,0,0
c_1791,LABUSDT,1765695600000,0,test,control,,2.3175811203834447,2.0962374903657857,2,0.01854487585059131,0,0.7380577427821522,7,-0.0006211111234347446,-0.011551990505544814,0.06573474837289471,0.11806458852812757,0.00012671,-0.00022973,0.0,0.0,0.5,0,0,0,0,0
c_1792,LABUSDT,1769482800000,0,test,control,,0.3992510873784647,0.36252159536005796,0,-0.10353564801663255,0,0.8181379125301853,3,0.002961922018535137,0.01065741854722045,0.02863190979374416,-0.03819234821219093,5e-05,0.0,0.0,0.0,0.5,0,0,0,0,0
c_1793,LABUSDT,1772463600000,0,test,control,,1.3757935906286753,1.56323112273662,1,-0.11123280653277265,0,0.9224408990334226,15,0.0262397133260869,0.011509651847378828,0.004453334650400882,0.03704282975292689,5e-05,0.0,0.0,0.0,0.5,0,0,0,0,0
c_1794,LABUSDT,1779814800000,0,test,control,,0.1839955180857135,0.25518795141254375,0,-0.006260147885616834,0,0.9050216175478957,17,0.0007374650554015228,-0.0004171217484554573,0.0047042901981192795,0.061929397183273824,5e-05,0.0,51.8353,0.0,1.0,0,0,0,0,0
c_1795,LABUSDT,1762700400000,0,test,control,,0.5108531298925645,0.47532531090998453,0,-0.10214005419128618,0,0.6957949038611849,15,0.001132410362186631,0.01774788033966491,0.004443724325602864,-0.019994926162973797,5e-05,0.0,0.0,0.0,0.5,0,0,0,0,0
c_1796,LABUSDT,1765670400000,0,test,control,,1.0015328643989496,1.5518107721503804,2,-0.010092177484850955,0,0.7291338582677165,0,0.0010977618533861762,0.013987570090734943,0.06294362073477787,0.1180963259744163,0.00024424,0.00019424,0.0,0.0,0.5,0,0,0,0,0
c_1797,LABUSDT,1769803200000,0,test,control,,0.38194154940836667,0.43501920311672737,0,-0.2697201657035082,0,0.8489729225023342,20,0.0036079826168422236,-0.00840790483641978,-0.02936683156990778,-0.02727794249229799,5e-05,0.0,0.0,0.0,0.5,0,0,0,0,0
c_1798,LABUSDT,1773478800000,0,test,control,,2.0102835947070496,3.434019692341068,4,-0.033722495389071294,0,0.9867022726034116,9,-0.00021256816352443683,-0.02529878823124488,-0.026283787442194836,-0.07340578605524048,5e-05,0.0,0.0,0.0,0.5,0,0,0,0,0
c_1799,LABUSDT,1779814800000,0,test,control,,0.1839955180857135,0.25518795141254375,0,-0.006260147885616834,0,0.9050216175478957,17,0.0007374650554015228,-0.0004171217484554573,0.0047042901981192795,0.061929397183273824,5e-05,0.0,51.8353,0.0,1.0,0,0,0,0,0
c_1800,LABUSDT,1762700400000,0,test,control,,0.5108531298925645,0.47532531090998453,0,-0.10214005419128618,0,0.6957949038611849,15,0.001132410362186631,0.01774788033966491,0.004443724325602864,-0.019994926162973797,5e-05,0.0,0.0,0.0,0.5,0,0,0,0,0
c_1801,LABUSDT,1765684800000,0,test,control,,1.2927673026930673,1.174127739887489,0,0.1813254859476987,0,0.7501312335958005,4,-0.0002504296641692912,0.05998214864191198,0.013305109631949882,0.1159333555544238,0.00024424,0.00019424,0.0,0.0,0.5,0,0,0,0,0
c_1802,LABUSDT,1770058800000,0,test,control,,0.17201316951354467,0.6413740822203795,0,-0.5088134608997431,0,0.7903244631185807,19,-0.005230766891994719,0.004384119552250732,-0.00038404684078370555,-0.007788438047062616,5e-05,0.0,0.0,0.0,0.5,0,0,0,0,0
c_1803,LABUSDT,1772542800000,0,test,control,,1.5406185381641644,0.6747415265665737,0,0.06909641001086454,0,0.9390357517177128,13,0.005374626865671728,-0.013016667733060337,-0.009745704908561295,-0.0006074559708395162,5e-05,0.0,0.0,0.0,0.5,0,0,0,0,0
c_1804,LABUSDT,1779642000000,0,test,control,,0.22449440615906793,0.19475442584869015,0,0.04433485469073292,0,0.8743508424182359,17,0.003947935455054035,0.0010958769217219411,-0.009012247611355544,0.024012408580937124,5e-05,0.0,1628.9671999999998,0.0,1.0,0,0,0,0,0
c_1805,LABUSDT,1762840800000,0,test,control,,0.6561619907307396,0.4396275464291347,0,-0.040119040062987124,0,0.5804674065968423,6,-0.004782941849795248,-0.0008710602198844156,-0.07663933226109974,0.012788555976258865,5e-05,0.0,0.0,0.0,0.5,0,0,0,0,0
c_1806,LABUSDT,1766952000000,0,test,control,,0.634064078204885,1.090339680375741,0,0.03185213332622369,0,0.6113177770262653,20,-0.0009306829614217638,0.00019970608547567218,-0.0054670881372712995,0.0746208154135469,0.00020106,0.00013805000000000002,0.0,0.0,0.5,0,0,0,0,0
c_1807,LABUSDT,1769742000000,0,test,control,,1.3314762126447255,0.8691176095646123,0,-0.3818869166203701,0,0.8543417366946778,3,-0.0037193075246224135,0.00016730860238277804,-0.0131480601224267,-0.010091336210917451,5e-05,0.0,0.0,0.0,0.5,0,0,0,0,0
c_1808,LABUSDT,1773568800000,0,test,control,,4.139845696294632,3.6961275425296374,4,0.09631610626234302,0,0.9888943010228933,10,0.0010673207319727436,0.029711203464296256,0.10582323293230729,-0.07478220298310216,5e-05,-0.00022604000000000002,0.0,0.0,0.5,0,0,0,0,0
c_1809,LABUSDT,1779598800000,0,test,control,,0.1784656870904876,0.20030444242398943,0,-0.013495542734412407,0,0.7812075111160108,5,0.0005892874836381083,0.003766338043325304,-0.0013263918129670746,0.02216458751491547,5e-05,0.0,0.0,0.0,0.5,0,0,0,0,0
c_1810,LABUSDT,1762779600000,0,test,control,,0.5857122588091997,0.4103774628638755,0,0.018280498185557416,1,0.6390886352977959,13,-0.002228260562331938,0.032792541023775074,0.04991301554979175,0.006026427658052169,5e-05,0.0,0.0,0.0,0.5,0,0,0,0,0
c_1811,LABUSDT,1765774800000,0,test,control,,0.7334073205770402,0.9493074585984698,0,-0.00939876634229481,0,0.7643044619422572,5,0.0043848099336731994,-0.008505537562922095,0.024019113620075725,0.11514695024530555,5e-05,0.0,0.0,0.0,0.5,0,0,0,0,0
c_1812,LABUSDT,1769846400000,0,test,control,,0.23377781834475664,0.32963416076140534,0,-0.37672097716212694,0,0.8270891690009337,8,-0.0026833343085847787,-0.003328488732835037,-0.004989485090367352,-0.030477387326761987,5e-05,0.0,0.0,0.0,0.5,0,0,0,0,0
c_1813,LABUSDT,1772409600000,0,test,control,,0.5602065042935438,1.2664341767564329,1,-0.030930058479197026,1,0.9785722603936181,0,0.007801842399717969,0.001513637108177585,-0.006747886188349371,0.028137193552576337,5e-05,0.0,0.0,0.0,0.5,0,0,0,0,0
c_1814,LABUSDT,1779688800000,0,test,control,,0.1784698970244488,0.14087025675138334,0,0.06279583588405334,0,0.8606144697720516,6,0.0001680520185632845,-0.005570740801382087,-0.004499653456105936,0.026112357054327275,5e-05,0.0,900.3726000000001,0.0,1.0,0,0,0,0,0
c_1815,LABUSDT,1762700400000,0,test,control,,0.5108531298925645,0.47532531090998453,0,-0.10214005419128618,0,0.6957949038611849,15,0.001132410362186631,0.01774788033966491,0.004443724325602864,-0.019994926162973797,5e-05,0.0,0.0,0.0,0.5,0,0,0,0,0
c_1816,LABUSDT,1765717200000,0,test,control,,1.994688562932601,1.4205766273862086,0,-0.02370108959319997,0,0.7261154855643044,13,0.0008364293536315488,-0.05968206092592761,-0.05628986955178846,0.11436668491509347,5e-05,-7.671000000000002e-05,0.0,0.0,0.5,0,0,0,0,0
c_1817,LABUSDT,1769943600000,0,test,control,,1.0878162083369758,0.9958611158335179,0,0.0672386089002333,1,0.7909663865546217,11,-0.009583908249680442,-0.005492649026338313,-0.03135470663954334,0.002628481092792106,5e-05,0.0,0.0,0.0,0.5,0,0,0,0,0
c_1818,LABUSDT,1772254800000,0,test,control,,1.2430038773072476,1.2267438699904647,0,-0.46131826478971,0,0.9732098765432098,5,-0.002004142096411748,0.0068079656941131,-0.013643993562984225,0.0463162914800704,5e-05,0.0,0.0,0.0,0.5,0,0,0,0,0
c_1819,LABUSDT,1779814800000,0,test,control,,0.1839955180857135,0.25518795141254375,0,-0.006260147885616834,0,0.9050216175478957,17,0.0007374650554015228,-0.0004171217484554573,0.0047042901981192795,0.061929397183273824,5e-05,0.0,51.8353,0.0,1.0,0,0,0,0,0
c_1820,LABUSDT,1762722000000,0,test,control,,1.1383724404725246,0.5990728258795209,0,-0.08491721795925185,0,0.6555807409723309,21,-0.0017047824588767126,-0.015478989716523667,-0.029217969181214314,0.012607310079407755,0.0003027,0.00025269999999999996,0.0,0.0,0.5,0,0,0,0,0
c_1821,LABUSDT,1765656000000,0,test,control,,1.8908971803777892,7.3742529768992355,3,0.13831349227022008,0,0.763254593175853,20,0.0006859875390029244,0.0649373638636245,-0.06694521228867059,0.12069118706738317,0.00035644,0.00030644,0.0,0.0,0.5,0,0,0,0,0
c_1822,LABUSDT,1769752800000,0,test,control,,0.44054873509706843,0.7025558010658033,0,-0.009581291185414379,1,0.8668884220354808,6,-0.0003992444509846721,0.006089129232098959,-0.003412429215413342,-0.006185461363480615,5e-05,0.0,0.0,0.0,0.5,0,0,0,0,0
c_1823,LABUSDT,1773403200000,0,test,control,,2.1840925832354214,1.85976269762515,1,0.14287534853542294,0,0.994755540517679,12,-0.003193816175374102,0.03363178224072073,0.07600324524307245,-0.11355021183632633,5e-05,0.0,0.0,0.0,0.5,0,0,0,0,0
c_1824,LABUSDT,1779814800000,0,test,control,,0.1839955180857135,0.25518795141254375,0,-0.006260147885616834,0,0.9050216175478957,17,0.0007374650554015228,-0.0004171217484554573,0.0047042901981192795,0.061929397183273824,5e-05,0.0,51.8353,0.0,1.0,0,0,0,0,0
c_1825,LABUSDT,1762700400000,0,test,control,,0.5108531298925645,0.47532531090998453,0,-0.10214005419128618,0,0.6957949038611849,15,0.001132410362186631,0.01774788033966491,0.004443724325602864,-0.019994926162973797,5e-05,0.0,0.0,0.0,0.5,0,0,0,0,0
c_1826,LABUSDT,1766790000000,0,test,control,,0.5973615650569423,0.8795910467283987,0,0.04583473665508284,1,0.6060759779055349,23,0.0008704175831213479,0.0031603648437792354,-0.051874708262189644,0.06388186449870564,0.00018211,0.00013211,0.0,0.0,0.5,0,0,0,0,0
c_1827,LABUSDT,1769846400000,0,test,control,,0.23377781834475664,0.32963416076140534,0,-0.37672097716212694,0,0.8270891690009337,8,-0.0026833343085847787,-0.003328488732835037,-0.004989485090367352,-0.030477387326761987,5e-05,0.0,0.0,0.0,0.5,0,0,0,0,0
c_1828,LABUSDT,1773648000000,0,test,control,,1.2432336850692498,1.330645502484788,0,-0.054666060414184744,0,0.92484192374018,8,-0.0034337350215185255,0.018956372786635776,0.00595964532814021,-0.05302101505186085,5e-05,0.0,0.0,0.0,0.5,0,0,0,0,0
c_1829,LABUSDT,1779717600000,0,test,control,,0.19944344191416613,0.36804812667260545,0,-0.0007649186893679635,1,0.8280475718533201,14,-0.0003052025393884733,0.0008853903923635988,0.01882458065155454,0.04580991247680987,5e-05,0.0,0.0,1011.3794,0.0,0,0,0,0,0
c_1830,LABUSDT,1763161200000,0,test,control,,0.30077021143691507,0.3133046842056404,0,-0.03407141409297007,0,0.633983546334144,23,0.0013081002238398678,0.014377420704963607,0.06803628165923972,-0.022710484258992216,0.00038581,0.00033580999999999997,0.0,0.0,0.5,0,0,0,0,0
c_1831,LABUSDT,1765432800000,0,test,control,,1.587283915392141,1.4210021225225524,0,0.016055125625769866,0,0.7656167979002625,6,-0.0013785229226456776,0.04044862158856089,0.005163903781052241,0.11242067032984222,-0.00015126,-0.00020126,0.0,0.0,0.5,0,0,0,0,0
c_1832,LABUSDT,1769785200000,0,test,control,,0.20066087026137522,0.372608201762158,0,-0.04410322395191034,0,0.8555672268907561,15,0.004310506390794258,-0.0019449859389744422,-0.017974197480431546,-0.0018410180348857027,5e-05,0.0,0.0,0.0,0.5,0,0,0,0,0
c_1833,LABUSDT,1772355600000,0,test,control,,0.7852315338038606,0.7362498035311993,0,0.13452289581433377,0,0.9443926866193082,9,-0.008625634928084856,-0.004467140538147474,-0.009269552340488025,0.0271449174241801,5e-05,0.0,0.0,0.0,0.5,0,0,0,0,0
c_1834,LABUSDT,1779814800000,0,test,control,,0.1839955180857135,0.25518795141254375,0,-0.006260147885616834,0,0.9050216175478957,17,0.0007374650554015228,-0.0004171217484554573,0.0047042901981192795,0.061929397183273824,5e-05,0.0,51.8353,0.0,1.0,0,0,0,0,0
c_1835,LABUSDT,1762761600000,0,test,control,,0.3008130247624455,0.3325177880640336,0,-0.04237755896498941,0,0.6471392840393935,8,0.00236515062175855,0.003325850494768514,0.013807153511350007,0.023467608899134296,5e-05,0.0,0.0,0.0,0.5,0,0,0,0,0
c_1836,LABUSDT,1765972800000,0,test,control,,0.12721557149762183,0.2519881920659509,0,-0.10336564444996287,0,0.8366708385481851,12,0.004067580505641107,-0.00043143270434777253,-0.014410853844804833,0.03628607548184013,5e-05,0.0,0.0,0.0,0.5,0,0,0,0,0
c_1837,LABUSDT,1769522400000,0,test,control,,0.9256061838181929,0.7445629268207374,0,-0.0750506836837989,0,0.830451381091399,14,-7.95886856724448e-05,0.02977949010937353,0.01056409216059671,-0.06849132032816341,5e-05,0.0,0.0,0.0,0.5,0,0,0,0,0
c_1838,LABUSDT,1772413200000,0,test,control,,1.4053001782504826,1.3617338372669245,1,0.022850560744597556,1,0.9705950855945034,1,0.010988593155893536,-0.0005493995656872936,-0.002326963725487583,0.029440195072520305,5e-05,0.0,0.0,0.0,0.5,0,0,0,0,0
c_1839,LABUSDT,1779814800000,0,test,control,,0.1839955180857135,0.25518795141254375,0,-0.006260147885616834,0,0.9050216175478957,17,0.0007374650554015228,-0.0004171217484554573,0.0047042901981192795,0.061929397183273824,5e-05,0.0,51.8353,0.0,1.0,0,0,0,0,0
c_1840,LABUSDT,1763182800000,0,test,control,,0.44601586412411764,0.31522107522979687,0,-0.06613484684809626,1,0.6350701091736949,5,-0.003227563454146561,0.04048107113212314,0.030736152518128616,-0.020635641098322534,5e-05,-0.00033580999999999997,0.0,0.0,0.5,0,0,0,0,0
c_1841,LABUSDT,1765576800000,0,test,control,,0.6440168239370628,0.9480079295849557,0,0.16584972308214077,0,0.6933727034120735,22,-9.982253771073647e-05,0.008626989949957165,-0.005182002517492119,0.11754273333264484,5e-05,0.00067044,0.0,0.0,0.5,0,0,0,0,0
c_1842,LABUSDT,1769554800000,0,test,control,,0.6028900828910384,1.891865415530148,1,-0.23311563011878314,0,0.8688524590163935,23,0.0018373867777784672,0.0005010185243970921,0.0398611594451493,-0.058943580929576106,5e-05,0.0,0.0,0.0,0.5,0,0,0,0,0
c_1843,LABUSDT,1772319600000,0,test,control,,0.4190089138310051,0.6326119967393448,0,-0.06774621173683797,0,0.9220915337137533,23,0.005947382312011001,-0.004456139727485867,-0.011415323716233479,0.026072407703102145,5e-05,0.0,0.0,0.0,0.5,0,0,0,0,0
c_1844,LABUSDT,1779742800000,0,test,control,,0.12665971745269514,0.1947660067408623,0,-0.16037082393804714,0,0.8527031851176073,21,-0.0020619275922345148,0.0028645011194868633,0.0036053963824118295,0.000926109982092093,5e-05,0.0,0.0,0.0,0.5,0,0,0,0,0
c_1845,LABUSDT,1762700400000,0,test,control,,0.5108531298925645,0.47532531090998453,0,-0.10214005419128618,0,0.6957949038611849,15,0.001132410362186631,0.01774788033966491,0.004443724325602864,-0.019994926162973797,5e-05,0.0,0.0,0.0,0.5,0,0,0,0,0
c_1846,LABUSDT,1766714400000,0,test,control,,0.735405788271448,1.0398273483455474,0,0.0057227194422837255,1,0.6531394431292977,2,0.0034690444338545414,-0.003497616648273011,-0.023467286051567473,0.0840687664368898,5e-05,-3.889999999999998e-06,0.0,0.0,0.5,0,0,0,0,0
c_1847,LABUSDT,1769662800000,0,test,control,,1.8979622298595706,1.2255978269542906,0,0.014451782962953932,0,0.9877450980392156,5,0.0030305716155775825,0.01619848015482655,0.07059173964838578,-0.017203007323007048,5e-05,0.0,0.0,0.0,0.5,0,0,0,0,0
c_1848,LABUSDT,1773662400000,0,test,control,,1.8340675779906683,2.2014755768277374,1,0.11777409319144841,0,0.905297949798812,12,-0.0031215463994412824,-0.018005024867853416,0.008788786812129187,-0.053585402875731256,5e-05,0.0,0.0,0.0,0.5,0,0,0,0,0
c_1849,LABUSDT,1779814800000,0,test,control,,0.1839955180857135,0.25518795141254375,0,-0.006260147885616834,0,0.9050216175478957,17,0.0007374650554015228,-0.0004171217484554573,0.0047042901981192795,0.061929397183273824,5e-05,0.0,51.8353,0.0,1.0,0,0,0,0,0
c_1850,LABUSDT,1762700400000,0,test,control,,0.5108531298925645,0.47532531090998453,0,-0.10214005419128618,0,0.6957949038611849,15,0.001132410362186631,0.01774788033966491,0.004443724325602864,-0.019994926162973797,5e-05,0.0,0.0,0.0,0.5,0,0,0,0,0
c_1851,LABUSDT,1765519200000,0,test,control,,1.8713303927156937,1.110715919359564,0,-0.05239331575053661,0,0.7115485564304461,6,0.0005327235164949075,-0.007464485229337619,-0.017241633297694285,0.13598326026718693,-0.00051354,-0.0005635400000000001,0.0,0.0,0.5,0,0,0,0,0
c_1852,LABUSDT,1770044400000,0,test,control,,0.43477388652601817,0.4060285055986781,0,0.08380279665540381,0,0.7819794584500467,15,-0.004790711775684675,0.004385037364163521,-0.014771864195672313,-0.01778038242413431,5e-05,0.0,0.0,0.0,0.5,0,0,0,0,0
c_1853,LABUSDT,1773547200000,0,test,control,,4.526938817154323,3.131820861343823,3,0.10587594484812228,0,0.9851425712856429,4,-0.0012548246326555684,0.02362686252692469,0.06563378729365495,-0.053755358510556586,0.00018409,-2.346999999999999e-05,0.0,0.0,0.5,0,0,0,0,0
c_1854,LABUSDT,1779814800000,0,test,control,,0.1839955180857135,0.25518795141254375,0,-0.006260147885616834,0,0.9050216175478957,17,0.0007374650554015228,-0.0004171217484554573,0.0047042901981192795,0.061929397183273824,5e-05,0.0,51.8353,0.0,1.0,0,0,0,0,0
c_1855,LABUSDT,1762700400000,0,test,control,,0.5108531298925645,0.47532531090998453,0,-0.10214005419128618,0,0.6957949038611849,15,0.001132410362186631,0.01774788033966491,0.004443724325602864,-0.019994926162973797,5e-05,0.0,0.0,0.0,0.5,0,0,0,0,0
c_1856,LABUSDT,1765940400000,0,test,control,,0.22041462586225952,0.23565293161496928,0,0.12080966033710866,1,0.8498904881101376,3,-0.000746132224228192,0.004738207883036124,0.0016551374923543059,0.043488138990084024,5e-05,0.0,0.0,0.0,0.5,0,0,0,0,0
c_1857,LABUSDT,1769860800000,0,test,control,,0.5597822055088089,0.39779076097462096,0,-0.04289506670094292,0,0.832282913165266,12,-0.0016566230635134736,0.002159310254045569,-0.005802739409079011,-0.030772797742854952,5e-05,0.0,0.0,0.0,0.5,0,0,0,0,0
c_1858,LABUSDT,1772503200000,0,test,control,,0.45059477872102616,0.8720885707273658,0,0.250676950238586,0,0.9389192966111564,2,-0.004739913021944196,-0.0010350511353547196,-0.017843027051724206,-0.01039211094995646,5e-05,0.0,0.0,0.0,0.5,0,0,0,0,0
c_1859,LABUSDT,1779814800000,0,test,control,,0.1839955180857135,0.25518795141254375,0,-0.006260147885616834,0,0.9050216175478957,17,0.0007374650554015228,-0.0004171217484554573,0.0047042901981192795,0.061929397183273824,5e-05,0.0,51.8353,0.0,1.0,0,0,0,0,0
c_1860,LABUSDT,1762700400000,0,test,control,,0.5108531298925645,0.47532531090998453,0,-0.10214005419128618,0,0.6957949038611849,15,0.001132410362186631,0.01774788033966491,0.004443724325602864,-0.019994926162973797,5e-05,0.0,0.0,0.0,0.5,0,0,0,0,0
c_1861,LABUSDT,1765699200000,0,test,control,,3.3663070882880017,2.614622436764519,3,-0.0030686552380526162,1,0.7563648293963254,8,0.0011109261417236093,0.06820327922150625,0.07400049562232737,0.1183760044294835,0.00012671,-0.00022973,0.0,0.0,0.5,0,0,0,0,0
c_1862,LABUSDT,1769954400000,0,test,control,,0.216480508897371,0.45976459817085247,0,-0.16319726906654372,0,0.7818627450980391,14,-0.001783970028283496,-0.0017319983979433985,-0.0035022070808601873,-0.006147136542171746,5e-05,0.0,0.0,0.0,0.5,0,0,0,0,0
c_1863,LABUSDT,1772258400000,0,test,control,,1.8181412139101152,1.2772421605372692,0,-0.3133562732822725,0,0.9735802469135802,6,-0.001118356899073534,-0.012159985725939388,-0.01491960920692946,0.046403729877581054,5e-05,0.0,0.0,0.0,0.5,0,0,0,0,0
c_1864,LABUSDT,1779814800000,0,test,control,,0.1839955180857135,0.25518795141254375,0,-0.006260147885616834,0,0.9050216175478957,17,0.0007374650554015228,-0.0004171217484554573,0.0047042901981192795,0.061929397183273824,5e-05,0.0,51.8353,0.0,1.0,0,0,0,0,0
c_1865,LABUSDT,1762700400000,0,test,control,,0.5108531298925645,0.47532531090998453,0,-0.10214005419128618,0,0.6957949038611849,15,0.001132410362186631,0.01774788033966491,0.004443724325602864,-0.019994926162973797,5e-05,0.0,0.0,0.0,0.5,0,0,0,0,0
c_1866,LABUSDT,1765688400000,0,test,control,,3.1620035484786553,1.7531879007328535,1,-0.05287329789079565,0,0.7344488188976378,5,-0.0006982752601075344,-0.0025285152278440967,0.02214891619211204,0.11606526211526073,0.00012671,-0.00022973,0.0,0.0,0.5,0,0,0,0,0
c_1867,LABUSDT,1769619600000,0,test,control,,1.2381951144867498,1.3021166922771725,0,-0.18727992683042405,0,0.8882214237592634,17,0.0016144107400799686,-0.01794235808919953,-0.017601150955358566,-0.08439552481204586,5e-05,0.0,0.0,0.0,0.5,0,0,0,0,0
c_1868,LABUSDT,1772506800000,0,test,control,,1.1595000637976516,0.9444292780776432,0,-0.09707946095814134,0,0.9257598695702806,3,-0.003586779697517337,-0.0017213660179220304,-0.014563087797298726,-0.011533314818002419,5e-05,0.0,0.0,0.0,0.5,0,0,0,0,0
c_1869,LABUSDT,1779577200000,0,test,control,,0.1315119698182699,0.1533662470635039,0,0.012510551230934596,1,0.7995259618564656,23,-0.002930526973872724,-0.009025175101056642,-0.008137302035511575,0.017420063952887387,5e-05,0.0,0.0,0.0,0.5,0,0,0,0,0
c_1870,LABUSDT,1763074800000,0,test,control,,0.2681755535639269,0.3320577974360327,0,-0.15284288557118106,1,0.5248554009692044,23,0.010697206778576425,-0.013527062590612,0.006144267514793529,0.0324570273309074,5e-05,0.0,0.0,0.0,0.5,0,0,0,0,0
c_1871,LABUSDT,1765551600000,0,test,control,,3.3437143043778392,3.8359646946941117,4,0.034645925933107696,1,0.699015748031496,15,0.001423125739066188,-0.01057169200062379,0.040065793917241105,0.12898780585579106,-0.00062044,-0.00010689999999999994,0.0,0.0,0.5,0,0,0,0,0
c_1872,LABUSDT,1769781600000,0,test,control,,0.771092703445099,0.4535903307974774,0,-0.1650116245244789,0,0.8589519140989728,14,-0.0005788323778773496,-0.0022969789865499965,-0.010221963776646291,-0.0011335024211828583,5e-05,0.0,0.0,0.0,0.5,0,0,0,0,0
c_1873,LABUSDT,1773633600000,0,test,control,,0.6687632500429731,1.6603432227347765,2,-0.04094774928599526,0,0.960193523663537,4,0.01460242739141644,-0.0013255512585755777,0.0037198870117940647,-0.05312558776690146,5e-05,0.0,0.0,0.0,0.5,0,0,0,0,0
c_1874,LABUSDT,1779814800000,0,test,control,,0.1839955180857135,0.25518795141254375,0,-0.006260147885616834,0,0.9050216175478957,17,0.0007374650554015228,-0.0004171217484554573,0.0047042901981192795,0.061929397183273824,5e-05,0.0,51.8353,0.0,1.0,0,0,0,0,0
p_375,LINKUSDT,1715868000000,1,train,main,21.8513,1.3581097556033979,1.3107054692609208,1,-0.004326748823390491,1,0.9629681191702631,14,0.004897175977009968,-0.004145289548765314,-0.01599169120076133,0.057468484978981146,0.0001,2.112e-05,0.0,0.0,0.5,0,0,0,0,0
p_376,LINKUSDT,1722859200000,1,train,main,21.8524,11.023214202535028,8.518797494680394,4,0.04177739354809559,0,0.611616818378847,12,-0.0009208766434142843,-0.029419662207855888,-0.049933317907768816,0.18193433543892668,-4.06e-05,1.009e-05,0.0,0.0,0.5,0,0,0,0,0
p_377,LINKUSDT,1733083200000,1,train,main,34.9775,0.8385516755509486,1.032458970660214,0,0.03797839971792095,0,0.9626110626059267,20,0.0005803328888229755,0.004056695642941067,-0.0006172351681211657,-0.06092423036154006,0.00010836,-8.533e-05,0.0,0.0,0.5,0,1,0,0,0
p_378,LINKUSDT,1733961600000,1,train,main,21.392,0.8418137082723818,0.672297570785999,0,-0.04465066212179029,0,0.8774475843208751,0,-0.0007194521885478916,0.004385519886291806,0.027652544420614943,-0.01395874802741558,0.0001,0.0,0.0,0.0,0.5,0,1,0,0,0
p_379,LINKUSDT,1737284400000,1,train,main,18.3981,1.799559246969489,2.5328948714075508,2,-0.0804894473325177,0,0.8895385095104459,11,-0.004483772561325451,0.007992954086497276,0.027046973657722965,0.06018995298966876,0.0001,0.0,0.0,0.0,0.5,0,1,1,0,0
p_380,LINKUSDT,1738548000000,1,train,main,27.899,9.751302752135684,6.12056988486276,4,-0.1068875111011952,0,0.6617107403624257,2,-0.031682088558911886,-0.021208942655453034,-0.05518371005945682,0.12527735737592982,8.844e-05,0.00028137,0.0,0.0,0.5,0,0,0,0,0
p_381,LINKUSDT,1744005600000,1,train,main,15.9608,3.354486132951888,3.0354838075167097,3,0.0008425620415740795,1,0.7592026670370885,6,-0.0005717263146131947,0.011122987408826496,0.01575595304250221,0.15857549184094488,-0.00010555,-0.00018771,0.0,0.0,0.5,0,1,0,0,0
p_382,LINKUSDT,1755396000000,1,train,main,15.1757,0.9059057584943252,0.6252711447929199,0,-0.19532193348757013,0,0.907277802500101,2,0.0015315150822240158,0.003426811840843476,0.010400948807511454,0.23944717986732753,-5.426e-05,-0.00015426,0.0,0.0,0.5,0,0,1,0,0
c_1875,LINKUSDT,1714608000000,0,train,control,,,,0,-0.04989493982809635,1,0.9873436459181408,0,0.007772490878514378,-0.0025730042997722346,-0.01926190155910839,,8.563e-05,1.2600000000000008e-05,0.0,0.0,0.5,0,0,0,0,0
c_1876,LINKUSDT,1727445600000,0,train,control,,1.5896648295815206,1.3330803572644776,0,-0.04966155859550504,0,0.9853946550652579,14,-0.0009846159465172002,-0.0032525476355073878,-0.0022718135301713844,0.05463376095933084,0.0001,0.0,0.0,0.0,0.5,0,0,0,0,0
c_1877,LINKUSDT,1736600400000,0,train,control,,0.38231367138420436,0.3967495369302466,0,-0.08051525396179819,0,0.8090590085911347,13,-0.0006904908935564232,-0.0019334419146662578,-0.0011650448724233077,-0.01511573067319916,0.0001,0.0,0.0,0.0,0.5,0,0,0,0,0
c_1878,LINKUSDT,1751479200000,0,train,control,,3.1030287238569656,2.8907552815417907,2,-0.03085424479691698,0,0.9820475847152128,18,-0.002598592444331851,0.0007619077969114766,-0.025225468121880572,-0.01800756384908407,0.0001,0.00015407000000000002,0.0,0.0,0.5,0,0,0,0,0
c_1879,LINKUSDT,1761868800000,0,train,control,,1.1313193077339219,1.240748677240829,0,-0.03931303826237766,1,0.8809298908480268,0,0.0037530583995542587,0.010778125668828038,0.011648980204875259,0.039294198979394325,-0.00018715,-0.00021582,0.0,0.0,0.5,0,0,0,0,0
c_1880,LINKUSDT,1715022000000,0,train,control,,,,0,0.04122955473372461,0,0.9699248120300751,19,0.003426669432493527,-0.0002912840282781919,-0.003617907867485265,,0.0001,0.0,0.0,0.0,0.5,0,0,0,0,0
c_1881,LINKUSDT,1728018000000,0,train,control,,0.7488140855748999,0.9549918404711967,0,0.01856049295675436,0,0.8300709001233045,5,0.0006565050624746631,0.006424806541247214,0.0036470257270451506,0.06773920402478296,-2.44e-05,1.0510000000000003e-05,0.0,0.0,0.5,0,0,0,0,0
c_1882,LINKUSDT,1738339200000,0,train,control,,2.099576358257355,1.6176112392284379,1,0.11911330237021947,0,0.9813179733980067,16,0.009573067068936618,0.0069741438170574065,0.03802556059304274,0.0987419691442966,0.0001,0.0,0.0,0.0,0.5,0,0,0,0,0
c_1883,LINKUSDT,1748322000000,0,train,control,,0.7262179941358855,0.9573126832618853,0,0.06052195201792077,0,0.9036959309781976,5,0.0004667191572595768,0.004573618608389329,-0.004595589524927111,0.010940435410820078,4.343e-05,-2.3330000000000002e-05,0.0,0.0,0.5,0,0,0,0,0
c_1884,LINKUSDT,1761868800000,0,train,control,,1.1313193077339219,1.240748677240829,0,-0.03931303826237766,1,0.8809298908480268,0,0.0037530583995542587,0.010778125668828038,0.011648980204875259,0.039294198979394325,-0.00018715,-0.00021582,0.0,0.0,0.5,0,0,0,0,0
c_1885,LINKUSDT,1714608000000,0,train,control,,,,0,-0.04989493982809635,1,0.9873436459181408,0,0.007772490878514378,-0.0025730042997722346,-0.01926190155910839,,8.563e-05,1.2600000000000008e-05,0.0,0.0,0.5,0,0,0,0,0
c_1886,LINKUSDT,1726693200000,0,train,control,,1.9915937144989877,2.9827835245336685,2,0.08801261354459332,0,0.9208863498658356,21,0.002923801241490989,0.008077652855520114,0.0010600101782929743,0.06525514421226387,2.018e-05,-3.104e-05,0.0,0.0,0.5,0,0,0,0,0
c_1887,LINKUSDT,1738976400000,0,train,control,,0.8972895028647712,1.1829893717019073,0,-0.054422090094858294,1,0.7135095561035758,1,0.0016442986071153324,-0.0031348870243524175,-0.014714334799202382,-0.05449651818750885,6.444e-05,7.242e-05,0.0,0.0,0.5,0,0,0,0,0
c_1888,LINKUSDT,1748833200000,0,train,control,,0.5161609718154948,0.5483817077264888,0,-0.09667831174246706,0,0.8577165451624861,3,-0.0032346697351882284,-0.0019863712580514728,-0.00940639506429871,0.08645532779267492,6.172e-05,0.00010624,0.0,0.0,0.5,0,0,0,0,0
c_1889,LINKUSDT,1761868800000,0,train,control,,1.1313193077339219,1.240748677240829,0,-0.03931303826237766,1,0.8809298908480268,0,0.0037530583995542587,0.010778125668828038,0.011648980204875259,0.039294198979394325,-0.00018715,-0.00021582,0.0,0.0,0.5,0,0,0,0,0
c_1890,LINKUSDT,1716699600000,0,train,control,,1.4371959705431736,1.9037803062997702,2,-0.013447720952102714,0,0.9933344535932337,5,-0.0014429784696612272,0.0006886100545917298,0.015161090557571012,0.015562856844829071,0.0001,0.0,0.0,0.0,0.5,0,0,0,0,0
c_1891,LINKUSDT,1728478800000,0,train,control,,1.928288969287758,1.1623000911203718,0,-0.1504806282401248,0,0.9040734756356833,13,-0.003628304636059909,0.01604598237390697,0.02672608266889852,0.2346161889007683,0.0001,0.0,0.0,0.0,0.5,0,0,0,0,0
c_1892,LINKUSDT,1739966400000,0,train,control,,0.71198801317838,0.8869845688077598,0,-0.026981501348639404,1,0.9128024193548386,12,0.001080093054170821,0.014105116550127332,0.012010930285563435,0.224671523394667,2.228e-05,0.00022747000000000002,0.0,0.0,0.5,0,0,0,0,0
c_1893,LINKUSDT,1748466000000,0,train,control,,0.7031566286250002,0.8714995729814242,0,-0.0027723843491868415,1,0.9017138859741168,21,0.003662503356125361,0.0023852227213499214,-0.0006545651480644616,0.030991778949801638,7.801e-05,1.3859999999999993e-05,0.0,0.0,0.5,0,0,0,0,0
c_1894,LINKUSDT,1761868800000,0,train,control,,1.1313193077339219,1.240748677240829,0,-0.03931303826237766,1,0.8809298908480268,0,0.0037530583995542587,0.010778125668828038,0.011648980204875259,0.039294198979394325,-0.00018715,-0.00021582,0.0,0.0,0.5,0,0,0,0,0
c_1895,LINKUSDT,1714608000000,0,train,control,,,,0,-0.04989493982809635,1,0.9873436459181408,0,0.007772490878514378,-0.0025730042997722346,-0.01926190155910839,,8.563e-05,1.2600000000000008e-05,0.0,0.0,0.5,0,0,0,0,0
c_1896,LINKUSDT,1728140400000,0,train,control,,0.7686939932603611,0.7174944995359438,0,0.014863611656364031,0,0.8699136868064118,15,0.0006873969709457598,0.002074835529180148,-0.0054951585747898485,0.11129035207522193,5.78e-05,-2.099999999999997e-06,0.0,0.0,0.5,0,0,0,0,0
c_1897,LINKUSDT,1741161600000,0,train,control,,2.127832585411579,1.2900285595254866,1,-0.02971439342281484,1,0.8806753365274925,8,0.001429406201793276,0.024461331607420502,0.03133408181177793,0.06986147796524997,-5.198e-05,-9.081e-05,0.0,0.0,0.5,0,0,0,0,0
c_1898,LINKUSDT,1751371200000,0,train,control,,0.5096721198414779,0.7239561444627328,0,0.061284760854386326,1,0.946503244412401,12,0.0011114399394956047,-0.0005625682764563622,0.00830579828411812,0.18096798290240823,5.91e-06,-2.952e-05,0.0,0.0,0.5,0,0,0,0,0
c_1899,LINKUSDT,1760194800000,0,train,control,,1.3515365030943465,1.6455947866644332,1,-0.018110578455274723,0,0.746450389719823,15,-0.002442771766157013,-0.005696262413717834,-0.028055936073509962,0.8846704152901077,-1.09e-05,-0.00011090000000000001,0.0,0.0,0.5,0,0,0,0,0
c_1900,LINKUSDT,1716130800000,0,train,control,,4.433046630092492,4.1040662477838925,4,-0.017392019877030505,1,0.9890175126150194,15,-0.001710179747950035,0.018711093054744773,0.0296821021371559,0.11405042794618922,0.0001,0.0,0.0,0.0,0.5,0,0,0,0,0
c_1901,LINKUSDT,1727812800000,0,train,control,,1.7701932013816688,4.583964949838885,3,-0.019918274794382042,0,0.8511868064118372,20,-0.0037468594637247586,-0.0037144864973396247,-0.015022177508894813,0.0862416683993363,4.622e-05,-4.722e-05,0.0,0.0,0.5,0,0,0,0,0
c_1902,LINKUSDT,1736964000000,0,train,control,,1.2015606071789955,2.1263769451311303,2,-0.09319401362958286,0,0.9731684981684983,18,-0.0035533815741602237,-0.0022182075887208375,0.0040230491281500755,0.06566514504630783,9.528e-05,-4.720000000000009e-06,0.0,0.0,0.5,0,0,0,0,0
c_1903,LINKUSDT,1750377600000,0,train,control,,0.5038599515312671,0.6007465680693168,0,0.15587833646776264,1,0.9227889234246962,0,0.0005758181256451568,0.0002263490956748754,0.006412603215259104,0.08238805027677651,7.042e-05,4.296999999999999e-05,0.0,0.0,0.5,0,0,0,0,0
c_1904,LINKUSDT,1761868800000,0,train,control,,1.1313193077339219,1.240748677240829,0,-0.03931303826237766,1,0.8809298908480268,0,0.0037530583995542587,0.010778125668828038,0.011648980204875259,0.039294198979394325,-0.00018715,-0.00021582,0.0,0.0,0.5,0,0,0,0,0
c_1905,LINKUSDT,1714608000000,0,train,control,,,,0,-0.04989493982809635,1,0.9873436459181408,0,0.007772490878514378,-0.0025730042997722346,-0.01926190155910839,,8.563e-05,1.2600000000000008e-05,0.0,0.0,0.5,0,0,0,0,0
c_1906,LINKUSDT,1728313200000,0,train,control,,3.2014505847912003,1.883939336515679,1,-0.042681155816759804,1,0.9436642717178315,15,0.008281570234904665,0.0033533219702223506,-0.0013275547488090947,0.1596744071949727,0.0001,6.855000000000001e-05,0.0,0.0,0.5,0,0,0,0,0
c_1907,LINKUSDT,1739296800000,0,train,control,,1.0305379261639078,1.0816276612767737,0,-0.14437545571527843,0,0.8822145914671433,18,-0.002159289095590067,-0.004936149073119973,0.0034054391422865967,0.11918790876460267,4.106e-05,0.00010048,0.0,0.0,0.5,0,0,0,0,0
c_1908,LINKUSDT,1750557600000,0,train,control,,1.3309684388869973,2.5934044797891667,3,-0.13090105920017342,0,0.8440237355185081,2,-0.004426388316124379,-0.00794697023882614,-0.016683629573789948,-0.07643845395608023,9.349e-05,5.219e-05,0.0,0.0,0.5,0,0,0,0,0
c_1909,LINKUSDT,1761868800000,0,train,control,,1.1313193077339219,1.240748677240829,0,-0.03931303826237766,1,0.8809298908480268,0,0.0037530583995542587,0.010778125668828038,0.011648980204875259,0.039294198979394325,-0.00018715,-0.00021582,0.0,0.0,0.5,0,0,0,0,0
c_1910,LINKUSDT,1714791600000,0,train,control,,,,0,-0.0773976609789603,0,0.9898527235571841,3,-0.0025639760568244344,0.0007047585000460348,0.0019644203970539294,,4.226e-05,-3.99e-05,0.0,0.0,0.5,0,0,0,0,0
c_1911,LINKUSDT,1727136000000,0,train,control,,0.8076417476750108,0.8208397058457411,0,0.06840307377450022,0,0.9705982614624169,0,0.001761335133176289,-0.0005125745138719737,0.010983232282789666,0.08769817426577756,7.021e-05,3.3029999999999994e-05,0.0,0.0,0.5,0,0,0,0,0
c_1912,LINKUSDT,1737972000000,0,train,control,,1.6385422595665375,2.607862156000663,2,0.11148837017661493,0,0.8346691176470589,10,0.003830817675505872,0.00514869862762506,0.0005049751446580544,0.06714013881851746,7.99e-05,3.097e-05,0.0,0.0,0.5,0,0,0,0,0
c_1913,LINKUSDT,1751842800000,0,train,control,,1.1645261943387188,0.8298314476792732,0,0.0014815602443902826,0,0.9649683791657784,23,0.00021069641577914618,-0.0016481357079710425,-0.009657266848777803,0.021741148710549912,9.077e-05,8.783e-05,0.0,0.0,0.5,0,0,0,0,0
c_1914,LINKUSDT,1761868800000,0,train,control,,1.1313193077339219,1.240748677240829,0,-0.03931303826237766,1,0.8809298908480268,0,0.0037530583995542587,0.010778125668828038,0.011648980204875259,0.039294198979394325,-0.00018715,-0.00021582,0.0,0.0,0.5,0,0,0,0,0
p_383,NEARUSDT,1722859200000,1,train,main,17.8616,7.570706881959176,5.183097101465205,4,0.006829530407184231,0,0.582963620230701,12,-0.0009208766434142843,-0.03876663265683568,-0.05461480117098598,0.369815466172222,4.79e-06,1.387e-05,0.0,0.0,0.5,0,0,0,0,0
p_384,NEARUSDT,1727038800000,1,train,main,16.6517,1.4960412871888282,1.4591709444168461,0,-0.06590976772492543,0,0.9678175618073317,21,0.0008030779904359964,-0.002788770904633245,-0.004017236076021988,0.17508403739795686,0.0001,0.0,0.0,0.0,0.5,0,0,0,0,0
p_385,NEARUSDT,1731268800000,1,train,main,21.0929,4.180092652358535,2.6903820209881935,4,-0.1168375023621482,0,0.956021787371394,20,-0.010397882721209359,-0.03952344985096762,-0.08416136281908798,0.0727911512000792,0.0001992,9.919999999999999e-05,0.0,0.0,0.5,0,1,0,0,0
p_386,NEARUSDT,1731693600000,1,train,main,17.5061,1.7138944981724653,3.04097835536473,3,-0.018643696874664134,0,0.9286458333333334,18,0.0012135718719765562,0.004558828703945532,0.0008211513227761719,0.16222654903121886,0.0001,0.0,0.0,0.0,0.5,0,1,1,0,0
p_387,NEARUSDT,1737331200000,1,train,main,15.65,7.479647398776057,6.083212266321096,3,-0.033008073333009647,0,0.8461407684461069,0,-0.020166987921277923,-0.006050453150666572,-0.018033782870380075,0.0865226278651841,0.0001,0.00010808000000000001,0.0,0.0,0.5,0,1,1,0,0
p_388,NEARUSDT,1738548000000,1,train,main,27.3432,20.140414214777675,10.969030469691988,4,-0.061783358718482465,0,0.6432845058799257,2,-0.031682088558911886,-0.03969293110935519,-0.04010771872861509,0.02633307578357355,-0.0002485,-0.00018626000000000002,0.0,0.0,0.5,0,0,0,0,0
p_389,NEARUSDT,1758139200000,1,train,main,16.7394,3.1157445092959986,3.134102033060061,3,-0.016250641719846193,1,0.9594875346260388,20,0.0035030876657455323,0.026789110690828948,0.02074439333646274,0.24058703248526556,9.386e-05,4.48e-05,0.0,0.0,0.5,0,0,0,0,0
p_390,NEARUSDT,1762448400000,1,test,main,41.1411,4.069755638528175,4.917283385069642,4,-0.10719967795901322,0,0.8810172570390554,17,-0.011286349694454686,-0.01658935195155127,0.10728848698031199,-0.0025655650082682946,-6.588e-05,-0.00011001,0.0,0.0,0.5,0,1,0,0,0
p_391,NEARUSDT,1770336000000,1,test,main,15.8228,4.08676036795502,7.997423459467799,4,0.005561433190988673,1,0.7067342505430847,0,-0.015820609999890396,0.015266752554157518,0.04297386802820648,0.03624730719671554,-5.13e-06,-4.061e-05,0.0,0.0,0.5,0,1,0,0,0
p_392,NEARUSDT,1771974000000,1,test,main,27.6684,0.45327979608893926,0.6053849015438955,0,0.05423605879865002,1,0.8736462093862815,23,0.0012904394993220635,-0.003213401748516649,-0.010946143098540629,0.10341711788857798,-7.12e-05,-0.00011464,0.0,0.0,0.5,0,1,0,0,0
p_393,NEARUSDT,1772402400000,1,test,main,21.3086,1.1267076327773842,1.3376642573447186,0,0.09866837629233008,0,0.8961965134706814,22,0.005725170368259107,0.0016010752176439213,0.004159711297535153,0.2136797182970535,-7.039e-05,0.00022141,0.0,0.0,0.5,0,1,0,0,0
p_394,NEARUSDT,1777996800000,1,test,main,19.7161,0.8032186857519864,1.2567372297876263,0,-0.02990290664814317,0,0.9257641921397379,16,0.0025170974397205757,-0.003198875291130722,-0.001257235534587118,0.09464920224090773,6.071e-05,-1.9469999999999995e-05,0.0,0.0,0.5,0,0,0,0,0
p_395,NEARUSDT,1779368400000,1,test,main,32.9696,1.7419102049767647,2.3080332666588523,2,0.13302299737182657,0,0.9804031354983201,13,0.0011223810029887713,-0.0007456523592187865,-0.006154909466216857,0.07607471587985956,-5.657e-05,-0.00010763,15853.5256,34.004169999999995,0.9978596943330857,0,0,0,1,0
p_396,NEARUSDT,1779519600000,1,test,main,20.9176,3.610302317768809,3.273624575645773,4,-0.09804334876279433,0,0.8818493150684932,7,-0.001060332944544587,-0.011442041747558359,-0.008468025077494137,0.07133102850299114,0.0001,2.7840000000000005e-05,0.0,4624.84681,0.0,0,0,0,1,0
p_397,NEARUSDT,1779678000000,1,test,main,18.7473,6.280597716598909,3.974075986899708,4,-0.032089386916449525,1,0.9414109206855321,3,0.0020609682519868514,0.0014364444945593826,-0.016454383782113967,0.04718696529413844,7.598e-05,-2.4020000000000004e-05,168.50945,85103.94603,0.001976129912660045,0,0,0,1,0
c_1915,NEARUSDT,1714726800000,0,train,control,,,,0,-0.0708144154410187,0,0.9608026131591226,9,0.0007065811782326158,-0.005915726394732327,-0.03977328728794247,,4.638e-05,6.897e-05,0.0,0.0,0.5,0,0,0,0,0
c_1916,NEARUSDT,1727805600000,0,train,control,,11.257411384417827,8.47311758769308,4,-0.08837175951675091,1,0.8399182561307903,18,-0.00485447777927259,-0.034344152419103345,-0.09259793661969389,0.03024543368066772,3.174e-05,-2.5170000000000005e-05,0.0,0.0,0.5,0,0,0,0,0
c_1917,NEARUSDT,1739160000000,0,train,control,,2.6936000071172943,2.138447062547439,3,-0.08325281001191039,1,0.8260869565217391,4,0.010500770641282207,0.027457454910498946,0.007134036031441941,0.15065430899728496,6.1e-06,5.107e-05,0.0,0.0,0.5,0,0,0,0,0
c_1918,NEARUSDT,1752087600000,0,train,control,,1.449754756820296,1.1531102918657317,0,0.04857294744781539,0,0.9686573485811096,19,0.003457112376315771,-0.0038742853825337624,-0.005429704399005862,0.08429719491015272,0.0001,0.0,0.0,0.0,0.5,0,0,0,0,0
c_1919,NEARUSDT,1761480000000,0,train,control,,1.356443419930973,1.1032228616309316,0,0.05680681845575641,0,0.9966144731273805,12,0.00720479038507381,0.0029856355789774475,-0.0027576760752291225,0.16742302452034957,-1.52e-05,-5.58e-05,0.0,0.0,0.5,0,0,0,0,0
c_1920,NEARUSDT,1714608000000,0,train,control,,,,0,0.06062799571464921,0,0.9544252605381863,0,0.007772490878514378,-0.01396560653264974,0.005739867365014531,,4.996e-05,-5.004e-05,0.0,0.0,0.5,0,0,0,0,0
c_1921,NEARUSDT,1727632800000,0,train,control,,2.7974977016029694,2.2369174139378,2,-0.04445367971161599,1,0.9528269754768393,18,0.0007453480395064883,0.009297601647705102,0.07571380789282432,-0.041145715070074466,0.0001,0.0,0.0,0.0,0.5,0,0,0,0,0
c_1922,NEARUSDT,1739808000000,0,train,control,,3.5888981733770104,2.180806276754183,2,0.08160999386109967,1,0.9162072767364938,16,-0.011963238052522147,0.010758524451622169,0.02518582775902045,0.11579531238130195,0.0001,0.00033857,0.0,0.0,0.5,0,0,0,0,0
c_1923,NEARUSDT,1749070800000,0,train,control,,1.8763698592926603,0.9145383549736513,0,-0.27878423764415733,0,0.8143191702910674,21,-0.0029703329061393875,-0.017843494625032513,-0.015647357715364282,-0.0369624411483356,2.8e-07,-9.972e-05,0.0,0.0,0.5,0,0,0,0,0
c_1924,NEARUSDT,1761868800000,0,train,control,,1.2573915298479281,1.400341335594206,1,0.029657888127164127,0,0.8672456575682381,0,0.0037530583995542587,0.014177441928806954,0.026461108296604086,0.09312187855803962,-2.77e-05,3.310000000000004e-06,0.0,0.0,0.5,0,0,0,0,0
c_1925,NEARUSDT,1716674400000,0,train,control,,0.4163189927799988,0.5955055492571156,0,0.07856285550922987,0,0.9857279923242984,22,0.0006799758680904685,0.007329660711120553,0.036984119060724026,0.10679004418505175,0.0001,0.0,0.0,0.0,0.5,0,0,0,0,0
c_1926,NEARUSDT,1725537600000,0,train,control,,0.3549618774864567,0.574783312433663,0,-0.0750961954951772,0,0.836784140969163,12,-0.0014062689991700354,0.0024383435402209543,0.00040220982605325005,0.02866273769064323,0.0001,0.00020148,0.0,0.0,0.5,0,0,0,0,0
c_1927,NEARUSDT,1740632400000,0,train,control,,0.5659468252568156,1.3608993126704754,0,0.052539865962544535,1,0.8355299286106536,5,-0.0006868293141099397,0.003739746044400346,0.03020183049095055,0.5060944104778504,0.0001,0.00026722,0.0,0.0,0.5,0,0,0,0,0
c_1928,NEARUSDT,1750644000000,0,train,control,,1.0907166507101245,1.804519250978172,2,-0.12867966946995898,1,0.7992455993294216,2,0.001961332595602598,0.0064138681380445685,-0.01170795685346233,0.028563081125435655,-0.00011661,-0.00017360999999999999,0.0,0.0,0.5,0,0,0,0,0
c_1929,NEARUSDT,1760734800000,0,train,control,,0.5479646560169761,0.8016078134565781,0,0.0514156013053327,0,0.7211248744559758,21,0.005202205675065176,0.002602392235310391,0.008655219417457383,0.8313340910477381,-4.024e-05,-0.00011909,0.0,0.0,0.5,0,0,0,0,0
c_1930,NEARUSDT,1716440400000,0,train,control,,1.0077955711875966,0.7321897857373578,0,0.01257707326520968,0,0.9504752963267221,5,0.0015284270154511752,-0.007100806509036692,-0.005018326331187726,0.2065090086462695,0.0001,0.0,0.0,0.0,0.5,0,0,0,0,0
c_1931,NEARUSDT,1725879600000,0,train,control,,0.7694398642989216,1.0793568012380734,0,-0.001667335129966362,1,0.958282208588957,11,0.003778499737881372,2.6357242908347894e-05,-0.008274391709371519,-0.023691259138383783,0.0001,0.0,0.0,0.0,0.5,0,0,0,0,0
c_1932,NEARUSDT,1737651600000,0,train,control,,2.008724414992937,2.6958812762088957,3,-0.05316836597991013,1,0.8546412784767087,17,-0.001283790974882846,-0.004438295353555965,-0.014915787925437966,0.21605225895852234,0.0001,0.0,0.0,0.0,0.5,0,0,0,0,0
c_1933,NEARUSDT,1752411600000,0,train,control,,1.4538673890961193,0.8832275180073385,0,0.09130556154027926,0,0.9659219992427112,13,0.0029313066087408852,0.008030517236585006,0.0028922651602044944,-0.28380410989582705,0.0001,0.0,0.0,0.0,0.5,0,0,0,0,0
c_1934,NEARUSDT,1761868800000,0,train,control,,1.2573915298479281,1.400341335594206,1,0.029657888127164127,0,0.8672456575682381,0,0.0037530583995542587,0.014177441928806954,0.026461108296604086,0.09312187855803962,-2.77e-05,3.310000000000004e-06,0.0,0.0,0.5,0,0,0,0,0
c_1935,NEARUSDT,1716008400000,0,train,control,,0.37489281222543075,0.5432055744411818,0,0.09741819428662749,1,0.9365097993193287,5,-0.0008906303002588398,0.002360891664000629,0.002698214062471518,0.12387319542233005,1.724e-05,-8.276e-05,0.0,0.0,0.5,0,0,0,0,0
c_1936,NEARUSDT,1724014800000,0,train,control,,0.4605240853706772,0.5239446758594815,0,-0.08019762302235485,1,0.9121652292328644,21,0.0018869853314541442,0.0005313080001064733,-0.03475920095319538,0.1923452764380334,-3.111e-05,-3.657e-05,0.0,0.0,0.5,0,0,0,0,0
c_1937,NEARUSDT,1739714400000,0,train,control,,1.032180572923852,1.391842933241955,0,0.06459586843303322,1,0.9517640573318632,14,-0.002890197225575524,-0.005911026013198848,0.017195181070624767,0.10412066159544021,-0.00028672,-0.00024166000000000001,0.0,0.0,0.5,0,0,0,0,0
c_1938,NEARUSDT,1749394800000,0,train,control,,0.771983880967142,0.910889364819929,0,-0.03558240673376336,1,0.9347490347490347,15,0.0019704657498948452,-0.0009258029403924095,-0.01560204279663571,0.20468217052036572,0.0001,0.0,0.0,0.0,0.5,0,0,0,0,0
c_1939,NEARUSDT,1759910400000,0,train,control,,0.8013562159055388,1.1568355298317081,0,0.10122443661813646,0,0.9292230261088393,8,-0.0016312248971244595,-0.006430565998822581,-0.011509399447730915,0.10800653022904874,8.598e-05,-1.4020000000000005e-05,0.0,0.0,0.5,0,0,0,0,0
c_1940,NEARUSDT,1714719600000,0,train,control,,,,0,-0.06554199479115645,0,0.9685798724529476,7,-0.0046171947222455175,0.0031333398146042787,0.0026615295434154677,,9.745e-05,-2.5500000000000078e-06,0.0,0.0,0.5,0,0,0,0,0
c_1941,NEARUSDT,1728255600000,0,train,control,,0.37682873836267833,0.4205642813321507,0,0.13381420983905923,0,0.8778776978417268,23,0.0049570692432079864,0.000511831819155064,-0.0015092106595203973,0.06816351515050133,0.0001,0.0,0.0,0.0,0.5,0,0,0,0,0
c_1942,NEARUSDT,1738144800000,0,train,control,,0.9426393299682423,0.6825935199332315,0,-0.22590874596166752,0,0.8359878649981038,10,-0.0039433328465021174,0.005230375722116777,0.010605326401463265,-0.18431677140759667,-3.232e-05,1.729e-05,0.0,0.0,0.5,0,0,0,0,0
c_1943,NEARUSDT,1751720400000,0,train,control,,0.6622884693329408,0.566910365532966,0,-0.22248653557918652,0,0.8987717069038542,13,0.00043494717242694044,0.008190614852204924,0.002605141848804318,0.0026829850643259358,-0.00026989,-0.00022432000000000002,0.0,0.0,0.5,0,0,0,0,0
c_1944,NEARUSDT,1761868800000,0,train,control,,1.2573915298479281,1.400341335594206,1,0.029657888127164127,0,0.8672456575682381,0,0.0037530583995542587,0.014177441928806954,0.026461108296604086,0.09312187855803962,-2.77e-05,3.310000000000004e-06,0.0,0.0,0.5,0,0,0,0,0
c_1945,NEARUSDT,1714608000000,0,train,control,,,,0,0.06062799571464921,0,0.9544252605381863,0,0.007772490878514378,-0.01396560653264974,0.005739867365014531,,4.996e-05,-5.004e-05,0.0,0.0,0.5,0,0,0,0,0
c_1946,NEARUSDT,1727298000000,0,train,control,,0.7308418355996099,1.281542687607754,0,0.07948516803534729,0,0.959348104742721,21,0.005079839624015907,0.0019491646208607265,0.05049361098948575,0.04024531143468041,0.0001,0.0,0.0,0.0,0.5,0,0,0,0,0
c_1947,NEARUSDT,1740477600000,0,train,control,,2.642424626810236,5.781302957151216,4,-0.0772011159099082,0,0.785831960461285,10,-0.012265606728458998,0.007352588914367022,-0.03080446393141759,0.5515709773401034,-0.00017496,-0.0001891,0.0,0.0,0.5,0,0,0,0,0
c_1948,NEARUSDT,1749985200000,0,train,control,,0.6930804458722953,0.8118889746184067,0,0.18718717474530744,0,0.8183150183150183,11,0.001842070135962292,-0.0025072100452793707,-0.006170912926433713,0.04776272366260255,8.688e-05,0.00016097,0.0,0.0,0.5,0,0,0,0,0
c_1949,NEARUSDT,1761188400000,0,train,control,,0.40393307577173115,0.7246722213481962,0,-0.041574988169315166,0,0.9066442388561817,3,0.0024262841592227282,-0.003006653687732898,-0.022099325100431434,-0.003103157085116111,0.0001,0.00020637,0.0,0.0,0.5,0,0,0,0,0
c_1950,NEARUSDT,1761958800000,0,test,control,,0.6139303634272971,0.5165046038189484,0,0.07172999845306803,0,0.8693134822167079,1,0.0012085000269264957,-0.0059010185233837305,-0.028739326516886442,0.05758289357599635,2.808e-05,6.777e-05,0.0,0.0,0.5,0,0,0,0,0
c_1951,NEARUSDT,1765983600000,0,test,control,,4.799593425412918,2.1122983674131546,1,-0.015387633943307201,1,0.8503218884120171,15,0.02346338734171427,-0.012543112551414168,-0.0017378646790352724,0.12429143491441438,7.063e-05,-2.937e-05,0.0,0.0,0.5,0,0,0,0,0
c_1952,NEARUSDT,1769716800000,0,test,control,,2.495738419336386,3.008122200484361,4,-0.09462689603537519,1,0.8780645161290322,20,0.006453669603276092,0.0014835815168785255,-0.012530964907913885,0.16748521244651365,-7.951e-05,-0.00017951000000000002,0.0,0.0,0.5,0,0,0,0,0
c_1953,NEARUSDT,1775178000000,0,test,control,,0.5697632046968599,0.6715330199630701,0,-0.04782584088773234,0,0.9354838709677419,1,-0.0015956691117640905,0.0018480835577914065,0.004886606906253332,-0.12538239477336913,3.75e-06,-5.1139999999999995e-05,0.0,0.0,0.5,0,0,0,0,0
c_1954,NEARUSDT,1779192000000,0,test,control,,2.469864579865657,2.401076479911176,4,-0.14519416509341496,0,0.9449704142011834,12,-0.004268509644728021,-0.004920252966178012,0.009879254526980574,0.1354289699438315,5.151e-05,0.00012478,0.0,3272.74645,0.0,0,0,0,0,0
c_1955,NEARUSDT,1761958800000,0,test,control,,0.6139303634272971,0.5165046038189484,0,0.07172999845306803,0,0.8693134822167079,1,0.0012085000269264957,-0.0059010185233837305,-0.028739326516886442,0.05758289357599635,2.808e-05,6.777e-05,0.0,0.0,0.5,0,0,0,0,0
c_1956,NEARUSDT,1765587600000,0,test,control,,0.444541357361105,0.48930664686206754,0,-0.03500695593896656,0,0.8673740053050398,1,0.0005242182166383133,-0.0068164192566634845,-0.002653334602532676,0.01860662955075504,-2.826e-05,-2.391e-05,0.0,0.0,0.5,0,0,0,0,0
c_1957,NEARUSDT,1769421600000,0,test,control,,0.8780129675475437,0.8662184610518744,0,-0.15254892098735198,0,0.895679012345679,10,-0.00360329424553123,-0.0007733031566009496,0.005215658181057653,-0.01057145532095259,-3.649e-05,-1.835e-05,0.0,0.0,0.5,0,0,0,0,0
c_1958,NEARUSDT,1775307600000,0,test,control,,2.1024528890919867,1.019484664353161,1,0.1757183644334383,0,0.9975980784627702,13,-0.0009965901422486318,0.005263844144740594,0.012570950749485563,-0.15835835841437784,5.122e-05,-4.179999999999997e-06,0.0,0.0,0.5,0,0,0,0,0
c_1959,NEARUSDT,1779192000000,0,test,control,,2.469864579865657,2.401076479911176,4,-0.14519416509341496,0,0.9449704142011834,12,-0.004268509644728021,-0.004920252966178012,0.009879254526980574,0.1354289699438315,5.151e-05,0.00012478,0.0,3272.74645,0.0,0,0,0,0,0
c_1960,NEARUSDT,1761958800000,0,test,control,,0.6139303634272971,0.5165046038189484,0,0.07172999845306803,0,0.8693134822167079,1,0.0012085000269264957,-0.0059010185233837305,-0.028739326516886442,0.05758289357599635,2.808e-05,6.777e-05,0.0,0.0,0.5,0,0,0,0,0
c_1961,NEARUSDT,1766340000000,0,test,control,,1.2136387065526475,1.4604298235190758,1,-0.03425670026561923,0,0.8918590522478737,18,-0.00029668281436485066,0.0018724116544865232,0.01652747365306736,0.09447882406438565,-6.656e-05,-0.00013298,0.0,0.0,0.5,0,0,0,0,0
c_1962,NEARUSDT,1770822000000,0,test,control,,3.559507902603235,1.6613942176831933,1,-0.12098858076455964,0,0.8037068239258635,15,-0.01281883952646087,-0.011420446782858711,-0.01045639057705971,-0.08039754346488205,-5.34e-06,-8.83e-05,0.0,0.0,0.5,0,0,0,0,0
c_1963,NEARUSDT,1775401200000,0,test,control,,0.672252411740137,0.9106262541331539,0,0.04333463192933565,1,0.9665889665889666,15,0.00043521567853273724,-0.00222373952269975,-0.006960915973444159,-0.13791978778419736,4.772e-05,-5.228000000000001e-05,0.0,0.0,0.5,0,0,0,0,0
c_1964,NEARUSDT,1778904000000,0,test,control,,0.44733669559670214,0.54869658394571,0,0.17285100769632655,0,0.9183431952662723,4,-0.0009126082774328796,0.0002704946017019168,-0.0007042191954599479,0.19199895074217732,7.512e-05,4.039999999999995e-06,0.0,0.0,0.5,0,0,0,0,0
c_1965,NEARUSDT,1761976800000,0,test,control,,0.3709894650262534,0.39884650528844245,0,-0.046395993317387085,0,0.8726220016542596,6,-0.0014340682366131483,0.0004181616468614597,0.011634254054472272,0.06060636148378737,2.808e-05,6.777e-05,0.0,0.0,0.5,0,0,0,0,0
c_1966,NEARUSDT,1766026800000,0,test,control,,0.8910369007926282,0.8732022731830327,0,-0.060585444802299715,1,0.856231884057971,3,0.0065504491454446995,0.002381285487522365,0.011023495475297856,0.1817543792232809,-7.295e-05,-0.00014358,0.0,0.0,0.5,0,0,0,0,0
c_1967,NEARUSDT,1770109200000,0,test,control,,1.0178900576372691,0.9490186837945815,0,0.12784425189832468,1,0.7966777408637875,9,-0.0005231752675241123,0.026093797374225933,0.022832805970204165,0.14758038542632274,8.746e-05,0.00013782,0.0,0.0,0.5,0,0,0,0,0
c_1968,NEARUSDT,1774594800000,0,test,control,,0.26237838109350275,0.38597375851664223,0,0.09472757600819591,0,0.9044819985304924,7,0.00047675422226365076,0.0017623797265172068,0.001383369660999207,0.15360242561426346,0.0001,5.1280000000000004e-05,0.0,0.0,0.5,0,0,0,0,0
c_1969,NEARUSDT,1779188400000,0,test,control,,2.4070649114365916,2.7388072185070547,4,0.1158770608153254,1,0.9502958579881657,11,0.002844216629290857,0.015899207329525298,0.016657793932554635,0.13528654795460843,5.151e-05,0.00012478,0.0,0.0,0.5,0,0,0,0,0
c_1970,NEARUSDT,1762250400000,0,test,control,,1.3114420392549082,2.3302957050446436,3,0.06910978092593083,0,0.7942905121746431,10,-0.0018852433800172978,0.005314691878653761,0.01424712088584284,0.13326057497344873,5.935e-05,0.00012569,0.0,0.0,0.5,0,0,0,0,0
c_1971,NEARUSDT,1766682000000,0,test,control,,1.339500360050961,1.3395922794156017,1,-0.15304277857296827,0,0.9312499999999999,17,-0.0033609202740807753,0.002858809872393603,0.008000603008673782,0.22028199817808447,0.0001,0.00016464000000000002,0.0,0.0,0.5,0,0,0,0,0
c_1972,NEARUSDT,1770620400000,0,test,control,,1.659868567679838,1.0014265153814093,0,-0.23154578829325867,0,0.832794830371567,7,-0.0055172064178713965,0.005219516574264724,0.010859969321422509,0.013295140767388646,7.963e-05,9.607999999999999e-05,0.0,0.0,0.5,0,0,0,0,0
c_1973,NEARUSDT,1774645200000,0,test,control,,0.7079191552363919,0.7462266784266723,0,-0.18615669088507275,0,0.8794910179640718,21,-0.0003393661730706,-0.004779916296356669,-0.006920368925906133,0.18539382176489133,0.0001,0.0,0.0,0.0,0.5,0,0,0,0,0
c_1974,NEARUSDT,1779192000000,0,test,control,,2.469864579865657,2.401076479911176,4,-0.14519416509341496,0,0.9449704142011834,12,-0.004268509644728021,-0.004920252966178012,0.009879254526980574,0.1354289699438315,5.151e-05,0.00012478,0.0,3272.74645,0.0,0,0,0,0,0
c_1975,NEARUSDT,1761958800000,0,test,control,,0.6139303634272971,0.5165046038189484,0,0.07172999845306803,0,0.8693134822167079,1,0.0012085000269264957,-0.0059010185233837305,-0.028739326516886442,0.05758289357599635,2.808e-05,6.777e-05,0.0,0.0,0.5,0,0,0,0,0
c_1976,NEARUSDT,1766487600000,0,test,control,,0.8387440745672436,0.9505486018641811,0,0.17000659798119266,0,0.9209876543209876,11,0.0008674840904104575,0.004134267868068691,-0.0014466635359106795,0.18141622990663148,-3.509e-05,-0.00010162999999999999,0.0,0.0,0.5,0,0,0,0,0
c_1977,NEARUSDT,1769310000000,0,test,control,,0.43746157814429387,0.5178803899875961,0,0.11868489247182666,0,0.8644457208500861,3,-0.000389276607392633,0.0017735620860523397,-0.0026252678853908545,-0.13168354816600836,-0.00018918,-0.00015185,0.0,0.0,0.5,0,0,0,0,0
c_1978,NEARUSDT,1775426400000,0,test,control,,1.0413757681995948,0.8477539069820934,0,-0.24072108682024046,0,0.9533799533799535,22,-0.0017327870815695783,-0.0012295997224528025,-0.012124522056366483,-0.12799870346435036,4.187e-05,-2.289e-05,0.0,0.0,0.5,0,0,0,0,0
c_1979,NEARUSDT,1779192000000,0,test,control,,2.469864579865657,2.401076479911176,4,-0.14519416509341496,0,0.9449704142011834,12,-0.004268509644728021,-0.004920252966178012,0.009879254526980574,0.1354289699438315,5.151e-05,0.00012478,0.0,3272.74645,0.0,0,0,0,0,0
c_1980,NEARUSDT,1762729200000,0,test,control,,1.119903345189289,1.4989858973221282,0,-0.11413096742397072,1,0.9199120603015074,23,0.0018490940204969686,-0.02241630387944126,-0.06379156055764838,-0.00728165736260783,-2.205e-05,0.00027898999999999996,0.0,0.0,0.5,0,0,0,0,0
c_1981,NEARUSDT,1766527200000,0,test,control,,0.778040660159491,1.7882660772511323,2,-0.0753999096179949,0,0.9336639801611903,22,0.00020986765791108886,-0.0007272105300592268,0.0028511647911947705,0.19187366545182466,-0.00012783,-0.00014079,0.0,0.0,0.5,0,0,0,0,0
c_1982,NEARUSDT,1769929200000,0,test,control,,0.9461293972177579,0.9229429858896232,0,-0.2921337002728188,0,0.7898215465961667,7,-0.004084806175310719,0.0018632473980824767,-0.007111258788141586,0.17260683223931605,-5.045e-05,-1.255e-05,0.0,0.0,0.5,0,0,0,0,0
c_1983,NEARUSDT,1774609200000,0,test,control,,1.8880584387860175,0.9094113426067114,0,-0.2101437693439399,0,0.8822222222222222,11,-0.017671344042074207,-0.010550492515633714,-0.019078543975611192,0.1714877691496598,8.857e-05,-1.1430000000000004e-05,0.0,0.0,0.5,0,0,0,0,0
c_1984,NEARUSDT,1779004800000,0,test,control,,0.6136554647657906,0.937744212784808,0,-0.07564028858404319,1,0.9059171597633136,8,0.0008402543306399673,0.0027183794091403734,-0.0031708643632147996,0.19715960906403052,1.033e-05,4.179999999999999e-06,0.0,0.0,0.5,0,0,0,0,0
c_1985,NEARUSDT,1761958800000,0,test,control,,0.6139303634272971,0.5165046038189484,0,0.07172999845306803,0,0.8693134822167079,1,0.0012085000269264957,-0.0059010185233837305,-0.028739326516886442,0.05758289357599635,2.808e-05,6.777e-05,0.0,0.0,0.5,0,0,0,0,0
c_1986,NEARUSDT,1765605600000,0,test,control,,0.38551748396291075,0.40445409983790664,0,0.06112124328259332,1,0.8748010610079575,6,-0.0003708426874250012,-0.0016929570507068226,-0.005653430264307549,0.021020498169811247,-2.826e-05,-2.391e-05,0.0,0.0,0.5,0,0,0,0,0
c_1987,NEARUSDT,1771030800000,0,test,control,,1.5443933331581134,0.933119720525768,0,0.22951941778011992,1,0.9266304347826085,1,0.00349745355739118,0.00845202462996615,0.00278322209088743,-0.14729093095881357,9.707e-05,0.0003071,0.0,0.0,0.5,0,0,0,0,0
c_1988,NEARUSDT,1774270800000,0,test,control,,1.9310281997156127,2.2111287530450485,1,-0.042671302321208325,1,0.8674618952948973,13,0.008740707559349605,0.008536678175197529,-0.005037898043661005,-0.001349112697129,4.049e-05,-5.9510000000000005e-05,0.0,0.0,0.5,0,0,0,0,0
c_1989,NEARUSDT,1778958000000,0,test,control,,0.48342723237591745,0.6686261448005915,0,-0.1342440647167396,0,0.8863905325443787,19,0.0005220114842526909,-0.0029072521549244694,-0.005126000238540644,0.1989681161575238,9.73e-06,-6.539e-05,0.0,0.0,0.5,0,0,0,0,0
p_398,ONDOUSDT,1715918400000,1,train,main,17.9096,1.1426191905797933,1.3956688716454042,1,0.1818876282488191,0,0.9896848787123101,4,0.002963971752752379,0.00735338462078537,0.014879329679340697,0.0035474116497868392,5e-05,-8.684e-05,0.0,0.0,0.5,0,0,0,0,0
p_399,ONDOUSDT,1716490800000,1,train,main,21.3198,1.6943822967187985,1.1690592671325712,0,-0.07540728083553801,0,0.9172817022908081,19,-0.0036055951744132777,-0.011481312594926185,-0.029374276922000404,-0.14210694470920085,8.468e-05,-0.00023442,0.0,0.0,0.5,0,1,0,0,0
p_400,ONDOUSDT,1722859200000,1,train,main,45.5951,9.171055589002876,6.8182830850966205,4,-0.014626171011051252,0,0.5159055425448867,12,-0.0009208766434142843,-0.016587778342794967,-0.007006917496872625,0.32718877614797054,5e-05,0.0009432900000000001,0.0,0.0,0.5,0,0,0,0,0
p_401,ONDOUSDT,1730804400000,1,train,main,15.0787,0.75223906489267,0.7035665560109323,0,-0.14785938332026963,0,0.8107461098550339,11,2.763632343799033e-05,-0.0015514388695510078,0.00949015795330402,0.25478431118754513,-1.236e-05,-5.5190000000000005e-05,0.0,0.0,0.5,0,0,1,0,0
p_402,ONDOUSDT,1731200400000,1,train,main,20.9437,2.963494976570121,1.9698344412689845,2,-0.07817768296299882,0,0.9847011538960196,1,0.0026723147410305844,0.004379780031588131,0.021170507449091724,0.06748941489238172,5e-05,0.0,0.0,0.0,0.5,0,1,0,0,0
p_403,ONDOUSDT,1731477600000,1,train,main,15.7501,2.4758413315424126,3.55151293007768,4,-0.06544844032771002,0,0.8398713158987132,6,-0.00708199382718877,-0.010263375506151834,-0.10533315043143766,0.0966231789439966,5e-05,0.0,0.0,0.0,0.5,0,1,0,0,0
p_404,ONDOUSDT,1733133600000,1,train,main,53.4735,1.4334434812935537,1.5443577140736366,1,-0.06774786550892152,1,0.9121580079926223,10,0.00443951048693733,0.00592623389322315,-0.0028200868259713636,0.07744545288272074,0.00020242,-8.577000000000001e-05,0.0,0.0,0.5,0,1,0,0,0
p_405,ONDOUSDT,1733230800000,1,train,main,18.2877,2.9193673121039607,4.7719850189822175,4,0.05300112029558501,0,0.9178014766201804,13,-0.001788611385247954,-0.003765281266409806,0.006420553621384071,0.03976818365407407,0.00041134,-0.00031025000000000003,0.0,0.0,0.5,0,1,0,0,0
p_406,ONDOUSDT,1734267600000,1,train,main,16.1301,1.0349043241911402,0.8947128332264637,0,-0.07123654454839763,1,0.909711155378486,13,0.002955474936929291,-0.004333493608008135,-0.00830031863286909,0.17678371857277034,-0.00039186,-8.812000000000002e-05,0.0,0.0,0.5,0,1,0,0,0
p_407,ONDOUSDT,1737115200000,1,train,main,17.111,1.310427012863642,1.248009266571895,0,0.043919638379596636,0,0.9473763570566948,12,-0.001049966272033104,0.003285856920991375,0.037524935318065944,-0.010230105482672058,-0.00080281,7.014999999999994e-05,0.0,0.0,0.5,0,0,0,0,0
p_408,ONDOUSDT,1737223200000,1,train,main,29.0724,3.1038790899444813,4.126655872591906,4,0.08005756539340941,0,0.8028891589037397,18,0.005571219564185294,-0.011643048857916225,-0.08813858596471068,-0.017456012292072977,-0.00165885,0.0031633,0.0,0.0,0.5,0,1,1,0,0
p_409,ONDOUSDT,1737630000000,1,train,main,17.5967,0.6502586525956425,0.6074253588217584,0,-0.1572347317715829,1,0.8121974830590513,11,5.805035425483251e-05,0.000902873216770675,-0.0018331349333437841,0.01389196425031592,-1.549e-05,-6.549e-05,0.0,0.0,0.5,0,1,1,0,0
p_410,ONDOUSDT,1738544400000,1,train,main,37.5433,5.211469389938874,3.4206928109960084,3,-0.07194322505833667,0,0.7404063205417607,1,-0.012285938083950608,-0.007561487477260378,-0.02822545130156685,0.0023059162602042105,5e-05,0.0,0.0,0.0,0.5,0,0,0,0,0
p_411,ONDOUSDT,1745481600000,1,train,main,18.1912,2.970088006622218,1.8018891748201644,1,-0.148598546617025,0,0.9201049868766403,8,-0.0020334842746048665,0.0116218855928496,0.02720667712067983,0.10933226026607863,5e-05,0.0,0.0,0.0,0.5,0,0,0,0,0
p_412,ONDOUSDT,1750676400000,1,train,main,17.02,1.121700588126525,1.6799405486974048,2,-0.14798417554983684,0,0.7983103284150405,11,-0.0009623795301775142,-0.007843503747002125,0.003173811730874435,-0.050365228950094876,-5.604e-05,0.00014355,0.0,0.0,0.5,0,0,0,0,0
p_413,ONDOUSDT,1760130000000,1,train,main,22.4096,11.016473017325708,4.738453931714369,3,-0.12047066955712897,0,0.7857873210633947,21,-0.020644859195937088,-0.0027381566588206303,-0.01246668549449524,0.047863161823120934,8.2e-06,-4.18e-05,0.0,0.0,0.5,0,0,0,0,0
p_414,ONDOUSDT,1770332400000,1,test,main,18.4164,4.148533138459906,6.7982360817941165,4,0.07051432519264017,0,0.7131710362047441,23,0.010918074089078985,0.0030905652416580985,0.04957185401533403,0.04482394228938314,-4.458e-05,-8.499999999999936e-07,0.0,0.0,0.5,0,1,0,0,0
p_415,ONDOUSDT,1778202000000,1,test,main,35.056,3.251019340743763,2.011265855480705,1,-0.007685904668257514,0,0.9257006874669488,1,-0.002167078907682043,-0.0029199452911761,0.00034127249837191415,-0.09236219043438595,5e-05,7.857e-05,51.0081,0.0,1.0,0,0,0,0,0
p_416,ONDOUSDT,1779098400000,1,test,main,18.3478,1.1652526500987708,1.3607266624504404,1,-0.13462795935584349,0,0.7505025686843869,10,-0.0012934896949391025,-0.00814173787930818,-0.033275598440393316,0.12037616026756387,2.162e-05,5.835e-05,0.0,103.2701,0.0,0,0,0,0,0
p_417,ONDOUSDT,1722859200000,1,train,fast,12.3336,9.171055589002876,6.8182830850966205,4,-0.014626171011051252,0,0.5159055425448867,12,-0.0009208766434142843,-0.016587778342794967,-0.007006917496872625,0.32718877614797054,5e-05,0.0009432900000000001,0.0,0.0,0.5,0,0,0,0,0
p_418,ONDOUSDT,1722866400000,1,train,fast,12.5696,13.065333478848105,9.783348873313585,4,0.017471231707297114,0,0.5623284986279891,14,0.04293432416147815,-0.09176073291999061,-0.11976649490270741,0.23875004040251596,5e-05,0.0009432900000000001,0.0,0.0,0.5,0,0,0,0,0
p_419,ONDOUSDT,1733277600000,1,train,fast,10.8262,2.641267358613795,3.015411309119669,3,-0.11247576003439083,1,0.9201531309816791,2,0.004958058436421758,-0.008659466303469322,-0.0053594028354067924,0.05496393304694486,0.00032386,-0.00024918000000000005,0.0,0.0,0.5,0,1,0,0,0
p_420,ONDOUSDT,1734296400000,1,train,fast,11.7245,3.3629702988802284,2.7535030774038693,2,-0.0514457085460676,0,0.924601593625498,21,-0.0010268561636072489,-0.0019492713400345127,0.012853854078083045,0.1857073735042307,3.359e-05,0.00042545,0.0,0.0,0.5,0,1,0,0,0
p_421,ONDOUSDT,1737154800000,1,train,fast,10.3224,2.148744198030405,2.1664651276898206,2,-0.043121856321819516,1,0.9866849273377463,23,-0.001892533910688549,0.010856764908961973,0.04682922559800885,0.0019156990026786835,-0.00211477,-0.00124813,0.0,0.0,0.5,0,0,0,0,0
p_422,ONDOUSDT,1744214400000,1,train,fast,14.1879,1.0668005890026273,1.8190760209791792,1,0.056975671245733134,0,0.8363390441839496,16,0.005152150459971718,-0.004389824614843451,-0.008058972245805618,-0.09827091292167123,-1.15e-06,0.00021874,0.0,0.0,0.5,0,1,0,0,0
c_1990,ONDOUSDT,1716883200000,0,train,control,,0.8940488386640448,1.2767831160756242,0,-0.09726042329506317,0,0.9280726781289886,8,-0.004164999882344593,0.0004657157940362375,0.0042136326129440585,-0.16531796627155157,0.00020135,0.00011596999999999999,0.0,0.0,0.5,0,0,0,0,0
c_1991,ONDOUSDT,1725904800000,0,train,control,,1.5107731819449077,1.8805421881943167,2,-0.01734511419524019,1,0.9900300680487419,18,0.0015729404587950667,-0.01988229664155527,-0.008566155450270284,0.003057467149550564,5e-05,6.13e-05,0.0,0.0,0.5,0,0,0,0,0
c_1992,ONDOUSDT,1738087200000,0,train,control,,3.7296089341527505,2.8307666757368177,4,-0.07420811007515223,1,0.9177455211193931,18,0.0030661821824876792,0.009661098246841393,-0.014759916134637915,-0.07191775550496345,-0.00034079,-2.7479999999999974e-05,0.0,0.0,0.5,0,0,0,0,0
c_1993,ONDOUSDT,1749963600000,0,train,control,,0.373921792732556,0.3063684849586405,0,0.09159860841975324,0,0.8600456372921873,5,0.0008005645687574382,0.00022986320825327085,0.0007889031618164971,0.03250896276826856,-8.101e-05,8.069999999999996e-06,0.0,0.0,0.5,0,0,0,0,0
c_1994,ONDOUSDT,1761868800000,0,train,control,,0.8896059653267979,1.1204804281198253,1,0.10589599272335298,0,0.8830019243104554,0,0.0037530583995542587,-0.0018988841208713845,-0.0019073278681809296,-0.00768535313753143,-0.00013487,3.325000000000002e-05,0.0,0.0,0.5,0,0,0,0,0
c_1995,ONDOUSDT,1717416000000,0,train,control,,0.8630007135069788,1.3262058038918958,1,-0.053361552083933915,0,0.9545729860690492,12,0.0024290147626091245,-0.003492057799989909,-0.009458272020865416,0.040150335251619595,5.254e-05,2.5399999999999994e-06,0.0,0.0,0.5,0,0,0,0,0
c_1996,ONDOUSDT,1726318800000,0,train,control,,0.5801294872439942,0.6678556657588977,0,0.21124805306850009,0,0.966464339908953,13,0.001397453083109944,-0.008412968308047409,-0.005548230376124683,0.07854920411745177,5e-05,0.0,0.0,0.0,0.5,0,0,0,0,0
c_1997,ONDOUSDT,1738951200000,0,train,control,,1.5909046585023658,2.6262501529169597,2,-0.057547100746006816,0,0.8955117855989668,18,-0.004203945020457349,0.003800529284453047,-0.04775648887040941,-0.06871927457322813,-0.0001379,-0.00010627,0.0,0.0,0.5,0,0,0,0,0
c_1998,ONDOUSDT,1749866400000,0,train,control,,0.6915079141413084,0.7614000824476651,0,-0.10997089479719004,0,0.8588503748777573,2,-0.0031752245492703782,-0.010232916450990144,-0.01861292295693509,0.057050799035887875,-4.147e-05,5.370999999999999e-05,0.0,0.0,0.5,0,0,0,0,0
c_1999,ONDOUSDT,1760839200000,0,train,control,,0.3385438246089632,0.41433484074831217,0,0.007405190470377368,0,0.8416805126987895,2,0.0007235564907604074,-0.0024179980581374395,0.012899312533838213,-0.19814342677541533,-8.652e-05,-4.5220000000000004e-05,0.0,0.0,0.5,0,0,0,0,0
c_2000,ONDOUSDT,1714608000000,0,train,control,,,,0,-0.012791445781772945,1,0.9730243161094225,0,0.007772490878514378,-0.00031535266851114653,0.013787085014963823,,5e-05,0.0,0.0,0.0,0.5,0,0,0,0,0
c_2001,ONDOUSDT,1728039600000,0,train,control,,0.8897958758921236,1.0427670209503637,0,-0.09984484226472443,0,0.7928439092172301,11,-0.0008579336846620466,-0.0030580051691208037,0.021353487363774577,0.29089186241851095,5e-05,4.499e-05,0.0,0.0,0.5,0,0,0,0,0
c_2002,ONDOUSDT,1739102400000,0,train,control,,0.5961244136410934,0.6024081778814434,0,-0.13777900559416056,0,0.8937333333333334,12,-0.002272280861357816,0.00017032292947128646,-0.004453662930025628,-0.10129033796712274,5e-05,0.0,0.0,0.0,0.5,0,0,0,0,0
c_2003,ONDOUSDT,1752649200000,0,train,control,,1.0728482965430972,1.0152051234745707,0,0.012545064489268266,0,0.9850187265917603,7,0.0034134152394609037,0.0022981389491983292,0.003178060659866284,-0.0953296034927202,5e-05,0.0,0.0,0.0,0.5,0,0,0,0,0
c_2004,ONDOUSDT,1761451200000,0,train,control,,0.43615817314286376,0.5312940922871446,0,-0.024663345009175528,0,0.9254475703324808,4,-0.0017458884103528937,-0.003010249114948312,0.004504881847695643,-0.023922646734464932,-2.016e-05,-2.9520000000000002e-05,0.0,0.0,0.5,0,0,0,0,0
c_2005,ONDOUSDT,1715428800000,0,train,control,,1.432399944506662,0.8134771000655424,0,-0.184426038683843,0,0.8761111111111111,12,-0.001162616446905786,-0.0007774051848353735,0.0020351853250527544,0.14137917506234685,5e-05,0.0,0.0,0.0,0.5,0,0,0,0,0
c_2006,ONDOUSDT,1727697600000,0,train,control,,1.363862638187467,1.831840900122811,2,0.0334107397986832,0,0.8865507776761208,12,0.0027255151600886728,-0.0009729385215986736,-0.0002922433236710544,0.037831476147565456,0.00013379,8.379000000000001e-05,0.0,0.0,0.5,0,0,0,0,0
c_2007,ONDOUSDT,1740463200000,0,train,control,,1.0441273309409262,1.11645908461591,0,-0.019329623561206898,1,0.7824843042199794,6,0.0018963413240206909,-0.0015972020608414673,0.009837094394344392,0.3055838293254707,5e-05,0.0,0.0,0.0,0.5,0,0,0,0,0
c_2008,ONDOUSDT,1750366800000,0,train,control,,0.6496278744307906,1.0737490333441997,0,0.07287625281407359,1,0.9088529271775345,21,0.00019577246632995892,-0.0012681001025212544,-0.008211430870721795,-0.047792419524547394,2.431e-05,8.648e-05,0.0,0.0,0.5,0,0,0,0,0
c_2009,ONDOUSDT,1761868800000,0,train,control,,0.8896059653267979,1.1204804281198253,1,0.10589599272335298,0,0.8830019243104554,0,0.0037530583995542587,-0.0018988841208713845,-0.0019073278681809296,-0.00768535313753143,-0.00013487,3.325000000000002e-05,0.0,0.0,0.5,0,0,0,0,0
c_2010,ONDOUSDT,1714608000000,0,train,control,,,,0,-0.012791445781772945,1,0.9730243161094225,0,0.007772490878514378,-0.00031535266851114653,0.013787085014963823,,5e-05,0.0,0.0,0.0,0.5,0,0,0,0,0
c_2011,ONDOUSDT,1725782400000,0,train,control,,0.6394794253319093,0.47435240939672385,0,-0.04190182941368194,1,0.933059028327267,8,0.002644283924227906,0.0009571153860234717,0.013223426747212105,-0.08102682957068857,2.083e-05,1.61e-05,0.0,0.0,0.5,0,0,0,0,0
c_2012,ONDOUSDT,1736694000000,0,train,control,,0.4189070406858214,0.42781675113386736,0,-0.09268462948175646,0,0.7752724539646749,15,0.0015260834505549403,0.0008970968785987942,0.001686787092367168,0.0710779509877418,-0.0001506,-6.113e-05,0.0,0.0,0.5,0,0,0,0,0
c_2013,ONDOUSDT,1751824800000,0,train,control,,0.48925716482150217,0.8724700940431671,0,0.0684266177327392,0,0.9781461019030079,18,0.0006829621622416868,-0.0009359698168353966,0.012485197777562755,0.021757203743386924,2.994e-05,7.116e-05,0.0,0.0,0.5,0,0,0,0,0
c_2014,ONDOUSDT,1761109200000,0,train,control,,0.6298744825346627,0.852238987735878,0,0.20081276450385752,0,0.8878048780487805,5,0.003515628972184546,-0.010587885552723697,-0.025660575089173514,-0.1348985555969141,-7.09e-05,-0.00010935,0.0,0.0,0.5,0,0,0,0,0
c_2015,ONDOUSDT,1714608000000,0,train,control,,,,0,-0.012791445781772945,1,0.9730243161094225,0,0.007772490878514378,-0.00031535266851114653,0.013787085014963823,,5e-05,0.0,0.0,0.0,0.5,0,0,0,0,0
c_2016,ONDOUSDT,1726822800000,0,train,control,,2.8254439881413793,3.287018011423173,4,-0.1279527962561456,0,0.9673943464875455,9,-0.003474322144945043,-0.01086773036732513,-0.01685940389805708,0.19243404263032393,5e-05,0.0,0.0,0.0,0.5,0,0,0,0,0
c_2017,ONDOUSDT,1740380400000,0,train,control,,0.46407977326708794,1.2480095493937429,1,-0.039730137447725876,1,0.8555306485274793,7,0.0014569154361966583,0.004752889496563205,-0.020699184091976967,0.3527299057349881,5e-05,0.0,0.0,0.0,0.5,0,0,0,0,0
c_2018,ONDOUSDT,1752616800000,0,train,control,,1.0334166914331757,1.8069443141236838,1,-0.05928526706565436,1,0.9691011235955056,22,0.009727686624860357,-0.004554330811484807,-0.0004613445058291774,-0.10375382018171361,5e-05,0.0,0.0,0.0,0.5,0,0,0,0,0
c_2019,ONDOUSDT,1761426000000,0,train,control,,0.30182089776679494,0.3843856881553663,0,-0.022446974816762943,0,0.9421994884910486,21,-0.0017002031818984117,-0.0036653446525556203,-0.0038740745760560496,-0.024538827119042955,9.36e-06,0.00013969,0.0,0.0,0.5,0,0,0,0,0
c_2020,ONDOUSDT,1715554800000,0,train,control,,0.311636450161669,0.4117419131788359,0,-0.07697193904477392,0,0.8736666666666666,23,0.0014717436650500662,0.0010455765357210995,0.0013961182596064045,0.16436339071069467,5e-05,6.3e-05,0.0,0.0,0.5,0,0,0,0,0
c_2021,ONDOUSDT,1725170400000,0,train,control,,0.662933541890955,0.5325298841915237,0,-0.0701829286713907,0,0.8144466534128563,6,-0.007873530454076233,-0.006734807736317926,-0.008404738524513575,0.5040093705191733,3.69e-05,0.00012977,0.0,0.0,0.5,0,0,0,0,0
c_2022,ONDOUSDT,1738177200000,0,train,control,,2.3579054214286623,1.9940854719907275,3,-0.010228999158036047,1,0.94409572381326,19,0.00434630549379261,-0.020206424525771694,-0.00169053626897149,-0.06167579115294018,5e-05,0.0,0.0,0.0,0.5,0,0,0,0,0
c_2023,ONDOUSDT,1750172400000,0,train,control,,1.8915307873050389,1.6398720511194025,0,-0.15449726323765295,0,0.8221232206889059,15,-0.00484134114076345,-0.0005707321837886386,0.006906239238498802,0.022904717777863348,4.211e-05,-7.89e-06,0.0,0.0,0.5,0,0,0,0,0
c_2024,ONDOUSDT,1759924800000,0,train,control,,0.8336865625843588,0.6953317689957574,0,-0.3205058078965354,0,0.9271928928826714,12,-0.0004882586012855849,0.008787804907927252,0.005564968363115141,-0.06455062351270893,3.172e-05,4.45e-05,0.0,0.0,0.5,0,0,0,0,0
c_2025,ONDOUSDT,1714608000000,0,train,control,,,,0,-0.012791445781772945,1,0.9730243161094225,0,0.007772490878514378,-0.00031535266851114653,0.013787085014963823,,5e-05,0.0,0.0,0.0,0.5,0,0,0,0,0
c_2026,ONDOUSDT,1728100800000,0,train,control,,1.1498627635505783,0.9705394598978728,0,-0.06866909477435597,0,0.8122672253258846,4,0.0008594680685761405,0.007064431548998995,-0.010256808894506699,0.2819307423764439,-1.264e-05,8.11e-06,0.0,0.0,0.5,0,0,0,0,0
c_2027,ONDOUSDT,1738112400000,0,train,control,,1.771605152334696,1.8638502373826717,1,0.06796493932844425,0,0.8794298417680135,1,0.003673000288310775,0.004412807819596834,-0.015585796747288258,-0.09836829488358209,3.928e-05,0.00038007,0.0,0.0,0.5,0,0,0,0,0
c_2028,ONDOUSDT,1750474800000,0,train,control,,0.43678747429960957,0.5742649282109596,0,-0.16642773778000897,1,0.8819609709662065,3,-0.0001527092358159497,-0.001403127788571208,-0.003542455137092263,-0.028048900160096795,3.822e-05,3.414e-05,0.0,0.0,0.5,0,0,0,0,0
c_2029,ONDOUSDT,1759453200000,0,train,control,,0.8637397349010302,0.6711123728427362,0,-0.05219539823382748,0,0.9817054263565891,1,-0.003188876614047135,-0.0014092077225741414,-0.007686480404887853,0.07048098755591956,5e-05,0.0,0.0,0.0,0.5,0,0,0,0,0
c_2030,ONDOUSDT,1714608000000,0,train,control,,,,0,-0.012791445781772945,1,0.9730243161094225,0,0.007772490878514378,-0.00031535266851114653,0.013787085014963823,,5e-05,0.0,0.0,0.0,0.5,0,0,0,0,0
c_2031,ONDOUSDT,1724202000000,0,train,control,,0.7587731426581161,0.6053880793308735,0,-0.1393591133830463,0,0.8553120594643085,1,-0.0004035067790834786,-0.012051323960065394,-0.011993283032119977,0.19272322400227587,-0.0004099,-0.00016725,0.0,0.0,0.5,0,0,0,0,0
c_2032,ONDOUSDT,1740081600000,0,train,control,,0.3626374720871701,0.46286311102160416,0,0.007252767043813797,0,0.9125394379631668,20,0.0013436755634275942,-0.0016430662338057453,-0.011320836650385293,-0.04686187444852249,5e-05,0.0,0.0,0.0,0.5,0,0,0,0,0
c_2033,ONDOUSDT,1751266800000,0,train,control,,1.1248881456356914,0.771157925538359,0,-0.13687793475579232,0,0.9634817408704353,7,-0.006729931471853699,0.0023488864462137262,0.007295842405026219,-0.09479095685430311,2.641e-05,-2.3590000000000003e-05,0.0,0.0,0.5,0,0,0,0,0
c_2034,ONDOUSDT,1759892400000,0,train,control,,0.5812160661312825,0.7541564670101921,0,-0.00671055357972576,0,0.9369958133360564,3,0.0006865647401020011,-0.004245257162195244,-0.022864965352265045,-0.036884212284892554,-1.278e-05,-6.278e-05,0.0,0.0,0.5,0,0,0,0,0
c_2035,ONDOUSDT,1717282800000,0,train,control,,1.3581952971897657,1.2534282009080158,0,0.06316759792883304,0,0.9944358360332441,23,0.00015784597773039742,0.011411438367459793,0.013211608123891586,0.14803927883977852,0.00011169,-0.00012681,0.0,0.0,0.5,0,0,0,0,0
c_2036,ONDOUSDT,1727762400000,0,train,control,,0.9489680994635659,1.1709893914829472,0,0.07108218968606986,1,0.8920402561756634,6,-0.001597846979520928,-0.0032466771250110383,0.00019061518110996875,0.04263173517442888,5.364e-05,-2.799e-05,0.0,0.0,0.5,0,0,0,0,0
c_2037,ONDOUSDT,1741053600000,0,train,control,,3.5249681333209466,1.9512988662634623,1,-0.08610380584306608,0,0.7533446849914862,2,-0.03086101092686515,-0.0005408672145274831,-0.007077514513172842,-0.007017979506846412,5e-05,0.0,0.0,0.0,0.5,0,0,0,0,0
c_2038,ONDOUSDT,1748973600000,0,train,control,,0.42469169693214026,0.7817130987526425,0,-0.06503005319798494,1,0.8849284021839909,18,0.001221624647317315,0.002786487276414131,0.0006995069337446574,0.06593266344913502,5e-05,8.911e-05,0.0,0.0,0.5,0,0,0,0,0
c_2039,ONDOUSDT,1761246000000,0,train,control,,0.642308228756965,0.9175103149375783,0,-0.08299028587756484,0,0.9253196930946291,19,-0.005910490828889818,-0.001166602754271134,-0.009291635281523677,-0.062476475336012874,-1.115e-05,-1.7000000000000007e-07,0.0,0.0,0.5,0,0,0,0,0
c_2040,ONDOUSDT,1714629600000,0,train,control,,,,0,0.06440628511992118,0,0.9364235055724417,6,0.00157216809300537,0.008384561410789545,0.008844488745665766,,5e-05,0.0,0.0,0.0,0.5,0,0,0,0,0
c_2041,ONDOUSDT,1727143200000,0,train,control,,2.721900829661221,2.3427741495790015,2,-0.08249562625066922,1,0.9583055814573065,2,0.00036097007128768307,-0.007154076615303673,-0.021717275609682556,0.1297724745689573,5e-05,0.0,0.0,0.0,0.5,0,0,0,0,0
c_2042,ONDOUSDT,1736751600000,0,train,control,,1.7919571557623932,1.3960161921138756,0,-0.13233738624940236,0,0.7090066391081047,7,-0.005578508665226862,0.012487805833261074,0.020698609743146464,0.0814111344109412,-0.00029852,0.00029177000000000006,0.0,0.0,0.5,0,0,0,0,0
c_2043,ONDOUSDT,1752480000000,0,train,control,,2.9668584082202165,2.637770922503724,4,0.10142936780710234,0,0.9939658759883478,8,0.004970357996790148,0.010605624298790889,0.020143437182217065,-0.03137307483895059,5e-05,0.0,0.0,0.0,0.5,0,0,0,0,0
c_2044,ONDOUSDT,1760767200000,0,train,control,,0.7504170713242264,0.6235008365650377,0,-0.07122776818030745,1,0.8455969617849514,6,0.0032883638533721866,-0.009407897341744813,0.0010150177196009142,-0.1847157093559047,-9.636e-05,6.204999999999999e-05,0.0,0.0,0.5,0,0,0,0,0
c_2045,ONDOUSDT,1715403600000,0,train,control,,0.414995932628413,1.0284920545275207,0,0.09570478467082158,0,0.8901111111111111,5,0.0005534872994431942,-0.00047874652761633376,-0.004147165715259737,0.13538840073886094,5e-05,0.0,0.0,0.0,0.5,0,0,0,0,0
c_2046,ONDOUSDT,1724961600000,0,train,control,,0.8820498159156902,0.8473745355760215,0,-0.058240650584396716,1,0.8161033797216701,20,0.0018095721292068325,0.005870721495350209,-0.023091077545822247,0.24789117721989293,5e-05,0.0,0.0,0.0,0.5,0,0,0,0,0
c_2047,ONDOUSDT,1740600000000,0,train,control,,1.4248595339526309,1.8843973234461828,1,0.04427803753934043,0,0.7444170706508781,20,-0.0044284833780456265,-0.0022715208176043683,-0.032192408749642916,0.29264236718717884,5e-05,0.0,0.0,0.0,0.5,0,0,0,0,0
c_2048,ONDOUSDT,1749301200000,0,train,control,,0.4463330993768851,0.44450642899583076,0,0.050717572395872455,0,0.9621491026231018,13,0.0029345018055178355,-0.004688126980339635,0.00623882226497848,0.023640426350307824,5e-05,6.23e-05,0.0,0.0,0.5,0,0,0,0,0
c_2049,ONDOUSDT,1759752000000,0,train,control,,1.094086009201347,0.8115329986440467,0,-0.07086323701216225,1,0.9464923925252732,12,0.0019464170432536886,-0.003302463422150668,-0.00571781366653231,0.03430202083065723,2.39e-05,2.5840000000000003e-05,0.0,0.0,0.5,0,0,0,0,0
c_2050,ONDOUSDT,1715547600000,0,train,control,,0.27847914769923604,0.5092558721647505,0,-0.09172759617409278,0,0.8766666666666667,21,-0.0022217335711435487,-0.0011117324867952706,-0.011838149623416483,0.15818932187061419,5e-05,6.3e-05,0.0,0.0,0.5,0,0,0,0,0
c_2051,ONDOUSDT,1728133200000,0,train,control,,1.336972485162674,1.0987717072343288,0,0.251168627471452,0,0.8734359961501443,13,0.0020434728741043715,0.0009286936397557255,0.024263994541695946,0.28134765974614506,5e-05,6.264e-05,0.0,0.0,0.5,0,0,0,0,0
c_2052,ONDOUSDT,1738850400000,0,train,control,,1.5293203284971684,1.465712258151077,0,-0.00431336277850745,1,0.8468061741199439,14,0.0025367673609379953,-0.005113417738827118,0.0029907273134457658,-0.11928287652810579,-4.712e-05,0.00033648,0.0,0.0,0.5,0,0,0,0,0
c_2053,ONDOUSDT,1752087600000,0,train,control,,1.6941530745867823,1.1686237448509575,0,0.20764494789605298,0,0.9960048426150121,19,0.003457112376315771,-0.00815148952059046,-0.028025560706890162,0.08469151308230204,5e-05,0.0,0.0,0.0,0.5,0,0,0,0,0
c_2054,ONDOUSDT,1760666400000,0,train,control,,0.7758582862458978,0.8449367418182249,0,-0.11718407418941311,1,0.8057003437950538,2,0.00033199035112799717,-0.002259750364910992,-0.019596579967519977,0.7679570269592877,7.26e-06,7.054e-05,0.0,0.0,0.5,0,0,0,0,0
c_2055,ONDOUSDT,1714608000000,0,train,control,,,,0,-0.012791445781772945,1,0.9730243161094225,0,0.007772490878514378,-0.00031535266851114653,0.013787085014963823,,5e-05,0.0,0.0,0.0,0.5,0,0,0,0,0
c_2056,ONDOUSDT,1727287200000,0,train,control,,1.6590413842077087,2.3597378249666856,2,-0.15262903566588198,0,0.9554841103004823,18,-0.004589050597790423,-0.0159575783814774,-0.03651866897829119,0.09148268847393687,5e-05,0.0,0.0,0.0,0.5,0,0,0,0,0
c_2057,ONDOUSDT,1739379600000,0,train,control,,1.0263264180299565,2.0283570520021272,2,-0.06873992091750052,1,0.9147864625302176,17,0.012345176223161324,0.0006713783330277192,0.0003064452453276488,-0.012615020767925963,5e-05,0.0,0.0,0.0,0.5,0,0,0,0,0
c_2058,ONDOUSDT,1752375600000,0,train,control,,0.6201888908632519,0.5982943624840298,0,0.21016217919056573,0,0.9375732395866624,3,0.0005369719208786875,-0.0006316078831333433,-0.0022443799262733505,0.02710740863337264,5e-05,0.0,0.0,0.0,0.5,0,0,0,0,0
c_2059,ONDOUSDT,1761868800000,0,train,control,,0.8896059653267979,1.1204804281198253,1,0.10589599272335298,0,0.8830019243104554,0,0.0037530583995542587,-0.0018988841208713845,-0.0019073278681809296,-0.00768535313753143,-0.00013487,3.325000000000002e-05,0.0,0.0,0.5,0,0,0,0,0
c_2060,ONDOUSDT,1717462800000,0,train,control,,1.0427184210695004,0.61425177757186,0,0.038009980743542955,0,0.94340130560603,1,0.0027552090444059475,5.3503052741060216e-05,-0.0008126225449531661,0.03381018599680686,5e-05,0.0,0.0,0.0,0.5,0,0,0,0,0
c_2061,ONDOUSDT,1725786000000,0,train,control,,0.4024552731901936,0.44509723000177026,0,0.04055580995978592,0,0.9344833043203039,9,0.0008141661229703814,-0.00042943019030828645,0.00663754554738373,-0.08104012531157476,2.083e-05,1.61e-05,0.0,0.0,0.5,0,0,0,0,0
c_2062,ONDOUSDT,1740942000000,0,train,control,,2.203129693784451,5.634003406937986,4,-0.10786611197193334,0,0.9596001321877066,19,-0.013712264687648542,-0.008398686640081497,0.09042950894623857,-0.010754512588059139,5e-05,0.0,0.0,0.0,0.5,0,0,0,0,0
c_2063,ONDOUSDT,1752706800000,0,train,control,,1.6663682178703227,1.5402217593081617,1,-0.2795640999728953,0,0.9784311730593143,23,-0.0052819721151450985,-0.0050795398792585255,0.0024409882289190463,-0.0923647091017162,5e-05,0.0,0.0,0.0,0.5,0,0,0,0,0
c_2064,ONDOUSDT,1761868800000,0,train,control,,0.8896059653267979,1.1204804281198253,1,0.10589599272335298,0,0.8830019243104554,0,0.0037530583995542587,-0.0018988841208713845,-0.0019073278681809296,-0.00768535313753143,-0.00013487,3.325000000000002e-05,0.0,0.0,0.5,0,0,0,0,0
c_2065,ONDOUSDT,1714608000000,0,train,control,,,,0,-0.012791445781772945,1,0.9730243161094225,0,0.007772490878514378,-0.00031535266851114653,0.013787085014963823,,5e-05,0.0,0.0,0.0,0.5,0,0,0,0,0
c_2066,ONDOUSDT,1728021600000,0,train,control,,0.6775347353533894,0.9669257729582827,0,-0.06528212054978669,1,0.790256175663312,6,0.0036936985699220154,0.012561766749404048,-0.011562600362410545,0.3015512867732031,-8.819e-05,-0.00013819,0.0,0.0,0.5,0,0,0,0,0
c_2067,ONDOUSDT,1741370400000,0,train,control,,2.1496384148236505,2.86416390251623,4,-0.0023786543957744727,1,0.8202383848212114,18,0.004958725063058931,-0.008312904526725097,-0.016147871053752153,-0.16492380014956654,-5.877e-05,-0.00010877,0.0,0.0,0.5,0,0,0,0,0
c_2068,ONDOUSDT,1749171600000,0,train,control,,1.1047546416465237,1.215406611164043,1,-0.03155296887886575,1,0.8634453781512605,1,0.0037788812382587,0.010793688717583306,0.008223034353028878,0.08455891395563196,-0.00018532,-0.00016856,0.0,0.0,0.5,0,0,0,0,0
c_2069,ONDOUSDT,1759741200000,0,train,control,,0.644780283747652,0.8892885832338306,0,-0.14090972288549378,1,0.9414888185438579,9,0.003792193934597807,-0.0032516031660430682,0.017151633973449754,0.04108079756057262,3.674e-05,3.802e-05,0.0,0.0,0.5,0,0,0,0,0
c_2070,ONDOUSDT,1761958800000,0,test,control,,0.4901243638624075,0.4480524331362008,0,-0.13196649559277165,0,0.8794098781270046,1,0.0012085000269264957,-0.003800747896889874,-0.005538199814116769,0.0960375672725557,8.07e-06,3.022e-05,0.0,0.0,0.5,0,0,0,0,0
c_2071,ONDOUSDT,1765386000000,0,test,control,,1.0492291554924706,0.8708612710161132,0,0.13538333708901526,0,0.9494619523443505,17,0.0011399472733634223,-0.00017289218203080705,0.013351439162971383,-0.1660097211565492,1.284e-05,7.790000000000002e-06,0.0,0.0,0.5,0,0,0,0,0
c_2072,ONDOUSDT,1771038000000,0,test,control,,1.0046007971083282,1.127486045951352,0,-0.06187050242050005,1,0.9974311926605504,3,-0.0012011837753148453,-0.008049294937600994,-0.05821895691271476,0.19940171035781554,4.41e-05,0.0001061,0.0,0.0,0.5,0,0,0,0,0
c_2073,ONDOUSDT,1774054800000,0,test,control,,0.9073183624898115,0.8260180997838238,0,-0.12437827782939612,1,0.8936535162950258,1,0.0024293095056666923,0.0027709984685662017,0.0011207161968930178,0.001977187678707538,-6.78e-06,-7.5600000000000005e-06,0.0,0.0,0.5,0,0,0,0,0
c_2074,ONDOUSDT,1779508800000,0,test,control,,1.6038802621771635,2.0863197169559133,2,-0.11094531112365423,0,0.8038267451640033,4,0.0007439481407254903,-0.037059265668728476,-0.05440268870225844,-0.09953609696996397,-4.131e-05,-9.131e-05,0.0,0.0,0.5,0,0,0,0,0
c_2075,ONDOUSDT,1762264800000,0,test,control,,1.5161418225318133,1.4385295432193808,0,-0.04513448348822123,0,0.7859299120619504,14,-0.00035897381608417225,-0.004728391447139926,-0.008280151196011058,0.07214105042210274,5e-05,6.473e-05,0.0,0.0,0.5,0,0,0,0,0
c_2076,ONDOUSDT,1766883600000,0,test,control,,0.9140532187517094,1.0495309054531834,0,0.010344387479473272,1,0.9581475978207034,1,-0.00020152705130624927,-0.0008054566764477269,-4.101550842466264e-05,0.1979675153479487,5e-05,7.282e-05,0.0,0.0,0.5,0,0,0,0,0
c_2077,ONDOUSDT,1771239600000,0,test,control,,0.3394972538592551,0.49387515431788254,0,0.039382477091061116,1,0.9284274193548387,11,-0.0028871349209917737,-0.0011163453432030037,-0.0035163856168499217,0.12757970174010563,4.287e-05,5.031e-05,0.0,0.0,0.5,0,0,0,0,0
c_2078,ONDOUSDT,1774558800000,0,test,control,,3.226412342607067,2.5891482492859605,3,0.04197291000971974,0,0.9631117604090577,21,0.006877101194551541,0.004934733367005084,-0.0015358803599352555,-0.12523681587977892,-7.62e-06,1.938e-05,0.0,0.0,0.5,0,0,0,0,0
c_2079,ONDOUSDT,1779814800000,0,test,control,,2.2265452641367234,2.3604932171439788,3,0.026280312494106405,0,0.8841463414634145,17,0.0007374650554015228,0.01567578239267622,-0.005829717366582767,0.015071810441828579,-3.448e-05,-8.448e-05,7657.8142,0.0,1.0,0,0,0,0,0
c_2080,ONDOUSDT,1761958800000,0,test,control,,0.4901243638624075,0.4480524331362008,0,-0.13196649559277165,0,0.8794098781270046,1,0.0012085000269264957,-0.003800747896889874,-0.005538199814116769,0.0960375672725557,8.07e-06,3.022e-05,0.0,0.0,0.5,0,0,0,0,0
c_2081,ONDOUSDT,1766188800000,0,test,control,,0.30277678708007916,0.5792152251902953,0,-0.047936550380523094,0,0.853339059480352,0,-0.0022774348224428214,0.00016797604835142778,0.006182844008451757,0.14929577553232962,4.216e-05,0.00012349,0.0,0.0,0.5,0,0,0,0,0
c_2082,ONDOUSDT,1769889600000,0,test,control,,5.210300966427698,7.603557973830134,4,0.0756105820644338,0,0.7854710556186152,20,-0.003703998112743199,-0.015756761566972286,-0.015305324119689689,-0.1331736553025661,-5.472e-05,-2.345e-05,0.0,0.0,0.5,0,0,0,0,0
c_2083,ONDOUSDT,1774198800000,0,test,control,,0.6874850625072519,0.5742171014824617,0,-0.0971302386923642,0,0.8500857632933105,17,-0.0007701820390642143,-0.002831906626314634,-0.0034458163657280824,-0.021044139502037314,-1.501e-05,-6.501e-05,0.0,0.0,0.5,0,0,0,0,0
c_2084,ONDOUSDT,1779526800000,0,test,control,,2.889406546969982,2.4054715314386206,2,-0.013186413862779902,1,0.817703952901598,9,0.0010982512460926818,0.02109112505036321,0.0698229606751292,-0.0992107710753925,-8.896e-05,-4.765e-05,156.6461,0.0,1.0,0,0,0,0,0
c_2085,ONDOUSDT,1714608000000,0,train,control,,,,0,-0.012791445781772945,1,0.9730243161094225,0,0.007772490878514378,-0.00031535266851114653,0.013787085014963823,,5e-05,0.0,0.0,0.0,0.5,0,0,0,0,0
c_2086,ONDOUSDT,1725084000000,0,train,control,,0.22419418144725037,0.24317041910363738,0,-0.2962717794487272,0,0.797340954274354,6,-0.0021731910165778594,-0.003110744048778957,-0.0003048575921840246,0.43205236814847475,-0.0002241,-2.7790000000000003e-05,0.0,0.0,0.5,0,0,0,0,0
c_2087,ONDOUSDT,1741280400000,0,train,control,,1.878118585527267,2.3935732561395526,3,-0.15737810899551424,0,0.9200518932944134,17,-0.016501813767447804,0.007500735798144884,0.00874813695068438,-0.1419418742004896,5e-05,0.0,0.0,0.0,0.5,0,0,0,0,0
c_2088,ONDOUSDT,1751929200000,0,train,control,,0.4606428262281451,0.7783428474847924,0,-0.12169480567260395,0,0.9517495395948434,23,-0.001390170945704741,0.0005796022441982222,-0.007540039642347273,0.10832227718289328,1.307e-05,-2.967e-05,0.0,0.0,0.5,0,0,0,0,0
c_2089,ONDOUSDT,1761051600000,0,train,control,,1.1583034778419885,0.8260178930163058,0,-0.06730763299796587,1,0.8896341463414635,13,0.0019756836104881594,0.00565514247532003,-0.005340369979950576,-0.11207905460312442,-6.386e-05,1.6200000000000014e-06,0.0,0.0,0.5,0,0,0,0,0
c_2090,ONDOUSDT,1714860000000,0,train,control,,,,0,-0.2464997690420741,0,0.9523084134052027,22,0.0004353988676497531,-0.004125657660001317,0.00028234472144045096,,0.00015722,0.00010722,0.0,0.0,0.5,0,0,0,0,0
c_2091,ONDOUSDT,1725426000000,0,train,control,,0.4334880699073135,1.5611050088777216,1,-0.35206756791584354,1,0.8452726218097447,5,0.0007416183878982005,0.00171060752567712,0.021321276088879685,-0.2523027494242015,-0.00011145,-3.724e-05,0.0,0.0,0.5,0,0,0,0,0
c_2092,ONDOUSDT,1740124800000,0,train,control,,0.3930625729139892,0.341694228680531,0,-0.10428462738801064,0,0.9007263922518159,8,-0.0022876315388134817,3.0718961804413168e-06,0.004923784221991998,-0.04822683287561379,5e-05,0.0,0.0,0.0,0.5,0,0,0,0,0
c_2093,ONDOUSDT,1753016400000,0,train,control,,1.2276672355941483,1.4420186789556635,0,0.00017125395928735982,1,0.9691617862371888,13,0.0015797171780244296,0.003744755131052532,-0.00011810275766835109,-0.15078128074737354,5e-05,0.0,0.0,0.0,0.5,0,0,0,0,0
c_2094,ONDOUSDT,1761454800000,0,train,control,,0.30655523549498276,0.4646345959956537,0,0.15525374969612826,0,0.930306905370844,5,0.0015133517549214357,-0.0011704656054782124,-0.004432525707396578,-0.024015128204244392,-2.016e-05,-2.9520000000000002e-05,0.0,0.0,0.5,0,0,0,0,0
c_2095,ONDOUSDT,1716894000000,0,train,control,,0.9621746174627482,0.971458365383034,0,-0.03923662487281437,0,0.932352278699602,11,0.0036616586450546823,-0.002783750102866077,0.004042018655122353,-0.16281457423478066,0.00020135,0.00011596999999999999,0.0,0.0,0.5,0,0,0,0,0
c_2096,ONDOUSDT,1724349600000,0,train,control,,0.9218645876867086,1.111137554506131,0,-0.19391803084880432,0,0.9779964466311329,18,-0.002764446596596503,-0.013825146027435993,-0.012855822901897095,0.20518058290750565,2.745e-05,-2.2550000000000003e-05,0.0,0.0,0.5,0,0,0,0,0
c_2097,ONDOUSDT,1741683600000,0,train,control,,1.0897734009402495,1.0886956544474082,0,0.1361170443453277,0,0.6742160278745645,9,0.008680616027666545,0.00027952209999316103,-0.022372528293914673,-0.1942153961880829,-0.00018107,-0.00023107,0.0,0.0,0.5,0,0,0,0,0
c_2098,ONDOUSDT,1749247200000,0,train,control,,0.40285957607455963,0.4567859724103908,0,-0.026350318333481053,0,0.9255637367694431,22,-0.0009020430988916135,-0.008561936042928842,-0.00017466427763304448,-0.011839574147053783,5e-05,0.0,0.0,0.0,0.5,0,0,0,0,0
c_2099,ONDOUSDT,1760493600000,0,train,control,,1.097940965401011,0.7444477435454748,0,-0.10681907287635813,0,0.8517248767945147,2,-0.0023180572944427576,0.00041037816252820393,-0.006473457878080212,0.7574497922639009,-6.963e-05,7.006000000000002e-05,0.0,0.0,0.5,0,0,0,0,0
c_2100,ONDOUSDT,1715727600000,0,train,control,,0.5814947015232574,0.44374158308122696,0,-0.048846067258437376,0,0.8752378686964796,23,0.00016053186314255642,0.004168199446100463,0.010364887548989973,0.03672155731883275,5e-05,0.0,0.0,0.0,0.5,0,0,0,0,0
c_2101,ONDOUSDT,1724997600000,0,train,control,,0.5523798207803892,0.37393603141634857,0,-0.050873800659195584,0,0.8061630218687874,6,-0.0037992774421928078,-0.0004884594087968044,0.006960891813800124,0.251384695841135,5e-05,0.0,0.0,0.0,0.5,0,0,0,0,0
c_2102,ONDOUSDT,1741615200000,0,train,control,,2.2692512098189566,1.523828577920588,1,-0.04324806103535182,0,0.7044964327194292,14,-0.020466782040188442,0.02277750465505055,0.00534682747234986,-0.21225494334385123,-0.00010868,1.5000000000000094e-06,0.0,0.0,0.5,0,0,0,0,0
c_2103,ONDOUSDT,1750150800000,0,train,control,,1.6326578190255405,1.4844381820522976,0,-0.0035364578635832845,0,0.8327719221992828,9,-0.0018020618286195428,-0.0007969529191490028,0.029305074378129146,0.044982325702377056,2.458e-05,-2.5420000000000004e-05,0.0,0.0,0.5,0,0,0,0,0
c_2104,ONDOUSDT,1761868800000,0,train,control,,0.8896059653267979,1.1204804281198253,1,0.10589599272335298,0,0.8830019243104554,0,0.0037530583995542587,-0.0018988841208713845,-0.0019073278681809296,-0.00768535313753143,-0.00013487,3.325000000000002e-05,0.0,0.0,0.5,0,0,0,0,0
c_2105,ONDOUSDT,1714741200000,0,train,control,,,,0,-0.029339443575163642,1,0.97187611249555,13,0.022532744608085468,-0.0039342122286930336,-0.0021741607260323606,,5e-05,-0.00015069,0.0,0.0,0.5,0,0,0,0,0
c_2106,ONDOUSDT,1726876800000,0,train,control,,0.7473090378923202,0.7394615844643411,0,-0.23335059908751093,0,0.9640358242373355,0,0.0003958784304845394,-0.003451223658047908,0.010257568333433288,0.17841514932976843,5e-05,0.0,0.0,0.0,0.5,0,0,0,0,0
c_2107,ONDOUSDT,1736647200000,0,train,control,,0.49285884449678313,0.639513749295457,0,0.26613375686847734,0,0.7897406989853438,2,0.001364243475092525,-0.0007622401805429997,-0.005022527844595914,0.08930127352144543,-0.00043159,0.00039091,0.0,0.0,0.5,0,0,0,0,0
c_2108,ONDOUSDT,1752080400000,0,train,control,,1.042203534223034,1.4459144261040204,1,0.13605645801497726,0,0.9913939393939394,17,0.003026967528893781,-0.01581939190266417,-0.01995719126943047,0.08929142907775088,5e-05,0.0,0.0,0.0,0.5,0,0,0,0,0
c_2109,ONDOUSDT,1761868800000,0,train,control,,0.8896059653267979,1.1204804281198253,1,0.10589599272335298,0,0.8830019243104554,0,0.0037530583995542587,-0.0018988841208713845,-0.0019073278681809296,-0.00768535313753143,-0.00013487,3.325000000000002e-05,0.0,0.0,0.5,0,0,0,0,0
c_2110,ONDOUSDT,1714608000000,0,train,control,,,,0,-0.012791445781772945,1,0.9730243161094225,0,0.007772490878514378,-0.00031535266851114653,0.013787085014963823,,5e-05,0.0,0.0,0.0,0.5,0,0,0,0,0
c_2111,ONDOUSDT,1724497200000,0,train,control,,1.1419067337954416,0.9340758370476097,0,-0.05786679406192469,0,0.9864847953948191,11,-0.0032189391807100013,0.022409903924978224,0.023820075706685453,0.09962256240583295,5e-05,0.0,0.0,0.0,0.5,0,0,0,0,0
c_2112,ONDOUSDT,1739160000000,0,train,control,,1.5203910063572392,1.3820742435228075,0,-0.10550020538120036,1,0.8846666666666666,4,0.010500770641282207,-0.015591600437521351,-0.00615832848843357,-0.07562749657466411,-5.17e-05,-6.042e-05,0.0,0.0,0.5,0,0,0,0,0
c_2113,ONDOUSDT,1753041600000,0,train,control,,0.9912822316422998,1.9911019595240527,2,0.02036238479774484,1,0.9763909224011713,20,-0.0016724541976572856,0.0026903142706161043,0.00462416250373183,-0.13936735482287663,5e-05,0.0,0.0,0.0,0.5,0,0,0,0,0
c_2114,ONDOUSDT,1761868800000,0,train,control,,0.8896059653267979,1.1204804281198253,1,0.10589599272335298,0,0.8830019243104554,0,0.0037530583995542587,-0.0018988841208713845,-0.0019073278681809296,-0.00768535313753143,-0.00013487,3.325000000000002e-05,0.0,0.0,0.5,0,0,0,0,0
p_423,PLAYUSDT,1754535600000,1,train,main,128.6277,,,0,0.00519009293877629,0,0.8030085959885387,3,-0.001712239197374875,,,,5e-05,0.0,0.0,0.0,0.5,0,0,0,0,0
p_424,PLAYUSDT,1757048400000,1,train,main,35.7003,0.5594478139247218,0.651293959463555,0,-0.19449540991274933,0,0.6295979469632164,5,0.001166564360110715,,,,0.00026928,-0.0015422,0.0,0.0,0.5,0,0,1,0,0
p_425,PLAYUSDT,1760130000000,1,train,main,27.0471,2.1151380468814365,1.5049313287778834,1,-0.234126821837028,0,0.7772388059701493,21,-0.020644859195937088,,,,5e-05,0.0,0.0,0.0,0.5,0,0,0,0,0
p_426,PLAYUSDT,1760497200000,1,train,main,17.9676,3.7169141023482455,3.406475130980796,4,-0.09245491759772713,0,0.5439624853458381,3,0.0007596895922525086,,,,5e-05,0.0,0.0,0.0,0.5,0,0,0,0,0
p_427,PLAYUSDT,1762999200000,1,test,main,26.2831,0.42965012693585336,0.42642442984011375,0,0.005528858494074397,0,0.9046554934823091,2,0.0014438220621904253,,,,5e-05,0.0,0.0,0.0,0.5,0,1,0,0,0
p_428,PLAYUSDT,1764046800000,1,test,main,21.4943,0.7148489499049757,0.843275928819517,0,-0.19364968043277092,0,0.8795997417688831,5,0.005967523819397395,,,,5e-05,0.0,0.0,0.0,0.5,0,1,0,0,0
p_429,PLAYUSDT,1765360800000,1,test,main,17.9187,2.1737056381383577,2.071655866395459,2,0.0293618656057313,1,0.9536928487690505,10,0.0032960622265435727,,,,5e-05,0.0,0.0,0.0,0.5,0,1,0,0,0
p_430,PLAYUSDT,1766484000000,1,test,main,42.454,2.4399035635653585,1.3293421301692618,1,0.1366852372211122,0,0.9792984473835538,10,0.0007732182808931731,,,,5e-05,-0.00026898,0.0,0.0,0.5,0,1,0,0,0
p_431,PLAYUSDT,1766941200000,1,test,main,27.0658,3.9869054329832174,3.8974733131636032,4,0.08911067892558405,0,0.895985401459854,17,-0.00020159981411810434,,,,5e-05,0.0,0.0,0.0,0.5,0,1,0,0,0
p_432,PLAYUSDT,1768168800000,1,test,main,64.1847,0.3860751782597704,0.49020637318656285,0,-0.04643350393861532,0,0.8789974070872947,22,0.0006276598326388488,,,,5e-05,0.0,0.0,0.0,0.5,0,0,0,0,0
p_433,PLAYUSDT,1768273200000,1,test,main,25.4895,49.69960685631974,48.56440181000007,4,0.03055759509262004,1,0.8759301659988552,3,-0.000700985328673198,,,,0.00176413,0.00010977000000000014,0.0,0.0,0.5,0,0,0,0,0
p_434,PLAYUSDT,1768777200000,1,test,main,28.6223,0.3869335942354859,0.32642278128920815,0,0.034357324256306734,0,0.8817024559598817,23,0.0005923276274185838,,,,0.00109447,0.00019056999999999993,0.0,0.0,0.5,0,0,0,0,0
p_435,PLAYUSDT,1769554800000,1,test,main,72.613,0.2956075727910884,0.3016791494284809,0,-0.07388883328206405,0,0.8543689320388349,23,0.0018373867777784672,,,,0.00011211,-4.899000000000002e-05,0.0,0.0,0.5,0,1,0,0,0
p_436,PLAYUSDT,1769763600000,1,test,main,23.5829,5.45237116190092,8.662416859428287,4,0.009321780401915095,1,0.6991308223757521,9,-0.0017494240069784004,,,,-0.0004028,-0.00078159,0.0,0.0,0.5,0,1,0,0,0
p_437,PLAYUSDT,1770181200000,1,test,main,16.14,3.4472161287074488,2.2203982743243764,2,0.03833489749396243,1,0.6450486590892207,5,-0.00277976705265129,,,,5e-05,-0.00042927,0.0,0.0,0.5,0,1,0,0,0
p_438,PLAYUSDT,1771527600000,1,test,main,19.3029,1.3367534750300565,3.3640878107644494,2,-0.16937962866366985,1,0.3113333333333333,19,0.010056364483290264,,,,7.216e-05,2.2159999999999998e-05,0.0,0.0,0.5,0,1,0,0,0
p_439,PLAYUSDT,1771668000000,1,test,main,18.0238,1.8559596323162966,1.39265111347989,0,0.1565684091809294,0,0.5001228199459592,10,0.0014540503904178041,,,,5e-05,0.0,0.0,0.0,0.5,0,1,0,0,0
p_440,PLAYUSDT,1773129600000,1,test,main,88.1025,2.4114424310080107,1.4326601423665177,1,-0.1401682862912801,0,0.9850618864703372,8,0.007085043417535178,,,,5e-05,0.0,0.0,0.0,0.5,0,1,0,0,0
p_441,PLAYUSDT,1773248400000,1,test,main,17.589,18.273230967649337,29.636708018252175,4,-0.02821172425677063,0,0.7582889889480147,17,0.00501518089558023,,,,0.00034308,6.752e-05,0.0,0.0,0.5,0,1,0,0,0
p_442,PLAYUSDT,1773446400000,1,test,main,15.9709,1.90709437160419,1.8704750913575943,1,-0.05225868670783703,0,0.6612771182971756,0,0.0015497458529817715,,,,5e-05,-5.1059999999999996e-05,0.0,0.0,0.5,0,1,0,0,0
p_443,PLAYUSDT,1774000800000,1,test,main,26.9218,47.11378635340356,12.148288234629977,1,0.01017691437825244,0,0.9306071871127634,10,-0.006415456814327807,,,,5e-05,0.0,0.0,0.0,0.5,0,1,0,0,0
p_444,PLAYUSDT,1774170000000,1,test,main,36.8186,1.0627810777752118,0.9132980652020275,0,0.12012480012760067,0,0.8996282527881041,9,-0.0018552794895804268,,,,5e-05,0.0,0.0,0.0,0.5,0,1,0,0,0
p_445,PLAYUSDT,1774728000000,1,test,main,90.7968,0.5417936457900455,0.30393378660363185,0,-0.46348716213634766,0,0.7164119865052591,20,2.841287192814503e-05,,,,5e-05,0.0,0.0,0.0,0.5,0,1,0,0,0
p_446,PLAYUSDT,1775419200000,1,test,main,118.5379,0.5312313225378964,0.6180427530254508,0,-0.11537279181075553,1,0.6562500000000001,20,-0.0007717297580478799,,,,5e-05,0.0,0.0,0.0,0.5,0,1,0,0,0
p_447,PLAYUSDT,1776225600000,1,test,main,126.9485,0.4216096459713016,0.6353679170524543,0,-0.015914184475405234,0,0.8481298273019179,4,0.00022617124394188086,,,,0.00053886,-7.875000000000004e-05,0.0,0.0,0.5,0,1,0,0,0
p_448,PLAYUSDT,1778065200000,1,test,main,61.872,0.8520427498866845,0.47922981411144716,0,0.09823855857118843,0,0.7436325375517017,11,0.003450493110604933,,,,0.00091171,0.00045495,0.0,0.0,0.5,0,0,0,0,0
p_449,PLAYUSDT,1778295600000,1,test,main,51.6367,6.918768347686673,5.835024996270103,4,0.059671499914928386,0,0.5027797081306462,3,0.0012356751370203923,,,,5e-05,-0.00017838,0.0,0.0,0.5,0,0,0,0,0
p_450,PLAYUSDT,1778367600000,1,test,main,18.9619,4.541505302874038,4.539165796462458,4,-0.09841638223724875,0,0.6300092656937688,23,-5.945317938266432e-05,,,,5e-05,-0.00016788,0.0,0.0,0.5,0,0,0,0,0
p_451,PLAYUSDT,1778446800000,1,test,main,25.2162,4.085028312994711,3.0701391594749845,4,-0.11520271690114675,0,0.5443595089182303,21,-0.008683260030959027,,,,5e-05,0.0,0.0,0.0,0.5,0,0,0,0,0
p_452,PLAYUSDT,1778713200000,1,test,main,40.8975,0.9319793781698135,0.9979527255394023,0,0.0773726530351223,0,0.4843641417651147,23,0.0004019495181647002,,,,5e-05,0.0,0.0,0.0,0.5,0,0,0,0,0
p_453,PLAYUSDT,1779166800000,1,test,main,49.2994,4.2425037451178405,2.6660271958291926,2,0.011319145167811073,1,0.8076986346438559,5,0.001817591944745205,,,,-0.00044009,0.0005502200000000001,0.0,0.0,0.5,0,0,0,0,0
p_454,PLAYUSDT,1779314400000,1,test,main,19.6401,11.866380676225852,15.382478984091312,4,0.007749603256344626,1,0.5354114275688637,22,-0.0027690667820123404,,,,5e-05,-0.00013811000000000002,0.0,0.0,0.5,0,0,0,0,0
p_455,PLAYUSDT,1779397200000,1,test,main,28.2876,3.4176154992120367,3.6259995045987132,4,-0.017293673594381748,1,0.5015497982338148,21,0.00018414285364748821,,,,-0.00088421,-0.00093421,0.0,0.0,0.5,0,0,0,0,0
p_456,PLAYUSDT,1779422400000,1,test,main,15.7604,11.400545024022536,5.751772646473966,4,-0.04072799774264913,1,0.6155915550616995,4,0.0013112102032247388,,,,-7.012e-05,0.00081409,0.0,0.0,0.5,0,0,0,0,0
p_457,PLAYUSDT,1779656400000,1,test,main,77.1544,1.7353526480018693,2.9138840909354977,2,-0.06221843603373441,1,0.3815427802795485,21,-0.001295308091766117,,,,-0.00123194,-0.0012819399999999999,0.0,0.0,0.5,0,0,0,0,0
p_458,PLAYUSDT,1779786000000,1,test,main,27.6161,3.2146208882885214,4.889925263938776,4,0.022950042293393126,1,0.5939528627405111,9,3.651296014464815e-05,,,,0.00034109,7.978e-05,0.0,0.0,0.5,0,0,0,0,0
p_459,PLAYUSDT,1754546400000,1,train,fast,61.9528,,,0,0.06940801994547445,0,0.8361986628462273,6,0.0019377386633539937,,,,5e-05,0.0,0.0,0.0,0.5,0,0,0,0,0
p_460,PLAYUSDT,1754600400000,1,train,fast,10.0546,2.032818439504655,3.597913873149203,4,-0.006622268926149537,1,0.5027513227513227,21,-0.002446178952640303,,,,0.00101877,-0.0016145399999999998,0.0,0.0,0.5,0,0,0,0,0
p_461,PLAYUSDT,1754881200000,1,train,fast,10.568,1.312242131680012,0.6812526289785616,0,-0.008556884702575257,1,0.54,3,0.014888783932708045,,,,0.00072262,0.00018968,0.0,0.0,0.5,0,0,0,0,0
p_462,PLAYUSDT,1756260000000,1,train,fast,12.1182,0.8568164901551382,0.5993635010378245,0,0.06138688960500553,0,0.6569903236569903,2,-0.0005228748774792497,,,,5e-05,0.0,0.0,0.0,0.5,0,0,1,0,0
p_463,PLAYUSDT,1756497600000,1,train,fast,18.1307,0.2107896718922087,0.34840634867847087,0,-0.021073036064441327,1,0.7128795462128795,20,0.000582834146679927,,,,5e-05,-0.00079031,0.0,0.0,0.5,0,0,1,0,0
p_464,PLAYUSDT,1757059200000,1,train,fast,11.2292,0.8587487571926379,0.9550616183411228,0,-0.11487487666917696,1,0.628229255774166,8,0.009298229930270033,,,,0.00026928,-0.0015422,0.0,0.0,0.5,0,0,1,0,0
p_465,PLAYUSDT,1757084400000,1,train,fast,18.5415,1.7609975736754484,3.915195835796643,3,-0.07837385302955971,0,0.68759623609923,15,-0.022127182194917383,,,,0.00139357,0.00112429,0.0,0.0,0.5,0,0,1,0,0
p_466,PLAYUSDT,1760497200000,1,train,fast,17.9676,3.7169141023482455,3.406475130980796,4,-0.09245491759772713,0,0.5439624853458381,3,0.0007596895922525086,,,,5e-05,0.0,0.0,0.0,0.5,0,0,0,0,0
p_467,PLAYUSDT,1763035200000,1,test,fast,12.6965,0.8290799615469024,0.8674541001619533,0,-0.22028476186640036,0,0.9307262569832402,12,-0.0004973230035200862,,,,5e-05,0.0,0.0,0.0,0.5,0,1,0,0,0
p_468,PLAYUSDT,1764082800000,1,test,fast,10.07,3.6025659525805755,2.7349493300284355,4,0.055179378733399294,1,0.8999354422207876,15,-0.0038240654135805216,,,,5e-05,0.0,0.0,0.0,0.5,0,1,0,0,0
p_469,PLAYUSDT,1765440000000,1,test,fast,12.6802,0.20121567905311016,0.4226525922210087,0,-0.02227559166925073,1,0.9617346938775511,8,-0.00022935754403511543,,,,9.417e-05,-5.596e-05,0.0,0.0,0.5,0,0,0,0,0
p_470,PLAYUSDT,1766494800000,1,test,fast,24.4307,4.136110184435019,2.218441714721441,2,0.11995060102722588,0,0.9926574414007343,13,-0.0008722992601398102,,,,5e-05,-0.00050309,0.0,0.0,0.5,0,1,0,0,0
p_471,PLAYUSDT,1768222800000,1,test,fast,48.4804,0.2911932008434006,0.42749514476415834,0,-0.41327522580417486,0,0.9071428571428573,13,0.0018515267643329,,,,5e-05,-0.00026238,0.0,0.0,0.5,0,0,0,0,0
p_472,PLAYUSDT,1768806000000,1,test,fast,23.3537,1.423037463142246,1.6388179510192098,1,0.07755901558305725,0,0.9195062363379195,7,0.0007721306263342907,,,,0.00222127,0.0011268,0.0,0.0,0.5,0,0,0,0,0
p_473,PLAYUSDT,1769590800000,1,test,fast,18.7648,0.7532359213139941,0.4961151510354893,0,0.281644439473988,0,0.924962852897474,9,-0.002308465796100826,,,,0.00039669,0.00031948,0.0,0.0,0.5,0,0,0,0,0
p_474,PLAYUSDT,1773136800000,1,test,fast,17.5514,1.064072492565384,1.440899832502683,1,-0.006583139045881272,1,0.9914857386121755,10,0.005371481467327381,,,,8.9e-05,3.899999999999999e-05,0.0,0.0,0.5,0,1,0,0,0
p_475,PLAYUSDT,1773208800000,1,test,fast,18.2734,47.249770007212916,59.134943910142695,4,-0.025116977401838457,0,0.8388324873096448,6,-0.008931412176111469,,,,0.00050369,0.00022838999999999997,0.0,0.0,0.5,0,1,0,0,0
p_476,PLAYUSDT,1773446400000,1,test,fast,14.8008,1.90709437160419,1.8704750913575943,1,-0.05225868670783703,0,0.6612771182971756,0,0.0015497458529817715,,,,5e-05,-5.1059999999999996e-05,0.0,0.0,0.5,0,1,0,0,0
p_477,PLAYUSDT,1774198800000,1,test,fast,10.1362,0.864126645630321,0.66488395205265,0,-0.12323863989494312,0,0.9127633209417597,17,-0.0007701820390642143,,,,5e-05,0.0,0.0,0.0,0.5,0,1,0,0,0
p_478,PLAYUSDT,1774728000000,1,test,fast,60.6238,0.5417936457900455,0.30393378660363185,0,-0.46348716213634766,0,0.7164119865052591,20,2.841287192814503e-05,,,,5e-05,0.0,0.0,0.0,0.5,0,1,0,0,0
p_479,PLAYUSDT,1774742400000,1,test,fast,11.8199,34.12697931297777,34.11638012774491,4,0.03979610324893654,0,0.9714390333211278,0,-0.005907476509463608,,,,0.00083878,0.00067812,0.0,0.0,0.5,0,1,0,0,0
p_480,PLAYUSDT,1775325600000,1,test,fast,19.8238,0.5896024849716114,0.5429758015388831,0,-0.09510649515111233,0,0.6732819905213271,18,-0.0004886003160307563,,,,5e-05,0.0,0.0,0.0,0.5,0,1,0,0,0
p_481,PLAYUSDT,1775426400000,1,test,fast,27.5014,9.644591215332836,3.224764656653197,1,-0.10693067640807416,1,0.6438092417061612,22,-0.0017327870815695783,,,,5e-05,0.0,0.0,0.0,0.5,0,1,0,0,0
p_482,PLAYUSDT,1775970000000,1,test,fast,11.0894,3.57037100172679,1.717861657562096,2,-0.003183563263493243,1,0.7764955967203158,5,-0.0018850365269495765,,,,5e-05,0.0,0.0,0.0,0.5,0,1,0,0,0
p_483,PLAYUSDT,1776240000000,1,test,fast,12.0319,0.5170090303305989,0.8396034159381611,0,0.05611940593482493,1,0.8730365356244033,8,-0.0019769509188082503,,,,0.00037165,9.266999999999999e-05,0.0,0.0,0.5,0,1,0,0,0
p_484,PLAYUSDT,1776268800000,1,test,fast,24.2753,0.5558311159607676,1.3144470308303935,1,0.09294694771653855,1,0.8838938930666886,16,-0.0042005807677361244,,,,5e-05,-0.00032165,0.0,0.0,0.5,0,1,0,0,0
p_485,PLAYUSDT,1777075200000,1,test,fast,23.7421,0.3125189762128973,0.2960642751111421,0,-0.19678324470453784,0,0.8386546429441873,0,0.0013053968911111938,,,,5e-05,0.0,0.0,0.0,0.5,0,0,0,0,0
p_486,PLAYUSDT,1777924800000,1,test,fast,21.4189,0.3255788814111261,0.45605722392302284,0,-0.22571214844374113,0,0.75088890501415,20,-0.0007804607590574033,,,,0.00049387,-0.00011961000000000003,0.0,0.0,0.5,0,0,0,0,0
p_487,PLAYUSDT,1778083200000,1,test,fast,15.952,0.6495597311935023,1.0775535142355435,0,-0.23048731473907355,0,0.7714969886075032,16,0.0022682750799050016,,,,0.00099414,0.0007203299999999999,0.0,0.0,0.5,0,0,0,0,0
p_488,PLAYUSDT,1778194800000,1,test,fast,11.929,12.47413204899256,8.012686416394313,4,-0.1059901533425621,0,0.37526059763724806,23,0.0023643480410674798,,,,5e-05,0.0,0.0,0.0,0.5,0,0,0,0,0
p_489,PLAYUSDT,1778227200000,1,test,fast,11.5798,15.581593598564254,12.583695983338563,4,-0.03022256586798939,1,0.46409543664581887,8,0.0018984929061283222,,,,5e-05,0.0,0.0,0.0,0.5,0,0,0,0,0
p_490,PLAYUSDT,1778313600000,1,test,fast,25.018,22.851582548539017,13.908122548092946,4,0.036819761660675125,0,0.5709983785035904,8,-0.00041388819284194196,,,,5e-05,-6.076e-05,0.0,0.0,0.5,0,0,0,0,0
p_491,PLAYUSDT,1778760000000,1,test,fast,20.714,6.592815213214526,2.8125913134953135,2,0.054097006939749004,0,0.644145433724592,12,-0.0039406513265433695,,,,5e-05,0.0,0.0,0.0,0.5,0,0,0,0,0
p_492,PLAYUSDT,1779166800000,1,test,fast,11.4043,4.2425037451178405,2.6660271958291926,2,0.011319145167811073,1,0.8076986346438559,5,0.001817591944745205,,,,-0.00044009,0.0005502200000000001,0.0,0.0,0.5,0,0,0,0,0
p_493,PLAYUSDT,1779318000000,1,test,fast,17.2692,10.347218925784441,14.999853425861778,4,0.012855764912170409,1,0.5264635358792912,23,4.776381439236153e-05,,,,5e-05,-0.00013811000000000002,0.0,0.0,0.5,0,0,0,0,0
p_494,PLAYUSDT,1779415200000,1,test,fast,12.2414,2.4440671049208045,4.1859951208329775,4,-0.18958700332613543,0,0.49318673606643665,2,0.0030422252591322083,,,,-0.0004893,-9.340000000000043e-06,0.0,0.0,0.5,0,0,0,0,0
p_495,PLAYUSDT,1779609600000,1,test,fast,10.127,3.1935106576320367,3.612142780681574,4,-0.024138695112145357,1,0.38528568922159184,8,-0.002401369092248735,,,,-0.00077919,-0.00082919,0.0,0.0,0.5,0,0,0,0,0
p_496,PLAYUSDT,1779663600000,1,test,fast,13.4591,1.4307953107960205,2.0103942970259556,1,0.041794009620174294,0,0.36616176384583893,23,0.008740440963918707,,,,-0.00123194,-0.0012819399999999999,0.0,0.0,0.5,0,0,0,0,0
p_497,PLAYUSDT,1779688800000,1,test,fast,37.6538,1.706625151474092,2.290703084486558,2,-0.08014955573622978,0,0.3807240189484765,6,0.0001680520185632845,,,,-0.00013114,0.0011007999999999999,0.0,0.0,0.5,0,0,0,0,0
c_2115,PLAYUSDT,1754038800000,0,train,control,,,,0,-0.009564148426448617,1,0.8259312320916906,9,-0.0040238194810942466,,,,0.00072957,0.00055999,0.0,0.0,0.5,0,0,0,0,0
c_2116,PLAYUSDT,1756738800000,0,train,control,,0.8492855440681026,1.4259162713641254,1,0.1288849295768848,0,0.7734816082121471,15,0.0011956892786222403,,,,0.00066074,-0.0010427599999999998,0.0,0.0,0.5,0,0,0,0,0
c_2117,PLAYUSDT,1758214800000,0,train,control,,0.40986764837584055,0.4377861437760167,0,0.13421717482234327,0,0.9479187216413495,17,-0.00016761635084737374,,,,0.00011259,-0.00047234,0.0,0.0,0.5,0,0,0,0,0
c_2118,PLAYUSDT,1759827600000,0,train,control,,2.785737885202061,2.3938790433596395,3,-0.13210029230314066,1,0.9722014925373134,9,0.0015045244934160874,,,,0.00097828,-0.00062831,0.0,0.0,0.5,0,0,0,0,0
c_2119,PLAYUSDT,1761868800000,0,train,control,,0.5794102702990281,0.6156582479926902,0,0.13856163655914766,0,0.7815336463223788,0,0.0037530583995542587,,,,5e-05,0.0,0.0,0.0,0.5,0,0,0,0,0
c_2120,PLAYUSDT,1754233200000,0,train,control,,,,0,-0.02608399790366526,0,0.7679083094555874,15,-0.0014460446245683342,,,,0.00061155,-0.00016863000000000002,0.0,0.0,0.5,0,0,0,0,0
c_2121,PLAYUSDT,1756040400000,0,train,control,,0.22962920436360174,0.36818058642113344,0,0.09562902841543146,1,0.8545211878545212,13,-0.0004777597600739561,,,,7.615e-05,-0.00056693,0.0,0.0,0.5,0,0,0,0,0
c_2122,PLAYUSDT,1758700800000,0,train,control,,0.19720870931338283,0.42888309766139343,0,0.07262415296780864,1,0.781697238459988,8,-5.686306042329867e-05,,,,0.00046251,0.00040388,0.0,0.0,0.5,0,0,0,0,0
c_2123,PLAYUSDT,1759802400000,0,train,control,,1.78898511524364,2.6585323706752217,2,-0.0024001882934004955,1,0.9839084916634355,2,-0.0015402445969293058,,,,0.00160659,0.00029549000000000003,0.0,0.0,0.5,0,0,0,0,0
c_2124,PLAYUSDT,1761868800000,0,train,control,,0.5794102702990281,0.6156582479926902,0,0.13856163655914766,0,0.7815336463223788,0,0.0037530583995542587,,,,5e-05,0.0,0.0,0.0,0.5,0,0,0,0,0
c_2125,PLAYUSDT,1754262000000,0,train,control,,,,0,-0.24665579059676374,0,0.7736389684813753,23,-0.0009966881974631662,,,,0.00075351,0.00014196,0.0,0.0,0.5,0,0,0,0,0
c_2126,PLAYUSDT,1756026000000,0,train,control,,0.3865608964870553,0.4411408008501745,0,0.029378225515858895,1,0.914914914914915,9,-0.00037786840428095936,,,,0.00011681,-0.00031825,0.0,0.0,0.5,0,0,0,0,0
c_2127,PLAYUSDT,1758596400000,0,train,control,,0.3123679533914429,0.26093635783906255,0,0.007998353185278986,1,0.7857565594791872,3,-0.003164602123530109,,,,5e-05,0.0,0.0,0.0,0.5,0,0,0,0,0
c_2128,PLAYUSDT,1760716800000,0,train,control,,2.728650906996086,2.3354495108908067,4,0.07543570943806667,0,0.5938030560271647,16,0.015594957326024339,,,,5e-05,0.0,0.0,0.0,0.5,0,0,0,0,0
c_2129,PLAYUSDT,1761829200000,0,train,control,,2.2403666518823164,5.743403709745793,4,-0.00957987025147126,0,0.8003129890453834,13,-0.01211131982565241,,,,0.00014739,-0.0001268,0.0,0.0,0.5,0,0,0,0,0
c_2130,PLAYUSDT,1754038800000,0,train,control,,,,0,-0.009564148426448617,1,0.8259312320916906,9,-0.0040238194810942466,,,,0.00072957,0.00055999,0.0,0.0,0.5,0,0,0,0,0
c_2131,PLAYUSDT,1756702800000,0,train,control,,2.2944983122282916,2.966459733352274,4,-0.08868557525833543,0,0.9079555175363558,5,-0.0023220785158025734,,,,0.0017035,0.0004912,0.0,0.0,0.5,0,0,0,0,0
c_2132,PLAYUSDT,1758664800000,0,train,control,,0.16013828962628343,0.325417475125934,0,0.01109607551819173,0,0.7676070230814757,22,0.001538373576423859,,,,5.863e-05,8.629999999999997e-06,0.0,0.0,0.5,0,0,0,0,0
c_2133,PLAYUSDT,1760774400000,0,train,control,,1.548503615249582,1.8321268886343378,1,-0.11290085043068175,0,0.7812846068660022,8,-0.0014325668320516697,,,,5e-05,0.0,0.0,0.0,0.5,0,0,0,0,0
c_2134,PLAYUSDT,1761782400000,0,train,control,,0.7269111581242715,0.5731621746200891,0,-0.04055980033757751,0,0.8838810641627544,0,-0.00891462844300818,,,,5e-05,0.0,0.0,0.0,0.5,0,0,0,0,0
c_2135,PLAYUSDT,1762207200000,0,test,control,,0.9662343807773861,0.8848908186211778,0,0.057138279723910446,0,0.6919817470664928,22,0.0021891669066247035,,,,5e-05,0.0,0.0,0.0,0.5,0,0,0,0,0
c_2136,PLAYUSDT,1764817200000,0,test,control,,0.4617293016491677,0.7263998382430762,0,-0.08391134496454102,1,0.9205621753742743,3,0.008009661835748855,,,,5e-05,0.0,0.0,0.0,0.5,0,0,0,0,0
c_2137,PLAYUSDT,1767794400000,0,test,control,,4.823382181583034,1.470759777199499,1,-0.14890259095778757,0,0.7650424510889627,14,0.0004458780208235911,,,,5e-05,0.0,0.0,0.0,0.5,0,0,0,0,0
c_2138,PLAYUSDT,1772866800000,0,test,control,,0.5800534721703415,0.5970524292612219,0,-0.28721645741834534,0,0.9494812810103744,7,-0.004771282877948535,,,,0.00014364,9.364e-05,0.0,0.0,0.5,0,0,0,0,0
c_2139,PLAYUSDT,1777510800000,0,test,control,,0.42085537952509583,0.33825626935796776,0,0.04641195056909458,0,0.5358805586771552,1,0.005930040831737226,,,,5e-05,-0.00022004,0.0,0.0,0.5,0,0,0,0,0
c_2140,PLAYUSDT,1761958800000,0,test,control,,0.4703773081674788,0.5777335253293828,0,0.10682887184105656,1,0.7943661971830986,1,0.0012085000269264957,,,,5e-05,0.0,0.0,0.0,0.5,0,0,0,0,0
c_2141,PLAYUSDT,1764799200000,0,test,control,,0.2316638735361788,0.585038276841823,0,-0.04142886937536918,1,0.9028414298808431,22,0.007713482021603807,,,,5e-05,0.0,0.0,0.0,0.5,0,0,0,0,0
c_2142,PLAYUSDT,1768528800000,0,test,control,,5.240187408591544,2.5484817443184204,2,0.1627123231514195,0,0.8597145428828596,2,0.00035673336848350936,,,,6.028e-05,1.0279999999999996e-05,0.0,0.0,0.5,0,0,0,0,0
c_2143,PLAYUSDT,1773651600000,0,test,control,,1.0222386454943175,0.6677086389889131,0,0.016051581818223675,1,0.6496111338518215,9,-0.004486045456959624,,,,5e-05,0.0,0.0,0.0,0.5,0,0,0,0,0
c_2144,PLAYUSDT,1778990400000,0,test,control,,0.4024955465601622,0.760776019205375,0,0.030865539251782096,0,0.7208073041806824,4,0.0017198351321600716,,,,-0.00017272,0.00018436,0.0,0.0,0.5,0,0,0,0,0
c_2145,PLAYUSDT,1762196400000,0,test,control,,0.40135063809014415,2.8459723616164303,1,0.10775437028785903,1,0.7033898305084746,19,-0.004908166190712023,,,,5e-05,0.0,0.0,0.0,0.5,0,0,0,0,0
c_2146,PLAYUSDT,1764961200000,0,test,control,,0.3239714978137003,1.0660087848825084,0,0.016986611504089155,1,0.9260617170791322,19,-0.004305589313536382,,,,5e-05,0.0,0.0,0.0,0.5,0,0,0,0,0
c_2147,PLAYUSDT,1769212800000,0,test,control,,0.2585997509508018,0.47239558047677227,0,0.21160247254901499,0,0.7858634714741124,0,-0.00029692371404690075,,,,0.0009066,0.00027749000000000003,0.0,0.0,0.5,0,0,0,0,0
c_2148,PLAYUSDT,1772312400000,0,test,control,,0.7169468904782187,1.938962055767991,1,-0.18859578576131159,0,0.7821501014198783,21,0.009054843247921758,,,,5e-05,0.0,0.0,0.0,0.5,0,0,0,0,0
c_2149,PLAYUSDT,1777464000000,0,test,control,,0.7703989331871035,0.8083844514512892,0,0.0579657533787366,0,0.5164017766361642,12,-0.0002939079835979095,,,,0.00038247,-1.5910000000000002e-05,0.0,0.0,0.5,0,0,0,0,0
c_2150,PLAYUSDT,1761958800000,0,test,control,,0.4703773081674788,0.5777335253293828,0,0.10682887184105656,1,0.7943661971830986,1,0.0012085000269264957,,,,5e-05,0.0,0.0,0.0,0.5,0,0,0,0,0
c_2151,PLAYUSDT,1764903600000,0,test,control,,0.1375514636690324,0.32067006021489786,0,-0.02195257271686321,0,0.9199511151848457,3,0.0016669880050519672,,,,5e-05,0.0,0.0,0.0,0.5,0,0,0,0,0
c_2152,PLAYUSDT,1769022000000,0,test,control,,0.5455348683266641,0.7012256397896838,0,0.05644145142613292,0,0.872045729361328,19,0.006190199893056712,,,,0.0004407,-1.600000000000001e-05,0.0,0.0,0.5,0,0,0,0,0
c_2153,PLAYUSDT,1772539200000,0,test,control,,6.083520184355901,2.704894945686916,2,-0.10954468818283397,1,0.9577464788732395,12,0.0025992760335376503,,,,5e-05,0.0,0.0,0.0,0.5,0,0,0,0,0
c_2154,PLAYUSDT,1778990400000,0,test,control,,0.4024955465601622,0.760776019205375,0,0.030865539251782096,0,0.7208073041806824,4,0.0017198351321600716,,,,-0.00017272,0.00018436,0.0,0.0,0.5,0,0,0,0,0
c_2155,PLAYUSDT,1761958800000,0,test,control,,0.4703773081674788,0.5777335253293828,0,0.10682887184105656,1,0.7943661971830986,1,0.0012085000269264957,,,,5e-05,0.0,0.0,0.0,0.5,0,0,0,0,0
c_2156,PLAYUSDT,1764828000000,0,test,control,,1.0710512649068982,0.7118905407379681,0,0.1193134100390603,0,0.9147571035747021,6,-0.004129973059802189,,,,5e-05,0.0,0.0,0.0,0.5,0,0,0,0,0
c_2157,PLAYUSDT,1769108400000,0,test,control,,0.3038467792092545,0.3517824212127882,0,0.08193147715045816,1,0.8255468835879961,19,-0.0022849162011173182,,,,5e-05,0.0,0.0,0.0,0.5,0,0,0,0,0
c_2158,PLAYUSDT,1772769600000,0,test,control,,0.5648672211996892,0.5078907630413058,0,0.03892837853550477,0,0.9657194406856112,4,-0.0022288042402054324,,,,5e-05,0.0,0.0,0.0,0.5,0,0,0,0,0
c_2159,PLAYUSDT,1778990400000,0,test,control,,0.4024955465601622,0.760776019205375,0,0.030865539251782096,0,0.7208073041806824,4,0.0017198351321600716,,,,-0.00017272,0.00018436,0.0,0.0,0.5,0,0,0,0,0
c_2160,PLAYUSDT,1762016400000,0,test,control,,0.49893868745510106,0.6009128592188516,0,-0.16141030049918087,1,0.7815336463223788,17,0.001455740060152449,,,,5e-05,-0.00019526000000000002,0.0,0.0,0.5,0,0,0,0,0
c_2161,PLAYUSDT,1764612000000,0,test,control,,0.7225779828666505,0.8709236263480238,0,-0.25647774406648505,0,0.8752244165170557,18,0.004287895831928678,,,,5e-05,0.0,0.0,0.0,0.5,0,0,0,0,0
c_2162,PLAYUSDT,1767873600000,0,test,control,,0.3150926576476369,0.48341172836641183,0,-0.09708019559220035,0,0.7942252165543792,12,-0.0019310189140259474,,,,5e-05,-0.00062462,0.0,0.0,0.5,0,0,0,0,0
c_2163,PLAYUSDT,1772265600000,0,test,control,,1.0069128765802542,2.366736901584738,1,-0.0644636556672735,1,0.718052738336714,8,0.009728716651523235,,,,5e-05,0.0,0.0,0.0,0.5,0,0,0,0,0
c_2164,PLAYUSDT,1777737600000,0,test,control,,0.5831173422924173,0.4256846781474288,0,-0.20918069629580677,0,0.7828169218489225,16,0.0008790406846567051,,,,5e-05,-0.00027288999999999997,0.0,0.0,0.5,0,0,0,0,0
c_2165,PLAYUSDT,1761958800000,0,test,control,,0.4703773081674788,0.5777335253293828,0,0.10682887184105656,1,0.7943661971830986,1,0.0012085000269264957,,,,5e-05,0.0,0.0,0.0,0.5,0,0,0,0,0
c_2166,PLAYUSDT,1764604800000,0,test,control,,1.217871574332024,0.9050918573625499,0,-0.009401843390109018,0,0.8985637342908439,16,-0.015895639598080883,,,,5e-05,0.0,0.0,0.0,0.5,0,0,0,0,0
c_2167,PLAYUSDT,1769292000000,0,test,control,,0.2510413403826501,0.1978459717964051,0,-0.01596495516843375,1,0.7991645597449709,22,7.723848894659833e-05,,,,5e-05,-0.00050608,0.0,0.0,0.5,0,0,0,0,0
c_2168,PLAYUSDT,1772236800000,0,test,control,,0.4658806617990055,0.5106411301928427,0,-0.04671498798978626,1,0.7651115618661257,0,0.0034598911734670546,,,,5e-05,0.0,0.0,0.0,0.5,0,0,0,0,0
c_2169,PLAYUSDT,1777489200000,0,test,control,,0.7376748580208365,1.1296009506285596,0,0.01146655946857704,1,0.5253919837320062,19,-0.00879305906519078,,,,0.00027004,-9.927000000000004e-05,0.0,0.0,0.5,0,0,0,0,0
c_2170,PLAYUSDT,1762279200000,0,test,control,,2.2246248724329813,1.3772062497386974,1,-0.03886853254830803,0,0.7520689655172413,18,-0.011274863686252329,,,,5e-05,0.0,0.0,0.0,0.5,0,0,0,0,0
c_2171,PLAYUSDT,1764518400000,0,test,control,,0.3051066862333266,0.2693336608222037,0,-0.03698925825636802,1,0.9063435068821066,16,-0.0005893306013467591,,,,5e-05,0.0,0.0,0.0,0.5,0,0,0,0,0
c_2172,PLAYUSDT,1767729600000,0,test,control,,0.4421921279358103,0.8078710093895298,0,-0.037424089738615454,1,0.7570934256055364,20,0.0006064795492487795,,,,0.00043711,-0.00015523000000000002,0.0,0.0,0.5,0,0,0,0,0
c_2173,PLAYUSDT,1772834400000,0,test,control,,0.42904975312654625,0.2598109029143159,0,0.10565915070496916,1,0.9404600811907985,22,0.0026454871015979538,,,,5e-05,-8.829000000000001e-05,0.0,0.0,0.5,0,0,0,0,0
c_2174,PLAYUSDT,1778990400000,0,test,control,,0.4024955465601622,0.760776019205375,0,0.030865539251782096,0,0.7208073041806824,4,0.0017198351321600716,,,,-0.00017272,0.00018436,0.0,0.0,0.5,0,0,0,0,0
c_2175,PLAYUSDT,1762268400000,0,test,control,,1.1654285525964316,2.3665108183208967,2,-0.06798854281171372,1,0.7674260455627337,15,0.005664773274285108,,,,5e-05,0.0,0.0,0.0,0.5,0,0,0,0,0
c_2176,PLAYUSDT,1765033200000,0,test,control,,0.3273562287463663,0.3195831546888974,0,-0.10659625473587023,1,0.9446990528567063,15,0.0036721918778837843,,,,5e-05,0.0,0.0,0.0,0.5,0,0,0,0,0
c_2177,PLAYUSDT,1767985200000,0,test,control,,0.23406317896264336,0.3554632819667522,0,0.15080600094047428,1,0.8474332648870637,19,-0.006571977656370386,,,,5e-05,0.0,0.0,0.0,0.5,0,0,0,0,0
c_2178,PLAYUSDT,1772683200000,0,test,control,,0.4148990189694865,0.7444317447903501,0,0.021301170967859735,0,0.903022101939558,4,9.659315927406676e-06,,,,5e-05,0.0,0.0,0.0,0.5,0,0,0,0,0
c_2179,PLAYUSDT,1778990400000,0,test,control,,0.4024955465601622,0.760776019205375,0,0.030865539251782096,0,0.7208073041806824,4,0.0017198351321600716,,,,-0.00017272,0.00018436,0.0,0.0,0.5,0,0,0,0,0
c_2180,PLAYUSDT,1761958800000,0,test,control,,0.4703773081674788,0.5777335253293828,0,0.10682887184105656,1,0.7943661971830986,1,0.0012085000269264957,,,,5e-05,0.0,0.0,0.0,0.5,0,0,0,0,0
c_2181,PLAYUSDT,1764712800000,0,test,control,,0.13402239929937748,0.5989910682542131,0,0.1713955760527546,0,0.9743354720439963,22,0.005760853674756241,,,,5e-05,0.0,0.0,0.0,0.5,0,0,0,0,0
c_2182,PLAYUSDT,1769238000000,0,test,control,,0.24519089413457323,0.6072327607050995,0,-0.06113304965416882,0,0.7981752226008574,7,-0.0014719564987270063,,,,0.00118221,0.0002756099999999999,0.0,0.0,0.5,0,0,0,0,0
c_2183,PLAYUSDT,1772920800000,0,test,control,,0.21844205569870256,0.4544336281912307,0,0.3285475464911809,1,0.9553450608930989,22,0.0009205040799116317,,,,5e-05,-0.00021357000000000003,0.0,0.0,0.5,0,0,0,0,0
c_2184,PLAYUSDT,1777636800000,0,test,control,,0.5418456865819764,1.6750610048151735,1,-0.11164753225499088,0,0.5793867394445337,12,0.002078455885873952,,,,0.00015629,-7.915e-05,0.0,0.0,0.5,0,0,0,0,0
c_2185,PLAYUSDT,1762124400000,0,test,control,,0.18804874888323592,0.21200768606483028,0,-0.30725265202618957,1,0.8217079530638853,23,-0.000788557458280232,,,,5e-05,0.0,0.0,0.0,0.5,0,0,0,0,0
c_2186,PLAYUSDT,1765015200000,0,test,control,,1.1984660949477102,0.8057321467888886,0,-0.017357102785617227,0,0.9483654139932783,10,0.003301273108071212,,,,5e-05,0.0,0.0,0.0,0.5,0,0,0,0,0
c_2187,PLAYUSDT,1769310000000,0,test,control,,0.3312108190879393,0.4827607508247422,0,-0.01623068894546498,1,0.7960866219632846,3,-0.000389276607392633,,,,5e-05,0.0,0.0,0.0,0.5,0,0,0,0,0
c_2188,PLAYUSDT,1772474400000,0,test,control,,0.757359431982031,1.0580519939974975,0,0.02279571759312923,0,0.980587356893977,18,-0.003246603531059648,,,,5e-05,0.0,0.0,0.0,0.5,0,0,0,0,0
c_2189,PLAYUSDT,1778943600000,0,test,control,,0.864575672967941,2.0492029501851503,2,-0.08641621852043162,0,0.7176037161621015,15,0.0013130241999080466,,,,-0.0005025,-0.0005525,0.0,0.0,0.5,0,0,0,0,0
c_2190,PLAYUSDT,1761958800000,0,test,control,,0.4703773081674788,0.5777335253293828,0,0.10682887184105656,1,0.7943661971830986,1,0.0012085000269264957,,,,5e-05,0.0,0.0,0.0,0.5,0,0,0,0,0
c_2191,PLAYUSDT,1764673200000,0,test,control,,1.9548276338490782,0.8864380958504705,0,-0.12378154313608263,0,0.9117295032914423,11,0.005850043350735219,,,,5e-05,0.0,0.0,0.0,0.5,0,0,0,0,0
c_2192,PLAYUSDT,1769335200000,0,test,control,,0.31187052309533403,0.32480020824815653,0,0.35866081667510735,0,0.7938880949763659,10,0.001210132480046444,,,,5e-05,0.0,0.0,0.0,0.5,0,0,0,0,0
c_2193,PLAYUSDT,1772474400000,0,test,control,,0.757359431982031,1.0580519939974975,0,0.02279571759312923,0,0.980587356893977,18,-0.003246603531059648,,,,5e-05,0.0,0.0,0.0,0.5,0,0,0,0,0
c_2194,PLAYUSDT,1777543200000,0,test,control,,0.7521885130713196,0.7249504858611945,0,-0.07876328784940073,0,0.5284422325680954,10,0.0004866775314137193,,,,5e-05,0.0,0.0,0.0,0.5,0,0,0,0,0
c_2195,PLAYUSDT,1762012800000,0,test,control,,0.5587868564940454,0.725842414185796,0,0.039621251246494925,0,0.7777777777777778,16,0.003396432471787378,,,,5e-05,-0.00019526000000000002,0.0,0.0,0.5,0,0,0,0,0
c_2196,PLAYUSDT,1764788400000,0,test,control,,0.8572297731727901,1.3866842727956206,1,0.10784646719948242,0,0.893369996944699,19,-0.003602042628296505,,,,5e-05,0.0,0.0,0.0,0.5,0,0,0,0,0
c_2197,PLAYUSDT,1769259600000,0,test,control,,0.2451469747147616,0.4529702520645567,0,-0.05943888563314798,0,0.7982851489502034,13,-0.000568407064328204,,,,0.00055608,-0.0006261299999999999,0.0,0.0,0.5,0,0,0,0,0
c_2198,PLAYUSDT,1772708400000,0,test,control,,0.5968318439714221,0.5302511586741142,0,0.15722808001928099,0,0.9427153811456923,11,0.010801618451226007,,,,0.00019962,0.00014962,0.0,0.0,0.5,0,0,0,0,0
c_2199,PLAYUSDT,1778990400000,0,test,control,,0.4024955465601622,0.760776019205375,0,0.030865539251782096,0,0.7208073041806824,4,0.0017198351321600716,,,,-0.00017272,0.00018436,0.0,0.0,0.5,0,0,0,0,0
c_2200,PLAYUSDT,1762095600000,0,test,control,,2.042673146592295,5.447705742240913,4,-0.045634951680469556,0,0.7652582159624414,15,-0.0012876313193923151,,,,5e-05,0.0,0.0,0.0,0.5,0,0,0,0,0
c_2201,PLAYUSDT,1764457200000,0,test,control,,0.4118544680245651,0.22827860187438412,0,0.07276722274372804,1,0.8740275284260922,23,-0.0027789381114653503,,,,5e-05,0.0,0.0,0.0,0.5,0,0,0,0,0
c_2202,PLAYUSDT,1769094000000,0,test,control,,0.7932190678641116,0.7866534325721513,0,-0.07326415617717853,0,0.8307134220072552,15,-0.005749692977559451,,,,0.0001069,-0.00028873,0.0,0.0,0.5,0,0,0,0,0
c_2203,PLAYUSDT,1772694000000,0,test,control,,0.32185063280044,0.3438109632804609,0,-0.1987666472638419,1,0.9242219215155617,7,0.002008983777525202,,,,5e-05,0.0,0.0,0.0,0.5,0,0,0,0,0
c_2204,PLAYUSDT,1777464000000,0,test,control,,0.7703989331871035,0.8083844514512892,0,0.0579657533787366,0,0.5164017766361642,12,-0.0002939079835979095,,,,0.00038247,-1.5910000000000002e-05,0.0,0.0,0.5,0,0,0,0,0
c_2205,PLAYUSDT,1761958800000,0,test,control,,0.4703773081674788,0.5777335253293828,0,0.10682887184105656,1,0.7943661971830986,1,0.0012085000269264957,,,,5e-05,0.0,0.0,0.0,0.5,0,0,0,0,0
c_2206,PLAYUSDT,1764968400000,0,test,control,,0.4224274294320789,0.5721071674452687,0,0.16675111670842535,0,0.9346165597311334,21,-0.0036019444025872953,,,,5e-05,0.0,0.0,0.0,0.5,0,0,0,0,0
c_2207,PLAYUSDT,1769011200000,0,test,control,,0.9311491079332926,1.1016811944455887,0,0.05918265881880208,1,0.8606133890293504,16,0.005363447669618851,,,,5e-05,-0.0009173,0.0,0.0,0.5,0,0,0,0,0
c_2208,PLAYUSDT,1772661600000,0,test,control,,0.19414824611630835,0.3933052782021536,0,-0.35450259374362975,1,0.934596301308074,22,0.004134473865246535,,,,5e-05,-0.00010029,0.0,0.0,0.5,0,0,0,0,0
c_2209,PLAYUSDT,1778990400000,0,test,control,,0.4024955465601622,0.760776019205375,0,0.030865539251782096,0,0.7208073041806824,4,0.0017198351321600716,,,,-0.00017272,0.00018436,0.0,0.0,0.5,0,0,0,0,0
c_2210,PLAYUSDT,1762063200000,0,test,control,,0.19151429799016564,0.2693230022710378,0,-0.02213593237491253,0,0.7846635367762128,6,-0.0015557090272706104,,,,5e-05,0.0,0.0,0.0,0.5,0,0,0,0,0
c_2211,PLAYUSDT,1765155600000,0,test,control,,0.29692378404318226,0.49282828270038453,0,-0.24152346484957155,0,0.9547815459822792,1,-0.00047263059325651437,,,,5e-05,0.0,0.0,0.0,0.5,0,0,0,0,0
c_2212,PLAYUSDT,1769101200000,0,test,control,,0.36917651845656546,0.7646746115609546,0,-0.1233069456885376,0,0.8303836429592173,17,0.0005991887905603411,,,,5e-05,0.0,0.0,0.0,0.5,0,0,0,0,0
c_2213,PLAYUSDT,1772262000000,0,test,control,,6.605862348930473,2.2747008528593895,1,-0.13647458296875573,0,0.7091277890466532,7,-0.03637661573004919,,,,5e-05,0.0,0.0,0.0,0.5,0,0,0,0,0
c_2214,PLAYUSDT,1777572000000,0,test,control,,0.1312387670879062,0.4102585593639093,0,-0.10043831977325095,1,0.547599935784235,18,-0.00014300689713092388,,,,5e-05,0.0,0.0,0.0,0.5,0,0,0,0,0
c_2215,PLAYUSDT,1762218000000,0,test,control,,1.591130603340577,0.8524586786760554,0,0.08553613426995474,0,0.7079530638852672,1,-0.0010812434299444088,,,,5e-05,0.0,0.0,0.0,0.5,0,0,0,0,0
c_2216,PLAYUSDT,1764414000000,0,test,control,,0.18868852171848208,0.32261400329713746,0,0.04020881446195302,0,0.893476959904249,11,-8.727536260713306e-05,,,,5e-05,0.0,0.0,0.0,0.5,0,0,0,0,0
c_2217,PLAYUSDT,1767718800000,0,test,control,,1.6067758606942575,0.8829486917737224,0,-0.31763088894064184,0,0.7472318339100347,17,-0.010222395046587738,,,,0.00043711,-0.00015523000000000002,0.0,0.0,0.5,0,0,0,0,0
c_2218,PLAYUSDT,1772499600000,0,test,control,,0.5066940830310023,0.47658304437761423,0,-0.007528007298906714,1,0.9616724738675958,1,0.003635079314785242,,,,5e-05,0.0,0.0,0.0,0.5,0,0,0,0,0
c_2219,PLAYUSDT,1777734000000,0,test,control,,0.38496808661007786,0.49291501482571953,0,-0.14534773939966583,0,0.7903635440098687,15,0.0006242659449521802,,,,5e-05,-0.00027288999999999997,0.0,0.0,0.5,0,0,0,0,0
c_2220,PLAYUSDT,1761958800000,0,test,control,,0.4703773081674788,0.5777335253293828,0,0.10682887184105656,1,0.7943661971830986,1,0.0012085000269264957,,,,5e-05,0.0,0.0,0.0,0.5,0,0,0,0,0
c_2221,PLAYUSDT,1764626400000,0,test,control,,0.2708478100253759,0.33897608082516484,0,-0.17941945427977024,0,0.8871932974266906,22,0.01059970213199086,,,,5e-05,0.0,0.0,0.0,0.5,0,0,0,0,0
c_2222,PLAYUSDT,1769112000000,0,test,control,,0.25827098288815364,0.30542643333168334,0,-0.16745030401549416,0,0.8247773991425745,20,0.004898343141591616,,,,5e-05,-5.6899999999999994e-05,0.0,0.0,0.5,0,0,0,0,0
c_2223,PLAYUSDT,1772298000000,0,test,control,,1.3074298475277664,1.119668857706513,1,0.26533088459368126,0,0.7565922920892495,17,0.0039166666666667115,,,,5e-05,0.0,0.0,0.0,0.5,0,0,0,0,0
c_2224,PLAYUSDT,1778979600000,0,test,control,,0.5333691366713291,0.4997274731686296,0,-0.04046628136828162,0,0.7325004004485023,1,-0.002417283577579732,,,,-0.00017272,0.00018436,0.0,0.0,0.5,0,0,0,0,0
c_2225,PLAYUSDT,1762354800000,0,test,control,,0.6551583015300215,0.8017210525115679,0,0.01764030604487145,1,0.7418791477471184,15,0.0022977650955394208,,,,5e-05,0.0,0.0,0.0,0.5,0,0,0,0,0
c_2226,PLAYUSDT,1764799200000,0,test,control,,0.2316638735361788,0.585038276841823,0,-0.04142886937536918,1,0.9028414298808431,22,0.007713482021603807,,,,5e-05,0.0,0.0,0.0,0.5,0,0,0,0,0
c_2227,PLAYUSDT,1769994000000,0,test,control,,2.4487284356538623,2.1289356526472596,2,-0.12407809771495412,1,0.7733452195230666,1,0.009191293553355984,,,,5e-05,0.0,0.0,0.0,0.5,0,0,0,0,0
c_2228,PLAYUSDT,1772452800000,0,test,control,,1.0736720433595994,1.2413764954052828,0,0.06082551307082239,0,0.9656545545047287,12,0.00069247480538281,,,,5e-05,0.0,0.0,0.0,0.5,0,0,0,0,0
c_2229,PLAYUSDT,1778990400000,0,test,control,,0.4024955465601622,0.760776019205375,0,0.030865539251782096,0,0.7208073041806824,4,0.0017198351321600716,,,,-0.00017272,0.00018436,0.0,0.0,0.5,0,0,0,0,0
c_2230,PLAYUSDT,1762038000000,0,test,control,,0.28864482812767056,0.4064355296035141,0,-0.024134265684904992,1,0.7987480438184664,23,0.002083500280471218,,,,5e-05,-3.134e-05,0.0,0.0,0.5,0,0,0,0,0
c_2231,PLAYUSDT,1764770400000,0,test,control,,0.242340651713297,0.5346675192692547,0,0.023676525561259997,0,0.9550870760769936,14,0.0021026611098132033,,,,5e-05,0.0,0.0,0.0,0.5,0,0,0,0,0
c_2232,PLAYUSDT,1769166000000,0,test,control,,0.16892683090031113,0.34145187787864256,0,0.017232073925407,0,0.8047708035616137,11,0.0008623801016193142,,,,0.00164836,0.00107106,0.0,0.0,0.5,0,0,0,0,0
c_2233,PLAYUSDT,1772424000000,0,test,control,,0.7133781750317877,0.5509412057258307,0,-0.16904735334043372,1,0.9766052762568441,4,0.008228893364048988,,,,5e-05,-0.00024689,0.0,0.0,0.5,0,0,0,0,0
c_2234,PLAYUSDT,1778990400000,0,test,control,,0.4024955465601622,0.760776019205375,0,0.030865539251782096,0,0.7208073041806824,4,0.0017198351321600716,,,,-0.00017272,0.00018436,0.0,0.0,0.5,0,0,0,0,0
c_2235,PLAYUSDT,1762293600000,0,test,control,,3.1476032834740306,3.090588082306367,3,0.026981558919295042,0,0.7238754325259517,22,-0.004329257939372515,,,,5e-05,0.0,0.0,0.0,0.5,0,0,0,0,0
c_2236,PLAYUSDT,1765036800000,0,test,control,,0.5777224518854446,0.311435444352174,0,-0.11162276811413155,1,0.9477543538038495,16,-0.0026148266899097,,,,5e-05,0.0,0.0,0.0,0.5,0,0,0,0,0
c_2237,PLAYUSDT,1769317200000,0,test,control,,0.580653555668239,0.4446254269708146,0,-0.33623036267080036,0,0.793668242277674,5,0.0006455240665766327,,,,5e-05,0.0,0.0,0.0,0.5,0,0,0,0,0
c_2238,PLAYUSDT,1772337600000,0,test,control,,0.41441448511217976,0.3637644886925797,0,-0.24567306940666483,0,0.7732251521298176,4,-0.0016807642742901628,,,,5e-05,0.0,0.0,0.0,0.5,0,0,0,0,0
c_2239,PLAYUSDT,1777518000000,0,test,control,,0.41261492312998493,0.3232336439507355,0,-0.039875249607924365,0,0.5269973778562637,3,-0.006959874740628691,,,,5e-05,-0.00022004,0.0,0.0,0.5,0,0,0,0,0
c_2240,PLAYUSDT,1762002000000,0,test,control,,0.9992852332788741,5.196534237359841,3,0.02890604976657061,1,0.7865414710485134,13,-0.0011281043305763241,,,,8.134e-05,-0.00013099999999999999,0.0,0.0,0.5,0,0,0,0,0
c_2241,PLAYUSDT,1764640800000,0,test,control,,0.7737924582089483,0.45397749805728305,0,0.5733925784585048,0,0.8904847396768403,2,-0.0007181515403830815,,,,5e-05,0.0,0.0,0.0,0.5,0,0,0,0,0
c_2242,PLAYUSDT,1767981600000,0,test,control,,0.2328346046102302,0.3895855219668738,0,-0.12009158320487112,0,0.8334337954591119,18,-0.0023703486956530282,,,,5e-05,0.0,0.0,0.0,0.5,0,0,0,0,0
c_2243,PLAYUSDT,1772539200000,0,test,control,,6.083520184355901,2.704894945686916,2,-0.10954468818283397,1,0.9577464788732395,12,0.0025992760335376503,,,,5e-05,0.0,0.0,0.0,0.5,0,0,0,0,0
c_2244,PLAYUSDT,1778990400000,0,test,control,,0.4024955465601622,0.760776019205375,0,0.030865539251782096,0,0.7208073041806824,4,0.0017198351321600716,,,,-0.00017272,0.00018436,0.0,0.0,0.5,0,0,0,0,0
c_2245,PLAYUSDT,1762329600000,0,test,control,,0.3122050080107141,0.5299885735113402,0,0.1328363795653322,1,0.7460207612456747,8,-0.0012021303277788813,,,,5e-05,0.0,0.0,0.0,0.5,0,0,0,0,0
c_2246,PLAYUSDT,1764835200000,0,test,control,,0.3932524784698739,0.8380800395981913,0,-0.1522069758936374,0,0.9083409715857012,8,0.0027442695248600744,,,,5e-05,0.0,0.0,0.0,0.5,0,0,0,0,0
c_2247,PLAYUSDT,1769043600000,0,test,control,,0.3244575698732582,0.41286165756993637,0,-0.06344777016656898,1,0.8576453775970101,1,0.00512462616623844,,,,0.00021444,-0.00022626,0.0,0.0,0.5,0,0,0,0,0
c_2248,PLAYUSDT,1772845200000,0,test,control,,0.3762183344901968,0.6173851620834856,0,-0.1317502412381772,1,0.9621109607577808,1,0.0023530102962559976,,,,0.00024415,0.00019415,0.0,0.0,0.5,0,0,0,0,0
c_2249,PLAYUSDT,1778990400000,0,test,control,,0.4024955465601622,0.760776019205375,0,0.030865539251782096,0,0.7208073041806824,4,0.0017198351321600716,,,,-0.00017272,0.00018436,0.0,0.0,0.5,0,0,0,0,0
c_2250,PLAYUSDT,1761958800000,0,test,control,,0.4703773081674788,0.5777335253293828,0,0.10682887184105656,1,0.7943661971830986,1,0.0012085000269264957,,,,5e-05,0.0,0.0,0.0,0.5,0,0,0,0,0
c_2251,PLAYUSDT,1764932400000,0,test,control,,0.3828359704505591,0.652816247228361,0,-0.022270935922902222,1,0.9181179346165597,11,0.0016874088777250134,,,,5e-05,0.0,0.0,0.0,0.5,0,0,0,0,0
c_2252,PLAYUSDT,1769205600000,0,test,control,,0.4760294700287107,0.4988466156917019,0,0.1424523665223532,0,0.7825656809937342,22,-0.0017349233816696971,,,,0.0009066,0.00027749000000000003,0.0,0.0,0.5,0,0,0,0,0
c_2253,PLAYUSDT,1772665200000,0,test,control,,0.29696425421850353,0.34197580965097185,0,-0.17991581482231173,0,0.9287325214253497,23,-0.008114802759524328,,,,5e-05,-0.00010029,0.0,0.0,0.5,0,0,0,0,0
c_2254,PLAYUSDT,1777716000000,0,test,control,,0.6471041670778171,4.535450391335868,2,-0.011681898659385601,1,0.8336114940860606,10,-0.000254240969335143,,,,0.00053844,-6.689e-05,0.0,0.0,0.5,0,0,0,0,0
c_2255,PLAYUSDT,1761958800000,0,test,control,,0.4703773081674788,0.5777335253293828,0,0.10682887184105656,1,0.7943661971830986,1,0.0012085000269264957,,,,5e-05,0.0,0.0,0.0,0.5,0,0,0,0,0
c_2256,PLAYUSDT,1764820800000,0,test,control,,0.21571652811821065,0.6103912191174367,0,-0.06823832426564973,0,0.913840513290559,4,-0.0042195575748088755,,,,5e-05,0.0,0.0,0.0,0.5,0,0,0,0,0
c_2257,PLAYUSDT,1767747600000,0,test,control,,0.5817137051471316,0.39267733358139173,0,0.2158486638213769,1,0.7493079584775088,1,-0.011072693900200685,,,,0.00059748,0.00016036999999999996,0.0,0.0,0.5,0,0,0,0,0
c_2258,PLAYUSDT,1772812800000,0,test,control,,0.3721559004811412,0.6979204653921335,0,-0.012145528958855728,1,0.941362201172756,16,0.0014743826022851226,,,,0.00013829,8.829000000000001e-05,0.0,0.0,0.5,0,0,0,0,0
c_2259,PLAYUSDT,1778990400000,0,test,control,,0.4024955465601622,0.760776019205375,0,0.030865539251782096,0,0.7208073041806824,4,0.0017198351321600716,,,,-0.00017272,0.00018436,0.0,0.0,0.5,0,0,0,0,0
c_2260,PLAYUSDT,1761958800000,0,test,control,,0.4703773081674788,0.5777335253293828,0,0.10682887184105656,1,0.7943661971830986,1,0.0012085000269264957,,,,5e-05,0.0,0.0,0.0,0.5,0,0,0,0,0
c_2261,PLAYUSDT,1764914400000,0,test,control,,0.15661066963999987,0.19478296801084233,0,0.10122285415954965,1,0.9089520317751297,6,-0.0009012289980485423,,,,5e-05,0.0,0.0,0.0,0.5,0,0,0,0,0
c_2262,PLAYUSDT,1767816000000,0,test,control,,0.4583586113393334,0.6280943559497293,0,0.17593011780483833,1,0.7593207825765966,20,0.00314999108493102,,,,5e-05,0.0,0.0,0.0,0.5,0,0,0,0,0
c_2263,PLAYUSDT,1772276400000,0,test,control,,0.5786162282214797,0.8679663794244356,0,-0.03872432338030878,1,0.7127789046653144,11,0.005392839516263372,,,,5e-05,0.0,0.0,0.0,0.5,0,0,0,0,0
c_2264,PLAYUSDT,1778990400000,0,test,control,,0.4024955465601622,0.760776019205375,0,0.030865539251782096,0,0.7208073041806824,4,0.0017198351321600716,,,,-0.00017272,0.00018436,0.0,0.0,0.5,0,0,0,0,0
c_2265,PLAYUSDT,1762362000000,0,test,control,,0.5145068731718039,0.5734516341747967,0,-0.08798036137982146,0,0.7478169752008382,17,0.0018973977580417263,,,,5e-05,0.0,0.0,0.0,0.5,0,0,0,0,0
c_2266,PLAYUSDT,1764435600000,0,test,control,,0.318185305344822,0.2658635192181477,0,-0.07215854069317576,0,0.8764213046080191,17,-0.0007459079424364955,,,,5e-05,0.0,0.0,0.0,0.5,0,0,0,0,0
c_2267,PLAYUSDT,1767736800000,0,test,control,,0.23466350668622768,0.3840934323921301,0,-0.029034262360483284,1,0.7631487889273357,22,0.0079482831708351,,,,0.00096413,0.0006204,0.0,0.0,0.5,0,0,0,0,0
c_2268,PLAYUSDT,1772215200000,0,test,control,,0.7668373938988711,1.5198593081192127,1,-0.06652517219475715,1,0.7626774847870184,18,0.003417912796622685,,,,5e-05,0.0,0.0,0.0,0.5,0,0,0,0,0
c_2269,PLAYUSDT,1777449600000,0,test,control,,2.069013409756263,1.3463000350066467,1,-0.03596387292745503,1,0.5153850270241345,8,0.0003286631981657594,,,,0.00039838,0.00034837999999999997,0.0,0.0,0.5,0,0,0,0,0
c_2270,PLAYUSDT,1762153200000,0,test,control,,0.7050958603877691,0.8991217523770968,0,-0.10948563084571983,0,0.767601043024772,7,-0.0009678598025788329,,,,5e-05,0.0,0.0,0.0,0.5,0,0,0,0,0
c_2271,PLAYUSDT,1764921600000,0,test,control,,0.9377421677141087,0.4957644547230368,0,0.1125085582403108,0,0.9303391384051329,8,-8.781858631597582e-05,,,,5e-05,0.0,0.0,0.0,0.5,0,0,0,0,0
c_2272,PLAYUSDT,1769274000000,0,test,control,,0.3103272153742252,0.3631778169647817,0,0.15312151223703324,1,0.7927888314829066,17,0.00015240656693008147,,,,5e-05,0.0,0.0,0.0,0.5,0,0,0,0,0
c_2273,PLAYUSDT,1772884800000,0,test,control,,0.9913943907597923,0.7058676830117081,0,-0.19229317321212908,0,0.9625620207487597,12,0.0018319391141843131,,,,0.00026357,0.00011993000000000003,0.0,0.0,0.5,0,0,0,0,0
c_2274,PLAYUSDT,1778990400000,0,test,control,,0.4024955465601622,0.760776019205375,0,0.030865539251782096,0,0.7208073041806824,4,0.0017198351321600716,,,,-0.00017272,0.00018436,0.0,0.0,0.5,0,0,0,0,0
c_2275,PLAYUSDT,1761958800000,0,test,control,,0.4703773081674788,0.5777335253293828,0,0.10682887184105656,1,0.7943661971830986,1,0.0012085000269264957,,,,5e-05,0.0,0.0,0.0,0.5,0,0,0,0,0
c_2276,PLAYUSDT,1764676800000,0,test,control,,0.31496265549222424,0.8897125340198677,0,-0.05397590285670858,1,0.9135248354278875,12,0.0009754498417042205,,,,5e-05,0.0,0.0,0.0,0.5,0,0,0,0,0
c_2277,PLAYUSDT,1769061600000,0,test,control,,0.5158252487099878,0.6025847119689675,0,-0.07134901498639062,0,0.8337913597889415,6,0.00026123214867332975,,,,0.00039563,-0.00017774999999999996,0.0,0.0,0.5,0,0,0,0,0
c_2278,PLAYUSDT,1772942400000,0,test,control,,0.4272326850466751,0.29224830967677384,0,-0.14959462623959804,0,0.9260261614794768,4,0.0011974024886835938,,,,5e-05,0.0,0.0,0.0,0.5,0,0,0,0,0
c_2279,PLAYUSDT,1778990400000,0,test,control,,0.4024955465601622,0.760776019205375,0,0.030865539251782096,0,0.7208073041806824,4,0.0017198351321600716,,,,-0.00017272,0.00018436,0.0,0.0,0.5,0,0,0,0,0
c_2280,PLAYUSDT,1761958800000,0,test,control,,0.4703773081674788,0.5777335253293828,0,0.10682887184105656,1,0.7943661971830986,1,0.0012085000269264957,,,,5e-05,0.0,0.0,0.0,0.5,0,0,0,0,0
c_2281,PLAYUSDT,1764964800000,0,test,control,,0.7217017698968037,0.8537114951927247,0,-0.03336768996982958,1,0.9282004277421325,20,0.007824970836347258,,,,5e-05,0.0,0.0,0.0,0.5,0,0,0,0,0
c_2282,PLAYUSDT,1769378400000,0,test,control,,1.6062624722636278,1.5371885879091267,1,-0.06251061472414098,0,0.8189513026272398,22,-0.0010759850978372594,,,,5e-05,0.0,0.0,0.0,0.5,0,0,0,0,0
c_2283,PLAYUSDT,1772928000000,0,test,control,,0.34240642464691184,0.35500830602124345,0,0.4256251435410377,0,0.950383400992332,0,0.0001800059506100241,,,,5e-05,-0.00021357000000000003,0.0,0.0,0.5,0,0,0,0,0
c_2284,PLAYUSDT,1778990400000,0,test,control,,0.4024955465601622,0.760776019205375,0,0.030865539251782096,0,0.7208073041806824,4,0.0017198351321600716,,,,-0.00017272,0.00018436,0.0,0.0,0.5,0,0,0,0,0
c_2285,PLAYUSDT,1761958800000,0,test,control,,0.4703773081674788,0.5777335253293828,0,0.10682887184105656,1,0.7943661971830986,1,0.0012085000269264957,,,,5e-05,0.0,0.0,0.0,0.5,0,0,0,0,0
c_2286,PLAYUSDT,1765040400000,0,test,control,,0.3045607003747194,0.3479689713445205,0,0.03215416435592352,1,0.9410326917201344,17,-0.0005863115209098225,,,,5e-05,0.0,0.0,0.0,0.5,0,0,0,0,0
c_2287,PLAYUSDT,1769241600000,0,test,control,,0.2517510328772798,0.5804153837537078,0,0.12800582573117167,1,0.798834780696933,8,-0.00034816610201263544,,,,0.00118221,0.0002756099999999999,0.0,0.0,0.5,0,0,0,0,0
c_2288,PLAYUSDT,1772568000000,0,test,control,,0.46235104962500334,1.1725338253125204,0,-0.03997376257526329,0,0.9061795218764096,20,-0.002828404765133059,,,,5e-05,-1.7360000000000003e-05,0.0,0.0,0.5,0,0,0,0,0
c_2289,PLAYUSDT,1778990400000,0,test,control,,0.4024955465601622,0.760776019205375,0,0.030865539251782096,0,0.7208073041806824,4,0.0017198351321600716,,,,-0.00017272,0.00018436,0.0,0.0,0.5,0,0,0,0,0
c_2290,PLAYUSDT,1762084800000,0,test,control,,6.665578397707498,2.726165134143576,2,0.0018839350224696494,1,0.7968701095461659,12,0.006296061566319549,,,,5e-05,0.0,0.0,0.0,0.5,0,0,0,0,0
c_2291,PLAYUSDT,1765645200000,0,test,control,,0.23358863551234674,0.4824899509708005,0,0.1550652529744042,1,0.8878833584715936,17,-1.5545986137357443e-05,,,,5e-05,-0.00025231,0.0,0.0,0.5,0,0,0,0,0
c_2292,PLAYUSDT,1769054400000,0,test,control,,0.8417153148785006,0.5011354537624572,0,-0.27344502094868023,0,0.8487413432999891,4,-0.0004983215019054448,,,,0.00021444,-0.00022626,0.0,0.0,0.5,0,0,0,0,0
c_2293,PLAYUSDT,1772276400000,0,test,control,,0.5786162282214797,0.8679663794244356,0,-0.03872432338030878,1,0.7127789046653144,11,0.005392839516263372,,,,5e-05,0.0,0.0,0.0,0.5,0,0,0,0,0
c_2294,PLAYUSDT,1778990400000,0,test,control,,0.4024955465601622,0.760776019205375,0,0.030865539251782096,0,0.7208073041806824,4,0.0017198351321600716,,,,-0.00017272,0.00018436,0.0,0.0,0.5,0,0,0,0,0
c_2295,PLAYUSDT,1754193600000,0,train,control,,,,0,0.13520031407824326,0,0.7344794651384909,4,0.0007455958288936122,,,,0.00078018,-0.00056603,0.0,0.0,0.5,0,0,0,0,0
c_2296,PLAYUSDT,1755957600000,0,train,control,,0.6954192092826043,1.0514598987335049,1,-0.10694002744902438,1,0.9521187854521188,14,-0.003113501273705117,,,,0.00096014,0.00083368,0.0,0.0,0.5,0,0,0,0,0
c_2297,PLAYUSDT,1758207600000,0,train,control,,0.5759442168035486,0.6241132249856887,0,-0.12490626699604113,0,0.9406194515683567,15,0.0016493229341932572,,,,5e-05,-0.00066404,0.0,0.0,0.5,0,0,0,0,0
c_2298,PLAYUSDT,1759582800000,0,train,control,,2.5742954241761398,2.2938749140650767,2,-0.16942340266469771,1,0.9810089020771514,13,0.0002493344247181797,,,,0.00053495,-0.00093925,0.0,0.0,0.5,0,0,0,0,0
c_2299,PLAYUSDT,1761868800000,0,train,control,,0.5794102702990281,0.6156582479926902,0,0.13856163655914766,0,0.7815336463223788,0,0.0037530583995542587,,,,5e-05,0.0,0.0,0.0,0.5,0,0,0,0,0
c_2300,PLAYUSDT,1754272800000,0,train,control,,,,0,-0.007199916307400344,1,0.8018147086914995,2,-0.0019049841280344613,,,,0.00089512,0.00021221,0.0,0.0,0.5,0,0,0,0,0
c_2301,PLAYUSDT,1757347200000,0,train,control,,0.4921292111197801,0.5094438921956284,0,0.04426133438010471,0,0.8981818181818181,16,-0.00011191424881549665,,,,0.00082132,0.00033309999999999997,0.0,0.0,0.5,0,0,0,0,0
c_2302,PLAYUSDT,1758618000000,0,train,control,,0.15089934984327283,0.24146718642943682,0,-0.21390915725481174,1,0.7956204379562044,9,0.00035206252913572503,,,,5e-05,0.0,0.0,0.0,0.5,0,0,0,0,0
c_2303,PLAYUSDT,1760727600000,0,train,control,,1.5717644903829942,3.2860474953784298,3,-0.0447167179044471,0,0.6544659300184162,19,0.0018307358749987351,,,,5e-05,0.0,0.0,0.0,0.5,0,0,0,0,0
c_2304,PLAYUSDT,1761760800000,0,train,control,,0.5515242611752571,1.30599490579097,1,-0.04964515954627922,1,0.8694835680751174,18,0.006836844948676418,,,,5e-05,0.0,0.0,0.0,0.5,0,0,0,0,0
c_2305,PLAYUSDT,1754139600000,0,train,control,,,,0,0.039875866374988994,0,0.7048710601719198,13,-0.0013927417404874963,,,,0.00205906,0.00148153,0.0,0.0,0.5,0,0,0,0,0
c_2306,PLAYUSDT,1757296800000,0,train,control,,0.2645582632203657,0.4886247438069709,0,-0.022167798648464118,0,0.7776994891668135,2,0.0005460954177629946,,,,0.00083494,-1.388999999999991e-05,0.0,0.0,0.5,0,0,0,0,0
c_2307,PLAYUSDT,1758708000000,0,train,control,,1.008756245896629,0.4978049583959021,0,0.33337006174063205,0,0.8117315057448095,10,0.0010366486844688094,,,,0.00042796,0.00011245,0.0,0.0,0.5,0,0,0,0,0
c_2308,PLAYUSDT,1759827600000,0,train,control,,2.785737885202061,2.3938790433596395,3,-0.13210029230314066,1,0.9722014925373134,9,0.0015045244934160874,,,,0.00097828,-0.00062831,0.0,0.0,0.5,0,0,0,0,0
c_2309,PLAYUSDT,1761868800000,0,train,control,,0.5794102702990281,0.6156582479926902,0,0.13856163655914766,0,0.7815336463223788,0,0.0037530583995542587,,,,5e-05,0.0,0.0,0.0,0.5,0,0,0,0,0
c_2310,PLAYUSDT,1754085600000,0,train,control,,,,0,0.19098704247940532,0,0.7788920725883477,22,-0.0005803336259877596,,,,0.00044718,-0.0009064000000000001,0.0,0.0,0.5,0,0,0,0,0
c_2311,PLAYUSDT,1755896400000,0,train,control,,1.0727102683670102,0.5704600630461236,0,0.14750311915345438,0,0.9061123833010393,21,0.0033457520010632073,,,,0.0013044,0.00071265,0.0,0.0,0.5,0,0,0,0,0
c_2312,PLAYUSDT,1758495600000,0,train,control,,0.2949597344526735,0.2381364301089486,0,0.05594054612783848,0,0.8765042414677451,23,0.0010540549911584709,,,,0.00058028,-7.556000000000002e-05,0.0,0.0,0.5,0,0,0,0,0
c_2313,PLAYUSDT,1759622400000,0,train,control,,0.5924017440759688,0.39639379022192484,0,0.4647008625218392,0,0.9297725024727993,0,0.0009187529503587302,,,,5e-05,-0.00055185,0.0,0.0,0.5,0,0,0,0,0
c_2314,PLAYUSDT,1761642000000,0,train,control,,1.628274775699755,4.973630508967777,3,-0.06584029313953242,1,0.9107981220657277,9,0.002118660775072378,,,,5e-05,-0.00049129,0.0,0.0,0.5,0,0,0,0,0
c_2315,PLAYUSDT,1754038800000,0,train,control,,,,0,-0.009564148426448617,1,0.8259312320916906,9,-0.0040238194810942466,,,,0.00072957,0.00055999,0.0,0.0,0.5,0,0,0,0,0
c_2316,PLAYUSDT,1755921600000,0,train,control,,0.8966256487961773,1.0725402699878792,1,0.05086281654101773,0,0.9751629381715695,4,-0.003189173377650468,,,,0.00012646,-0.0011779400000000002,0.0,0.0,0.5,0,0,0,0,0
c_2317,PLAYUSDT,1758261600000,0,train,control,,0.25538696437021813,0.4392353178703619,0,0.22247135920916397,1,0.9348984020516867,6,-0.0007859443390626667,,,,0.00060537,0.00014905000000000002,0.0,0.0,0.5,0,0,0,0,0
c_2318,PLAYUSDT,1759698000000,0,train,control,,0.4616148096690936,0.5735628397613636,0,-0.2740056605088532,0,0.9078140454995055,21,0.0008004869833146675,,,,5e-05,0.0,0.0,0.0,0.5,0,0,0,0,0
c_2319,PLAYUSDT,1761868800000,0,train,control,,0.5794102702990281,0.6156582479926902,0,0.13856163655914766,0,0.7815336463223788,0,0.0037530583995542587,,,,5e-05,0.0,0.0,0.0,0.5,0,0,0,0,0
c_2320,PLAYUSDT,1754308800000,0,train,control,,,,0,-0.10622203897979923,0,0.8159025787965616,12,0.002174223325922494,,,,0.00126206,0.00036693999999999995,0.0,0.0,0.5,0,0,0,0,0
c_2321,PLAYUSDT,1756724400000,0,train,control,,3.2089037094836597,3.163661259907557,4,-0.09048107325356973,0,0.774508126603935,11,-0.008757340026469333,,,,0.00149028,-0.0005813999999999997,0.0,0.0,0.5,0,0,0,0,0
c_2322,PLAYUSDT,1758322800000,0,train,control,,0.040391531093640395,0.12819033147373096,0,0.2041659546249239,1,0.878674294732689,23,0.0012043860447182473,,,,0.00023456,-6.945000000000001e-05,0.0,0.0,0.5,0,0,0,0,0
c_2323,PLAYUSDT,1759597200000,0,train,control,,1.8501543942428298,1.7189642218704464,0,-0.032131580642510815,1,0.9552917903066271,17,-0.0006267208127164602,,,,0.00060185,-0.0003637,0.0,0.0,0.5,0,0,0,0,0
c_2324,PLAYUSDT,1761868800000,0,train,control,,0.5794102702990281,0.6156582479926902,0,0.13856163655914766,0,0.7815336463223788,0,0.0037530583995542587,,,,5e-05,0.0,0.0,0.0,0.5,0,0,0,0,0
c_2325,PLAYUSDT,1754038800000,0,train,control,,,,0,-0.009564148426448617,1,0.8259312320916906,9,-0.0040238194810942466,,,,0.00072957,0.00055999,0.0,0.0,0.5,0,0,0,0,0
c_2326,PLAYUSDT,1756832400000,0,train,control,,0.37623198026739857,0.4433969057169389,0,0.14146054681293038,0,0.7538066723695467,17,-0.00039895333419379467,,,,5e-05,0.0,0.0,0.0,0.5,0,0,0,0,0
c_2327,PLAYUSDT,1758232800000,0,train,control,,0.1952955480748909,0.276353459898504,0,-0.058749612699444384,1,0.9504833300453739,22,-0.0018883860004018814,,,,0.00045632,0.00040632,0.0,0.0,0.5,0,0,0,0,0
c_2328,PLAYUSDT,1759600800000,0,train,control,,1.6674641608642908,1.7711696453289998,0,0.31671351009827503,0,0.9606330365974283,18,0.0002424620998861661,,,,0.00060185,-0.0003637,0.0,0.0,0.5,0,0,0,0,0
c_2329,PLAYUSDT,1761703200000,0,train,control,,0.5027606216493522,0.6015723626060143,0,0.008421329195659426,0,0.872926447574335,2,0.0004707138566947183,,,,5e-05,0.0,0.0,0.0,0.5,0,0,0,0,0
c_2330,PLAYUSDT,1754038800000,0,train,control,,,,0,-0.009564148426448617,1,0.8259312320916906,9,-0.0040238194810942466,,,,0.00072957,0.00055999,0.0,0.0,0.5,0,0,0,0,0
c_2331,PLAYUSDT,1756796400000,0,train,control,,0.24140556784500108,0.2954501675835527,0,-0.2563310562223992,0,0.7536355859709153,7,0.0014714345624637249,,,,5e-05,0.0,0.0,0.0,0.5,0,0,0,0,0
c_2332,PLAYUSDT,1758564000000,0,train,control,,0.36925775230968927,0.36154734240718017,0,-0.336803940919539,1,0.7871375024659696,18,-0.001850596535306618,,,,5e-05,-0.00090662,0.0,0.0,0.5,0,0,0,0,0
c_2333,PLAYUSDT,1759608000000,0,train,control,,1.446556230811074,2.074851836534289,1,0.3480510838633862,0,0.9311572700296736,20,0.0031727903605099986,,,,0.00060185,-0.0003637,0.0,0.0,0.5,0,0,0,0,0
c_2334,PLAYUSDT,1761868800000,0,train,control,,0.5794102702990281,0.6156582479926902,0,0.13856163655914766,0,0.7815336463223788,0,0.0037530583995542587,,,,5e-05,0.0,0.0,0.0,0.5,0,0,0,0,0
c_2335,PLAYUSDT,1761958800000,0,test,control,,0.4703773081674788,0.5777335253293828,0,0.10682887184105656,1,0.7943661971830986,1,0.0012085000269264957,,,,5e-05,0.0,0.0,0.0,0.5,0,0,0,0,0
c_2336,PLAYUSDT,1764885600000,0,test,control,,0.18561771353347314,0.3695887929729447,0,0.1927438511198959,1,0.9117018026275587,22,-0.0034674251366143866,,,,5e-05,0.0,0.0,0.0,0.5,0,0,0,0,0
c_2337,PLAYUSDT,1768996800000,0,test,control,,0.8824272739739433,1.12395126715716,0,0.06843349796672425,0,0.870067055073101,12,-0.004976401609847358,,,,5e-05,-0.0009173,0.0,0.0,0.5,0,0,0,0,0
c_2338,PLAYUSDT,1772830800000,0,test,control,,0.12509067463624965,0.2297650508238953,0,-0.15789843302476367,0,0.9409111411817772,21,-0.00033479684586133697,,,,5e-05,-8.829000000000001e-05,0.0,0.0,0.5,0,0,0,0,0
c_2339,PLAYUSDT,1778990400000,0,test,control,,0.4024955465601622,0.760776019205375,0,0.030865539251782096,0,0.7208073041806824,4,0.0017198351321600716,,,,-0.00017272,0.00018436,0.0,0.0,0.5,0,0,0,0,0
c_2340,PLAYUSDT,1761958800000,0,test,control,,0.4703773081674788,0.5777335253293828,0,0.10682887184105656,1,0.7943661971830986,1,0.0012085000269264957,,,,5e-05,0.0,0.0,0.0,0.5,0,0,0,0,0
c_2341,PLAYUSDT,1764860400000,0,test,control,,1.2269102327068673,0.703981385898579,0,0.0010679678034862365,1,0.9175068744271311,15,-0.006714936354081514,,,,5e-05,0.0,0.0,0.0,0.5,0,0,0,0,0
c_2342,PLAYUSDT,1769004000000,0,test,control,,0.8417625204235881,0.8390890454191463,0,-0.02476187507731518,1,0.8756732988897439,14,-0.0006911520139809219,,,,5e-05,-0.0009173,0.0,0.0,0.5,0,0,0,0,0
c_2343,PLAYUSDT,1772179200000,0,test,control,,1.2189350911162802,1.8365789341432013,1,-0.19503972030847663,0,0.7634888438133874,8,0.0003993072758222402,,,,5e-05,0.0,0.0,0.0,0.5,0,0,0,0,0
c_2344,PLAYUSDT,1777399200000,0,test,control,,0.40042970938010386,0.3612250137143783,0,0.08071864361561544,0,0.5981698506983465,18,0.0008213773644168812,,,,5e-05,-9.744000000000002e-05,0.0,0.0,0.5,0,0,0,0,0
c_2345,PLAYUSDT,1762243200000,0,test,control,,1.850699281746448,1.822696245553593,1,-0.008300214316723295,0,0.7575654539272357,8,-0.0024784532159721267,,,,5e-05,0.0,0.0,0.0,0.5,0,0,0,0,0
c_2346,PLAYUSDT,1764871200000,0,test,control,,0.42666901668763957,0.590896694162205,0,-0.12554005219370779,0,0.9129239230064161,18,-5.9530252191795646e-05,,,,5e-05,0.0,0.0,0.0,0.5,0,0,0,0,0
c_2347,PLAYUSDT,1768989600000,0,test,control,,1.8694160849037569,1.3664725832942244,0,-0.18877281892716255,0,0.8622622842695394,10,-0.0010307266454613728,,,,0.0004567,-0.00040686,0.0,0.0,0.5,0,0,0,0,0
c_2348,PLAYUSDT,1773651600000,0,test,control,,1.0222386454943175,0.6677086389889131,0,0.016051581818223675,1,0.6496111338518215,9,-0.004486045456959624,,,,5e-05,0.0,0.0,0.0,0.5,0,0,0,0,0
c_2349,PLAYUSDT,1778990400000,0,test,control,,0.4024955465601622,0.760776019205375,0,0.030865539251782096,0,0.7208073041806824,4,0.0017198351321600716,,,,-0.00017272,0.00018436,0.0,0.0,0.5,0,0,0,0,0
c_2350,PLAYUSDT,1761958800000,0,test,control,,0.4703773081674788,0.5777335253293828,0,0.10682887184105656,1,0.7943661971830986,1,0.0012085000269264957,,,,5e-05,0.0,0.0,0.0,0.5,0,0,0,0,0
c_2351,PLAYUSDT,1764777600000,0,test,control,,0.46460723166741835,0.6285749009651224,0,-0.08968983100383758,0,0.9413382218148487,16,0.00035644637053081454,,,,5e-05,0.0,0.0,0.0,0.5,0,0,0,0,0
c_2352,PLAYUSDT,1768586400000,0,test,control,,1.0032890786473156,1.6447857215317778,0,0.06962506617810527,1,0.884016973125884,18,0.0022672963071543218,,,,0.00013422,-0.00048753999999999996,0.0,0.0,0.5,0,0,0,0,0
c_2353,PLAYUSDT,1772942400000,0,test,control,,0.4272326850466751,0.29224830967677384,0,-0.14959462623959804,0,0.9260261614794768,4,0.0011974024886835938,,,,5e-05,0.0,0.0,0.0,0.5,0,0,0,0,0
c_2354,PLAYUSDT,1777424400000,0,test,control,,1.1910247801659026,0.6591987620160376,0,-0.2431294176058607,0,0.5586771552416119,1,0.0022648008272812604,,,,0.0002711,0.00022109999999999998,0.0,0.0,0.5,0,0,0,0,0
c_2355,PLAYUSDT,1762084800000,0,test,control,,6.665578397707498,2.726165134143576,2,0.0018839350224696494,1,0.7968701095461659,12,0.006296061566319549,,,,5e-05,0.0,0.0,0.0,0.5,0,0,0,0,0
c_2356,PLAYUSDT,1764856800000,0,test,control,,0.3298393599206103,0.5759199835475309,0,0.06625005442536525,0,0.92025664527956,14,-0.00502969943376881,,,,5e-05,0.0,0.0,0.0,0.5,0,0,0,0,0
c_2357,PLAYUSDT,1767866400000,0,test,control,,0.71366252475268,0.5694024894760339,0,-0.4080418379996037,0,0.7906351947802726,10,-0.002445676274944632,,,,5e-05,-0.00062462,0.0,0.0,0.5,0,0,0,0,0
c_2358,PLAYUSDT,1772949600000,0,test,control,,0.21663094025164678,0.2889691697193061,0,-0.08421272936351522,1,0.9251240414975193,6,0.00769788612173376,,,,5e-05,0.0,0.0,0.0,0.5,0,0,0,0,0
c_2359,PLAYUSDT,1778990400000,0,test,control,,0.4024955465601622,0.760776019205375,0,0.030865539251782096,0,0.7208073041806824,4,0.0017198351321600716,,,,-0.00017272,0.00018436,0.0,0.0,0.5,0,0,0,0,0
c_2360,PLAYUSDT,1761958800000,0,test,control,,0.4703773081674788,0.5777335253293828,0,0.10682887184105656,1,0.7943661971830986,1,0.0012085000269264957,,,,5e-05,0.0,0.0,0.0,0.5,0,0,0,0,0
c_2361,PLAYUSDT,1765004400000,0,test,control,,0.20605572448237325,0.3020048021047879,0,-0.05184117377216852,1,0.9358386801099908,7,0.0009647519392743227,,,,5e-05,0.0,0.0,0.0,0.5,0,0,0,0,0
c_2362,PLAYUSDT,1769018400000,0,test,control,,0.7895864022072691,0.9965181154119145,0,-0.022048390027818412,1,0.8622622842695394,18,0.003822421293182078,,,,0.0004407,-1.600000000000001e-05,0.0,0.0,0.5,0,0,0,0,0
c_2363,PLAYUSDT,1772208000000,0,test,control,,1.209655119212445,3.1888119255033716,2,-0.04581757295597747,1,0.7509127789046653,16,0.003296611520677936,,,,5e-05,0.0,0.0,0.0,0.5,0,0,0,0,0
c_2364,PLAYUSDT,1778990400000,0,test,control,,0.4024955465601622,0.760776019205375,0,0.030865539251782096,0,0.7208073041806824,4,0.0017198351321600716,,,,-0.00017272,0.00018436,0.0,0.0,0.5,0,0,0,0,0
c_2365,PLAYUSDT,1762138800000,0,test,control,,0.847706185145564,0.546922832634352,0,-0.022326132137783557,0,0.8044328552803129,3,-0.005679008741568154,,,,5e-05,0.0,0.0,0.0,0.5,0,0,0,0,0
c_2366,PLAYUSDT,1764705600000,0,test,control,,0.22345323182467677,0.8344147741965033,0,0.06403760291584311,0,0.9755575924228536,20,-0.0005995321255645049,,,,5e-05,0.0,0.0,0.0,0.5,0,0,0,0,0
c_2367,PLAYUSDT,1768557600000,0,test,control,,7.927624458907117,5.886708530576289,4,-0.059278657922320364,0,0.8837598045518836,10,-0.0006295207590221419,,,,0.00062176,0.0005614799999999999,0.0,0.0,0.5,0,0,0,0,0
c_2368,PLAYUSDT,1772370000000,0,test,control,,1.0932247855444481,0.5721048075144677,0,0.03552892181217833,0,0.8548030101814963,13,-0.0025346558497267293,,,,5e-05,0.0,0.0,0.0,0.5,0,0,0,0,0
c_2369,PLAYUSDT,1777582800000,0,test,control,,0.29907753646895513,0.31473373305733826,0,-0.1354556337905253,0,0.545887515385027,21,0.0011051937559172877,,,,0.00021584,0.00010669,0.0,0.0,0.5,0,0,0,0,0
c_2370,PLAYUSDT,1761958800000,0,test,control,,0.4703773081674788,0.5777335253293828,0,0.10682887184105656,1,0.7943661971830986,1,0.0012085000269264957,,,,5e-05,0.0,0.0,0.0,0.5,0,0,0,0,0
c_2371,PLAYUSDT,1765148400000,0,test,control,,1.2625180274232086,0.4391262508404356,0,-0.12847509023168804,0,0.9480598838985639,23,-0.007067365050360733,,,,5e-05,0.0,0.0,0.0,0.5,0,0,0,0,0
c_2372,PLAYUSDT,1769356800000,0,test,control,,0.6056378757208587,0.4754014239061105,0,0.11360284072655374,0,0.7986149279982413,16,-0.002933477394404466,,,,5e-05,0.0,0.0,0.0,0.5,0,0,0,0,0
c_2373,PLAYUSDT,1772211600000,0,test,control,,0.7636889604237664,2.9139922649119017,2,-0.11065384238321462,1,0.7529411764705883,17,-0.009433562475216699,,,,5e-05,0.0,0.0,0.0,0.5,0,0,0,0,0
c_2374,PLAYUSDT,1778990400000,0,test,control,,0.4024955465601622,0.760776019205375,0,0.030865539251782096,0,0.7208073041806824,4,0.0017198351321600716,,,,-0.00017272,0.00018436,0.0,0.0,0.5,0,0,0,0,0
c_2375,PLAYUSDT,1762131600000,0,test,control,,0.47898278438410874,0.32345747180130197,0,-0.1885389743377546,0,0.8191003911342895,1,-0.007193092169864749,,,,5e-05,0.0,0.0,0.0,0.5,0,0,0,0,0
c_2376,PLAYUSDT,1765047600000,0,test,control,,0.09768267277076206,0.2779388818874686,0,-0.22421009020245933,1,0.9480598838985639,19,-0.0005766118643746114,,,,5e-05,0.0,0.0,0.0,0.5,0,0,0,0,0
c_2377,PLAYUSDT,1769050800000,0,test,control,,0.47144153857299315,0.44792703928300687,0,0.10814624032921893,0,0.8568758931515885,3,-0.0018796262064080809,,,,0.00021444,-0.00022626,0.0,0.0,0.5,0,0,0,0,0
c_2378,PLAYUSDT,1772233200000,0,test,control,,0.5323508637256988,0.6327180893672876,0,-0.06158178044065824,1,0.763894523326572,23,0.0016289504338015167,,,,5e-05,0.0,0.0,0.0,0.5,0,0,0,0,0
c_2379,PLAYUSDT,1777658400000,0,test,control,,0.30763401117293326,0.6143777076792267,0,0.12790217962864098,0,0.5846845400545834,18,0.0042698854115233555,,,,5e-05,-0.00020174000000000003,0.0,0.0,0.5,0,0,0,0,0
c_2380,PLAYUSDT,1762066800000,0,test,control,,0.5955098575928187,0.3673233842262124,0,0.007926938987170187,0,0.7971830985915493,7,0.0014241390205943622,,,,5e-05,0.0,0.0,0.0,0.5,0,0,0,0,0
c_2381,PLAYUSDT,1765630800000,0,test,control,,0.656143112819833,0.6339583609527597,0,0.04442460156936842,1,0.8815987933634991,13,0.00012624808413004806,,,,0.0002826,-0.00018152,0.0,0.0,0.5,0,0,0,0,0
c_2382,PLAYUSDT,1767952800000,0,test,control,,0.4424936547372566,0.4476907037199706,0,0.17374010859245242,1,0.8177505435856888,10,0.003440405203279562,,,,5e-05,-0.00020967999999999998,0.0,0.0,0.5,0,0,0,0,0
c_2383,PLAYUSDT,1772362800000,0,test,control,,0.26602890740548774,0.3483457613470947,0,-0.05142252657357993,1,0.820274457724657,11,0.0007517313170663223,,,,5e-05,0.0,0.0,0.0,0.5,0,0,0,0,0
c_2384,PLAYUSDT,1778990400000,0,test,control,,0.4024955465601622,0.760776019205375,0,0.030865539251782096,0,0.7208073041806824,4,0.0017198351321600716,,,,-0.00017272,0.00018436,0.0,0.0,0.5,0,0,0,0,0
c_2385,PLAYUSDT,1761958800000,0,test,control,,0.4703773081674788,0.5777335253293828,0,0.10682887184105656,1,0.7943661971830986,1,0.0012085000269264957,,,,5e-05,0.0,0.0,0.0,0.5,0,0,0,0,0
c_2386,PLAYUSDT,1765065600000,0,test,control,,0.6957926700472347,0.3549395457644505,0,0.2897191834604411,0,0.9572257867399937,0,-0.0005378446547765648,,,,5e-05,0.0,0.0,0.0,0.5,0,0,0,0,0
c_2387,PLAYUSDT,1769090400000,0,test,control,,1.4364296321679708,0.7572854292049314,0,0.21364933093829622,0,0.8373090029680115,14,-0.004620729048360995,,,,0.0001069,-0.00028873,0.0,0.0,0.5,0,0,0,0,0
c_2388,PLAYUSDT,1772560800000,0,test,control,,1.8294116231634414,3.166032763191413,2,0.023816327990782003,0,0.8894903022101941,18,0.002100168189569984,,,,0.00010036,5.035999999999999e-05,0.0,0.0,0.5,0,0,0,0,0
c_2389,PLAYUSDT,1778990400000,0,test,control,,0.4024955465601622,0.760776019205375,0,0.030865539251782096,0,0.7208073041806824,4,0.0017198351321600716,,,,-0.00017272,0.00018436,0.0,0.0,0.5,0,0,0,0,0
c_2390,PLAYUSDT,1762023600000,0,test,control,,0.6948967390577075,0.5419317971813179,0,-0.3854924224152003,1,0.793114241001565,19,0.001223673544232334,,,,5e-05,-0.00019526000000000002,0.0,0.0,0.5,0,0,0,0,0
c_2391,PLAYUSDT,1764468000000,0,test,control,,0.08941579910758529,0.19510278371142153,0,-0.13094019119596584,0,0.8725314183123878,2,0.00013648330941200105,,,,5e-05,0.0,0.0,0.0,0.5,0,0,0,0,0
c_2392,PLAYUSDT,1769112000000,0,test,control,,0.25827098288815364,0.30542643333168334,0,-0.16745030401549416,0,0.8247773991425745,20,0.004898343141591616,,,,5e-05,-5.6899999999999994e-05,0.0,0.0,0.5,0,0,0,0,0
c_2393,PLAYUSDT,1772247600000,0,test,control,,0.6796530728787357,0.9647482083209771,1,-0.30930531435222597,0,0.763894523326572,3,0.0027331962425775867,,,,5e-05,0.0,0.0,0.0,0.5,0,0,0,0,0
c_2394,PLAYUSDT,1778990400000,0,test,control,,0.4024955465601622,0.760776019205375,0,0.030865539251782096,0,0.7208073041806824,4,0.0017198351321600716,,,,-0.00017272,0.00018436,0.0,0.0,0.5,0,0,0,0,0
c_2395,PLAYUSDT,1762102800000,0,test,control,,2.9325382427759856,2.1556277237108623,3,0.11317937690929755,0,0.7721439749608764,17,1.817089912334497e-05,,,,5e-05,0.0,0.0,0.0,0.5,0,0,0,0,0
c_2396,PLAYUSDT,1764529200000,0,test,control,,0.35730756697993854,0.31756024941989053,0,-0.043166349844712563,0,0.893476959904249,19,-0.00026026829505679326,,,,5e-05,0.0,0.0,0.0,0.5,0,0,0,0,0
c_2397,PLAYUSDT,1769968800000,0,test,control,,3.3090630893300403,3.3563632873487377,4,-0.015079398648713046,1,0.82534729960627,18,0.003250743617285008,,,,5e-05,0.0,0.0,0.0,0.5,0,0,0,0,0
c_2398,PLAYUSDT,1772355600000,0,test,control,,0.5083506057719464,0.4485800352978228,0,-0.22715600145445253,0,0.8154050464807436,9,-0.008625634928084856,,,,5e-05,0.0,0.0,0.0,0.5,0,0,0,0,0
c_2399,PLAYUSDT,1778950800000,0,test,control,,1.7767178469386886,1.4349063919539675,0,0.011485494991711488,0,0.7361044369694058,17,-0.00033762138064136204,,,,-0.00035708,-0.00036753,0.0,0.0,0.5,0,0,0,0,0
c_2400,PLAYUSDT,1762084800000,0,test,control,,6.665578397707498,2.726165134143576,2,0.0018839350224696494,1,0.7968701095461659,12,0.006296061566319549,,,,5e-05,0.0,0.0,0.0,0.5,0,0,0,0,0
c_2401,PLAYUSDT,1765123200000,0,test,control,,1.8173500202276016,1.0676320196691091,0,0.4176215357237334,0,0.9807516040329971,16,0.014939759036144579,,,,5e-05,0.0,0.0,0.0,0.5,0,0,0,0,0
c_2402,PLAYUSDT,1767837600000,0,test,control,,0.2785006263530632,0.7443857835036409,0,-0.22145551000483313,0,0.7876635514018692,2,0.0003196259063364423,,,,0.00067462,0.00062462,0.0,0.0,0.5,0,0,0,0,0
c_2403,PLAYUSDT,1772787600000,0,test,control,,0.8298263055149818,0.7255496347535171,0,-0.032079333600143166,0,0.9535408209291836,9,-0.0038929022466199334,,,,0.00032883,0.00027883,0.0,0.0,0.5,0,0,0,0,0
c_2404,PLAYUSDT,1777402800000,0,test,control,,0.3139544379682712,0.30636511628470375,0,-0.1262872289546713,0,0.5931396157756729,19,0.0007090876143403778,,,,5e-05,-9.744000000000002e-05,0.0,0.0,0.5,0,0,0,0,0
c_2405,PLAYUSDT,1762225200000,0,test,control,,1.8094313803066604,1.1352298190719474,0,0.008357100504355452,0,0.711212516297262,3,-0.005168659046087988,,,,5e-05,0.0,0.0,0.0,0.5,0,0,0,0,0
c_2406,PLAYUSDT,1764601200000,0,test,control,,0.8336328206948039,0.8062765781891945,0,0.12958225651249264,0,0.9024536205864752,15,0.0008621973582552875,,,,5e-05,0.0,0.0,0.0,0.5,0,0,0,0,0
c_2407,PLAYUSDT,1769238000000,0,test,control,,0.24519089413457323,0.6072327607050995,0,-0.06113304965416882,0,0.7981752226008574,7,-0.0014719564987270063,,,,0.00118221,0.0002756099999999999,0.0,0.0,0.5,0,0,0,0,0
c_2408,PLAYUSDT,1772233200000,0,test,control,,0.5323508637256988,0.6327180893672876,0,-0.06158178044065824,1,0.763894523326572,23,0.0016289504338015167,,,,5e-05,0.0,0.0,0.0,0.5,0,0,0,0,0
c_2409,PLAYUSDT,1777449600000,0,test,control,,2.069013409756263,1.3463000350066467,1,-0.03596387292745503,1,0.5153850270241345,8,0.0003286631981657594,,,,0.00039838,0.00034837999999999997,0.0,0.0,0.5,0,0,0,0,0
c_2410,PLAYUSDT,1761976800000,0,test,control,,1.2440767034818823,0.8634800405188269,0,-0.01934666421308327,1,0.7815336463223788,6,-0.0014340682366131483,,,,0.00021234,0.00016234,0.0,0.0,0.5,0,0,0,0,0
c_2411,PLAYUSDT,1764651600000,0,test,control,,0.7241846540519103,0.5175947383553474,0,0.4552878304165604,0,0.905146618791143,5,-0.00012768013251133963,,,,5e-05,0.0,0.0,0.0,0.5,0,0,0,0,0
c_2412,PLAYUSDT,1767715200000,0,test,control,,0.8949569701798946,0.6522533244288107,0,0.19571855374957264,0,0.7589965397923876,16,-0.0020043455918256816,,,,0.00043711,-0.00015523000000000002,0.0,0.0,0.5,0,0,0,0,0
c_2413,PLAYUSDT,1773630000000,0,test,control,,0.5483725926804255,0.72086807752271,0,-0.027540494792878047,0,0.6520671305771593,3,-0.0033413957683903956,,,,5e-05,0.0,0.0,0.0,0.5,0,0,0,0,0
c_2414,PLAYUSDT,1777438800000,0,test,control,,0.8098030835483283,1.290571461785014,1,-0.010796178771299209,0,0.5228233531331942,5,0.0034890203064880184,,,,0.00039838,0.00034837999999999997,0.0,0.0,0.5,0,0,0,0,0
c_2415,PLAYUSDT,1761958800000,0,test,control,,0.4703773081674788,0.5777335253293828,0,0.10682887184105656,1,0.7943661971830986,1,0.0012085000269264957,,,,5e-05,0.0,0.0,0.0,0.5,0,0,0,0,0
c_2416,PLAYUSDT,1765173600000,0,test,control,,1.1130713088520345,0.5073930018891661,0,0.2346526509523373,0,0.9712801710968529,6,0.0004701488366283066,,,,5e-05,0.0,0.0,0.0,0.5,0,0,0,0,0
c_2417,PLAYUSDT,1767988800000,0,test,control,,0.26679961666010943,0.2870610084700466,0,0.1547656061523656,1,0.848014888337469,20,-0.0053066849688726304,,,,5e-05,0.0,0.0,0.0,0.5,0,0,0,0,0
c_2418,PLAYUSDT,1772830800000,0,test,control,,0.12509067463624965,0.2297650508238953,0,-0.15789843302476367,0,0.9409111411817772,21,-0.00033479684586133697,,,,5e-05,-8.829000000000001e-05,0.0,0.0,0.5,0,0,0,0,0
c_2419,PLAYUSDT,1777586400000,0,test,control,,0.2990645090091699,0.35665367955980665,0,-0.27554358709373933,0,0.5355594798523037,22,-0.0032478276963968196,,,,0.00021584,0.00010669,0.0,0.0,0.5,0,0,0,0,0
c_2420,PLAYUSDT,1762023600000,0,test,control,,0.6948967390577075,0.5419317971813179,0,-0.3854924224152003,1,0.793114241001565,19,0.001223673544232334,,,,5e-05,-0.00019526000000000002,0.0,0.0,0.5,0,0,0,0,0
c_2421,PLAYUSDT,1764828000000,0,test,control,,1.0710512649068982,0.7118905407379681,0,0.1193134100390603,0,0.9147571035747021,6,-0.004129973059802189,,,,5e-05,0.0,0.0,0.0,0.5,0,0,0,0,0
c_2422,PLAYUSDT,1767787200000,0,test,control,,0.44960341935530024,0.4353589567258839,0,0.18370054079534887,0,0.7966039128829826,12,0.0012814920135197228,,,,5e-05,0.0,0.0,0.0,0.5,0,0,0,0,0
c_2423,PLAYUSDT,1772744400000,0,test,control,,0.24302929670250592,0.34958530888043515,0,-0.21588965139164482,1,0.948128101037438,21,0.00466592828269285,,,,5e-05,0.0,0.0,0.0,0.5,0,0,0,0,0
c_2424,PLAYUSDT,1778990400000,0,test,control,,0.4024955465601622,0.760776019205375,0,0.030865539251782096,0,0.7208073041806824,4,0.0017198351321600716,,,,-0.00017272,0.00018436,0.0,0.0,0.5,0,0,0,0,0
c_2425,PLAYUSDT,1761958800000,0,test,control,,0.4703773081674788,0.5777335253293828,0,0.10682887184105656,1,0.7943661971830986,1,0.0012085000269264957,,,,5e-05,0.0,0.0,0.0,0.5,0,0,0,0,0
c_2426,PLAYUSDT,1764925200000,0,test,control,,0.7501962681228441,0.6081135318895541,0,-0.07964504655046177,0,0.9172013443324167,9,-0.0015993060638096013,,,,5e-05,0.0,0.0,0.0,0.5,0,0,0,0,0
c_2427,PLAYUSDT,1769187600000,0,test,control,,1.123503160268216,0.5378504310204532,0,-0.08251040402999704,0,0.7888314829064528,17,0.004099822541667071,,,,5e-05,-0.00159836,0.0,0.0,0.5,0,0,0,0,0
c_2428,PLAYUSDT,1772838000000,0,test,control,,0.617250292516774,0.34237894849956196,0,0.26016556331333635,0,0.9697789806044204,23,0.0004819926660932689,,,,5e-05,-8.829000000000001e-05,0.0,0.0,0.5,0,0,0,0,0
c_2429,PLAYUSDT,1777604400000,0,test,control,,0.4092596985266888,0.37011255839286705,0,-0.0012636327394679524,1,0.5541820516936907,3,-0.0011899154664222248,,,,0.00010938,5.938e-05,0.0,0.0,0.5,0,0,0,0,0
c_2430,PLAYUSDT,1762077600000,0,test,control,,3.1514766583894027,1.2677729823828139,1,0.0023622011103292618,0,0.7971830985915493,10,-0.0013410862437581396,,,,5e-05,0.0,0.0,0.0,0.5,0,0,0,0,0
c_2431,PLAYUSDT,1764572400000,0,test,control,,1.0952789442911466,0.7530391753193831,0,0.11553102659665568,1,0.895571514063435,7,0.002594021652519749,,,,5e-05,0.0,0.0,0.0,0.5,0,0,0,0,0
c_2432,PLAYUSDT,1767927600000,0,test,control,,1.587411252139068,0.6533506741314841,0,-0.07880783379875905,0,0.8118205178889109,3,-0.0001812868067153028,,,,0.00025968,8.317999999999997e-05,0.0,0.0,0.5,0,0,0,0,0
c_2433,PLAYUSDT,1772557200000,0,test,control,,1.5200198622646999,3.693407659062675,3,-0.1256458713440795,0,0.8809201623815968,17,0.006572367692137152,,,,0.00010036,5.035999999999999e-05,0.0,0.0,0.5,0,0,0,0,0
c_2434,PLAYUSDT,1778990400000,0,test,control,,0.4024955465601622,0.760776019205375,0,0.030865539251782096,0,0.7208073041806824,4,0.0017198351321600716,,,,-0.00017272,0.00018436,0.0,0.0,0.5,0,0,0,0,0
c_2435,PLAYUSDT,1762088400000,0,test,control,,9.986272854672556,5.0810901231482015,3,0.008865989472685312,1,0.7834115805946792,13,-0.0040901377834799395,,,,5e-05,0.0,0.0,0.0,0.5,0,0,0,0,0
c_2436,PLAYUSDT,1764943200000,0,test,control,,0.5672353362045206,0.4919295417700211,0,-0.19865408279240493,0,0.9178124045218453,14,-0.008344792345160787,,,,5e-05,0.0,0.0,0.0,0.5,0,0,0,0,0
c_2437,PLAYUSDT,1769007600000,0,test,control,,1.7323896334474638,1.0923614117620233,0,-0.07612376098896177,0,0.8642409585577663,15,0.012687405789383424,,,,5e-05,-0.0009173,0.0,0.0,0.5,0,0,0,0,0
c_2438,PLAYUSDT,1772434800000,0,test,control,,0.5874053519210366,0.6190499837830133,0,0.07259589775080717,1,0.9442508710801394,7,-0.007860428298141606,,,,0.00012972,7.972e-05,0.0,0.0,0.5,0,0,0,0,0
c_2439,PLAYUSDT,1777496400000,0,test,control,,0.32558686142571497,0.5552112362485329,0,0.12763771855659567,0,0.5259271151067587,21,0.0015559101412236736,,,,5e-05,-0.00033246999999999997,0.0,0.0,0.5,0,0,0,0,0
c_2440,PLAYUSDT,1761958800000,0,test,control,,0.4703773081674788,0.5777335253293828,0,0.10682887184105656,1,0.7943661971830986,1,0.0012085000269264957,,,,5e-05,0.0,0.0,0.0,0.5,0,0,0,0,0
c_2441,PLAYUSDT,1764817200000,0,test,control,,0.4617293016491677,0.7263998382430762,0,-0.08391134496454102,1,0.9205621753742743,3,0.008009661835748855,,,,5e-05,0.0,0.0,0.0,0.5,0,0,0,0,0
c_2442,PLAYUSDT,1769187600000,0,test,control,,1.123503160268216,0.5378504310204532,0,-0.08251040402999704,0,0.7888314829064528,17,0.004099822541667071,,,,5e-05,-0.00159836,0.0,0.0,0.5,0,0,0,0,0
c_2443,PLAYUSDT,1772521200000,0,test,control,,0.5982146416011743,0.5370329153165025,0,-0.01888946741332622,0,0.9482329517172723,7,0.002332443941830176,,,,5e-05,0.0,0.0,0.0,0.5,0,0,0,0,0
c_2444,PLAYUSDT,1778990400000,0,test,control,,0.4024955465601622,0.760776019205375,0,0.030865539251782096,0,0.7208073041806824,4,0.0017198351321600716,,,,-0.00017272,0.00018436,0.0,0.0,0.5,0,0,0,0,0
c_2445,PLAYUSDT,1761958800000,0,test,control,,0.4703773081674788,0.5777335253293828,0,0.10682887184105656,1,0.7943661971830986,1,0.0012085000269264957,,,,5e-05,0.0,0.0,0.0,0.5,0,0,0,0,0
c_2446,PLAYUSDT,1765029600000,0,test,control,,0.17999474680387803,0.5995220571254753,0,-0.03769976520111799,1,0.9379773907729911,14,0.0010175542062631057,,,,5e-05,0.0,0.0,0.0,0.5,0,0,0,0,0
c_2447,PLAYUSDT,1769238000000,0,test,control,,0.24519089413457323,0.6072327607050995,0,-0.06113304965416882,0,0.7981752226008574,7,-0.0014719564987270063,,,,0.00118221,0.0002756099999999999,0.0,0.0,0.5,0,0,0,0,0
c_2448,PLAYUSDT,1772499600000,0,test,control,,0.5066940830310023,0.47658304437761423,0,-0.007528007298906714,1,0.9616724738675958,1,0.003635079314785242,,,,5e-05,0.0,0.0,0.0,0.5,0,0,0,0,0
c_2449,PLAYUSDT,1778990400000,0,test,control,,0.4024955465601622,0.760776019205375,0,0.030865539251782096,0,0.7208073041806824,4,0.0017198351321600716,,,,-0.00017272,0.00018436,0.0,0.0,0.5,0,0,0,0,0
c_2450,PLAYUSDT,1761958800000,0,test,control,,0.4703773081674788,0.5777335253293828,0,0.10682887184105656,1,0.7943661971830986,1,0.0012085000269264957,,,,5e-05,0.0,0.0,0.0,0.5,0,0,0,0,0
c_2451,PLAYUSDT,1765054800000,0,test,control,,0.26390707239255773,0.1758993556905024,0,0.2508891335017324,1,0.9404216315307057,21,0.001567650672377859,,,,5e-05,0.0,0.0,0.0,0.5,0,0,0,0,0
c_2452,PLAYUSDT,1770372000000,0,test,control,,0.5798730692412687,1.209219830810398,1,-0.09624078784881877,1,0.7716542048223137,10,0.013998436394084136,,,,-0.00088774,-0.0009377400000000001,0.0,0.0,0.5,0,0,0,0,0
c_2453,PLAYUSDT,1772686800000,0,test,control,,0.35800518884334653,0.7629286850631053,0,-0.07911254046409008,1,0.9106901217861976,5,0.0043383708479140795,,,,5e-05,0.0,0.0,0.0,0.5,0,0,0,0,0
c_2454,PLAYUSDT,1777615200000,0,test,control,,0.3862345802980334,0.4379786303222947,0,-0.013527237363446635,1,0.5642425215390379,6,0.0017909695652062114,,,,0.00023544,1.9600000000000016e-05,0.0,0.0,0.5,0,0,0,0,0
c_2455,PLAYUSDT,1761966000000,0,test,control,,1.0129656065426063,0.7409090642127287,0,0.04418592509303338,1,0.7868544600938967,3,0.0005469960798614277,,,,5e-05,0.0,0.0,0.0,0.5,0,0,0,0,0
c_2456,PLAYUSDT,1764802800000,0,test,control,,0.3581657157355015,0.4609449873185764,0,0.016486497425695978,1,0.9028414298808431,23,0.0009973837364514301,,,,5e-05,0.0,0.0,0.0,0.5,0,0,0,0,0
c_2457,PLAYUSDT,1769994000000,0,test,control,,2.4487284356538623,2.1289356526472596,2,-0.12407809771495412,1,0.7733452195230666,1,0.009191293553355984,,,,5e-05,0.0,0.0,0.0,0.5,0,0,0,0,0
c_2458,PLAYUSDT,1772330400000,0,test,control,,0.33769999512556204,0.502855230880106,0,-0.15424734218657654,1,0.7817444219066937,2,0.008328889261724858,,,,5e-05,0.0,0.0,0.0,0.5,0,0,0,0,0
c_2459,PLAYUSDT,1778990400000,0,test,control,,0.4024955465601622,0.760776019205375,0,0.030865539251782096,0,0.7208073041806824,4,0.0017198351321600716,,,,-0.00017272,0.00018436,0.0,0.0,0.5,0,0,0,0,0
c_2460,PLAYUSDT,1761958800000,0,test,control,,0.4703773081674788,0.5777335253293828,0,0.10682887184105656,1,0.7943661971830986,1,0.0012085000269264957,,,,5e-05,0.0,0.0,0.0,0.5,0,0,0,0,0
c_2461,PLAYUSDT,1764820800000,0,test,control,,0.21571652811821065,0.6103912191174367,0,-0.06823832426564973,0,0.913840513290559,4,-0.0042195575748088755,,,,5e-05,0.0,0.0,0.0,0.5,0,0,0,0,0
c_2462,PLAYUSDT,1767862800000,0,test,control,,0.533220220652462,0.48151858228995265,0,0.18762562993567022,0,0.7947548460661346,9,-0.0034239348402770767,,,,5e-05,-0.00062462,0.0,0.0,0.5,0,0,0,0,0
c_2463,PLAYUSDT,1772740800000,0,test,control,,0.5923713761419875,0.45616299142671163,0,0.060394766996152184,0,0.9409111411817772,20,-0.0012302220318251662,,,,5e-05,0.0,0.0,0.0,0.5,0,0,0,0,0
c_2464,PLAYUSDT,1778990400000,0,test,control,,0.4024955465601622,0.760776019205375,0,0.030865539251782096,0,0.7208073041806824,4,0.0017198351321600716,,,,-0.00017272,0.00018436,0.0,0.0,0.5,0,0,0,0,0
c_2465,PLAYUSDT,1762261200000,0,test,control,,4.4477524229283665,1.590380779110904,1,0.02309868174463281,1,0.7460047602856172,13,-0.005963798195171315,,,,5e-05,0.0,0.0,0.0,0.5,0,0,0,0,0
c_2466,PLAYUSDT,1764410400000,0,test,control,,0.7303416468305812,0.4309931820941986,0,-0.20398349324762582,0,0.8913824057450629,10,-0.0008223629744592825,,,,5e-05,0.0,0.0,0.0,0.5,0,0,0,0,0
c_2467,PLAYUSDT,1769148000000,0,test,control,,0.9252725687472839,0.7669982438431369,0,0.0972899813085779,1,0.8125755743651754,6,-0.0038777836470293542,,,,0.00049366,0.00044366,0.0,0.0,0.5,0,0,0,0,0
c_2468,PLAYUSDT,1772330400000,0,test,control,,0.33769999512556204,0.502855230880106,0,-0.15424734218657654,1,0.7817444219066937,2,0.008328889261724858,,,,5e-05,0.0,0.0,0.0,0.5,0,0,0,0,0
c_2469,PLAYUSDT,1778990400000,0,test,control,,0.4024955465601622,0.760776019205375,0,0.030865539251782096,0,0.7208073041806824,4,0.0017198351321600716,,,,-0.00017272,0.00018436,0.0,0.0,0.5,0,0,0,0,0
c_2470,PLAYUSDT,1762063200000,0,test,control,,0.19151429799016564,0.2693230022710378,0,-0.02213593237491253,0,0.7846635367762128,6,-0.0015557090272706104,,,,5e-05,0.0,0.0,0.0,0.5,0,0,0,0,0
c_2471,PLAYUSDT,1765108800000,0,test,control,,0.8313209320280833,1.5109160504032926,2,0.1776314784879809,0,0.9795294836541398,12,-0.0009652953344059489,,,,5e-05,0.0,0.0,0.0,0.5,0,0,0,0,0
c_2472,PLAYUSDT,1767870000000,0,test,control,,0.3623720115600716,0.5537982068962443,0,-0.13772564749099292,1,0.7946257197696737,11,0.004305429909512719,,,,5e-05,-0.00062462,0.0,0.0,0.5,0,0,0,0,0
c_2473,PLAYUSDT,1772442000000,0,test,control,,1.777582862229376,0.8107166621833304,0,0.08616390348136033,0,0.9761075161772025,9,0.004040538758708774,,,,5e-05,0.0,0.0,0.0,0.5,0,0,0,0,0
c_2474,PLAYUSDT,1778990400000,0,test,control,,0.4024955465601622,0.760776019205375,0,0.030865539251782096,0,0.7208073041806824,4,0.0017198351321600716,,,,-0.00017272,0.00018436,0.0,0.0,0.5,0,0,0,0,0
c_2475,PLAYUSDT,1761958800000,0,test,control,,0.4703773081674788,0.5777335253293828,0,0.10682887184105656,1,0.7943661971830986,1,0.0012085000269264957,,,,5e-05,0.0,0.0,0.0,0.5,0,0,0,0,0
c_2476,PLAYUSDT,1764766800000,0,test,control,,0.9013496840239019,0.8111921540617975,0,-0.34280708608709803,0,0.9538649556981362,13,-0.0008111216176819584,,,,5e-05,0.0,0.0,0.0,0.5,0,0,0,0,0
c_2477,PLAYUSDT,1769108400000,0,test,control,,0.3038467792092545,0.3517824212127882,0,0.08193147715045816,1,0.8255468835879961,19,-0.0022849162011173182,,,,5e-05,0.0,0.0,0.0,0.5,0,0,0,0,0
c_2478,PLAYUSDT,1772485200000,0,test,control,,0.4021112311497745,0.5288293493189604,0,0.04601135004044767,1,0.9621702339472374,21,0.0018250822592719826,,,,5e-05,0.0,0.0,0.0,0.5,0,0,0,0,0
c_2479,PLAYUSDT,1778990400000,0,test,control,,0.4024955465601622,0.760776019205375,0,0.030865539251782096,0,0.7208073041806824,4,0.0017198351321600716,,,,-0.00017272,0.00018436,0.0,0.0,0.5,0,0,0,0,0
c_2480,PLAYUSDT,1761958800000,0,test,control,,0.4703773081674788,0.5777335253293828,0,0.10682887184105656,1,0.7943661971830986,1,0.0012085000269264957,,,,5e-05,0.0,0.0,0.0,0.5,0,0,0,0,0
c_2481,PLAYUSDT,1764615600000,0,test,control,,0.42364842550903864,0.7684275275515825,0,-0.06411931069789957,1,0.8779174147217236,19,0.0030199239601048982,,,,5e-05,0.0,0.0,0.0,0.5,0,0,0,0,0
c_2482,PLAYUSDT,1769112000000,0,test,control,,0.25827098288815364,0.30542643333168334,0,-0.16745030401549416,0,0.8247773991425745,20,0.004898343141591616,,,,5e-05,-5.6899999999999994e-05,0.0,0.0,0.5,0,0,0,0,0
c_2483,PLAYUSDT,1772341200000,0,test,control,,0.5089442357960199,0.4056086077864901,0,-0.10494761195108167,0,0.7724137931034484,5,-0.002396453781936001,,,,5e-05,0.0,0.0,0.0,0.5,0,0,0,0,0
c_2484,PLAYUSDT,1777399200000,0,test,control,,0.40042970938010386,0.3612250137143783,0,0.08071864361561544,0,0.5981698506983465,18,0.0008213773644168812,,,,5e-05,-9.744000000000002e-05,0.0,0.0,0.5,0,0,0,0,0
c_2485,PLAYUSDT,1762286400000,0,test,control,,1.39893165744839,2.240986435152664,2,0.04969541986184585,1,0.7197231833910035,20,-0.007997646996120138,,,,5e-05,0.0,0.0,0.0,0.5,0,0,0,0,0
c_2486,PLAYUSDT,1764781200000,0,test,control,,3.001975350721584,1.1530733505193382,1,-0.227191421616225,0,0.8948976474182706,17,-0.0013050602764561711,,,,5e-05,0.0,0.0,0.0,0.5,0,0,0,0,0
c_2487,PLAYUSDT,1769022000000,0,test,control,,0.5455348683266641,0.7012256397896838,0,0.05644145142613292,0,0.872045729361328,19,0.006190199893056712,,,,0.0004407,-1.600000000000001e-05,0.0,0.0,0.5,0,0,0,0,0
c_2488,PLAYUSDT,1772499600000,0,test,control,,0.5066940830310023,0.47658304437761423,0,-0.007528007298906714,1,0.9616724738675958,1,0.003635079314785242,,,,5e-05,0.0,0.0,0.0,0.5,0,0,0,0,0
c_2489,PLAYUSDT,1778990400000,0,test,control,,0.4024955465601622,0.760776019205375,0,0.030865539251782096,0,0.7208073041806824,4,0.0017198351321600716,,,,-0.00017272,0.00018436,0.0,0.0,0.5,0,0,0,0,0
p_498,SOLUSDT,1722859200000,1,train,main,27.9315,8.42596247091201,5.742683131555402,4,0.027049323470078147,0,0.5989767441860465,12,-0.0009208766434142843,0.0032121673614855187,0.001984169693832553,0.21956374926559882,-7.57e-06,-4.981e-05,0.0,0.0,0.5,0,0,0,0,0
p_499,SOLUSDT,1730786400000,1,train,main,15.1747,0.8091488759199165,0.810902182628159,0,0.14463434418053894,0,0.8766226682666085,6,0.006189947045793645,0.0004668933097517661,0.0021775230521789263,0.3782009205315093,5.868e-05,-8.569999999999994e-06,0.0,0.0,0.5,0,0,1,0,0
p_500,SOLUSDT,1737176400000,1,train,main,21.0345,7.823090644820296,5.327440098661029,2,0.028383689512170483,0,0.9915762049500652,5,0.00029266568209927605,0.026773410310092147,0.10725056499927307,-0.051511936432970855,0.0001,1.78e-05,0.0,0.0,0.5,0,1,1,0,0
p_501,SOLUSDT,1737338400000,1,train,main,16.0116,6.194237401026858,11.707007499124035,4,0.003880851557104011,0,0.8184370771312585,2,0.008988728006783672,0.0023110381773047057,-0.013045746112527023,-0.05722366755436812,-0.0007115,-0.00080402,0.0,0.0,0.5,0,1,0,0,0
p_502,SOLUSDT,1740708000000,1,train,main,16.3528,5.927794708327038,2.1159669996500816,1,-0.012434903222082178,0,0.7272828014184397,2,-0.031216908604831065,-0.018630361513295727,-0.02326410143078281,0.510382893695251,0.0001,7.395000000000001e-05,0.0,0.0,0.5,0,1,0,0,0
p_503,SOLUSDT,1740924000000,1,train,main,26.9742,1.0718573163606957,0.7870523313247242,0,-0.1277354910841248,0,0.8333137070183703,14,-0.003090416799021746,0.003343611329101883,0.018369629851719298,0.15916714319482858,9.93e-05,2.078e-05,0.0,0.0,0.5,0,1,0,0,0
p_504,SOLUSDT,1744160400000,1,train,main,15.1809,2.5805236904246254,1.710353644734452,1,0.04070089754832771,1,0.7684287812041116,1,0.002570188694577516,-0.003563271623092336,0.010281490198004837,0.22936410119937975,-8.09e-05,-3.618e-05,0.0,0.0,0.5,0,1,0,0,0
p_505,SOLUSDT,1770336000000,1,test,main,18.1384,4.871836721948848,7.9555884288803576,4,-0.092401024341673,0,0.6574019649004954,0,-0.015820609999890396,0.009740029503080947,0.034542999647106394,0.18502394540634795,-0.00016041,-0.00016989,0.0,0.0,0.5,0,1,0,0,0
p_506,SOLUSDT,1740924000000,1,train,fast,11.8416,1.0718573163606957,0.7870523313247242,0,-0.1277354910841248,0,0.8333137070183703,14,-0.003090416799021746,0.003343611329101883,0.018369629851719298,0.15916714319482858,9.93e-05,2.078e-05,0.0,0.0,0.5,0,1,0,0,0
p_507,SOLUSDT,1744214400000,1,train,fast,10.2311,1.638920281861055,2.8886171778041314,3,-0.03415103372197334,1,0.7818649045521292,16,0.005152150459971718,0.017994362718235714,0.020130938263387212,0.2938215023612957,7.621e-05,0.00015711000000000002,0.0,0.0,0.5,0,1,0,0,0
c_2490,SOLUSDT,1714917600000,0,train,control,,,,0,-0.028340976704206332,1,0.9849678025221357,14,0.006040484431781659,-0.003865314744350573,0.001068386733881587,,8.266e-05,6.957e-05,0.0,0.0,0.5,0,0,0,0,0
c_2491,SOLUSDT,1726012800000,0,train,control,,0.37210120464802243,0.5710657936818165,0,-0.03147718698356404,0,0.9824616075893406,0,0.000501908642206895,0.003311129389056248,0.003295021645436292,0.24767380069470682,-6.617e-05,-4.9449999999999996e-05,0.0,0.0,0.5,0,0,0,0,0
c_2492,SOLUSDT,1738897200000,0,train,control,,1.209738999367228,1.0097958777399378,0,0.04593478834960737,0,0.8054590570719602,3,0.0018828793570475765,-0.00471803207712,-0.01390739422035153,0.1499270917347303,2.703e-05,4.374e-05,0.0,0.0,0.5,0,0,0,0,0
c_2493,SOLUSDT,1750374000000,0,train,control,,1.3255557407421241,0.7541030631661654,0,0.1552727108802643,0,0.9240610032770354,23,0.002602720677436159,-0.01612634945345929,-0.02020385651938278,0.15626133668891315,1.075e-05,-1.778e-05,0.0,0.0,0.5,0,0,0,0,0
c_2494,SOLUSDT,1761868800000,0,train,control,,1.063101252531909,1.3221482359870882,1,0.10238445199130643,0,0.8989283974671213,0,0.0037530583995542587,0.013503664656151184,0.05965924720356215,0.2192293441207016,-0.00022069,-0.00024095,0.0,0.0,0.5,0,0,0,0,0
c_2495,SOLUSDT,1714608000000,0,train,control,,,,0,0.00790298542850052,0,0.9896868540491234,0,0.007772490878514378,-0.00731582327967531,0.013004297913950804,,3.78e-06,-9.622000000000001e-05,0.0,0.0,0.5,0,0,0,0,0
c_2496,SOLUSDT,1724162400000,0,train,control,,1.1376766322365803,0.7966544859799314,0,-0.044345034518567125,1,0.9597186616709394,14,0.0030693758056698902,-0.002803828042578252,0.028162773165175205,-0.008783239802523414,-2.96e-05,-8.814e-05,0.0,0.0,0.5,0,0,0,0,0
c_2497,SOLUSDT,1739473200000,0,train,control,,0.5762832296278396,0.7668863036830553,0,0.07793959238383195,0,0.9252752513164193,19,0.002887339403506174,-0.011101952483723618,-0.019388333564437157,0.19898791026239493,-0.00012867,-0.00016494,0.0,0.0,0.5,0,0,0,0,0
c_2498,SOLUSDT,1752357600000,0,train,control,,0.5629393036708682,0.663637888297088,0,0.17137185670131316,0,0.9544535616601261,22,0.0041017065937626615,0.0018308571040016636,-0.009608712798568902,0.1717108739744847,0.0001,0.0,0.0,0.0,0.5,0,0,0,0,0
c_2499,SOLUSDT,1761868800000,0,train,control,,1.063101252531909,1.3221482359870882,1,0.10238445199130643,0,0.8989283974671213,0,0.0037530583995542587,0.013503664656151184,0.05965924720356215,0.2192293441207016,-0.00022069,-0.00024095,0.0,0.0,0.5,0,0,0,0,0
c_2500,SOLUSDT,1714608000000,0,train,control,,,,0,0.00790298542850052,0,0.9896868540491234,0,0.007772490878514378,-0.00731582327967531,0.013004297913950804,,3.78e-06,-9.622000000000001e-05,0.0,0.0,0.5,0,0,0,0,0
c_2501,SOLUSDT,1725267600000,0,train,control,,2.3912481473080422,1.6526408434292745,1,0.03658011228061934,0,0.8012469135802469,9,0.008747774810859,-0.014244814126077861,0.017607041558798678,0.1739342455147529,5.21e-06,3.398e-05,0.0,0.0,0.5,0,0,0,0,0
c_2502,SOLUSDT,1738468800000,0,train,control,,3.752632825974895,1.9685963158694801,1,-0.06507206075123705,0,0.7961460056156006,4,-0.012356401404761201,-0.002646688869461157,0.0010325601633955515,0.2205664674596683,-5.306e-05,-8.339e-05,0.0,0.0,0.5,0,0,0,0,0
c_2503,SOLUSDT,1751079600000,0,train,control,,0.6863149904605339,0.7572560781420727,0,0.10426398578654165,0,0.9658760727076153,3,0.00037095142031409484,0.005473650517841158,0.013396985777154303,0.3216360506073801,6.933e-05,5.392e-05,0.0,0.0,0.5,0,0,0,0,0
c_2504,SOLUSDT,1761868800000,0,train,control,,1.063101252531909,1.3221482359870882,1,0.10238445199130643,0,0.8989283974671213,0,0.0037530583995542587,0.013503664656151184,0.05965924720356215,0.2192293441207016,-0.00022069,-0.00024095,0.0,0.0,0.5,0,0,0,0,0
c_2505,SOLUSDT,1715713200000,0,train,control,,1.0346539826302623,1.13015299773487,0,0.020170035223080068,0,0.9234617854849069,19,0.0019497852788764015,0.009092826296277315,0.02198839005312211,0.1346392714345976,4.564e-05,-5.436000000000001e-05,0.0,0.0,0.5,0,0,0,0,0
c_2506,SOLUSDT,1726293600000,0,train,control,,0.7678947584489278,0.5621696947027993,0,-0.20462650429403886,0,0.9864190290928856,6,-0.004750242579719031,-0.0021943792889215627,0.00383980148586879,0.07151026518764246,-1.2e-06,-1.876e-05,0.0,0.0,0.5,0,0,0,0,0
c_2507,SOLUSDT,1739023200000,0,train,control,,0.74532606100357,0.5283054148363582,0,0.11155434641139846,0,0.8511881403967735,14,0.0019017366625876098,-0.002218089027682993,-0.00787018624408764,0.1306800829468861,2.105e-05,1.378e-05,0.0,0.0,0.5,0,0,0,0,0
c_2508,SOLUSDT,1750608000000,0,train,control,,2.465793653856734,4.604606999991024,3,-0.08300445707843698,0,0.8099319384925637,16,-0.007373659676936733,-0.006031081742610224,4.3813729208072366e-05,0.16156765439747167,3.965e-05,1.2330000000000002e-05,0.0,0.0,0.5,0,0,0,0,0
c_2509,SOLUSDT,1761868800000,0,train,control,,1.063101252531909,1.3221482359870882,1,0.10238445199130643,0,0.8989283974671213,0,0.0037530583995542587,0.013503664656151184,0.05965924720356215,0.2192293441207016,-0.00022069,-0.00024095,0.0,0.0,0.5,0,0,0,0,0
c_2510,SOLUSDT,1716703200000,0,train,control,,0.40677481240177576,0.5996031696367111,0,0.14544198151683846,0,0.8824587864835542,6,0.002427764934377876,0.005173072758724262,0.003930394132129161,-0.08003377950246378,0.0001,0.0,0.0,0.0,0.5,0,0,0,0,0
c_2511,SOLUSDT,1726455600000,0,train,control,,1.1277677206380115,1.5530045599409756,1,-0.07050006060464724,0,0.9271104499814057,3,-0.005734234695619541,0.002397740349408892,0.022709508369872643,0.018956323102429062,1.892e-05,1.785e-05,0.0,0.0,0.5,0,0,0,0,0
c_2512,SOLUSDT,1736316000000,0,train,control,,1.7864192522444127,1.9298928813643303,1,0.0645730556711093,1,0.878327507394461,6,0.0021371672819119145,-0.005985441068986859,-0.036476727389434166,0.03466760225703647,9.47e-06,-9.329999999999999e-06,0.0,0.0,0.5,0,0,0,0,0
c_2513,SOLUSDT,1751950800000,0,train,control,,0.43161156956388713,0.6003968296189656,0,0.023807384147129854,0,0.9529201049062879,5,0.0012368732881728782,0.0022668616748996694,-0.004746072386567837,-0.0029232508835370097,3.474e-05,-3.406e-05,0.0,0.0,0.5,0,0,0,0,0
c_2514,SOLUSDT,1761595200000,0,train,control,,0.9037122007065713,1.0480158021917463,0,-0.21293055148643406,0,0.9737944471505113,20,-0.003322406116003154,-0.010035293889952711,-0.035358239675591645,0.3153876055684718,3.983e-05,-6.017e-05,0.0,0.0,0.5,0,0,0,0,0
c_2515,SOLUSDT,1714971600000,0,train,control,,,,0,0.12095113125762949,0,0.9915347464448618,5,0.004548011048079243,0.0010239335342718322,-0.008309223306465998,,5.854e-05,-2.412e-05,0.0,0.0,0.5,0,0,0,0,0
c_2516,SOLUSDT,1727319600000,0,train,control,,0.8792537119715222,1.1796427213228133,0,0.07716686178556578,0,0.9682620039721171,3,0.0031129353951051667,-0.016366495180681933,-0.00361219636266028,0.21822626307954313,3.616e-05,-6.384000000000001e-05,0.0,0.0,0.5,0,0,0,0,0
c_2517,SOLUSDT,1739325600000,0,train,control,,0.3947840623815088,0.47025792137753525,0,0.04213459236087369,1,0.9426072828060786,2,0.0016444970276159765,0.0012202802949021463,-0.0037162699369005215,0.21302326488864692,-0.00022332,-0.00010338,0.0,0.0,0.5,0,0,0,0,0
c_2518,SOLUSDT,1750629600000,0,train,control,,1.0627195852971234,1.7392361298853456,1,-0.015406305143730313,0,0.8125787748928661,22,-0.0035911965931374563,0.010451585153099309,-0.005443203978896231,0.14752243796788836,8.55e-06,4.319e-05,0.0,0.0,0.5,0,0,0,0,0
c_2519,SOLUSDT,1761112800000,0,train,control,,1.2241630579855642,0.8664886779089824,0,-0.18368825586374934,0,0.883217620301652,6,-0.004013655826019002,0.007214593338457634,0.008711218723920907,0.36487764208883555,0.0001,0.00018944,0.0,0.0,0.5,0,0,0,0,0
c_2520,SOLUSDT,1716840000000,0,train,control,,1.5365913064187013,1.2346916039265992,0,-0.1286862971254579,0,0.8931491624990076,20,-0.010658923029041579,-0.015229061205436798,-0.005303043257969514,0.0025029252926030976,0.0001,0.0,0.0,0.0,0.5,0,0,0,0,0
c_2521,SOLUSDT,1727236800000,0,train,control,,0.8240931066384918,1.2651540377768737,0,0.02295057408470132,0,0.985928839388865,4,0.000503183724180796,-0.011244546330106972,-0.0018619976577603685,0.17568602434465058,0.0001,3.08e-05,0.0,0.0,0.5,0,0,0,0,0
c_2522,SOLUSDT,1736226000000,0,train,control,,0.3725783902536449,0.5034398650400078,0,-0.06371364543210178,0,0.9684054853455231,5,-0.0004977311917121444,0.0020523310363160744,-0.002043292041884697,0.031104348078942627,-2.492e-05,-9.529999999999999e-06,0.0,0.0,0.5,0,0,0,0,0
c_2523,SOLUSDT,1752883200000,0,train,control,,0.9644669677294226,1.4121829677682467,1,0.1339783983492901,0,0.957891891891892,0,0.0019836312179699156,0.003670214706275456,-0.011774784519678371,-0.12489459060893812,0.0001,0.0,0.0,0.0,0.5,0,0,0,0,0
c_2524,SOLUSDT,1760594400000,0,train,control,,0.9947815409406034,0.8104488907485057,0,-0.013193423577216975,1,0.8412996895088993,6,-0.0003299723039639165,0.004014868742240711,0.007314799700050798,0.7570863561710612,-6.784e-05,-0.00012533,0.0,0.0,0.5,0,0,0,0,0
c_2525,SOLUSDT,1761958800000,0,test,control,,0.6146976688208471,0.4042285622395934,0,-0.13972579237318172,0,0.9109595713589869,1,0.0012085000269264957,-0.00399597319214806,-0.005956510490564354,0.2537997295062448,1.5e-06,7.672999999999999e-05,0.0,0.0,0.5,0,0,0,0,0
c_2526,SOLUSDT,1766858400000,0,test,control,,0.7589742319684474,0.6165558214251264,0,0.09469836269558733,0,0.9580549945626844,18,0.0006849307236595446,-0.0030375082092230893,-0.0036530932697456924,0.4190904533233979,0.0001,9.511e-05,0.0,0.0,0.5,0,0,0,0,0
c_2527,SOLUSDT,1771434000000,0,test,control,,1.5694516872777915,1.8263762138716058,2,-0.05069047138034401,0,0.9017436122381841,17,-0.008366951870077242,0.01008451183086535,0.03277325086163954,0.1413338872803882,-0.0002287,-0.00013174,0.0,0.0,0.5,0,0,0,0,0
c_2528,SOLUSDT,1776020400000,0,test,control,,0.6663551900809609,0.7941628637254354,0,0.14257332175661952,1,0.9412776694575066,19,-0.00010267243695122438,0.0012468995023646422,0.001467490351154649,0.13156694196346327,-6.761e-05,-0.00016761,0.0,0.0,0.5,0,0,0,0,0
c_2529,SOLUSDT,1779595200000,0,test,control,,0.5989908383386001,0.7117019008874955,0,0.12232142758985622,1,0.9743240172688027,4,-0.0011355645266310339,0.005612962922235551,0.00224130536373222,0.3278030458176232,-4.389e-05,8.280999999999999e-05,0.0,0.0,0.5,0,0,0,0,0
c_2530,SOLUSDT,1714608000000,0,train,control,,,,0,0.00790298542850052,0,0.9896868540491234,0,0.007772490878514378,-0.00731582327967531,0.013004297913950804,,3.78e-06,-9.622000000000001e-05,0.0,0.0,0.5,0,0,0,0,0
c_2531,SOLUSDT,1726081200000,0,train,control,,1.6616285016699501,2.235615079806277,2,-0.12120506286393253,0,0.9581107817629708,19,-0.0033575611896449506,0.009113390604927694,0.01848510251410912,0.1974561201752252,-2.041e-05,4.5759999999999996e-05,0.0,0.0,0.5,0,0,0,0,0
c_2532,SOLUSDT,1739199600000,0,train,control,,2.064307902352837,1.24561585920268,1,-0.03200531062267713,0,0.9297830733548592,15,-0.009589988520534188,-0.0017828702098504204,0.005951905328225532,0.14388228935995684,-2.743e-05,0.00018484,0.0,0.0,0.5,0,0,0,0,0
c_2533,SOLUSDT,1750550400000,0,train,control,,4.150720027998869,3.1858691021515915,3,0.03304918312512305,0,0.8527854802117468,0,0.0034148412895007763,-0.002459788903604546,-0.0378729619361659,0.12159213112242614,2.732e-05,7.85e-05,0.0,0.0,0.5,0,0,0,0,0
c_2534,SOLUSDT,1760522400000,0,train,control,,1.1137180444103458,1.4180830150057784,1,0.03067359548290967,1,0.8964691540772345,10,-0.003487159864623415,0.005251470385182431,-0.009807748634056758,0.7607499587852844,5.749e-05,0.00012859,0.0,0.0,0.5,0,0,0,0,0
c_2535,SOLUSDT,1715511600000,0,train,control,,1.1247495119245225,0.9590197208294273,0,0.21515140379142092,0,0.9133447240473888,11,0.0028257158179406374,-0.00589412851051356,0.004254308717511147,0.1326095283156934,2.9e-05,-2.196e-05,0.0,0.0,0.5,0,0,0,0,0
c_2536,SOLUSDT,1724691600000,0,train,control,,0.8649664852308632,2.1640459553242413,1,-0.013885665160690328,1,0.9714092099183737,17,0.00281448348636853,0.0006903893149164407,0.002804406612487138,0.15993929203124355,2.054e-05,1.006e-05,0.0,0.0,0.5,0,0,0,0,0
c_2537,SOLUSDT,1738656000000,0,train,control,,1.1611354515665844,2.057913184345201,1,-0.07694853104811193,0,0.8345394333374219,8,-0.009200665734316313,-0.004253258399039743,0.012325022637014339,0.15786733057604363,-0.00055791,-0.00043422999999999997,0.0,0.0,0.5,0,0,0,0,0
c_2538,SOLUSDT,1752343200000,0,train,control,,0.8000361923883079,1.3693817093232725,1,0.1973062056414272,0,0.9537400404328695,18,0.0023728113375998416,0.01020897994201486,-0.005421674875974506,0.17596218171108374,0.0001,0.0,0.0,0.0,0.5,0,0,0,0,0
c_2539,SOLUSDT,1761868800000,0,train,control,,1.063101252531909,1.3221482359870882,1,0.10238445199130643,0,0.8989283974671213,0,0.0037530583995542587,0.013503664656151184,0.05965924720356215,0.2192293441207016,-0.00022069,-0.00024095,0.0,0.0,0.5,0,0,0,0,0
p_508,SUIUSDT,1722859200000,1,train,main,25.9804,7.632400914010406,4.879695010278678,4,-0.03670449774542756,0,0.6171735241502684,12,-0.0009208766434142843,-0.03872413086221387,-0.03948874365008859,0.2891846537816821,5.887e-05,1.3869999999999994e-05,0.0,0.0,0.5,0,0,0,0,0
p_509,SUIUSDT,1723075200000,1,train,main,38.7586,1.683067384234724,2.654315651008999,2,0.06813679950987096,1,0.8584366727044725,0,-0.0028104426130419673,0.004222941883936144,-0.03292134181189458,0.1930360167210768,-0.00045846,-0.00025523,0.0,0.0,0.5,0,1,0,0,0
p_510,SUIUSDT,1723417200000,1,train,main,25.5068,10.551514784641515,9.859129040184607,4,-0.010824103915379307,0,0.92429614181439,23,-0.0002611213977116517,-0.005574486204461788,0.08743713972486473,0.08999248987992703,-0.0003539,-0.00031107,0.0,0.0,0.5,0,0,0,0,0
p_511,SUIUSDT,1726070400000,1,train,main,15.0697,1.77379865477186,1.9953322594615188,1,0.03602066028845538,0,0.8938609842719432,16,0.01312070873277907,-0.004845554685658484,-0.030485101270150614,-0.012172136606260875,-0.00011203,-0.00015867,0.0,0.0,0.5,0,0,0,0,0
p_512,SUIUSDT,1738544400000,1,train,main,36.2169,6.652340415327971,3.8299767547165793,3,-0.020509813418463505,0,0.7501822028917363,1,-0.012285938083950608,-0.015180063741214821,-0.07747227582734909,-0.011890037821339294,2.796e-05,-2.1329999999999997e-05,0.0,0.0,0.5,0,0,0,0,0
p_513,SUIUSDT,1744009200000,1,train,main,19.9897,9.05424592550353,4.561563693096081,4,-0.0534387259588972,0,0.6854104536179564,7,-0.02775108917662018,-0.015398884157666229,-0.008395154536059895,0.09266242465011189,6.069e-05,7.687e-05,0.0,0.0,0.5,0,1,0,0,0
p_514,SUIUSDT,1745334000000,1,train,main,25.0042,2.6181268409812053,2.2969001229276516,3,0.12283297411041726,0,0.9925434621405619,15,0.006248572309343695,-0.0030427404930157545,-0.010296416526565141,0.11532093210319122,5.264e-05,-4.736000000000001e-05,0.0,0.0,0.5,0,0,0,0,0
p_515,SUIUSDT,1745481600000,1,train,main,24.3091,4.942006242124929,2.8597548333760634,3,0.03662216289504977,1,0.9691855261475515,8,-0.0020334842746048665,-0.023570256057996314,0.020169621054037398,0.0005147432035967001,3.321e-05,8.950000000000001e-05,0.0,0.0,0.5,0,0,0,0,0
p_516,SUIUSDT,1764666000000,1,test,main,31.0061,0.9803733493996517,0.6721190905207985,0,-0.14191579691587936,0,0.826191801150065,9,-0.006059909158857011,0.01898382749438591,0.03464709480329583,0.009381910081665251,1.21e-06,3.8129999999999996e-05,0.0,0.0,0.5,0,1,0,0,0
p_517,SUIUSDT,1767621600000,1,test,main,17.6279,0.9266283168269629,0.8037840385738295,0,-0.03371442538625421,0,0.9586734402648552,14,-0.0013916835061806808,0.004136804888992857,0.012607451179733047,0.13767406237175014,-9.42e-06,-2.1609999999999998e-05,0.0,0.0,0.5,0,0,0,0,0
p_518,SUIUSDT,1770336000000,1,test,main,17.3708,3.889414539884761,7.462710998316325,4,-0.0015684278278942933,0,0.6602050744704737,0,-0.015820609999890396,-0.007308520171033348,0.07133395013559772,-0.05853656912394008,-4.05e-06,-6.961e-05,0.0,0.0,0.5,0,1,0,0,0
p_519,SUIUSDT,1778356800000,1,test,main,29.5703,0.7782056727299576,1.4658252985202294,1,0.028505924003410375,0,0.9669892375870489,20,0.0003932475196344079,-9.514890268726159e-05,0.009881149785205809,0.13043699964906036,-4.379e-05,-5.154e-05,924.414,0.0,1.0,0,0,0,0,0
p_520,SUIUSDT,1744214400000,1,train,fast,13.2859,2.8340290002423107,2.6319313380313876,4,0.007995031607950296,0,0.7659315649034688,16,0.005152150459971718,0.0013838219286599817,0.01603810410511806,0.1981187616888507,8.213e-05,3.600000000000006e-06,0.0,0.0,0.5,0,1,0,0,0
c_2540,SUIUSDT,1714809600000,0,train,control,,,,0,-0.008987647020330069,0,0.930599639701467,8,-1.2712113531816584e-05,0.009122115757738575,0.03493412001720738,,-0.00011344,0.00032012,0.0,0.0,0.5,0,0,0,0,0
c_2541,SUIUSDT,1729263600000,0,train,control,,0.9500191707087041,0.7838674806453472,0,-0.07774012553128745,1,0.879560810810811,15,0.0033047789479860785,-0.017380656649114593,-0.019031664813933005,0.028158869329859865,0.0001,0.0,0.0,0.0,0.5,0,0,0,0,0
c_2542,SUIUSDT,1740571200000,0,train,control,,1.1289432872174774,0.9363997033104637,0,-0.13893831644198523,0,0.8301104198195169,12,-0.007306502103183122,0.010929904769580228,0.0027480866504623782,0.50810842633518,-0.00024725,-0.00023880000000000003,0.0,0.0,0.5,0,0,0,0,0
c_2543,SUIUSDT,1751968800000,0,train,control,,0.501661067787988,0.6420778237088303,0,0.01574952980002249,0,0.9292442142741543,10,0.0018270368179801595,-0.0027187555835297863,-0.026377664376916198,0.17520427931470461,-1.357e-05,-3.479e-05,0.0,0.0,0.5,0,0,0,0,0
c_2544,SUIUSDT,1760367600000,0,train,control,,3.149896026545027,3.5376577626045975,3,-0.01154519752443616,0,0.7588726794014132,15,-0.011431024837043443,-0.01910666164861755,-0.026926758515923237,0.8129968999329414,-8.844e-05,5.997999999999999e-05,0.0,0.0,0.5,0,0,0,0,0
c_2545,SUIUSDT,1714608000000,0,train,control,,,,0,0.08359127969844218,0,0.983614995281805,0,0.007772490878514378,-0.0004319259323248286,-0.011180846666375368,,-0.00021122,4.2320000000000015e-05,0.0,0.0,0.5,0,0,0,0,0
c_2546,SUIUSDT,1728072000000,0,train,control,,1.0185072345958044,1.221003415308414,0,0.0005832567748431302,0,0.8899860363056055,20,0.0003482290865966639,-0.00838776735262323,-0.04647484871377624,0.1464247786094995,-0.0005045,0.00035075000000000004,0.0,0.0,0.5,0,0,0,0,0
c_2547,SUIUSDT,1736438400000,0,train,control,,3.2853737267303464,2.222338496015522,3,0.1203908836615886,0,0.8869625132684035,16,0.014915273960278405,0.018444945925252035,-0.003895867534536665,-0.004031926324546312,9.152e-05,0.00016256000000000002,0.0,0.0,0.5,0,0,0,0,0
c_2548,SUIUSDT,1749164400000,0,train,control,,0.9363590812709996,2.658441823116941,3,0.03140350905360139,1,0.8222049041164519,23,-0.00039216381805966515,-0.001237544849644862,-0.055883592917446386,0.1216300329071664,0.0001,4.7300000000000005e-05,0.0,0.0,0.5,0,0,0,0,0
c_2549,SUIUSDT,1760781600000,0,train,control,,0.9307760676164252,1.1075348040468673,0,-0.06055702046659108,1,0.8151773567375652,10,0.001605989694665104,-0.005885168140449223,-0.0037885839818296908,0.07063747165660351,1.949e-05,-1.574e-05,0.0,0.0,0.5,0,0,0,0,0
c_2550,SUIUSDT,1714608000000,0,train,control,,,,0,0.08359127969844218,0,0.983614995281805,0,0.007772490878514378,-0.0004319259323248286,-0.011180846666375368,,-0.00021122,4.2320000000000015e-05,0.0,0.0,0.5,0,0,0,0,0
c_2551,SUIUSDT,1728828000000,0,train,control,,0.8371705054769639,1.0981708706024713,0,0.010292002104501069,1,0.9466097635326396,14,-0.00014847288454071007,0.00021254967193420202,0.00807048753568385,-0.07696828425014658,9.501e-05,-4.990000000000005e-06,0.0,0.0,0.5,0,0,0,0,0
c_2552,SUIUSDT,1740510000000,0,train,control,,1.5095832025077285,2.6239132277095916,3,0.040191494071168114,1,0.7859424920127794,19,-0.0021440110433766685,-0.002556949269083591,-0.050980380844966415,0.5258543182432673,-8.45e-06,0.00019916,0.0,0.0,0.5,0,0,0,0,0
c_2553,SUIUSDT,1752112800000,0,train,control,,0.6802666608157097,1.1706384940327457,0,0.10488456766250466,0,0.9967731526298805,2,0.0025228062769801106,0.00849577939749149,0.02147853337815046,0.2772297282459415,0.0001,1.6870000000000006e-05,0.0,0.0,0.5,0,0,0,0,0
c_2554,SUIUSDT,1760749200000,0,train,control,,0.7751525330379722,0.8023506350172563,0,-0.007341901993196502,1,0.8101669044695889,1,0.0038015164704178674,0.0005909881610241607,-0.006919251628362992,0.02266476833385283,-1.212e-05,-5.588e-05,0.0,0.0,0.5,0,0,0,0,0
c_2555,SUIUSDT,1714608000000,0,train,control,,,,0,0.08359127969844218,0,0.983614995281805,0,0.007772490878514378,-0.0004319259323248286,-0.011180846666375368,,-0.00021122,4.2320000000000015e-05,0.0,0.0,0.5,0,0,0,0,0
c_2556,SUIUSDT,1727917200000,0,train,control,,3.3786950070115824,1.6869668695000408,1,0.009643973253431512,0,0.9854029711682799,1,0.005552384754200555,0.02456134298122044,0.0036780950973290343,0.10045561704543596,-0.00041381,-0.00022817000000000003,0.0,0.0,0.5,0,0,0,0,0
c_2557,SUIUSDT,1737309600000,0,train,control,,0.7904872917748064,1.374193637816512,1,-0.0009309375758992288,1,0.9647056533250272,18,0.0017828743059321386,0.004652006349485507,0.0032742897567589356,0.04723399334559595,0.0001,0.0,0.0,0.0,0.5,0,0,0,0,0
c_2558,SUIUSDT,1750172400000,0,train,control,,1.4641448576243727,1.5307921571459906,0,-0.11771047529902302,0,0.8169756761353972,15,-0.00484134114076345,-0.0004336148354348874,0.02584935642618777,0.12971451673269285,0.0001,7.920000000000005e-06,0.0,0.0,0.5,0,0,0,0,0
c_2559,SUIUSDT,1761181200000,0,train,control,,0.7786678121362763,1.644448340545258,1,0.030052744580270272,0,0.871474955309912,1,0.0026382844176616924,-0.0062850037526255495,-0.034322593027998366,0.2563662885782843,0.0001,0.00011693000000000001,0.0,0.0,0.5,0,0,0,0,0
c_2560,SUIUSDT,1714608000000,0,train,control,,,,0,0.08359127969844218,0,0.983614995281805,0,0.007772490878514378,-0.0004319259323248286,-0.011180846666375368,,-0.00021122,4.2320000000000015e-05,0.0,0.0,0.5,0,0,0,0,0
c_2561,SUIUSDT,1729173600000,0,train,control,,1.4133098339652914,1.2899997076306946,0,-0.003911532151333992,1,0.8662162162162164,14,-0.002324646314221978,-0.010104096751435847,0.039079927944212126,0.008330521972613178,-5.792e-05,9.299999999999996e-06,0.0,0.0,0.5,0,0,0,0,0
c_2562,SUIUSDT,1738191600000,0,train,control,,0.6556135287591396,2.4636926327550346,2,-0.06314877552660597,0,0.8311160220994475,23,-0.002331173196427114,-0.001910354230695609,-0.00032762230452649215,-0.1360549993468933,0.0001,0.0,0.0,0.0,0.5,0,0,0,0,0
c_2563,SUIUSDT,1751792400000,0,train,control,,0.9890344345803758,0.45969934713421184,0,0.0242392230068713,0,0.934940928952905,9,-0.0003528061982771373,-0.0016198942176827368,0.0029441840468272785,0.1129571849525191,-1.608e-05,2.9970000000000003e-05,0.0,0.0,0.5,0,0,0,0,0
c_2564,SUIUSDT,1761415200000,0,train,control,,0.5581213938283129,0.7305050978873431,0,0.13657550154481898,0,0.9419938901721183,18,-1.257597234718109e-05,-0.004286100481689756,-0.011983138976458146,0.18766223893648387,8.513e-05,-1.4869999999999998e-05,0.0,0.0,0.5,0,0,0,0,0
c_2565,SUIUSDT,1716051600000,0,train,control,,0.7577407907835003,1.1552123162174555,0,-0.09597379038901675,0,0.9686710003611413,17,0.0011290568930871281,-0.0029503717660089635,-0.02662836763037146,0.03937142791646779,7.122e-05,0.00014864,0.0,0.0,0.5,0,0,0,0,0
c_2566,SUIUSDT,1725606000000,0,train,control,,1.29023502037076,0.9624940455347939,0,0.0020482641748224856,1,0.9879747588998691,7,-0.0011493866100887712,-0.006224222007335768,0.007449030969915368,-0.03766699016721114,-4.88e-05,-5.203e-05,0.0,0.0,0.5,0,0,0,0,0
c_2567,SUIUSDT,1738080000000,0,train,control,,1.5589992133043005,1.3075376800182288,0,0.03016332369227881,0,0.7970039169930828,16,0.0012738803838991232,-0.002910640195432161,0.01529055329854036,-0.16371167327453226,3.306e-05,5.279e-05,0.0,0.0,0.5,0,0,0,0,0
c_2568,SUIUSDT,1752224400000,0,train,control,,1.211534432376838,2.2138460225298995,3,0.014454931575637639,0,0.9873585224393265,9,0.003635893321035025,0.016834328573333675,0.033563302588993996,0.15337639484381838,0.0001,0.0,0.0,0.0,0.5,0,0,0,0,0
c_2569,SUIUSDT,1760691600000,0,train,control,,5.234578653688749,4.155181547454414,3,-0.019686199528360697,0,0.6654779707810883,9,-0.006944608882696511,0.0537271053114011,0.08549641386417428,0.8250651976442187,4.376e-05,-2.779999999999997e-06,0.0,0.0,0.5,0,0,0,0,0
c_2570,SUIUSDT,1714608000000,0,train,control,,,,0,0.08359127969844218,0,0.983614995281805,0,0.007772490878514378,-0.0004319259323248286,-0.011180846666375368,,-0.00021122,4.2320000000000015e-05,0.0,0.0,0.5,0,0,0,0,0
c_2571,SUIUSDT,1726909200000,0,train,control,,1.7436099598122246,1.3739110348692127,1,0.08481516632773745,0,0.9506564343248557,9,-0.0008214398985094023,0.012144350389601651,0.039958684500287535,0.1837312372991013,0.0001,0.0,0.0,0.0,0.5,0,0,0,0,0
c_2572,SUIUSDT,1736028000000,0,train,control,,1.685604425702401,1.5423513924429366,1,-0.0686374144239255,1,0.9944620253164557,22,-0.002450866020000439,0.02268515069980436,0.023982955250894167,0.1267188774252278,0.0001,0.0,0.0,0.0,0.5,0,0,0,0,0
c_2573,SUIUSDT,1752004800000,0,train,control,,0.8306848634600134,1.0680483399132934,0,-0.02831946071247205,0,0.9410260559961159,20,-0.00355507897884269,-0.008507150829336183,-0.007812712331906585,0.2149169021559037,2.511e-05,-2.5270000000000004e-05,0.0,0.0,0.5,0,0,0,0,0
c_2574,SUIUSDT,1759806000000,0,train,control,,0.7056822674998227,0.7510050362083747,0,-0.061600749754554,1,0.971333387066441,3,-0.0036299314925636542,-0.0011075088660660606,-0.0015502165729353906,0.04599721512629862,0.0001,2.052e-05,0.0,0.0,0.5,0,0,0,0,0
c_2575,SUIUSDT,1714608000000,0,train,control,,,,0,0.08359127969844218,0,0.983614995281805,0,0.007772490878514378,-0.0004319259323248286,-0.011180846666375368,,-0.00021122,4.2320000000000015e-05,0.0,0.0,0.5,0,0,0,0,0
c_2576,SUIUSDT,1725066000000,0,train,control,,0.6068779344236153,0.7124872702384555,0,-0.13314722847967028,0,0.7829750970552031,1,0.0019392076999744238,-0.0035480667893398334,-0.016502984227690077,0.39559289945916565,-7.25e-06,-5.172e-05,0.0,0.0,0.5,0,0,0,0,0
c_2577,SUIUSDT,1737831600000,0,train,control,,0.43847833211810366,0.6055295430890119,0,-0.028122809122066005,1,0.8105045942999534,19,0.0008183110936469145,2.3462353515684845e-05,0.005512225926968552,-0.09430532805015893,0.0001,0.0,0.0,0.0,0.5,0,0,0,0,0
c_2578,SUIUSDT,1752048000000,0,train,control,,0.5756139209216172,0.8173648717476845,0,-0.047222162698289855,1,0.9463667260074445,8,-0.0010497384845894078,0.0007066404399285952,0.011895988387863026,0.23183059232310477,0.0001,0.00011357000000000001,0.0,0.0,0.5,0,0,0,0,0
c_2579,SUIUSDT,1760364000000,0,train,control,,5.195370679630954,3.232218181007871,2,-0.011373593315315032,1,0.7797479917251013,14,0.008145330535152151,-0.0013387592439538273,-0.020425687419801216,0.8129749700175608,-8.844e-05,5.997999999999999e-05,0.0,0.0,0.5,0,0,0,0,0
c_2580,SUIUSDT,1761958800000,0,test,control,,0.78185359846456,0.593889941671899,0,-0.17760084847051955,0,0.8658406559064672,1,0.0012085000269264957,-0.0007513334217614982,0.0008072078698170451,0.16099483113049684,8.614e-05,4.457e-05,0.0,0.0,0.5,0,0,0,0,0
c_2581,SUIUSDT,1765846800000,0,test,control,,0.9766773578124697,0.856722624452322,0,-0.21587046610865898,0,0.8393818371245008,1,-0.006584103002781441,-0.006872328899054957,0.016520763344167407,0.12214946935905571,-9.554e-05,-2.7019999999999995e-05,0.0,0.0,0.5,0,0,0,0,0
c_2582,SUIUSDT,1771693200000,0,test,control,,1.58061637551805,1.078028997895384,0,-0.1500937853714459,0,0.9046030687124751,17,-0.004070204093537488,-0.0017051260043976883,0.006936600336985605,-0.0015528357714012508,1.857e-05,8.62e-06,0.0,0.0,0.5,0,0,0,0,0
c_2583,SUIUSDT,1775764800000,0,test,control,,1.2328066824725379,1.512347084658019,0,-0.03949542563249965,1,0.9610548911376879,20,0.002875462948142727,-0.006350426489212722,-0.012880078293757135,-0.019486241961246462,2.16e-06,-7.853e-05,0.0,0.0,0.5,0,0,0,0,0
c_2584,SUIUSDT,1779022800000,0,test,control,,1.0952175807355087,1.6398794049616252,1,-0.06242860182844058,0,0.7555869872701556,13,-0.0005690844248228734,-0.003611673210998298,-0.0006025893165718543,-0.029923099148336373,-3.663e-05,-2.009e-05,0.0,0.0,0.5,0,0,0,0,0
c_2585,SUIUSDT,1761958800000,0,test,control,,0.78185359846456,0.593889941671899,0,-0.17760084847051955,0,0.8658406559064672,1,0.0012085000269264957,-0.0007513334217614982,0.0008072078698170451,0.16099483113049684,8.614e-05,4.457e-05,0.0,0.0,0.5,0,0,0,0,0
c_2586,SUIUSDT,1765692000000,0,test,control,,0.7535696805589476,0.5415960378726878,0,-0.03883021925529418,0,0.9251606181628755,6,1.8855514627965054e-05,0.0007050526763989219,-0.0015679308794666843,0.2161255285660564,0.0001,4.7730000000000005e-05,0.0,0.0,0.5,0,0,0,0,0
c_2587,SUIUSDT,1770908400000,0,test,control,,1.9535096781659178,1.9006561703353793,1,-0.06621222296771599,0,0.8989310009718174,15,-0.01159498331135975,-0.012474430291075107,-0.04399749168543169,-0.16091526993416388,2.16e-06,2.664e-05,0.0,0.0,0.5,0,0,0,0,0
c_2588,SUIUSDT,1774742400000,0,test,control,,7.820713538250946,2.2930473386513617,1,-0.06358901432789936,0,0.8806643428337092,0,-0.005907476509463608,-0.021366788790391555,-0.040081389282253854,0.18954750982464405,2.217e-05,0.00010879,0.0,0.0,0.5,0,0,0,0,0
c_2589,SUIUSDT,1779242400000,0,test,control,,1.346497258219281,1.426398184523516,1,-0.08531628205599225,1,0.8223627024891347,2,0.0003465305904439086,0.017997626768849532,0.006894560066841381,0.019557861402001355,-1.512e-05,4.0260000000000004e-05,0.0,469.43,0.0,0,0,0,0,0
c_2590,SUIUSDT,1762336800000,0,test,control,,1.558935089845148,1.2196135824343188,0,0.12491006643442851,0,0.7829526161444668,10,0.0029384913842291165,-0.0013858911605113943,-0.007422480158932532,0.16755358091702832,9.06e-05,-9.399999999999998e-06,0.0,0.0,0.5,0,0,0,0,0
c_2591,SUIUSDT,1765965600000,0,test,control,,0.6600655554182857,0.7764652103861734,0,-0.03076396737215042,0,0.8546948767267004,10,0.00023273047263976357,-0.0037144363598017507,-0.001831146564835816,0.005326771992959958,6.162e-05,-2.2740000000000003e-05,0.0,0.0,0.5,0,0,0,0,0
c_2592,SUIUSDT,1771023600000,0,test,control,,0.7484729338356678,1.007127177013802,0,-0.24410453528856896,0,0.9399396476199746,23,0.0014476718184616214,-0.008482365447826752,-0.004440208465792904,-0.1324513465810746,1.747e-05,-6.0750000000000006e-05,0.0,0.0,0.5,0,0,0,0,0
c_2593,SUIUSDT,1775862000000,0,test,control,,0.5328056577410859,0.9074911628541927,0,-0.05038609569469967,0,0.9663702340795258,23,-0.004401540812672063,0.0049401238009171055,-0.002696359668148874,0.04629276279937655,5.696e-05,-3.3979999999999997e-05,0.0,0.0,0.5,0,0,0,0,0
c_2594,SUIUSDT,1779814800000,0,test,control,,2.510152665537373,2.7787642821645457,4,0.11260184476900069,1,0.87913409500902,17,0.0007374650554015228,0.030315187273502832,0.008920405452042186,-0.010359508433195054,9.3e-05,2.5349999999999993e-05,0.0,2212.1,0.0,0,0,0,0,0
c_2595,SUIUSDT,1761958800000,0,test,control,,0.78185359846456,0.593889941671899,0,-0.17760084847051955,0,0.8658406559064672,1,0.0012085000269264957,-0.0007513334217614982,0.0008072078698170451,0.16099483113049684,8.614e-05,4.457e-05,0.0,0.0,0.5,0,0,0,0,0
c_2596,SUIUSDT,1766214000000,0,test,control,,0.34241939887336276,0.582454552075662,0,0.21784273551653593,0,0.8929006332196784,7,0.00013824362606228998,-0.00952570382175191,-0.018694115921330693,-0.03973234300878534,0.0001,5.822e-05,0.0,0.0,0.5,0,0,0,0,0
c_2597,SUIUSDT,1770814800000,0,test,control,,0.9787110594719562,0.8482199203723129,0,0.06016811721491674,0,0.7995188452285484,13,0.0011369231457857315,0.0057177315444059155,0.015161918576520824,-0.13458128474025335,2.496e-05,3.622e-05,0.0,0.0,0.5,0,0,0,0,0
c_2598,SUIUSDT,1774810800000,0,test,control,,0.4227006179870991,0.5520980025650073,0,-0.06651647993914356,0,0.865388558540086,19,0.0006118456943241707,0.002730757269905178,0.01761025746687553,0.18015244101325206,-9.681e-05,-0.00010169,0.0,0.0,0.5,0,0,0,0,0
c_2599,SUIUSDT,1779814800000,0,test,control,,2.510152665537373,2.7787642821645457,4,0.11260184476900069,1,0.87913409500902,17,0.0007374650554015228,0.030315187273502832,0.008920405452042186,-0.010359508433195054,9.3e-05,2.5349999999999993e-05,0.0,2212.1,0.0,0,0,0,0,0
c_2600,SUIUSDT,1714608000000,0,train,control,,,,0,0.08359127969844218,0,0.983614995281805,0,0.007772490878514378,-0.0004319259323248286,-0.011180846666375368,,-0.00021122,4.2320000000000015e-05,0.0,0.0,0.5,0,0,0,0,0
c_2601,SUIUSDT,1727046000000,0,train,control,,3.6315687114696438,2.8314583402330467,4,0.03521464729606826,0,0.9765534129170493,23,0.017635059760956154,0.01253580371190392,-0.097194138201482,0.2557038760601178,-4.972e-05,-0.00014972,0.0,0.0,0.5,0,0,0,0,0
c_2602,SUIUSDT,1736802000000,0,train,control,,1.3982408462627638,1.4563630944748094,0,0.11084209685606931,0,0.8815616485338108,21,0.013731809768213978,0.0012707650373862758,-0.007197460973292139,-0.0029295146851385373,0.0001,0.0,0.0,0.0,0.5,0,0,0,0,0
c_2603,SUIUSDT,1750590000000,0,train,control,,0.8911130496808293,0.9390770760093586,0,0.14474292997706226,0,0.8098616081325015,11,0.0028573386323145927,0.0020760997498896574,0.01174043882095023,0.12456483181514341,3.834e-05,-4.499999999999974e-07,0.0,0.0,0.5,0,0,0,0,0
c_2604,SUIUSDT,1761868800000,0,train,control,,1.398767079258315,1.5239337699519082,1,-0.02109484865491682,1,0.8417221221368433,0,0.0037530583995542587,-0.0026293773653530664,-0.01275853572634956,0.14211855822400904,-0.00017406,-0.000177,0.0,0.0,0.5,0,0,0,0,0
p_521,TAOUSDT,1716213600000,1,train,main,20.1262,0.7837176305937299,0.7666865716402974,0,-0.035000284298184435,1,0.9133902993183839,14,0.0023959882517357524,-0.0013060697871979268,-0.007228344468640601,0.10415905746534515,5e-05,0.0,0.0,0.0,0.5,0,0,0,0,0
p_522,TAOUSDT,1720454400000,1,train,main,16.5041,3.120375211683118,3.4712012860308836,4,-0.07771325133567256,0,0.7952340784479123,16,-0.007694635831152363,0.010506840590326853,-0.036172949863462416,-0.04271914076094792,5e-05,0.0,0.0,0.0,0.5,0,0,0,0,0
p_523,TAOUSDT,1722837600000,1,train,main,48.2225,10.024625030715367,7.265965485024142,4,-0.053269502373697195,0,0.5316601427584619,6,-0.015114447034021003,-0.011391045164444816,0.007731776868091276,0.27795940566776267,-5.939e-05,-4.383e-05,0.0,0.0,0.5,0,0,0,0,0
p_524,TAOUSDT,1723071600000,1,train,main,27.9105,2.3891133774314786,2.4043555187149273,3,-0.030743809586786953,0,0.8133076621850933,23,-0.0023794908828308884,-0.014519292510055213,-0.01204155031272792,0.30999889981530027,5e-05,1.8300000000000004e-05,0.0,0.0,0.5,0,1,0,0,0
p_525,TAOUSDT,1727020800000,1,train,main,27.1482,1.8952933378429904,2.985076779950374,3,0.06797288466017447,0,0.9478125,16,-0.00022031354768675421,-2.485063653637615e-05,-0.007412831964389311,-0.008605323432106262,5e-05,0.00032417000000000004,0.0,0.0,0.5,0,0,0,0,0
p_526,TAOUSDT,1737824400000,1,train,main,19.495,1.047926669343403,1.2193524508225158,0,-0.2030227324225337,0,0.7765299012173628,17,-0.0022250388881100416,0.003573944615423632,0.022557558376695777,-0.056157413140255026,5e-05,0.0,0.0,0.0,0.5,0,0,0,0,0
p_527,TAOUSDT,1737972000000,1,train,main,21.241,3.8780167280243405,4.976763351310387,4,-0.024389057049713506,0,0.8535087346453011,10,0.003830817675505872,-0.004531275802313529,0.03502695135212722,-0.12428023458032933,5e-05,0.0,0.0,0.0,0.5,0,0,0,0,0
p_528,TAOUSDT,1738544400000,1,train,main,43.5066,8.517963219350523,4.961294138696362,4,-0.034630576505185015,0,0.6602654333400362,1,-0.012285938083950608,-0.01878261524168422,-0.03645240043138576,-0.11247901237301974,-7.079e-05,-4.4750000000000004e-05,0.0,0.0,0.5,0,0,0,0,0
p_529,TAOUSDT,1744005600000,1,train,main,27.3107,1.751115414688615,1.816219160800481,1,-0.06125540389549715,0,0.7645895569487104,6,-0.0005717263146131947,0.009362539972353034,0.02909398361903873,0.20796499905682378,-2.438e-05,6.079999999999999e-06,0.0,0.0,0.5,0,1,0,0,0
p_530,TAOUSDT,1744207200000,1,train,main,19.4854,3.336124447271226,2.5895367992747977,2,0.08357169507168881,0,0.8481087221778096,14,0.011953354289497379,-0.00863579589488278,0.006861956364241174,0.09727349611045227,4.734e-05,1.7929999999999996e-05,0.0,0.0,0.5,0,1,0,0,0
p_531,TAOUSDT,1760025600000,1,train,main,21.6838,1.4549543537891592,1.6418997312289587,1,-0.008823081963480781,0,0.9124566791580963,16,-0.0012842815323286048,0.0003078354115311391,0.0006597125772336825,0.00015321212060231265,5e-05,0.0,0.0,0.0,0.5,0,0,0,0,0
p_532,TAOUSDT,1760144400000,1,train,main,17.0225,9.765052141138971,24.55267046968729,4,-0.10068181864538307,0,0.72123815984523,1,-0.0022321804836804298,-0.03204948360502589,-0.4784121972633798,0.8956105724038324,-0.00109797,-0.00114797,0.0,0.0,0.5,0,0,0,0,0
p_533,TAOUSDT,1760234400000,1,train,main,41.1578,1.7402035677893837,1.678339545374965,0,0.01186588030548909,1,0.7228210346473707,2,0.0029917692131529155,-0.0024249605925751464,-0.01689788197591084,0.8892898953475233,-0.00023256,-0.00014135,0.0,0.0,0.5,0,1,0,0,0
p_534,TAOUSDT,1760421600000,1,train,main,19.2571,6.074857186481695,4.731881810108139,4,-0.09091594762177199,0,0.9162416285980397,6,-0.005084375323524936,0.005509455774629203,-0.016831867338554064,0.8812470970193653,5e-05,0.0,0.0,0.0,0.5,0,0,0,0,0
p_535,TAOUSDT,1760684400000,1,train,main,17.625,7.853077055869862,3.6341639791021145,2,-0.13355589372761428,0,0.7499164159144098,7,-0.015035831027832982,0.01822317837632689,-0.010229974409352647,0.8381414334020098,5e-05,3.1820000000000004e-05,0.0,0.0,0.5,0,1,0,0,0
p_536,TAOUSDT,1760792400000,1,train,main,18.298,2.7929400703605025,2.376021522922814,3,-0.12390966908658155,0,0.8111417586091608,13,-0.0013989603456803406,-0.007866757490869949,0.016898800102365948,0.2281257809072732,-0.00015645,1.9689999999999996e-05,0.0,0.0,0.5,0,1,0,0,0
p_537,TAOUSDT,1761890400000,1,train,main,21.8275,1.788164747862521,1.565714749904161,1,-0.13602086668078922,0,0.9485546620299935,6,-0.0017800595170486284,-0.01745571770600106,-0.02814529910367035,0.1433455103037568,-6.736e-05,-0.00011736,0.0,0.0,0.5,0,0,0,0,0
p_538,TAOUSDT,1770980400000,1,test,main,30.7618,0.8049673604657123,1.0016526282771192,0,-0.07528303704956124,0,0.8690515806988353,11,0.00022562806036060547,0.012611715518867805,0.014209616218781062,-0.11483079619774816,3.72e-05,6.858e-05,0.0,0.0,0.5,0,1,0,0,0
p_539,TAOUSDT,1773514800000,1,test,main,22.1568,1.1194241087898282,1.3269092246176302,0,0.022561110460841395,0,0.9491619889326804,19,0.0005298493612764294,0.014472986143163962,0.005705334935907373,0.12182982939237966,-3.795e-05,0.00013713,0.0,0.0,0.5,0,1,0,0,0
p_540,TAOUSDT,1773921600000,1,test,main,23.5491,1.5899216747230365,1.8213018019303295,1,0.12698826442553265,0,0.8260623794639889,12,-0.002499215428946351,0.005388396644107866,-0.007846386060450601,0.03174129941927533,5e-05,2.9300000000000007e-06,0.0,0.0,0.5,0,1,0,0,0
p_541,TAOUSDT,1774256400000,1,test,main,19.4089,1.3277817384336779,2.295101292212684,3,-0.09855386402493777,0,0.866006239747837,9,0.0013776242204199605,0.011234858092025169,0.018120451280904525,-0.03439911490903916,1.77e-06,-2.5679999999999998e-05,0.0,0.0,0.5,0,1,0,0,0
p_542,TAOUSDT,1738555200000,1,train,fast,10.0868,7.28057175630128,12.54964747254285,4,-0.06767523228407148,1,0.5855620349889402,4,0.004944456382411205,-0.008989416841062048,-0.11182451656215746,-0.039290634606425706,-0.00020276,-0.00017249,0.0,0.0,0.5,0,0,0,0,0
p_543,TAOUSDT,1760277600000,1,train,fast,11.0876,3.4324706658364676,2.710942503049275,4,-0.08443295164146468,1,0.7961609004798874,14,-0.004235918837216979,0.013856167968838387,0.017065303933888207,0.8911928863625789,-0.00035952,-0.00021582,0.0,0.0,0.5,0,1,0,0,0
c_2605,TAOUSDT,1714608000000,0,train,control,,,,0,0.14012487684683278,0,0.9702006168905657,0,0.007772490878514378,-0.001628466053303122,0.011617568635146206,,1.56e-05,-3.44e-05,0.0,0.0,0.5,0,0,0,0,0
c_2606,TAOUSDT,1726023600000,0,train,control,,1.3634602720654017,1.5941773666045096,1,0.06337765560615936,0,0.9581947743467933,3,0.003421595204122846,-0.0026265520722016113,-0.008313608818969387,-0.03192286658556678,-4.234e-05,-9.234e-05,0.0,0.0,0.5,0,0,0,0,0
c_2607,TAOUSDT,1736618400000,0,train,control,,0.7214049004998069,0.6576163323391297,0,-0.0547670796230989,0,0.7337488113028121,18,-0.0031098400593158122,-0.0008669189148590021,-0.009192834994208568,0.13092593644850836,5e-05,0.0,0.0,0.0,0.5,0,0,0,0,0
c_2608,TAOUSDT,1749693600000,0,train,control,,1.2959196959029902,1.2095087548100742,0,-0.1578151108268176,0,0.9023168723351457,2,-0.001772273036788982,-0.006574110208327731,-0.022038449994060717,-0.10270520401799335,5e-05,0.0,0.0,0.0,0.5,0,0,0,0,0
c_2609,TAOUSDT,1761714000000,0,train,control,,1.2412603098855541,1.2310706516788366,0,0.0361238277583723,0,0.9410345577048468,5,0.0026320563117777406,0.004166744029952174,-0.003026130329654037,0.14446205868392942,1.514e-05,-3.486e-05,0.0,0.0,0.5,0,0,0,0,0
c_2610,TAOUSDT,1714608000000,0,train,control,,,,0,0.14012487684683278,0,0.9702006168905657,0,0.007772490878514378,-0.001628466053303122,0.011617568635146206,,1.56e-05,-3.44e-05,0.0,0.0,0.5,0,0,0,0,0
c_2611,TAOUSDT,1728943200000,0,train,control,,0.33776958080361913,0.4385106696427781,0,-0.019164779152131998,0,0.9293972831582188,22,-0.002234991192040866,-0.0034954314869980654,0.008109189872203637,-0.020336955178583395,5e-05,0.0,0.0,0.0,0.5,0,0,0,0,0
c_2612,TAOUSDT,1739743200000,0,train,control,,0.5654758569766408,0.7161055175187503,0,0.06435876643849202,0,0.8272754306105177,22,0.0027760342250228586,-0.004107913962362931,-0.040598284149975336,-0.03213227591031813,5e-05,0.00016787,0.0,0.0,0.5,0,0,0,0,0
c_2613,TAOUSDT,1748548800000,0,train,control,,0.6920938575288729,0.7979017860210217,0,-0.06157185534556444,0,0.8835602005984239,20,-0.0008384701842081854,-0.00047467022800157883,-0.017639290292983043,0.14183547002433067,-3.251e-05,-7.553e-05,0.0,0.0,0.5,0,0,0,0,0
c_2614,TAOUSDT,1759741200000,0,train,control,,0.7095496498098439,0.7946498385910601,0,-0.03927394630805882,1,0.9712090969575998,9,0.003792193934597807,-0.00021717642654202357,-0.005764863817813971,-0.06725506197860709,5e-05,0.0,0.0,0.0,0.5,0,0,0,0,0
c_2615,TAOUSDT,1715162400000,0,train,control,,1.0417275520728648,1.6298664739754383,1,0.01492046300703817,1,0.8394206936108322,10,-0.0011674449633089193,0.0005724112620244093,0.01941995303858243,0.06744887820494394,5e-05,0.0,0.0,0.0,0.5,0,0,0,0,0
c_2616,TAOUSDT,1725382800000,0,train,control,,0.625996527768312,1.203125295870228,0,0.009011209499028052,1,0.7717301811338508,17,-0.00029465240549024095,-0.009778039024027187,-0.008091263287526533,0.5493948778525604,5e-05,1.5530000000000002e-05,0.0,0.0,0.5,0,0,0,0,0
c_2617,TAOUSDT,1735905600000,0,train,control,,2.8289817894260234,2.5675941072128974,4,0.12386546145665102,0,0.9975838493753802,12,0.0027643013192125768,-0.0031680552878454353,0.009546546567240854,-0.04091736571736311,5e-05,0.0,0.0,0.0,0.5,0,0,0,0,0
c_2618,TAOUSDT,1750039200000,0,train,control,,0.9538797706150808,0.8166747648213938,0,0.03832809138999007,0,0.8370067904437476,2,0.0035851647439188654,0.005057736472512977,-0.010923339038763467,-0.02521542033555356,5e-05,5.143e-05,0.0,0.0,0.5,0,0,0,0,0
c_2619,TAOUSDT,1761714000000,0,train,control,,1.2412603098855541,1.2310706516788366,0,0.0361238277583723,0,0.9410345577048468,5,0.0026320563117777406,0.004166744029952174,-0.003026130329654037,0.14446205868392942,1.514e-05,-3.486e-05,0.0,0.0,0.5,0,0,0,0,0
c_2620,TAOUSDT,1715299200000,0,train,control,,1.034864187976752,1.0603910099208658,0,-0.13026963962415203,0,0.8049449986684966,0,-0.003203025325401106,0.0014431797099457222,0.023363077461852653,0.02558951342938276,5e-05,0.0,0.0,0.0,0.5,0,0,0,0,0
c_2621,TAOUSDT,1728615600000,0,train,control,,0.5355679281028084,0.7801021015753937,0,-0.012096275292552076,0,0.8368388448036815,3,-0.0003815425882461519,0.009089487166284731,-0.0012533717673794173,0.006346608095428474,5e-05,0.0,0.0,0.0,0.5,0,0,0,0,0
c_2622,TAOUSDT,1739008800000,0,train,control,,0.5830556803789028,0.7873690877570959,0,0.007092865030353412,0,0.7439225656808957,10,0.002912020666895419,-0.0016777229220420584,-0.016047823054090506,0.03350521972570107,-5.9e-05,-9.6e-05,0.0,0.0,0.5,0,0,0,0,0
c_2623,TAOUSDT,1747987200000,0,train,control,,0.5331497043428809,0.6505786741715455,0,0.10122820555973021,0,0.9685564853556486,8,0.0018963446260127793,0.004026023884311552,0.0015674904423212109,0.22424895726119415,5e-05,0.0,0.0,0.0,0.5,0,0,0,0,0
c_2624,TAOUSDT,1761714000000,0,train,control,,1.2412603098855541,1.2310706516788366,0,0.0361238277583723,0,0.9410345577048468,5,0.0026320563117777406,0.004166744029952174,-0.003026130329654037,0.14446205868392942,1.514e-05,-3.486e-05,0.0,0.0,0.5,0,0,0,0,0
c_2625,TAOUSDT,1715655600000,0,train,control,,0.8689145016708443,0.8267735830710647,0,0.06987195973126548,0,0.7638550055053002,3,-0.0015664095370550193,-0.0014454532841157296,-0.002081993987655475,0.07119718140040365,5e-05,0.0,0.0,0.0,0.5,0,0,0,0,0
c_2626,TAOUSDT,1726225200000,0,train,control,,0.6473272995002665,0.7339828833769668,0,0.047681873661513934,0,0.9707551287647316,11,0.005008203388895757,0.006321068927100321,0.029778473642048133,-0.03514552400918267,5e-05,0.00010310000000000001,0.0,0.0,0.5,0,0,0,0,0
c_2627,TAOUSDT,1735858800000,0,train,control,,1.263650370918711,1.1444973913190235,0,-0.20659616303224612,1,0.9587915606872953,23,-0.00325375591685529,-0.0028861909203102953,-0.030282529753431636,-0.07100650653168686,5e-05,0.0,0.0,0.0,0.5,0,0,0,0,0
c_2628,TAOUSDT,1751623200000,0,train,control,,0.7401835583892017,1.3642220143923645,0,0.10658223953257741,0,0.9257834757834758,10,0.0021773525894581646,-0.001154389351499587,-0.0022865616642492492,0.07106687631429415,5e-05,0.0,0.0,0.0,0.5,0,0,0,0,0
c_2629,TAOUSDT,1761714000000,0,train,control,,1.2412603098855541,1.2310706516788366,0,0.0361238277583723,0,0.9410345577048468,5,0.0026320563117777406,0.004166744029952174,-0.003026130329654037,0.14446205868392942,1.514e-05,-3.486e-05,0.0,0.0,0.5,0,0,0,0,0
c_2630,TAOUSDT,1716552000000,0,train,control,,1.2783412512049175,1.3658890335600193,0,-0.08423374077119487,0,0.8770880384138029,12,2.968178161925992e-05,-0.0023083285719920628,-0.010765341029866739,-0.13108361623248438,5e-05,0.0,0.0,0.0,0.5,0,0,0,0,0
c_2631,TAOUSDT,1725433200000,0,train,control,,1.1261551253631417,0.9917044807974874,0,0.13349275276934497,0,0.7764218917675916,7,0.00044821434606068266,-0.0010083290476390588,-0.01716796316546225,-0.17224929229359656,-0.00012189,-0.0001638,0.0,0.0,0.5,0,0,0,0,0
c_2632,TAOUSDT,1739347200000,0,train,control,,0.9079042643346564,0.833683054839774,0,0.0957197213536208,0,0.9070155774641443,8,0.0025903733332498674,-0.014493155864219974,-0.010548645134471292,-0.026893316298449762,2.915e-05,-2.0850000000000002e-05,0.0,0.0,0.5,0,0,0,0,0
c_2633,TAOUSDT,1750222800000,0,train,control,,0.8499792083830665,1.056988778112068,0,-0.06789292052188714,1,0.8212599147219293,5,0.0025434643239655285,-0.002178062552811482,-0.009921451760175217,-0.027488127538051618,5e-05,6.185e-05,0.0,0.0,0.5,0,0,0,0,0
c_2634,TAOUSDT,1761714000000,0,train,control,,1.2412603098855541,1.2310706516788366,0,0.0361238277583723,0,0.9410345577048468,5,0.0026320563117777406,0.004166744029952174,-0.003026130329654037,0.14446205868392942,1.514e-05,-3.486e-05,0.0,0.0,0.5,0,0,0,0,0
c_2635,TAOUSDT,1714608000000,0,train,control,,,,0,0.14012487684683278,0,0.9702006168905657,0,0.007772490878514378,-0.001628466053303122,0.011617568635146206,,1.56e-05,-3.44e-05,0.0,0.0,0.5,0,0,0,0,0
c_2636,TAOUSDT,1727564400000,0,train,control,,1.3062979137477533,1.0108758245658493,0,-0.13552833669526773,1,0.8859432387312186,23,-0.0002969849177351778,0.0030015079858174217,-0.01119103920637847,-0.00858417066132558,5e-05,0.0,0.0,0.0,0.5,0,0,0,0,0
c_2637,TAOUSDT,1736726400000,0,train,control,,0.7116758472410698,0.7361576353877377,0,0.060210099376963366,0,0.7532604265724765,0,0.0062397579059116914,0.003920210939003092,-0.010559885519098033,0.10042073718841309,5e-05,0.0,0.0,0.0,0.5,0,0,0,0,0
c_2638,TAOUSDT,1750582800000,0,train,control,,0.9421719002632718,0.9175383658988167,0,-0.16544574449291988,0,0.7944894154899006,9,0.0026758073809314544,0.0058970015672984155,0.0020583219138455206,-0.04170341828377225,-6.988e-05,-0.00011988,0.0,0.0,0.5,0,0,0,0,0
c_2639,TAOUSDT,1761404400000,0,train,control,,0.8438689409360655,0.6870656391310151,0,-0.041136580076656694,0,0.8474594712218474,15,-0.0007193606558991458,0.005911067155612402,0.02661654224888664,0.08832754303290324,5e-05,5.4630000000000004e-05,0.0,0.0,0.5,0,0,0,0,0
c_2640,TAOUSDT,1714608000000,0,train,control,,,,0,0.14012487684683278,0,0.9702006168905657,0,0.007772490878514378,-0.001628466053303122,0.011617568635146206,,1.56e-05,-3.44e-05,0.0,0.0,0.5,0,0,0,0,0
c_2641,TAOUSDT,1724644800000,0,train,control,,0.730644802767302,1.4914180004294753,1,0.03882896191814958,0,0.9812327198592454,4,0.0008823575343963268,-0.006491487969920593,0.006854692538716088,0.03288828265635045,5e-05,0.0,0.0,0.0,0.5,0,0,0,0,0
c_2642,TAOUSDT,1737450000000,0,train,control,,1.464694992885636,1.4165145259345657,0,0.004654526260171572,0,0.7996200945722022,9,0.004471434300803976,-0.02112267840655057,-0.014525837163099773,0.19776184394668211,5e-05,0.0,0.0,0.0,0.5,0,0,0,0,0
c_2643,TAOUSDT,1749492000000,0,train,control,,1.2266192664839868,1.9997413031589542,3,-0.12137446466153912,0,0.9847119716284866,18,0.005899806405344766,0.004072124493805743,0.017514831446621103,0.022926453944604606,3.532e-05,-1.4680000000000002e-05,0.0,0.0,0.5,0,0,0,0,0
c_2644,TAOUSDT,1758978000000,0,train,control,,0.6195079190841901,0.5459231183981555,0,0.017595469371014635,0,0.864760211106012,13,0.0008181883077778608,0.0012325090668901314,0.002947532578889263,-0.007136774110199237,1.983e-05,-3.017e-05,0.0,0.0,0.5,0,0,0,0,0
c_2645,TAOUSDT,1714608000000,0,train,control,,,,0,0.14012487684683278,0,0.9702006168905657,0,0.007772490878514378,-0.001628466053303122,0.011617568635146206,,1.56e-05,-3.44e-05,0.0,0.0,0.5,0,0,0,0,0
c_2646,TAOUSDT,1728957600000,0,train,control,,0.7286125383182273,0.7761563584156017,0,0.021982442122522195,0,0.9208540320335282,2,-0.000898259924861727,-0.005266472189641586,-0.014743805712123574,-0.03328726574109469,5e-05,0.0,0.0,0.0,0.5,0,0,0,0,0
c_2647,TAOUSDT,1738173600000,0,train,control,,2.3657426288757937,2.6567450070280687,4,0.13269605160687187,0,0.933319927609089,18,0.0029924336696800892,0.0022298809036516115,-0.011784571427449616,-0.16778304636311325,5e-05,0.0,0.0,0.0,0.5,0,0,0,0,0
c_2648,TAOUSDT,1751036400000,0,train,control,,1.4829463929646032,1.2100136470141916,0,0.04765096362010678,1,0.8778315372773257,15,-0.0024987005446006146,0.0030755248098028546,0.02026660212552954,0.004353422211301632,-7.958e-05,-4.2749999999999996e-05,0.0,0.0,0.5,0,0,0,0,0
c_2649,TAOUSDT,1761602400000,0,train,control,,1.051833493649244,1.2721904902394923,0,-0.06033454242500002,1,0.9488904763002051,22,-0.001287526637728537,-0.006564647958553073,-0.05876298064755209,0.09523578066474542,2.709e-05,0.00019093000000000002,0.0,0.0,0.5,0,0,0,0,0
c_2650,TAOUSDT,1714608000000,0,train,control,,,,0,0.14012487684683278,0,0.9702006168905657,0,0.007772490878514378,-0.001628466053303122,0.011617568635146206,,1.56e-05,-3.44e-05,0.0,0.0,0.5,0,0,0,0,0
c_2651,TAOUSDT,1729072800000,0,train,control,,0.6812923064497155,0.86318229084088,0,0.043291468171554805,0,0.8893773537902434,10,0.004396167733917105,0.00012838512138895066,-0.01750088763916206,0.0013318201408955288,5e-05,0.0,0.0,0.0,0.5,0,0,0,0,0
c_2652,TAOUSDT,1737615600000,0,train,control,,0.9321954752875087,1.0097575440520694,0,-0.07175869361695893,0,0.7830901669158954,7,-0.0026358712617843257,0.0026242517010928823,0.01584878655683798,0.10158776438478354,5e-05,0.0,0.0,0.0,0.5,0,0,0,0,0
c_2653,TAOUSDT,1750759200000,0,train,control,,1.3362784118532136,1.8942927174114343,1,0.08436551595880999,0,0.9595303454461447,10,0.0018416767738167767,-0.004168926788412844,-0.020279640222163137,-0.03152788556216215,-0.00010344,-0.00015344,0.0,0.0,0.5,0,0,0,0,0
c_2654,TAOUSDT,1761274800000,0,train,control,,0.772699688481053,0.823745223443312,0,-0.010389649719188362,1,0.8498095963442497,3,-0.0001809383280755671,-0.001998161593508606,0.004916403095097625,0.0233848937360426,5e-05,4.7210000000000004e-05,0.0,0.0,0.5,0,0,0,0,0
c_2655,TAOUSDT,1714608000000,0,train,control,,,,0,0.14012487684683278,0,0.9702006168905657,0,0.007772490878514378,-0.001628466053303122,0.011617568635146206,,1.56e-05,-3.44e-05,0.0,0.0,0.5,0,0,0,0,0
c_2656,TAOUSDT,1727802000000,0,train,control,,3.4784859548113736,4.924384848061795,4,-0.03400515254157455,0,0.8833187744669837,17,-0.0028204644982416944,-0.02493932190277423,0.007774405647491321,0.015539777282614645,5e-05,0.0,0.0,0.0,0.5,0,0,0,0,0
c_2657,TAOUSDT,1739613600000,0,train,control,,0.7235641418032766,0.5953663868017778,0,-0.0037992838975459495,0,0.878765697554727,10,0.0004749901770390252,0.00020283801856077957,-0.014472131947632822,-0.048614404592388506,5e-05,0.0,0.0,0.0,0.5,0,0,0,0,0
c_2658,TAOUSDT,1749171600000,0,train,control,,0.943484432564539,1.3314901573757632,1,0.1697125946845725,0,0.8136797285912704,1,0.0037788812382587,-0.0005158726051600765,-0.013668316928485236,0.0009693927021090579,2.44e-06,4.78e-06,0.0,0.0,0.5,0,0,0,0,0
c_2659,TAOUSDT,1761714000000,0,train,control,,1.2412603098855541,1.2310706516788366,0,0.0361238277583723,0,0.9410345577048468,5,0.0026320563117777406,0.004166744029952174,-0.003026130329654037,0.14446205868392942,1.514e-05,-3.486e-05,0.0,0.0,0.5,0,0,0,0,0
c_2660,TAOUSDT,1714608000000,0,train,control,,,,0,0.14012487684683278,0,0.9702006168905657,0,0.007772490878514378,-0.001628466053303122,0.011617568635146206,,1.56e-05,-3.44e-05,0.0,0.0,0.5,0,0,0,0,0
c_2661,TAOUSDT,1725634800000,0,train,control,,3.310874307723664,2.8191903744521687,3,0.0044010807834443015,1,0.8154475703324808,15,-0.020839858466505604,-0.007752369641621234,-0.005811414581446104,-0.183093713226488,1.383e-05,-3.617e-05,0.0,0.0,0.5,0,0,0,0,0
c_2662,TAOUSDT,1735765200000,0,train,control,,1.2130806742068563,1.0418050974374995,0,0.008229546952767598,0,0.9424755120213713,21,0.0016403821498518379,0.005184840212778283,0.007728897316818958,-0.20426381445404465,5e-05,0.0,0.0,0.0,0.5,0,0,0,0,0
c_2663,TAOUSDT,1749528000000,0,train,control,,1.1867934242426783,1.2280857491279977,0,-0.00030646879542769664,1,0.9993712742175858,4,-0.0007545035284672,0.01394419681525681,0.036912945947905465,-0.09973762242087907,5e-05,0.0,0.0,0.0,0.5,0,0,0,0,0
c_2664,TAOUSDT,1761714000000,0,train,control,,1.2412603098855541,1.2310706516788366,0,0.0361238277583723,0,0.9410345577048468,5,0.0026320563117777406,0.004166744029952174,-0.003026130329654037,0.14446205868392942,1.514e-05,-3.486e-05,0.0,0.0,0.5,0,0,0,0,0
c_2665,TAOUSDT,1714608000000,0,train,control,,,,0,0.14012487684683278,0,0.9702006168905657,0,0.007772490878514378,-0.001628466053303122,0.011617568635146206,,1.56e-05,-3.44e-05,0.0,0.0,0.5,0,0,0,0,0
c_2666,TAOUSDT,1729162800000,0,train,control,,0.8139731680778293,1.1250916001605136,0,0.016532551135723696,1,0.8528890256590613,11,0.00019501360629270602,-0.00485632334353853,-0.004847233502372276,-0.021398681627860433,5e-05,0.0,0.0,0.0,0.5,0,0,0,0,0
c_2667,TAOUSDT,1740214800000,0,train,control,,0.8373929838970156,0.6995752270528324,0,-0.0792738421531243,1,0.8615577280439526,9,-0.0006930467770207415,0.0016604678948708674,0.008457647745948316,0.49089579216715434,1.863e-05,-3.1370000000000006e-05,0.0,0.0,0.5,0,0,0,0,0
c_2668,TAOUSDT,1751464800000,0,train,control,,1.5699052254886463,1.1151490685404426,0,0.007504071578595846,0,0.9166381766381767,14,0.00364193338308494,0.013528721507721539,0.02700751567281224,0.08833323593559811,5e-05,0.0,0.0,0.0,0.5,0,0,0,0,0
c_2669,TAOUSDT,1761714000000,0,train,control,,1.2412603098855541,1.2310706516788366,0,0.0361238277583723,0,0.9410345577048468,5,0.0026320563117777406,0.004166744029952174,-0.003026130329654037,0.14446205868392942,1.514e-05,-3.486e-05,0.0,0.0,0.5,0,0,0,0,0
c_2670,TAOUSDT,1715824800000,0,train,control,,1.2715913422090703,1.48313634345395,0,-0.20440012010389436,0,0.9348070896983941,2,-0.0013670157123545053,-0.002372750937765536,-0.014432201157013583,0.10919469863931752,5e-05,0.0,0.0,0.0,0.5,0,0,0,0,0
c_2671,TAOUSDT,1727488800000,0,train,control,,0.9034897809932718,1.0970596198498965,0,0.019248437117961245,1,0.9032721202003338,2,0.001258419188691444,-0.0028836491277843468,-0.011301703925635618,-0.02878716181291307,5e-05,0.0,0.0,0.0,0.5,0,0,0,0,0
c_2672,TAOUSDT,1738339200000,0,train,control,,1.8344772882720954,1.3932701145141062,0,-0.02662048783507678,1,0.9473557208928213,16,0.009573067068936618,0.008038284031630183,-0.00954591194214987,-0.15590385778648788,5e-05,0.0,0.0,0.0,0.5,0,0,0,0,0
c_2673,TAOUSDT,1748714400000,0,train,control,,1.6939173676493287,2.266070141623807,3,-0.09732895996963567,0,0.8925095585679527,18,-0.001227588372957024,-0.004688709473133046,0.048221737741698474,0.13684479042012904,-7.134e-05,-0.0001069,0.0,0.0,0.5,0,0,0,0,0
c_2674,TAOUSDT,1761714000000,0,train,control,,1.2412603098855541,1.2310706516788366,0,0.0361238277583723,0,0.9410345577048468,5,0.0026320563117777406,0.004166744029952174,-0.003026130329654037,0.14446205868392942,1.514e-05,-3.486e-05,0.0,0.0,0.5,0,0,0,0,0
c_2675,TAOUSDT,1715961600000,0,train,control,,2.6529536541203855,1.423567869155124,1,0.0016930826208219345,0,0.9785883631334584,16,0.005870196771391775,-0.0011787502249933635,0.0315366410609348,0.09139323036467752,5e-05,0.0,0.0,0.0,0.5,0,0,0,0,0
c_2676,TAOUSDT,1725933600000,0,train,control,,0.9271991334587536,1.2071818081170427,0,-0.06203380577930257,0,0.964814492248737,2,-0.0012924820044709789,0.0023521544205122188,-0.023589822656906706,-0.08037446867224211,5e-05,0.0,0.0,0.0,0.5,0,0,0,0,0
c_2677,TAOUSDT,1737579600000,0,train,control,,0.8799670140970924,1.0406309987619211,0,0.002522877574678493,1,0.8298104514408114,21,-0.003092734225621415,0.00043008496745775265,0.00198946621518232,0.07898982476704004,5e-05,0.0,0.0,0.0,0.5,0,0,0,0,0
c_2678,TAOUSDT,1750114800000,0,train,control,,3.1843997375729143,1.449853667229497,1,-0.10361719865650736,0,0.8449252148803212,23,-0.007608492231556928,-0.05685780823915656,-0.06040176964651128,0.05817087347559029,5e-05,0.0,0.0,0.0,0.5,0,0,0,0,0
c_2679,TAOUSDT,1761714000000,0,train,control,,1.2412603098855541,1.2310706516788366,0,0.0361238277583723,0,0.9410345577048468,5,0.0026320563117777406,0.004166744029952174,-0.003026130329654037,0.14446205868392942,1.514e-05,-3.486e-05,0.0,0.0,0.5,0,0,0,0,0
c_2680,TAOUSDT,1716652800000,0,train,control,,0.6412081417539582,0.6816016188648308,0,0.054609873926156766,0,0.8839243931717837,16,-0.001196551729133011,0.002890914672831533,0.0028889732572491347,-0.11091183320699885,9.452e-05,4.4519999999999994e-05,0.0,0.0,0.5,0,0,0,0,0
c_2681,TAOUSDT,1729162800000,0,train,control,,0.8139731680778293,1.1250916001605136,0,0.016532551135723696,1,0.8528890256590613,11,0.00019501360629270602,-0.00485632334353853,-0.004847233502372276,-0.021398681627860433,5e-05,0.0,0.0,0.0,0.5,0,0,0,0,0
c_2682,TAOUSDT,1738202400000,0,train,control,,1.2303544751335471,1.3802434918633637,0,0.0767501438015342,0,0.9155238286748442,2,0.002342796525813475,-0.002696785616516173,-0.061153417030959605,-0.15892899734193627,5e-05,0.0,0.0,0.0,0.5,0,0,0,0,0
c_2683,TAOUSDT,1751857200000,0,train,control,,0.7648899503919825,0.7772186863757944,0,0.02558285737500669,0,0.9508698035369126,3,0.003139511407227996,-0.0017002062202583887,-0.009378699327716202,0.1037495430797275,5e-05,9.185000000000001e-05,0.0,0.0,0.5,0,0,0,0,0
c_2684,TAOUSDT,1761714000000,0,train,control,,1.2412603098855541,1.2310706516788366,0,0.0361238277583723,0,0.9410345577048468,5,0.0026320563117777406,0.004166744029952174,-0.003026130329654037,0.14446205868392942,1.514e-05,-3.486e-05,0.0,0.0,0.5,0,0,0,0,0
c_2685,TAOUSDT,1714896000000,0,train,control,,,,0,0.19623320114897186,0,0.9382066733385858,8,0.005558449759254851,-0.002130391194902941,0.007899278497299772,,5e-05,0.0,0.0,0.0,0.5,0,0,0,0,0
c_2686,TAOUSDT,1725584400000,0,train,control,,0.9427490713787791,0.6747252473820725,0,0.049151792234530006,0,0.8139130434782609,1,2.137296355739381e-05,0.0022315536958257814,0.029535153517681875,-0.15625938301336462,-1.937e-05,-6.937e-05,0.0,0.0,0.5,0,0,0,0,0
c_2687,TAOUSDT,1739887200000,0,train,control,,0.75578645420967,0.8431279988472778,0,-0.03221640672595861,1,0.8646799737606597,14,0.00040871509541888523,-0.012848810537404406,-0.01444504335936584,-0.03651753119578495,5e-05,0.0,0.0,0.0,0.5,0,0,0,0,0
c_2688,TAOUSDT,1751832000000,0,train,control,,0.5794991799636025,0.6891543631240434,0,-0.18819906668692798,1,0.9275498575498575,20,0.0006437689072530335,-0.004015898109454379,0.005571815718414199,0.10850192797697943,-4.185e-05,1.934e-05,0.0,0.0,0.5,0,0,0,0,0
c_2689,TAOUSDT,1759276800000,0,train,control,,0.5396137647167049,0.8206320385984676,0,0.1719952275854204,0,0.9563542193026782,0,0.0009255080196060948,-0.0008242913916965188,-0.0024007008068825018,-0.16072001020537413,-2.593e-05,-5.7860000000000005e-05,0.0,0.0,0.5,0,0,0,0,0
c_2690,TAOUSDT,1762149600000,0,test,control,,1.404990266871293,1.839504473374645,1,-0.04233547877210884,0,0.8726446587537091,6,-0.002660329105613941,-0.004063191932194144,-0.019176155571026077,0.03268671787267406,5e-05,0.0,0.0,0.0,0.5,0,0,0,0,0
c_2691,TAOUSDT,1766379600000,0,test,control,,0.576120195540565,0.7622488365763324,0,-0.10590758273015478,1,0.7750155590899661,5,0.0015327829590600433,0.00553073931748603,-0.016232976814348783,0.04583716440980029,-6.408e-05,-0.00011407999999999999,0.0,0.0,0.5,0,0,0,0,0
c_2692,TAOUSDT,1770548400000,0,test,control,,0.9195807445481199,1.2025787738335034,0,-0.02565297268093899,0,0.7943862022319919,11,0.0023449051476591323,-0.0048966516844437865,0.05056710499283237,0.05215296746436207,-3.65e-05,-6.619e-05,0.0,0.0,0.5,0,0,0,0,0
c_2693,TAOUSDT,1775080800000,0,test,control,,0.6363420180130585,1.1570893336616135,0,-0.006480602881359243,1,0.8641388888888888,22,0.0024193146106648517,-0.010850001901142426,-0.0383945517255496,0.10926841668253509,-1.941e-05,-6.941e-05,0.0,0.0,0.5,0,0,0,0,0
c_2694,TAOUSDT,1779480000000,0,test,control,,3.8366048091317517,2.4945600915407216,2,0.007690035393038081,1,0.9256122448979591,20,-0.008777938419788073,-0.07797807966550664,-0.0993066336735815,-0.057012853717663056,5e-05,0.0,0.0,0.0,0.5,0,0,0,0,0
c_2695,TAOUSDT,1762614000000,0,test,control,,1.3024528407411493,0.8082193212494365,0,-0.12264589115032412,1,0.7262322068364482,15,0.0002682812019391219,-0.0012628882026732896,0.008795917594827445,0.061429649278220574,2.816e-05,-2.184e-05,0.0,0.0,0.5,0,0,0,0,0
c_2696,TAOUSDT,1766066400000,0,test,control,,2.433788000488276,1.2806566299936348,1,0.09536440776184037,0,0.7746290122246192,14,0.018217008044469348,-0.011752997508091157,-0.0006581174889683921,0.054678357583863,5e-05,0.0,0.0,0.0,0.5,0,0,0,0,0
c_2697,TAOUSDT,1770390000000,0,test,control,,4.2044989725882695,1.978367197641912,1,0.04326409474037262,0,0.7833409610983981,15,0.012994445179405867,0.07819578156213898,0.0685394739065062,0.13691026555250224,-0.00017498,9.510000000000001e-05,0.0,0.0,0.5,0,0,0,0,0
c_2698,TAOUSDT,1776445200000,0,test,control,,2.301758953651176,1.7763314182907284,1,-0.00336707904932984,1,0.9432767879369821,17,0.0008863309500594155,0.015806107453664352,0.054324503089781886,0.23271374893645594,-0.00021657,-0.0001453,3793.46243,35.43616,0.9907450774244715,0,0,0,0,0
c_2699,TAOUSDT,1779814800000,0,test,control,,2.393025455764243,2.439159525886144,3,0.1059406008806862,0,0.9830272108843537,17,0.0007374650554015228,-0.005312632275815239,-0.007701705876396969,-0.11633123890977147,1.8e-07,-4.38e-05,0.0,0.0,0.5,0,0,0,0,0
c_2700,TAOUSDT,1762149600000,0,test,control,,1.404990266871293,1.839504473374645,1,-0.04233547877210884,0,0.8726446587537091,6,-0.002660329105613941,-0.004063191932194144,-0.019176155571026077,0.03268671787267406,5e-05,0.0,0.0,0.0,0.5,0,0,0,0,0
c_2701,TAOUSDT,1766736000000,0,test,control,,1.1104898752725867,0.9866583184951961,0,-0.060786382979101675,0,0.941376380628717,8,-0.007318852781051805,-0.0062343131006949324,-0.009096914460015496,0.13688252782374694,5e-05,4.295e-05,0.0,0.0,0.5,0,0,0,0,0
c_2702,TAOUSDT,1769857200000,0,test,control,,0.7536484977368898,1.4765662087955749,1,-0.10342213154216395,0,0.8650309278350516,11,0.0005488996127608479,0.01357205943033154,0.014923175332581572,-0.07843055087583424,-9.071e-05,-4.198e-05,0.0,0.0,0.5,0,0,0,0,0
c_2703,TAOUSDT,1775808000000,0,test,control,,2.7628380647142903,5.712179917861227,4,-0.016165180001200957,0,0.748091385597083,8,-0.004414995660236321,0.006793796976672128,0.1157505549134873,-0.027374741603338283,1.5e-07,0.00010911,0.0,0.0,0.5,0,0,0,0,0
c_2704,TAOUSDT,1779688800000,0,test,control,,0.7839756476502908,0.809716230227901,0,0.1450507994602637,0,0.9405102040816327,6,0.0001680520185632845,-0.006953301002437182,-0.00041504784914511835,-0.09589080567674704,5e-05,4.486e-05,705.05411,0.0,1.0,0,0,0,0,0
c_2705,TAOUSDT,1762297200000,0,test,control,,3.2018115710129313,3.6220817507700955,3,0.011026547455731561,0,0.7447143916913946,23,0.009834044882975675,-0.0012576661384246146,-0.012389272718334022,-0.018637502321166514,-9.88e-06,-5.988e-05,0.0,0.0,0.5,0,0,0,0,0
c_2706,TAOUSDT,1766700000000,0,test,control,,0.7837058783572044,0.7956494710220561,0,0.04687456144136152,1,0.9504672897196261,22,0.00019693846071536372,-0.0017567415206684593,-0.0045680329533986045,0.14244306838769075,7.05e-06,-4.295e-05,0.0,0.0,0.5,0,0,0,0,0
c_2707,TAOUSDT,1771365600000,0,test,control,,0.8436448747217287,1.6754889573191014,1,0.19083314043294633,0,0.9009414274451607,22,-0.0011355699187677475,-0.0015118177044136296,0.007151040554835456,-0.03667817187361818,-2.716e-05,5.6489999999999996e-05,0.0,0.0,0.5,0,0,0,0,0
c_2708,TAOUSDT,1775473200000,0,test,control,,1.5727414146464453,1.1938551167029727,0,-0.018892179715538592,1,0.9852121212121212,11,0.0005710235669174041,0.021673208905217595,0.03915846403112874,0.1427120742292929,5e-05,2.0560000000000003e-05,0.0,0.0,0.5,0,0,0,0,0
c_2709,TAOUSDT,1779768000000,0,test,control,,0.9428980849332501,1.9403813589614587,2,0.01477236651231968,0,0.942108843537415,4,-2.218432038330708e-05,-0.009785502586888593,0.0151728232915034,-0.12547403392485323,4.802e-05,1.5409999999999996e-05,0.0,380.57752,0.0,0,0,0,0,0
c_2710,TAOUSDT,1715878800000,0,train,control,,2.001401693280092,2.297745869547348,3,0.034885461506703644,0,0.9458480219349784,17,-0.010120045410265465,-0.0004201078806909417,-0.031045655658876094,0.18612511570323081,5e-05,0.0,0.0,0.0,0.5,0,0,0,0,0
c_2711,TAOUSDT,1726261200000,0,train,control,,1.3091399210729895,2.01588640173154,1,-0.027353379802131636,0,0.9836778421981346,21,0.0015392835547903116,0.002100996473318499,0.033318068699937836,-0.055857181380695745,5e-05,0.0,0.0,0.0,0.5,0,0,0,0,0
c_2712,TAOUSDT,1739170800000,0,train,control,,1.7507382668551448,1.5680064121989914,0,0.03712519227255569,0,0.9041339141964201,7,0.0014054502183963261,0.005951819198334563,0.03930137200553374,0.0033688499869772596,5e-05,0.0,0.0,0.0,0.5,0,0,0,0,0
c_2713,TAOUSDT,1751313600000,0,train,control,,0.7989056707864659,0.7850932268321146,0,0.02932457438578709,0,0.9394655817022213,20,0.0046515099215419745,-0.007847094967177046,0.00452977642262862,0.004783139743065372,-3.91e-05,-8.91e-05,0.0,0.0,0.5,0,0,0,0,0
c_2714,TAOUSDT,1761714000000,0,train,control,,1.2412603098855541,1.2310706516788366,0,0.0361238277583723,0,0.9410345577048468,5,0.0026320563117777406,0.004166744029952174,-0.003026130329654037,0.14446205868392942,1.514e-05,-3.486e-05,0.0,0.0,0.5,0,0,0,0,0
c_2715,TAOUSDT,1714608000000,0,train,control,,,,0,0.14012487684683278,0,0.9702006168905657,0,0.007772490878514378,-0.001628466053303122,0.011617568635146206,,1.56e-05,-3.44e-05,0.0,0.0,0.5,0,0,0,0,0
c_2716,TAOUSDT,1726329600000,0,train,control,,0.5371014440887668,0.7873505832265202,0,0.0879865310739174,0,0.961305332761893,16,-0.0007330839623271902,0.008409552208449259,0.005069443755032752,-0.04364983981849651,5e-05,0.0,0.0,0.0,0.5,0,0,0,0,0
c_2717,TAOUSDT,1740110400000,0,train,control,,0.7471332612924563,1.2166553360770291,1,-0.033447794013129174,1,0.9672200486412181,4,0.0004191097741294633,0.0012054241838389231,-0.009612656694818696,-0.029699946715507235,5e-05,2.1750000000000004e-05,0.0,0.0,0.5,0,0,0,0,0
c_2718,TAOUSDT,1748340000000,0,train,control,,0.6654170053538495,1.055892071627759,0,-0.08114175570593865,0,0.9308995815899582,10,0.001251239155395304,-0.009851156671188067,-0.02112379451621757,0.35556416482385045,3.449e-05,9.329999999999997e-06,0.0,0.0,0.5,0,0,0,0,0
c_2719,TAOUSDT,1759071600000,0,train,control,,0.6595094360371954,1.0574947095401614,0,-0.007965510012082223,1,0.8592947322594688,15,0.0020103868466128942,-0.0018215602178900826,0.003264409139147125,-0.010756631016295495,3.803e-05,6.757e-05,0.0,0.0,0.5,0,0,0,0,0
p_544,TONUSDT,1715259600000,1,train,main,18.8952,1.3286981266432634,1.7498474435004294,1,0.04874923686938064,0,0.9734709985020052,13,0.007337014402044843,-0.0007134380919005098,-0.023411583535084393,0.08242058234879325,5e-05,0.0,0.0,0.0,0.5,0,0,0,0,0
p_545,TONUSDT,1723053600000,1,train,main,18.2973,2.475717799503716,3.604975183802165,3,-0.13767497138091084,0,0.7837833914053426,18,-0.009866503621283126,-0.003878936137229513,6.06072999685576e-05,0.2705362795832361,-6.584e-05,-0.00011584,0.0,0.0,0.5,0,1,0,0,0
p_546,TONUSDT,1732312800000,1,train,main,20.6281,1.853832859268372,1.2391423139801816,0,-0.1428699112722494,0,0.9428336417849064,22,0.0010273482317311345,0.007235004560609874,0.005336839526616826,0.018009284521483843,5e-05,-2.8120000000000002e-05,0.0,0.0,0.5,0,1,1,0,0
p_547,TONUSDT,1738548000000,1,train,main,24.683,27.73336049531069,15.012280234491856,4,-0.08487957692741593,0,0.6723274937432964,2,-0.031682088558911886,-0.056418796026564334,-0.06846825539015804,0.22676155538517398,-0.00011257,4.347e-05,0.0,0.0,0.5,0,0,0,0,0
p_548,TONUSDT,1742000400000,1,train,main,23.1057,0.6680187506624782,0.8974722513458977,0,0.10545470074536849,0,0.9751590023642237,1,0.0036478523894505,-0.00295707641705352,-0.011640639476330355,-0.07461985255302041,5e-05,1.824e-05,0.0,0.0,0.5,0,0,0,0,0
p_549,TONUSDT,1748412000000,1,train,main,19.3303,0.4578603950367506,0.6467344714608031,0,-0.2753775614176619,0,0.9295669719074966,6,-1.0097718374687964e-05,0.001822378015112054,-0.0035254825365601994,0.07163416945831834,5e-05,0.0,0.0,0.0,0.5,0,0,0,0,0
p_550,TONUSDT,1760133600000,1,train,main,17.3214,101.0665283117189,30.814446893849162,3,-0.1028150273195718,0,0.6843953140751556,22,-0.008269847107655074,-0.30229367887367214,-0.350757073265219,0.9057106756107187,-9.921e-05,-0.00014921,0.0,0.0,0.5,0,0,0,0,0
p_551,TONUSDT,1775844000000,1,test,main,16.6783,1.127710798320554,1.634706136097534,1,0.12077417825494792,0,0.9725070251386041,18,0.0017257449899936148,-0.0013316951621910598,0.004654746638711302,0.04018073209661234,-1.141e-05,-6.141e-05,0.0,0.0,0.5,0,1,0,0,0
p_552,TONUSDT,1777899600000,1,test,main,36.9358,1.4188150723302613,2.0803724409034245,1,-0.21277651322655367,1,0.9872584108804581,13,0.0007948853066848562,0.0032069480344402907,-0.013737864887111356,0.1563598071108886,-1.894e-05,-6.894e-05,0.0,0.0,0.5,0,0,0,0,0
p_553,TONUSDT,1778155200000,1,test,main,16.2502,41.59168051518239,37.639840368117454,4,-0.06140407194661543,0,0.8415984593163216,12,0.00034529702970289823,1.634433586994591e-05,-0.024442267251017304,0.013248875805777785,5e-05,4.1320000000000004e-05,20777.651260000006,472262.9267099999,0.04214186861768661,1,0,0,0,0
p_554,TONUSDT,1779706800000,1,test,main,15.977,0.4897781317563365,1.1748309921608002,1,-0.07981075434933006,1,0.8606682577565631,11,-0.000838006832978792,0.010617197364572997,0.02002661079524414,-0.1952055631231313,-9.558e-05,4.439e-05,0.0,0.0,0.5,0,0,0,0,0
c_2720,TONUSDT,1716350400000,0,train,control,,0.491336529855235,0.5168080205145411,0,-0.1358461849806916,0,0.8779665286018136,4,-0.0005710859198766455,-0.0009116687102349542,-0.002104959176731837,0.13445112288119648,5e-05,0.0,0.0,0.0,0.5,0,0,0,0,0
c_2721,TONUSDT,1726275600000,0,train,control,,0.6049829467873848,0.8234963853463809,0,-0.01963169911258273,1,0.9876973270573841,1,-0.0014440206298112622,0.0005410151447323012,-0.0047392543486273475,0.1647893386659997,2.011e-05,0.00015416,0.0,0.0,0.5,0,0,0,0,0
c_2722,TONUSDT,1735974000000,0,train,control,,0.3028759725403574,0.3305447196403249,0,-0.05769169636970652,1,0.9833840194362798,7,2.65069993769965e-05,0.0004534068960132199,0.003050650383820652,0.1969262294663237,5e-05,0.0,0.0,0.0,0.5,0,0,0,0,0
c_2723,TONUSDT,1749254400000,0,train,control,,0.5130294840932738,0.5525467620340228,0,-0.15550185837076336,0,0.9669489965015651,0,-0.0017782978711179058,-0.0007357441023699234,0.005021551811676624,-0.021417113142872646,5e-05,0.0,0.0,0.0,0.5,0,0,0,0,0
c_2724,TONUSDT,1761868800000,0,train,control,,0.9432688259340662,1.6344712560398191,2,0.1038737395543597,0,0.9267033723331037,0,0.0037530583995542587,0.005145978672763641,0.010789984087182979,-0.07160409155603156,-5.945e-05,0.00013044,0.0,0.0,0.5,0,0,0,0,0
c_2725,TONUSDT,1714608000000,0,train,control,,,,0,0.04466378287997859,0,0.9422007722007723,0,0.007772490878514378,0.001898185804493137,0.001497145090907265,,5e-05,0.0,0.0,0.0,0.5,0,0,0,0,0
c_2726,TONUSDT,1728266400000,0,train,control,,0.9009966574001403,0.7745748121140084,0,0.05433213748262976,0,0.9149189907491014,2,0.00231900816837631,0.00026083383049577016,-0.004008148962459281,0.07653073032177532,5e-05,0.0,0.0,0.0,0.5,0,0,0,0,0
c_2727,TONUSDT,1739678400000,0,train,control,,0.6334409456035097,0.48089039484869645,0,-0.19102243503049524,1,0.9587772351140016,4,0.0003098239850955898,-0.0013740752193595997,-0.009257785511417607,0.01916423863010675,-2.312e-05,2.033e-05,0.0,0.0,0.5,0,0,0,0,0
c_2728,TONUSDT,1749153600000,0,train,control,,7.824359938263042,3.4899820551555196,2,-0.22517982468048206,0,0.9014731092192811,20,-0.01046139918542903,0.011357185880987783,0.0007131482012957114,0.1854910436602652,4.056e-05,-9.440000000000004e-06,0.0,0.0,0.5,0,0,0,0,0
c_2729,TONUSDT,1761868800000,0,train,control,,0.9432688259340662,1.6344712560398191,2,0.1038737395543597,0,0.9267033723331037,0,0.0037530583995542587,0.005145978672763641,0.010789984087182979,-0.07160409155603156,-5.945e-05,0.00013044,0.0,0.0,0.5,0,0,0,0,0
c_2730,TONUSDT,1716044400000,0,train,control,,1.4942804975089077,1.0460891053354486,0,0.0854026001545747,0,0.8625369127516779,15,-0.0011057676481413556,-0.002720532497329979,0.004264537362895257,0.03509731138468011,5e-05,0.0,0.0,0.0,0.5,0,0,0,0,0
c_2731,TONUSDT,1725292800000,0,train,control,,2.2581869139753983,2.1930438375218935,2,0.08751167612377501,0,0.8601085594989561,16,-0.0012256784761983295,-0.002107421729328518,0.008978501086176465,0.2125856577252378,-1.451e-05,-5.4120000000000004e-05,0.0,0.0,0.5,0,0,0,0,0
c_2732,TONUSDT,1739260800000,0,train,control,,0.8363021223829079,1.148158194323749,0,0.1324300971656802,1,0.9707536275543505,8,-0.001503369621565519,0.005091690210029949,0.007107391078229009,0.07428267072841581,5e-05,0.0,0.0,0.0,0.5,0,0,0,0,0
c_2733,TONUSDT,1750381200000,0,train,control,,0.7339659669719674,0.5904892806499128,0,0.1774094506514425,0,0.9640623480994199,1,0.0003900308870046905,-0.00483803818247386,-0.008266570680211879,-0.06201493950309332,3.374e-05,2.257e-05,0.0,0.0,0.5,0,0,0,0,0
c_2734,TONUSDT,1761868800000,0,train,control,,0.9432688259340662,1.6344712560398191,2,0.1038737395543597,0,0.9267033723331037,0,0.0037530583995542587,0.005145978672763641,0.010789984087182979,-0.07160409155603156,-5.945e-05,0.00013044,0.0,0.0,0.5,0,0,0,0,0
c_2735,TONUSDT,1716170400000,0,train,control,,0.7542403928417344,0.6182424146643487,0,-0.09984645219121106,0,0.8428993288590604,2,0.0009799951527122357,-0.0006087585407808933,-0.017453521832760666,0.020355404737857033,5e-05,0.0,0.0,0.0,0.5,0,0,0,0,0
c_2736,TONUSDT,1725350400000,0,train,control,,0.8211238541948775,0.6875330128248222,0,0.1514175123760292,0,0.8848434237995825,8,0.0035315041081975646,0.0003027245051761865,-0.001435881721627568,0.24114111105657748,5e-05,0.0,0.0,0.0,0.5,0,0,0,0,0
c_2737,TONUSDT,1738854000000,0,train,control,,1.7150833893227688,1.3531985533544386,0,-0.05494892472639222,0,0.7710704538562619,15,-0.007775697900338301,-0.005240918952781243,0.014244636069597885,0.25299492750785946,-7.038e-05,-1.6260000000000004e-05,0.0,0.0,0.5,0,0,0,0,0
c_2738,TONUSDT,1751364000000,0,train,control,,1.3960294725648608,1.0274157346878778,0,0.18392240460865228,1,0.9560980544222275,10,-0.001532822080138001,0.006638459667985839,0.022819664767346336,0.07711389033151819,5e-05,0.0,0.0,0.0,0.5,0,0,0,0,0
c_2739,TONUSDT,1760626800000,0,train,control,,3.004279117867577,1.9824663167782688,2,-0.08252518092077318,1,0.825554788798896,15,-0.002958625277201914,0.0008212732485024642,-0.00214637107750178,0.8588924529614148,5e-05,5.683e-05,0.0,0.0,0.5,0,0,0,0,0
c_2740,TONUSDT,1716742800000,0,train,control,,0.5284356023001804,0.529376399887341,0,-0.023426910377843262,1,0.9372790732214467,17,-0.0007158975729184937,0.0025405358087644938,0.0014347927139810898,0.14717149940717694,0.00021198,-3.981999999999998e-05,0.0,0.0,0.5,0,0,0,0,0
c_2741,TONUSDT,1726048800000,0,train,control,,0.9987053017614439,1.186602681890833,0,0.05497023577192609,0,0.9449820143884893,10,0.0049475706523378375,-0.00317452528949406,-0.002460136972228837,0.11968729542610096,5e-05,0.0,0.0,0.0,0.5,0,0,0,0,0
c_2742,TONUSDT,1739617200000,0,train,control,,1.2342130006726377,0.9909395438996988,0,0.04908414877768313,0,0.9597135410076675,11,0.0009115891798773013,-0.0013022050414356371,-0.014625275136227555,0.04372624825715808,4.03e-06,-3.5799999999999996e-06,0.0,0.0,0.5,0,0,0,0,0
c_2743,TONUSDT,1749042000000,0,train,control,,0.9265337349474463,0.8855262745766783,0,-0.010002285031996983,0,0.8569111405477008,13,-0.0005331094273738363,0.0003300168164059702,0.00812644441425115,0.22736904364944166,5e-05,0.0,0.0,0.0,0.5,0,0,0,0,0
c_2744,TONUSDT,1759813200000,0,train,control,,0.9732986673868915,0.7685209230316272,0,0.0460562060493548,0,0.9891236361109179,5,0.0013848019395274118,0.001870577941507402,0.0019869166796871868,0.13698031187969578,5e-05,0.0,0.0,0.0,0.5,0,0,0,0,0
c_2745,TONUSDT,1716674400000,0,train,control,,0.1628786668663616,0.4541495340826192,0,0.04919065949071075,0,0.9507351849101441,22,0.0006799758680904685,6.135468424851818e-05,0.0007860160427443028,0.12461635388853157,0.00015113,1.3429999999999985e-05,0.0,0.0,0.5,0,0,0,0,0
c_2746,TONUSDT,1725944400000,0,train,control,,1.0918579395298023,0.9944162813755064,0,-0.026302915824179995,1,0.9953387431590865,5,0.0014831832156049797,0.006114958500234279,0.004629196192904274,0.34340599764134927,5e-05,0.0,0.0,0.0,0.5,0,0,0,0,0
c_2747,TONUSDT,1736550000000,0,train,control,,0.7280382110611656,0.6748344037401989,0,-0.08397729718325483,1,0.9231416309012875,23,0.0015499646870254557,-0.0018915851785722458,-0.00380937702870386,0.06365717475330465,5e-05,0.0,0.0,0.0,0.5,0,0,0,0,0
c_2748,TONUSDT,1748224800000,0,train,control,,1.4658974686361899,1.116141771335051,0,-0.23164416984063566,0,0.9278596926897409,2,0.0,0.010080549153988951,0.012386187997231396,0.04996167777712714,5e-05,0.00013279,0.0,0.0,0.5,0,0,0,0,0
c_2749,TONUSDT,1759255200000,0,train,control,,1.879434385820963,1.840617205350442,1,-0.19409889295580524,0,0.9206772992341741,18,0.003547916374848598,0.0030831364632307573,0.0072764655828959635,0.21845010381095967,6.33e-06,-1.021e-05,0.0,0.0,0.5,0,0,0,0,0
c_2750,TONUSDT,1716303600000,0,train,control,,1.4883536273423101,1.8623795777665548,2,-0.020703840170955376,1,0.8980745550207098,15,-0.005322636142101134,-0.004846783875412693,-0.004789801813432073,0.12438632601124341,5e-05,0.0,0.0,0.0,0.5,0,0,0,0,0
c_2751,TONUSDT,1727388000000,0,train,control,,0.42120784086825047,0.8858742013583815,0,0.07367899887381292,0,0.9759787076342564,22,0.005930489648332685,0.0021265560984513755,0.004997169435763584,-0.007502577813197957,-0.00024157,-0.00029157,0.0,0.0,0.5,0,0,0,0,0
c_2752,TONUSDT,1738130400000,0,train,control,,0.6416117760684127,0.7567945966246417,0,0.08979231170427553,1,0.9029852137756149,6,0.0025677617415270524,0.011369544373697138,0.0004067301050915973,-0.0881064776805916,5e-05,0.0,0.0,0.0,0.5,0,0,0,0,0
c_2753,TONUSDT,1748836800000,0,train,control,,1.2950141372903974,1.1022270903286675,0,-0.01020370940094311,0,0.8526938985158552,4,-0.0019535770653290197,-0.004159351218082338,-0.004753357789907223,0.15026946899018234,5e-05,0.0,0.0,0.0,0.5,0,0,0,0,0
c_2754,TONUSDT,1761505200000,0,train,control,,0.4833975961765204,0.6587638928925625,0,0.05835048407916993,1,0.9491474206777466,19,0.0012672281742654536,-0.002885300658327984,0.009727656840674913,0.05376013621541174,5e-05,5.9250000000000004e-05,0.0,0.0,0.5,0,0,0,0,0
c_2755,TONUSDT,1762725600000,0,test,control,,0.5138871666404266,0.589864418795714,0,-0.027667586664415038,0,0.9128198478561548,22,-0.000974322444315839,-0.0004927939553173944,-0.001634460394786824,-0.037669195220718335,5e-05,0.0,0.0,0.0,0.5,0,0,0,0,0
c_2756,TONUSDT,1766721600000,0,test,control,,1.0367416369721218,1.2138713026693821,0,-0.06058034526162958,0,0.9696834596522514,4,-0.0039887024154308245,0.00269363017776888,0.009723117320666427,0.09329108401570135,5e-05,7.944e-05,0.0,0.0,0.5,0,0,0,0,0
c_2757,TONUSDT,1770458400000,0,test,control,,1.9752851574485213,2.4821933895692605,2,-0.0016936359948191303,0,0.9411023180895022,10,-0.005128654586355322,0.005537720654381981,-0.00032475305928813,0.3376099500337799,-0.00011063,-9.311000000000001e-05,0.0,0.0,0.5,0,0,0,0,0
c_2758,TONUSDT,1774540800000,0,test,control,,0.7881536984696157,0.788919737325852,0,0.010028517519741407,1,0.9517982944011866,16,-0.005691856455210329,-0.0013400268100911311,-0.005879870283505978,0.009755410118236389,-2.115e-05,-3.276e-05,0.0,0.0,0.5,0,0,0,0,0
c_2759,TONUSDT,1779220800000,0,test,control,,1.2187208410499824,1.7655916515723307,2,-0.04972687138792389,0,0.8546608184644211,20,0.00020582511118467868,-0.005909572160523442,-0.020109914375605383,-0.13752564869929026,-6.528e-05,-2.8769999999999997e-05,7728.18809,73034.64926,0.09568990322254942,0,0,0,0,0
c_2760,TONUSDT,1761958800000,0,test,control,,1.3758466430077487,1.0875458121982688,0,0.12635254401820584,0,0.9863644184445972,1,0.0012085000269264957,-0.002836517935810964,-0.016441180483544218,-0.01043956759171926,2.413e-05,-2.587e-05,0.0,0.0,0.5,0,0,0,0,0
c_2761,TONUSDT,1765324800000,0,test,control,,0.5277966502291168,0.919910987912168,0,-0.01425595860416265,1,0.9843287995269072,0,-0.0020854877628404627,0.0008749463153291574,-0.0082895500822258,-0.047540559139067934,2.04e-05,2.641e-05,0.0,0.0,0.5,0,0,0,0,0
c_2762,TONUSDT,1770184800000,0,test,control,,0.9142078927025061,1.080505529067989,0,0.09291214943049957,1,0.899896734219698,6,-0.0025245918794474676,-0.003694505809683535,-0.005818408482766573,0.1411122036470509,4.681e-05,0.00016898,0.0,0.0,0.5,0,0,0,0,0
c_2763,TONUSDT,1774609200000,0,test,control,,2.3023565111820883,1.396145157040686,1,-0.19377024340186574,0,0.9127178346310715,11,-0.017671344042074207,-0.0033704182852232097,0.0024039412409686935,0.032283063378901064,-3.762e-05,-2.7490000000000003e-05,0.0,0.0,0.5,0,0,0,0,0
c_2764,TONUSDT,1779127200000,0,test,control,,2.774828540809552,5.118191375890555,4,0.2793140381415536,0,0.7754320150057868,18,0.0038466926691569734,0.003909922546648499,-0.0018580896703395116,-0.04219046467259933,-0.00018934,-0.00017208,0.0,0.0,0.5,0,0,0,0,0
c_2765,TONUSDT,1762707600000,0,test,control,,0.9637352261317407,1.3155998767127512,0,-0.030490838540176864,0,0.9214211618257262,17,0.0009545315178593811,-0.00170238924686514,-0.014029986706110028,-0.03525270438838943,5e-05,4.0470000000000004e-05,0.0,0.0,0.5,0,0,0,0,0
c_2766,TONUSDT,1766336400000,0,test,control,,0.7285136414163037,1.3821452409429993,0,0.11554242069220481,0,0.9241595978636508,17,0.0032388636371382786,0.0004901976812022701,-0.005251404265022239,-0.313840204944468,-3.179e-05,-8.179e-05,0.0,0.0,0.5,0,0,0,0,0
c_2767,TONUSDT,1769878800000,0,test,control,,5.590018773785755,5.3351079349345305,3,-0.004990080709826564,0,0.8561851350480243,17,-0.011661330452351973,0.0069673212965199885,-0.039809671223294325,0.09165848116533401,-0.00015089,-5.770999999999999e-05,0.0,0.0,0.5,0,0,0,0,0
c_2768,TONUSDT,1774926000000,0,test,control,,0.6085378078510989,0.8307817623584154,0,-0.15439545958540823,0,0.9134593993325918,3,0.00022976249038982773,0.0015613272494218863,-0.004890672884033854,0.025565404168466328,5.29e-06,5.379e-05,0.0,0.0,0.5,0,0,0,0,0
c_2769,TONUSDT,1778846400000,0,test,control,,3.702736939040772,3.1602795228691827,4,-0.014794359228589737,1,0.7790077900779007,12,-0.0010908626616305173,-0.010964101572958183,-0.01828805045755898,0.13187235701917185,-4.523e-05,-2.4869999999999997e-05,101.67138999999999,0.0,1.0,0,0,0,0,0
c_2770,TONUSDT,1762549200000,0,test,control,,1.6414001541815182,2.493738308541017,2,-0.03162973281199704,0,0.8868747617635847,21,0.0035645863570391307,-0.0026061549643409433,0.001135083774313221,0.029708651715061513,5e-05,0.0,0.0,0.0,0.5,0,0,0,0,0
c_2771,TONUSDT,1766527200000,0,test,control,,1.969513458236335,1.160406480560577,0,-0.1810961640468341,0,0.9413150022277387,22,0.00020986765791108886,0.001435306913524609,0.0002750301327590476,-0.08101365065933538,-1.506e-05,-6.506e-05,0.0,0.0,0.5,0,0,0,0,0
c_2772,TONUSDT,1770274800000,0,test,control,,1.5001935201672567,1.6669447486150204,0,0.0025152597892108483,0,0.9138170513922877,7,0.0030624557075545765,-0.0007209199206842702,-0.008495377474730418,0.1598112384767516,-2.69e-06,0.00014787,0.0,0.0,0.5,0,0,0,0,0
c_2773,TONUSDT,1774681200000,0,test,control,,1.1840928519021188,0.7909969067512729,0,0.03431741029991244,0,0.9199110122358175,7,0.0007268888553762192,0.0018430827982234138,-0.002887702195156666,0.17108817672361532,-2.33e-06,-3.3200000000000004e-06,0.0,0.0,0.5,0,0,0,0,0
c_2774,TONUSDT,1779451200000,0,test,control,,0.7559547829888033,1.1521806474696796,0,0.022433839156660113,0,0.9432597285923684,12,0.0014595895551357742,0.0011233795594358471,-0.01636264521075839,-0.21181553797310926,-7.91e-05,-0.0001291,0.0,0.0,0.5,0,0,0,0,0
p_555,UBUSDT,1761534000000,1,train,main,26.1204,0.8560381674188158,0.7501796599961882,0,0.0014670235870817717,0,0.9450247983026341,3,-0.0033562522457467256,-0.008739396457863844,-0.04127869246354433,-0.07115849362785572,0.00056105,-0.00019673,0.0,0.0,0.5,0,0,0,0,0
p_556,UBUSDT,1766282400000,1,test,main,18.358,1.1214743615282257,1.2042236255549297,0,0.3446355580172203,0,0.8628584129806623,2,-0.00423632898269254,-0.0034284149417801424,0.009690537741696524,0.0814289882668662,5e-05,0.0,0.0,0.0,0.5,0,1,0,0,0
p_557,UBUSDT,1767834000000,1,test,main,25.5032,68.58645278318521,48.09007149046079,4,-0.06405051947783491,0,0.8577951728636659,1,0.0003153468815697586,0.04449643485473474,0.010468257703661802,0.14335686529740208,0.00088097,0.00080661,0.0,0.0,0.5,0,0,0,0,0
p_558,UBUSDT,1770080400000,1,test,main,18.4063,1.3947086539729627,1.5716799775288213,1,-0.04930616596814797,0,0.7741444866920153,1,0.004302824284398206,-0.003272787178307774,0.026259418399898562,0.005127998221339077,5e-05,0.0,0.0,0.0,0.5,0,1,0,0,0
p_559,UBUSDT,1771776000000,1,test,main,15.5483,1.0023935368561374,1.089456635717955,0,-0.03028349419487698,0,0.6686171250243806,16,0.0035568027932321123,-0.0009472171107771113,-0.016444322136130077,0.08520315076190745,5e-05,0.0,0.0,0.0,0.5,0,1,0,0,0
p_560,UBUSDT,1771884000000,1,test,main,21.2231,2.923072083180591,1.9098863598493685,1,-0.24218934896445057,0,0.7033352837916911,22,0.001686686042091073,-0.012795616421878986,-0.036714068201542945,0.06834927985192091,5e-05,0.0,0.0,0.0,0.5,0,1,0,0,0
p_561,UBUSDT,1772074800000,1,test,main,18.6291,1.6898035020186342,1.1667668331296408,0,-0.28899926297507256,0,0.9232470692324707,3,7.769677441112311e-05,-0.00262060051126509,0.0036387989162541506,-0.04898219536720017,0.00020427,0.00015427,0.0,0.0,0.5,0,1,0,0,0
p_562,UBUSDT,1774540800000,1,test,main,17.5158,24.609564787483627,25.902468046834237,4,-0.07804101174280295,0,0.729750982961992,16,-0.005691856455210329,0.06163576312549686,0.11279042705062642,0.1004255322985149,0.0001426,9.26e-05,0.0,0.0,0.5,0,1,0,0,0
p_563,UBUSDT,1774609200000,1,test,main,16.6602,9.600229065566143,7.9394617643109555,4,-0.22103867072574174,0,0.6823066841415465,11,-0.017671344042074207,0.015471509440357955,-0.01278773853432843,0.11593577696988848,6.869e-05,1.8689999999999992e-05,0.0,0.0,0.5,0,1,0,0,0
p_564,UBUSDT,1774681200000,1,test,main,17.5649,12.129036133495438,7.434749355253781,4,-0.07656495826304756,1,0.6899082568807339,7,0.0007268888553762192,0.03125734034425563,0.045350528616819846,0.11588252120271063,5e-05,-7.313e-05,0.0,0.0,0.5,0,1,0,0,0
p_565,UBUSDT,1774760400000,1,test,main,19.1617,3.3601217064858986,5.026052109698908,4,0.05202213007592997,0,0.7043250327653997,5,-0.0025988513017434272,-0.017310502708680873,-0.03739238010682798,0.08518810260308446,5e-05,0.0,0.0,0.0,0.5,0,1,0,0,0
p_566,UBUSDT,1775516400000,1,test,main,17.7155,5.362165750521495,5.927028099593637,4,-0.21821403847063467,0,0.7107222635889799,23,-0.010066713205184404,0.00977661711099892,0.05153773612352318,-0.014165588747529484,5e-05,0.0,0.0,0.0,0.5,0,1,0,0,0
p_567,UBUSDT,1775800800000,1,test,main,21.8557,1.087243178134483,1.4975827726063058,1,0.11238742957471248,0,0.7688322040653647,6,0.00013594344752586963,0.010896425682759326,0.013414376161622266,0.0990338283568834,5e-05,0.0,0.0,0.0,0.5,0,1,0,0,0
p_568,UBUSDT,1776348000000,1,test,main,31.4796,2.1476390156556295,3.180458095691066,4,-0.048896521787238884,1,0.944495553511193,14,-0.011019379787791833,0.0038342181266813563,0.02051508088811638,8.330162877752921e-05,0.00065114,-0.00014042999999999998,0.0,0.0,0.5,0,1,0,0,0
p_569,UBUSDT,1776816000000,1,test,main,72.6647,0.7862604364033611,1.0758160142352917,0,0.05260328083446087,0,0.9893289554689103,0,0.00912186204506421,-0.007017371057722036,0.013933589018072262,0.1820997953548737,5e-05,0.0,0.0,0.0,0.5,0,0,0,0,0
p_570,UBUSDT,1776906000000,1,test,main,17.4557,32.85827283446429,30.66552103167284,4,0.03127366163392514,1,0.8287396642445503,1,0.0032006736643809077,-0.0059974290446413924,0.010964602961921147,0.08488517450079144,0.00149303,0.0012813500000000001,0.0,127.8541,0.0,1,0,0,0,0
p_571,UBUSDT,1776956400000,1,test,main,19.4547,34.14871349870362,20.090173679096342,4,0.0161060877474585,0,0.6686294161864195,15,0.00833820513713974,0.03443847280441706,-0.13717751073785125,0.08123998432406619,7.328e-05,-0.00082595,9816.706699999999,9017.535600000001,0.5212159078998362,1,0,0,0,0
p_572,UBUSDT,1777615200000,1,test,main,121.836,6.6242272039265675,4.802595167443648,4,0.055591916597072584,1,0.9288297597520021,6,0.0017909695652062114,-0.007082073529422762,0.03133415896125202,0.13792861593446135,5e-05,0.0,0.0,0.0,0.5,0,0,0,0,0
p_573,UBUSDT,1777806000000,1,test,main,30.1018,10.533161646922858,10.798595847200579,4,-0.050256750004380533,0,0.6351990323290082,11,-0.0016191804730147947,-0.025254098171365105,-0.021933184122106326,0.14786531698713526,-0.00025388,-0.00030388,0.0,0.0,0.5,0,0,0,0,0
p_574,UBUSDT,1778637600000,1,test,main,34.8047,1.231948135789478,1.044442131794544,0,0.01633732458255963,0,0.9840059619353358,2,0.0035538355889303246,0.006260986720180392,0.05345537995462258,-0.06434355429351625,5e-05,0.0,0.0,0.0,0.5,0,0,0,0,0
p_575,UBUSDT,1761134400000,1,train,fast,14.1507,2.190008728627646,2.4659219241975636,3,-0.1389206968695201,0,0.8406551173653403,12,-0.0010389031115984788,-0.09515875192759912,-0.09491523752687002,0.060172413974420864,0.00026756,0.00021756000000000002,0.0,0.0,0.5,0,0,0,0,0
p_576,UBUSDT,1761220800000,1,train,fast,11.8169,1.2410653665633897,1.03776689838938,0,0.030993996316728587,0,0.9081320865851862,12,-0.0015102798680241855,0.03557087833325374,0.032411821141916354,0.03145008446860605,0.00036886,0.00031885999999999997,0.0,0.0,0.5,0,0,0,0,0
p_577,UBUSDT,1761544800000,1,train,fast,17.7565,0.6124145679256617,0.6385497284882167,0,0.04285219088214938,0,0.9673094855196833,6,0.0025656270206700126,0.003788368192075419,0.010790216070698038,-0.07230237353246023,0.00065359,0.00020805,0.0,0.0,0.5,0,0,0,0,0
p_578,UBUSDT,1774576800000,1,test,fast,13.025,4.069419997688371,3.464830411007184,4,-0.017844855342993,0,0.8152031454783747,2,0.00392747838432267,0.0021219059138623698,-0.0020197831196034255,0.136613775387034,5e-05,-9.26e-05,0.0,0.0,0.5,0,1,0,0,0
p_579,UBUSDT,1776877200000,1,test,fast,15.862,17.812440262628616,7.499304700226469,2,0.006229677843435079,0,0.9440083725798012,17,-0.006678925667293042,0.013603796739977289,0.04216230989289918,0.20956780806960212,0.00021168,0.00014063,0.0,0.0,0.5,0,0,0,0,0
p_580,UBUSDT,1776884400000,1,test,fast,14.1594,30.64557214422589,19.947069486090815,4,-0.008574755136952985,1,0.9620271033314511,19,0.0015176911821761572,0.10930036642558222,0.7111011568415998,0.07791863902192232,0.00021168,0.00014063,0.0,0.0,0.5,1,0,0,0,0
p_581,UBUSDT,1776906000000,1,test,fast,17.4557,32.85827283446429,30.66552103167284,4,0.03127366163392514,1,0.8287396642445503,1,0.0032006736643809077,-0.0059974290446413924,0.010964602961921147,0.08488517450079144,0.00149303,0.0012813500000000001,0.0,127.8541,0.0,1,0,0,0,0
p_582,UBUSDT,1776949200000,1,test,fast,12.2161,12.656424802160947,13.659397270111048,4,-0.09528156438720957,0,0.5908293660736658,13,0.002278174215292083,0.00024610635973604255,-0.14229416162238945,0.0894000961708526,7.328e-05,-0.00082595,0.0,0.0,0.5,0,0,0,0,0
p_583,UBUSDT,1776960000000,1,test,fast,11.4286,21.064023138671704,20.318765703456652,4,-0.04355229153954512,0,0.5789275870709095,16,0.002513669035283443,0.042599954749668704,0.049569138421987714,0.07494643168811715,7.328e-05,-0.00082595,13651.319300000001,3816.2558,0.781523435385144,1,0,0,0,0
p_584,UBUSDT,1777550400000,1,test,fast,28.7152,27.61345897127202,19.531097715403128,4,-0.007709749685003647,0,0.7808806338485518,12,0.0004118334350854239,-0.06468517683727737,0.05300631888434343,0.2027905760936468,-0.00064353,-0.00069353,0.0,0.0,0.5,0,0,0,0,0
p_585,UBUSDT,1777618800000,1,test,fast,19.0282,4.944231866737425,4.789491722734014,4,-0.10799921809313986,0,0.8583053474554377,7,-0.0023517118621436454,0.05044428661200107,0.09028736681998421,0.13785315678408028,5e-05,0.0,0.0,0.0,0.5,0,0,0,0,0
p_586,UBUSDT,1777633200000,1,test,fast,16.1171,68.6073906777854,31.328228581987226,4,0.03462007022406619,0,0.7809867629362215,11,0.00038322460198359214,0.014333833074091569,0.2158438241580592,0.13933917342200725,5e-05,0.0,0.0,0.0,0.5,0,0,0,0,0
p_587,UBUSDT,1777640400000,1,test,fast,15.0344,39.930852653104786,47.18239360236894,4,0.015350709402699414,0,0.8528880866425993,13,0.0053945847512898455,0.10589908671237347,0.31114373172971393,0.1842679526934789,-0.00035348,-0.00040348,0.0,0.0,0.5,0,0,0,0,0
p_588,UBUSDT,1777662000000,1,test,fast,15.2223,80.2983051297215,51.66028816143794,4,-0.01586402619656499,0,0.6177285318559557,19,-0.0014915449399559705,-0.02863026856081101,-0.047539698221101274,0.13842169156136466,5e-05,0.0,0.0,0.0,0.5,0,0,0,0,0
p_589,UBUSDT,1777719600000,1,test,fast,11.4852,20.354449603108517,14.818960008362627,4,-0.0033842242522964003,0,0.910379746835443,11,-0.0005993434058808333,-0.050089380578948586,0.038479091930726836,0.12356654930628852,5e-05,-0.00013169,0.0,0.0,0.5,0,0,0,0,0
p_590,UBUSDT,1777726800000,1,test,fast,10.7238,31.340178801686193,26.134440088202933,4,0.02027056017526195,0,0.8760759493670885,13,0.0008194024251751153,-0.012875297709264837,-0.16606245487622684,0.12991081130394194,-0.00016889,-0.0006443,0.0,0.0,0.5,0,0,0,0,0
p_591,UBUSDT,1777795200000,1,test,fast,12.219,13.656899286649455,7.398488455467593,4,0.03200529251941211,1,0.7108533098746426,8,0.0008639088039464507,-0.01596343566971261,0.11545201943147543,0.14463545238208947,-7.716e-05,-0.00012716,0.0,0.0,0.5,0,0,0,0,0
p_592,UBUSDT,1777809600000,1,test,fast,14.6464,12.378527294813715,10.500295969227706,4,-0.05235222366130436,0,0.5830217725973169,12,0.0032040566853900354,-0.03649042055329807,-0.04233564016125348,0.13291497733675467,-0.00025388,-0.00030388,0.0,0.0,0.5,0,0,0,0,0
p_593,UBUSDT,1778216400000,1,test,fast,14.8572,0.33698548192338723,0.6989028511204942,0,-0.05793240376206587,0,0.6814383109742688,5,0.0009932109630374653,-0.002549832859255792,-0.01820586246669053,0.0661925233586784,5e-05,0.0,0.0,0.0,0.5,0,0,0,0,0
p_594,UBUSDT,1778331600000,1,test,fast,10.8127,0.48832731111201333,0.7042881125411067,0,-0.03191042763263446,0,0.5973718935561909,13,0.0007072558473124641,-0.004467142493677913,-0.032880979854744447,0.048174065571060236,0.00016235,-3.109e-05,0.0,0.0,0.5,0,0,0,0,0
c_2775,UBUSDT,1757883600000,0,train,control,,,,0,0.06947023297683516,1,0.6909287841862984,21,0.0012768453269710722,-0.010266170049893646,-0.026384223330130827,,0.00033635,-8.766999999999998e-05,0.0,0.0,0.5,0,0,0,0,0
c_2776,UBUSDT,1758441600000,0,train,control,,1.6141037858146552,1.3358777672937627,0,0.05711587539016176,0,0.7388741881164301,8,0.0012072646893238476,0.029622157913380187,-0.035894718309962645,-0.016590035665025024,0.00049211,-0.00017794999999999996,0.0,0.0,0.5,0,0,0,0,0
c_2777,UBUSDT,1759579200000,0,train,control,,0.30870661984083925,0.5576202288721668,0,-0.05404057363571362,1,0.8705701078582435,12,-0.0012320294900675338,-0.017218707955612853,-0.011484754072398537,-0.1027976020843686,5e-05,0.0,0.0,0.0,0.5,0,0,0,0,0
c_2778,UBUSDT,1760166000000,0,train,control,,0.39959731048899333,0.45200454398486656,0,0.06370823939145538,0,0.8879305683231494,7,-0.003011439553562791,-0.008421980010595931,0.021036111292275356,0.2862886814036923,5e-05,0.0,0.0,0.0,0.5,0,0,0,0,0
c_2779,UBUSDT,1761868800000,0,train,control,,0.3186731801695343,0.5067308679140348,0,0.07216265344099089,0,0.9278696253120613,0,0.0037530583995542587,-0.011877993827990119,-0.03050363616663166,-0.03164627300928662,0.00010794,-0.00016854,0.0,0.0,0.5,0,0,0,0,0
c_2780,UBUSDT,1761958800000,0,test,control,,0.6624569085626525,0.5263596750380181,0,-0.002999334218109481,1,0.8549142299986071,1,0.0012085000269264957,-0.010542861585765654,0.011466975804522092,-0.03543632289563095,5e-05,0.0,0.0,0.0,0.5,0,0,0,0,0
c_2781,UBUSDT,1764547200000,0,test,control,,0.3046994556060717,0.28946296259698195,0,0.06284540802707336,1,0.9379176546669541,0,-0.009413362082674702,0.0005303530497984336,-0.0019945138820843394,-0.043074296919301876,0.00036803,0.00012695,0.0,0.0,0.5,0,0,0,0,0
c_2782,UBUSDT,1768381200000,0,test,control,,0.23856966644026323,0.5593000831422307,0,0.05971652613660156,0,0.7214300060253063,9,-0.0031555188479992233,0.0003690821691009531,-0.0015049401549023086,0.0397208318637914,0.00010652,-8.286e-05,0.0,0.0,0.5,0,0,0,0,0
c_2783,UBUSDT,1772856000000,0,test,control,,1.8013222424311124,1.433093257034488,1,-0.1478599787062856,0,0.839080459770115,4,-0.003760240397774721,-0.0009866196804503165,0.007481845185824354,0.12984755211298615,5e-05,0.0,0.0,0.0,0.5,0,0,0,0,0
c_2784,UBUSDT,1779566400000,0,test,control,,1.3191972253487327,1.5510720656945824,0,0.02187849128815629,1,0.7648054145516073,20,0.0018084112889185124,-0.0072611027549485604,0.1089726856559227,-0.101896349016105,5e-05,0.0,0.0,0.0,0.5,0,0,0,0,0
c_2785,UBUSDT,1762531200000,0,test,control,,0.4075405892888953,0.3730446289220918,0,-0.12099914805055918,0,0.6344795101271785,16,4.367089612673075e-05,0.0022403136324676723,-0.00037085963742479634,0.12514111293607938,0.00010252,5.252e-05,0.0,0.0,0.5,0,0,0,0,0
c_2786,UBUSDT,1765065600000,0,test,control,,0.2583021763156082,0.2130919375788077,0,-0.09698796883498628,0,0.9259341637010676,0,-0.0005378446547765648,-0.004745944514512011,0.00624387275616105,0.003143552876437922,0.00018337,6.105999999999999e-05,0.0,0.0,0.5,0,0,0,0,0
c_2787,UBUSDT,1768370400000,0,test,control,,0.6649633782363663,0.9543141361832992,0,-0.1871956816796541,1,0.7218316931110664,6,-0.0024067097934493717,0.0008611279187510508,0.0006421222100312812,0.038947661690266186,0.00014,-0.00030767,0.0,0.0,0.5,0,0,0,0,0
c_2788,UBUSDT,1772874000000,0,test,control,,0.70773522431928,0.9858127435483699,0,-0.029912710426498536,0,0.8345306513409961,9,-0.0006164337097804782,0.022555211413697016,0.01694573789016702,0.12090438466883383,5e-05,0.0,0.0,0.0,0.5,0,0,0,0,0
c_2789,UBUSDT,1779314400000,0,test,control,,0.5752985513562947,0.347659390028129,0,-0.13667327569026622,0,0.4554747474747475,22,-0.0027690667820123404,-0.015045280430600038,-0.013443205875653256,-0.015194686883344466,5e-05,0.0,0.0,5634.0168,0.0,0,0,0,0,0
c_2790,UBUSDT,1762552800000,0,test,control,,0.16661336843394478,0.3400743327281118,0,-0.07641768455483035,1,0.6326778344258316,22,0.0012196485869431077,-0.009386224239473752,-0.008213253907345395,0.11480657554618533,0.00011217,9.650000000000004e-06,0.0,0.0,0.5,0,0,0,0,0
c_2791,UBUSDT,1764684000000,0,test,control,,5.143395289549078,1.4417208395394334,1,-0.07514379713521045,0,0.9111877559818927,14,0.005339028908944129,0.003679824093926494,-0.0002457698550075168,-0.04605345122036989,5e-05,0.0,0.0,0.0,0.5,0,0,0,0,0
c_2792,UBUSDT,1769256000000,0,test,control,,0.2637659244698144,0.7698618132330755,0,-0.026148553584146816,1,0.9579989299090425,12,-0.0004643370193805545,0.006225770136117081,0.0018717142081532067,0.0560255938331197,5e-05,0.0,0.0,0.0,0.5,0,0,0,0,0
c_2793,UBUSDT,1773316800000,0,test,control,,0.2973543095310124,0.35814377469601966,0,-0.23008834023972707,1,0.7672413793103449,12,0.00023020421387388347,-0.0034218307256375508,-0.032098945157986995,0.040283469168562416,5e-05,0.0,0.0,0.0,0.5,0,0,0,0,0
c_2794,UBUSDT,1779760800000,0,test,control,,1.349429199241332,0.856000159123532,0,0.021866817783327434,1,0.9487089671737391,2,-0.00042084635720348126,0.00555571660595937,0.006881561051332026,-0.11608625854987943,5e-05,0.0,0.0,512.8034,0.0,0,0,0,0,0
c_2795,UBUSDT,1761958800000,0,test,control,,0.6624569085626525,0.5263596750380181,0,-0.002999334218109481,1,0.8549142299986071,1,0.0012085000269264957,-0.010542861585765654,0.011466975804522092,-0.03543632289563095,5e-05,0.0,0.0,0.0,0.5,0,0,0,0,0
c_2796,UBUSDT,1765155600000,0,test,control,,0.4089728931094679,1.0826918130238268,0,0.1187175153762981,1,0.9601868327402135,1,-0.00047263059325651437,-0.0023540518928139216,0.02702314261919678,-0.00176925144501876,5e-05,0.0,0.0,0.0,0.5,0,0,0,0,0
c_2797,UBUSDT,1768784400000,0,test,control,,4.5398173564449795,1.8787007289450168,1,-0.15087518378129994,0,0.9433568258940225,1,-0.010208943106800233,0.010433366760951569,0.002228792516829125,0.01645416081235858,5e-05,0.0,0.0,0.0,0.5,0,0,0,0,0
c_2798,UBUSDT,1772643600000,0,test,control,,0.7899811542412826,1.9809804709640053,2,-0.0524117345142126,0,0.6707950459448662,17,-0.0013430652157017278,-0.007220494067868599,0.019765572088037198,0.08824970919355449,5e-05,0.0,0.0,0.0,0.5,0,0,0,0,0
c_2799,UBUSDT,1779602400000,0,test,control,,0.7419881804996737,1.0916841731237137,0,0.02309548025246201,0,0.7794252873563219,6,0.00042216083806736565,-0.011905607591052884,0.004612166201898549,-0.09333783017699517,5e-05,0.0,0.0,0.0,0.5,0,0,0,0,0
c_2800,UBUSDT,1762340400000,0,test,control,,0.3190012349300266,0.4308667727445637,0,0.009199322522948961,1,0.6326666666666667,11,-0.005855840391566413,0.0028080906229497305,0.004760686321009844,-0.03171818673924935,0.00049352,-0.00038774999999999997,0.0,0.0,0.5,0,0,0,0,0
c_2801,UBUSDT,1765105200000,0,test,control,,0.27966512477203087,0.789705106812705,0,-0.13673433899551538,0,0.9388345195729537,11,0.0014090041540361514,-0.0034995716869410795,-0.02460614836979584,-0.01255257234061637,0.00046495,0.00028158,0.0,0.0,0.5,0,0,0,0,0
c_2802,UBUSDT,1769266800000,0,test,control,,0.22636291690377575,0.4394470303520471,0,0.24156025182369156,0,0.9617442482611024,15,0.0009628119482723683,0.00016261378899885194,0.0071501381639545595,0.06011042221388539,5e-05,0.0,0.0,0.0,0.5,0,0,0,0,0
c_2803,UBUSDT,1772967600000,0,test,control,,1.2171614787708884,1.1033449321874638,0,-0.38093308606878024,0,0.76772030651341,11,0.00304746027734566,0.016161665273397127,-0.002600899346195944,0.15735428738304863,5e-05,0.0,0.0,0.0,0.5,0,0,0,0,0
c_2804,UBUSDT,1779814800000,0,test,control,,2.10700253675697,1.2672159505982539,1,0.04186724701280804,1,0.9505151781176361,17,0.0007374650554015228,-0.004656250405926747,-0.02712589608934469,-0.09437065817231505,5e-05,0.0,3382.0182999999993,0.0,1.0,0,0,0,0,0
c_2805,UBUSDT,1762092000000,0,test,control,,0.29282300830882446,0.4690514845085972,0,0.14191941606201006,0,0.7766337015568248,14,-0.0016062762216914406,-0.00027423789697272183,0.006582520096983561,-0.0072501181752659336,5e-05,0.0,0.0,0.0,0.5,0,0,0,0,0
c_2806,UBUSDT,1764608400000,0,test,control,,0.9844595739419528,0.6817857494481944,0,0.08466695169208324,1,0.9165768484587196,17,-0.001295924394565825,0.002332691693697279,-0.0037219495564877994,-0.0415872227943534,5e-05,0.0,0.0,0.0,0.5,0,0,0,0,0
c_2807,UBUSDT,1768507200000,0,test,control,,1.2551697511809734,3.623814735198758,3,-0.15380358959844773,1,0.7868127238255741,20,-0.003524798318283935,0.003959110404058862,-0.040948904794694825,-0.058936339414392164,7.257e-05,2.2570000000000002e-05,0.0,0.0,0.5,0,0,0,0,0
c_2808,UBUSDT,1773248400000,0,test,control,,0.36331769973541983,1.0158483073652789,0,-0.05762356878312075,0,0.7713122605363986,17,0.00501518089558023,-0.0004238896681132294,-0.017851159811705295,0.013214277094184379,5e-05,0.0,0.0,0.0,0.5,0,0,0,0,0
c_2809,UBUSDT,1779652800000,0,test,control,,3.0533309641967494,3.6696271436038885,4,-0.0065538759986037065,0,0.9854807362524293,20,0.001384531869026754,0.01399755738826769,0.05902582638068827,-0.12131209481560341,5e-05,0.0,4229.2292,0.0,1.0,0,0,0,0,0
c_2810,UBUSDT,1761958800000,0,test,control,,0.6624569085626525,0.5263596750380181,0,-0.002999334218109481,1,0.8549142299986071,1,0.0012085000269264957,-0.010542861585765654,0.011466975804522092,-0.03543632289563095,5e-05,0.0,0.0,0.0,0.5,0,0,0,0,0
c_2811,UBUSDT,1765371600000,0,test,control,,0.28738293054635106,0.6330167565417183,0,0.010105520197890914,1,0.9266155531215771,13,-0.0014486536968360293,0.0002197354192075014,-0.0023770436441478138,-0.005827759336585418,0.00021924,2.3280000000000008e-05,0.0,0.0,0.5,0,0,0,0,0
c_2812,UBUSDT,1768676400000,0,test,control,,0.47335626477662307,0.726843149108445,0,0.3419531954727779,1,0.936317135549872,19,0.0006966148087298653,0.0005836502860662876,-0.0027391629795523696,0.044924792100761744,0.00040291,0.00011549999999999999,0.0,0.0,0.5,0,0,0,0,0
c_2813,UBUSDT,1773486000000,0,test,control,,0.23183845071549145,0.22015539541537535,0,0.23769513399088193,0,0.9231210556511761,11,0.0008102198377574622,0.004967709885742673,-0.009075505175791925,-0.07882529124231355,5e-05,0.0,0.0,0.0,0.5,0,0,0,0,0
c_2814,UBUSDT,1779796800000,0,test,control,,2.5574698497354085,2.476337965050508,2,0.031943169671198174,0,0.9012151734972046,12,-0.0031615558937760067,-0.005579279375208833,-0.010339069053110309,-0.1119653729970644,5e-05,-0.00011097,533.2662,1701.5481,0.23861767843529552,0,0,0,0,0
c_2815,UBUSDT,1762380000000,0,test,control,,0.3466068031531111,0.42430527306497584,0,0.09204715328501013,0,0.6190000000000001,22,-0.0015608740894901144,-0.013043968820057985,-0.018989050150443318,0.03626399793348851,7.158e-05,-0.00072992,0.0,0.0,0.5,0,0,0,0,0
c_2816,UBUSDT,1765335600000,0,test,control,,2.1873660783567312,0.7508652060175053,1,-0.023087042184131046,0,0.925301204819277,3,0.00204293745143282,-0.006346397593568505,-0.02210743773608979,-0.005479439027753262,0.00041185,0.00022977000000000002,0.0,0.0,0.5,0,0,0,0,0
c_2817,UBUSDT,1769396400000,0,test,control,,1.6317795787160692,5.880106601721829,2,-0.0610617341771413,0,0.9219321148825066,3,-0.0016768991738704887,0.0030630743751893707,-0.04651138653425005,-0.048729580460609684,0.00019501,0.00014501,0.0,0.0,0.5,0,0,0,0,0
c_2818,UBUSDT,1772924400000,0,test,control,,0.692510847432569,0.6147711940277333,0,-0.03766629619122661,0,0.8230363984674329,23,-0.002913237728505144,-0.0022998067738800635,-0.0011546303706401347,0.1423524420730064,5e-05,0.0,0.0,0.0,0.5,0,0,0,0,0
c_2819,UBUSDT,1779814800000,0,test,control,,2.10700253675697,1.2672159505982539,1,0.04186724701280804,1,0.9505151781176361,17,0.0007374650554015228,-0.004656250405926747,-0.02712589608934469,-0.09437065817231505,5e-05,0.0,3382.0182999999993,0.0,1.0,0,0,0,0,0
c_2820,UBUSDT,1761958800000,0,test,control,,0.6624569085626525,0.5263596750380181,0,-0.002999334218109481,1,0.8549142299986071,1,0.0012085000269264957,-0.010542861585765654,0.011466975804522092,-0.03543632289563095,5e-05,0.0,0.0,0.0,0.5,0,0,0,0,0
c_2821,UBUSDT,1764892800000,0,test,control,,0.1365992806381249,0.2997223901831126,0,0.30010605938832596,1,0.9203040173724213,0,-0.0028257065620751055,0.00042539790913288957,-0.0017539968286786733,-0.07302732675542925,7.377e-05,-0.00040563999999999997,0.0,0.0,0.5,0,0,0,0,0
c_2822,UBUSDT,1768975200000,0,test,control,,0.5500811044907638,0.4070544452833034,0,0.013608197531984787,0,0.9378752283998956,6,0.005810935968966582,0.0008609530533981255,-0.0003076798090310938,0.023709429227634887,5e-05,-9.444999999999999e-05,0.0,0.0,0.5,0,0,0,0,0
c_2823,UBUSDT,1773457200000,0,test,control,,0.2343441335893634,0.2663923579883814,0,0.1890547591933674,0,0.843908969210174,3,-0.0005805880184150345,6.75461028537173e-05,0.002788566348830072,-0.06206745909195159,5e-05,0.0,0.0,0.0,0.5,0,0,0,0,0
c_2824,UBUSDT,1779814800000,0,test,control,,2.10700253675697,1.2672159505982539,1,0.04186724701280804,1,0.9505151781176361,17,0.0007374650554015228,-0.004656250405926747,-0.02712589608934469,-0.09437065817231505,5e-05,0.0,3382.0182999999993,0.0,1.0,0,0,0,0,0
c_2825,UBUSDT,1762552800000,0,test,control,,0.16661336843394478,0.3400743327281118,0,-0.07641768455483035,1,0.6326778344258316,22,0.0012196485869431077,-0.009386224239473752,-0.008213253907345395,0.11480657554618533,0.00011217,9.650000000000004e-06,0.0,0.0,0.5,0,0,0,0,0
c_2826,UBUSDT,1765180800000,0,test,control,,3.317996197118203,3.0939537856844646,3,-0.2263381589823694,0,0.9375684556407446,8,0.0009318135585434517,0.01417976606960716,0.023378481161379954,0.028436960578382707,5.818e-05,8.18e-06,0.0,0.0,0.5,0,0,0,0,0
c_2827,UBUSDT,1768392000000,0,test,control,,0.6094351354184466,0.5126641843661015,0,-0.099243826397805,0,0.7196224141393854,12,-0.0030141998798528355,0.0007292434410941144,-0.0030062150177244825,0.04131807657524193,0.00014013,1.30000000000014e-07,0.0,0.0,0.5,0,0,0,0,0
c_2828,UBUSDT,1773050400000,0,test,control,,1.1206305438449935,0.9559048584178363,0,0.18051693139647956,0,0.7787356321839081,10,0.002568892351458792,-0.002288747397767254,-0.03910355571432033,0.1872666855693758,5e-05,0.0,0.0,0.0,0.5,0,0,0,0,0
c_2829,UBUSDT,1779451200000,0,test,control,,1.701598917239074,2.1404085934760877,2,0.023667766729242617,0,0.4422936449963477,12,0.0014595895551357742,-0.04709823701724644,-0.01611523526653892,-0.0747077204775792,5e-05,0.0,0.0,0.0,0.5,0,0,0,0,0
c_2830,UBUSDT,1762300800000,0,test,control,,0.21339470561289078,0.4223336466028094,0,-0.05264747069337382,0,0.668,0,0.0018773417394001377,0.023460820575936136,0.0014576208163618843,-0.018736998679539797,0.00088127,0.00046188999999999996,0.0,0.0,0.5,0,0,0,0,0
c_2831,UBUSDT,1764388800000,0,test,control,,0.675822610068555,0.7655835810468499,0,-0.48694452380698705,0,0.9028822055137844,4,-0.0012495674997850632,0.0028411362792343446,-0.015196461545991994,-0.0527266198361883,0.00086023,0.00031646000000000007,0.0,0.0,0.5,0,0,0,0,0
c_2832,UBUSDT,1768694400000,0,test,control,,0.3823673229641323,0.45055591848795706,0,0.43068897440416437,0,0.9317135549872121,0,-0.00013561702592922612,-0.0016063996820892266,-0.004673058174665238,0.03891269767405971,0.00038324,0.00022692000000000003,0.0,0.0,0.5,0,0,0,0,0
c_2833,UBUSDT,1772740800000,0,test,control,,1.1817425288845123,1.265626462005585,1,0.017306588373698955,1,0.8556278621354543,20,-0.0012302220318251662,0.0002628977945317259,-0.013581353176809767,0.11820787449171338,5e-05,0.0,0.0,0.0,0.5,0,0,0,0,0
c_2834,UBUSDT,1779516000000,0,test,control,,2.106831314853116,1.3259968713269206,1,-0.007023978667599232,1,0.5431494861553651,6,-0.0007681508754271184,0.07722809972738148,0.055469255975261346,-0.10780481075777223,5e-05,0.0,786.4249,553.2384,0.5870317564122268,0,0,0,0,0
c_2835,UBUSDT,1761958800000,0,test,control,,0.6624569085626525,0.5263596750380181,0,-0.002999334218109481,1,0.8549142299986071,1,0.0012085000269264957,-0.010542861585765654,0.011466975804522092,-0.03543632289563095,5e-05,0.0,0.0,0.0,0.5,0,0,0,0,0
c_2836,UBUSDT,1764838800000,0,test,control,,0.7958273421654224,0.8650692426518173,0,-0.004954227555218145,1,0.905971769815418,9,-0.0014771001278940422,-0.009208878033198656,-0.0026279223529654845,-0.0651185133781983,5e-05,0.0,0.0,0.0,0.5,0,0,0,0,0
c_2837,UBUSDT,1769162400000,0,test,control,,3.909767503877674,2.0395699660622584,2,0.12413735942900839,1,0.9323936309057689,10,-0.0027493381742018748,-0.009184130378963708,0.004674558399488288,0.056319311621608095,5e-05,-0.00028105999999999997,0.0,0.0,0.5,0,0,0,0,0
c_2838,UBUSDT,1773003600000,0,test,control,,1.0663761447875921,0.8080880299193284,0,-0.16019569517133764,0,0.7758620689655172,21,-0.0015349410838200108,0.0004517936206740761,0.004690945961407205,0.19775348716168223,5e-05,0.0,0.0,0.0,0.5,0,0,0,0,0
c_2839,UBUSDT,1779264000000,0,test,control,,0.5332465667762042,0.6869642600784431,0,-0.052793609415568474,0,0.49696969696969695,8,-0.001678732692511595,0.06047318543079097,0.06233777800641191,-0.06567226710439199,5e-05,0.0,0.0,0.0,0.5,0,0,0,0,0
c_2840,UBUSDT,1761958800000,0,test,control,,0.6624569085626525,0.5263596750380181,0,-0.002999334218109481,1,0.8549142299986071,1,0.0012085000269264957,-0.010542861585765654,0.011466975804522092,-0.03543632289563095,5e-05,0.0,0.0,0.0,0.5,0,0,0,0,0
c_2841,UBUSDT,1764950400000,0,test,control,,0.7429978290150498,0.6337493916605377,0,0.059437858769158074,1,0.9117389399912397,16,0.001861578352503158,-0.003840302997874626,-0.010410106523272025,-0.0338637191395412,5e-05,0.0,0.0,0.0,0.5,0,0,0,0,0
c_2842,UBUSDT,1769209200000,0,test,control,,0.26324124352263933,1.4002974606460545,1,-0.3269329429082429,0,0.9070738710519448,23,0.0031813682234953823,0.001851788174889987,-0.0017285936634945838,0.04756494898653176,5e-05,0.0,0.0,0.0,0.5,0,0,0,0,0
c_2843,UBUSDT,1772470800000,0,test,control,,1.7744504060465522,2.4586842539319083,3,0.08818343088796735,1,0.6771873751498202,17,0.004436300371549202,0.00785755802390884,0.011434148703164091,-0.009839290387575729,5e-05,0.0,0.0,0.0,0.5,0,0,0,0,0
c_2844,UBUSDT,1779814800000,0,test,control,,2.10700253675697,1.2672159505982539,1,0.04186724701280804,1,0.9505151781176361,17,0.0007374650554015228,-0.004656250405926747,-0.02712589608934469,-0.09437065817231505,5e-05,0.0,3382.0182999999993,0.0,1.0,0,0,0,0,0
c_2845,UBUSDT,1761958800000,0,test,control,,0.6624569085626525,0.5263596750380181,0,-0.002999334218109481,1,0.8549142299986071,1,0.0012085000269264957,-0.010542861585765654,0.011466975804522092,-0.03543632289563095,5e-05,0.0,0.0,0.0,0.5,0,0,0,0,0
c_2846,UBUSDT,1764561600000,0,test,control,,0.6662860068671398,1.358662219006117,1,-0.19853560599895895,0,0.9014873895236043,4,-0.0042267689212511506,-0.0021887661116749614,-0.01628576241832976,-0.04638982171995702,5e-05,-0.00020444999999999998,0.0,0.0,0.5,0,0,0,0,0
c_2847,UBUSDT,1769162400000,0,test,control,,3.909767503877674,2.0395699660622584,2,0.12413735942900839,1,0.9323936309057689,10,-0.0027493381742018748,-0.009184130378963708,0.004674558399488288,0.056319311621608095,5e-05,-0.00028105999999999997,0.0,0.0,0.5,0,0,0,0,0
c_2848,UBUSDT,1772881200000,0,test,control,,2.1099538774111317,1.3801245765375876,1,-0.3228267387301178,0,0.8129789272030652,11,-0.0017492882941863629,0.029110194724658707,0.04931029051572419,0.11923984757611121,5e-05,0.0,0.0,0.0,0.5,0,0,0,0,0
c_2849,UBUSDT,1779814800000,0,test,control,,2.10700253675697,1.2672159505982539,1,0.04186724701280804,1,0.9505151781176361,17,0.0007374650554015228,-0.004656250405926747,-0.02712589608934469,-0.09437065817231505,5e-05,0.0,3382.0182999999993,0.0,1.0,0,0,0,0,0
c_2850,UBUSDT,1762444800000,0,test,control,,0.395390935036285,0.284547170849243,0,0.09957025234714774,1,0.6444444444444445,16,-0.00099428798694397,0.004068226358395203,0.004026882651016484,0.014883902618443749,5e-05,0.0,0.0,0.0,0.5,0,0,0,0,0
c_2851,UBUSDT,1765375200000,0,test,control,,0.37123988989033685,0.6495419695567555,0,0.11616658287720032,0,0.9309967141292442,14,0.0011147108113898432,0.0005581987864703115,-0.00027955596848541406,-0.0052822206993461155,0.00021924,2.3280000000000008e-05,0.0,0.0,0.5,0,0,0,0,0
c_2852,UBUSDT,1768863600000,0,test,control,,0.32855804897285174,1.0145552207721789,1,0.112476382450214,1,0.9318715740015663,23,-0.004737088368640929,-0.001729086209504206,-0.010159901355284004,-0.021636604994950504,5e-05,0.0,0.0,0.0,0.5,0,0,0,0,0
c_2853,UBUSDT,1773068400000,0,test,control,,1.8202882886513707,2.1557624297803626,1,0.019048376187925327,0,0.776580459770115,15,0.002507981589761644,0.0066954278717154345,0.0028679628881269504,0.19511521742582144,5e-05,0.0,0.0,0.0,0.5,0,0,0,0,0
c_2854,UBUSDT,1779814800000,0,test,control,,2.10700253675697,1.2672159505982539,1,0.04186724701280804,1,0.9505151781176361,17,0.0007374650554015228,-0.004656250405926747,-0.02712589608934469,-0.09437065817231505,5e-05,0.0,3382.0182999999993,0.0,1.0,0,0,0,0,0
c_2855,UBUSDT,1761958800000,0,test,control,,0.6624569085626525,0.5263596750380181,0,-0.002999334218109481,1,0.8549142299986071,1,0.0012085000269264957,-0.010542861585765654,0.011466975804522092,-0.03543632289563095,5e-05,0.0,0.0,0.0,0.5,0,0,0,0,0
c_2856,UBUSDT,1765159200000,0,test,control,,0.47134808942964096,0.7068103506017013,0,0.017275825448810494,0,0.9861458096752215,2,0.006272237707178287,-0.006236399875022602,0.021991433407998907,0.011010620721146804,5e-05,0.0,0.0,0.0,0.5,0,0,0,0,0
c_2857,UBUSDT,1768478400000,0,test,control,,0.7092436449865638,1.2624442461015817,1,-0.15328364823652982,1,0.733279775055232,12,-0.0022146849215404505,-0.0023510374794825472,-0.024617840212170318,-0.0948896547953291,5e-05,0.0,0.0,0.0,0.5,0,0,0,0,0
c_2858,UBUSDT,1772373600000,0,test,control,,4.905451260719388,8.66959632306154,4,-0.15950556191621754,0,0.684978026368358,14,0.009604560695089526,0.005285590231626704,0.024739316189687232,-0.07724756929463084,5e-05,0.0,0.0,0.0,0.5,0,0,0,0,0
c_2859,UBUSDT,1779814800000,0,test,control,,2.10700253675697,1.2672159505982539,1,0.04186724701280804,1,0.9505151781176361,17,0.0007374650554015228,-0.004656250405926747,-0.02712589608934469,-0.09437065817231505,5e-05,0.0,3382.0182999999993,0.0,1.0,0,0,0,0,0
c_2860,UBUSDT,1762545600000,0,test,control,,0.2398956054296364,0.38838976006701487,0,0.06698602693757132,0,0.6268511774702598,20,0.007788297174194741,-0.00010541574332750692,-0.000242765363851248,0.10888225285100661,0.00011217,9.650000000000004e-06,0.0,0.0,0.5,0,0,0,0,0
c_2861,UBUSDT,1764655200000,0,test,control,,0.6877839116211257,0.3571136146805592,0,0.120295745024306,1,0.9333908169864195,6,0.0005038832371392192,-0.0011803067985671598,0.0012838067661500624,-0.05266796322531794,5e-05,0.0,0.0,0.0,0.5,0,0,0,0,0
c_2862,UBUSDT,1768870800000,0,test,control,,0.6083555908823863,0.4969904481789951,0,-0.20474799672893496,0,0.9378752283998956,1,0.0009342301943198804,0.0014441903909039862,-0.008840862209956743,-0.019739808450339937,0.00013403,8.403e-05,0.0,0.0,0.5,0,0,0,0,0
c_2863,UBUSDT,1772514000000,0,test,control,,0.8732612127854663,0.5544387815689626,0,-0.4406035801422663,0,0.6664003196164603,5,-0.0037498555215635405,-0.008894940915805023,-0.0032925363870033343,0.0010031049146118493,5e-05,0.0,0.0,0.0,0.5,0,0,0,0,0
c_2864,UBUSDT,1779260400000,0,test,control,,0.8692885599606888,0.6595460262252703,0,-0.004726112022375383,0,0.5065050505050505,7,0.002713475633144428,-0.009794207794307216,-0.0016673177036008017,-0.059462666513533775,5e-05,0.0,24.1182,0.0,1.0,0,0,0,0,0
c_2865,UBUSDT,1761958800000,0,test,control,,0.6624569085626525,0.5263596750380181,0,-0.002999334218109481,1,0.8549142299986071,1,0.0012085000269264957,-0.010542861585765654,0.011466975804522092,-0.03543632289563095,5e-05,0.0,0.0,0.0,0.5,0,0,0,0,0
c_2866,UBUSDT,1764475200000,0,test,control,,0.6924265528055158,0.8023511757573356,1,-0.13016815529958806,1,0.9019185169217504,4,0.0014083389534653393,-0.012367774406476045,-0.009972712765986035,-0.05200174318553113,0.00050033,-5.197999999999997e-05,0.0,0.0,0.5,0,0,0,0,0
c_2867,UBUSDT,1769353200000,0,test,control,,1.168187706742336,0.4453899820160361,0,0.3299240625529746,0,0.9721403696758639,15,-0.0023516147942449573,0.0016352621994276582,0.0036311969282726794,0.06719876069672776,5e-05,0.0,0.0,0.0,0.5,0,0,0,0,0
c_2868,UBUSDT,1772679600000,0,test,control,,1.9055246779591066,1.374979899820315,0,0.15903431495156592,0,0.7119456652017578,3,-0.000536494004783054,-0.00043469467439332353,0.0020175951757933634,0.08389670672666891,5e-05,0.0,0.0,0.0,0.5,0,0,0,0,0
c_2869,UBUSDT,1779814800000,0,test,control,,2.10700253675697,1.2672159505982539,1,0.04186724701280804,1,0.9505151781176361,17,0.0007374650554015228,-0.004656250405926747,-0.02712589608934469,-0.09437065817231505,5e-05,0.0,3382.0182999999993,0.0,1.0,0,0,0,0,0
c_2870,UBUSDT,1761958800000,0,test,control,,0.6624569085626525,0.5263596750380181,0,-0.002999334218109481,1,0.8549142299986071,1,0.0012085000269264957,-0.010542861585765654,0.011466975804522092,-0.03543632289563095,5e-05,0.0,0.0,0.0,0.5,0,0,0,0,0
c_2871,UBUSDT,1765486800000,0,test,control,,5.4361574248184095,4.015646044956403,3,0.03467534536209118,0,0.9813221406086046,21,0.010434667679954998,0.004269947612217226,0.00028333274462250235,-0.04444981491489247,5e-05,0.0,0.0,0.0,0.5,0,0,0,0,0
c_2872,UBUSDT,1768381200000,0,test,control,,0.23856966644026323,0.5593000831422307,0,0.05971652613660156,0,0.7214300060253063,9,-0.0031555188479992233,0.0003690821691009531,-0.0015049401549023086,0.0397208318637914,0.00010652,-8.286e-05,0.0,0.0,0.5,0,0,0,0,0
c_2873,UBUSDT,1773338400000,0,test,control,,0.1838462028981832,0.27893745588006613,0,-0.2500573160197045,1,0.7641283524904215,18,-0.00228926335486568,0.0008136482387094466,0.009076022299506614,-0.013784406051241788,5e-05,0.0,0.0,0.0,0.5,0,0,0,0,0
c_2874,UBUSDT,1779771600000,0,test,control,,1.3560437327088235,1.5170789230915855,0,-0.006434291490973642,1,0.9933446757405925,5,0.0011079356379437835,0.024752181317546158,-0.0038443166661835154,-0.11385318811745784,0.00016097,0.00011097,1267.8392,0.0,1.0,0,0,0,0,0
c_2875,UBUSDT,1757772000000,0,train,control,,,,0,-0.005606052739547825,1,0.7269248127087282,14,-0.0020793893788137374,0.005981664622308554,0.3930072841664548,,0.00396507,0.00200539,0.0,0.0,0.5,0,0,0,0,0
c_2876,UBUSDT,1758434400000,0,train,control,,0.8696038832024462,0.8494760230960252,0,-0.03723077942784843,0,0.7321557441836489,6,0.0015921677129523307,-0.008349884009349511,-0.07723064148112799,-0.017335446088786538,0.00039609,-0.0004969600000000001,0.0,0.0,0.5,0,0,0,0,0
c_2877,UBUSDT,1759449600000,0,train,control,,0.19512465421006403,0.2236479362678147,0,0.03799422719438615,0,0.8720172846566898,0,0.002266888946566308,0.0035735487894715755,-0.011203950110317232,-0.1491896036895549,5e-05,0.0,0.0,0.0,0.5,0,0,0,0,0
c_2878,UBUSDT,1760338800000,0,train,control,,0.09446997435102665,0.16790053121182075,0,-0.01126694870948698,0,0.9069377602336018,7,0.005221252995979732,-0.004748562399205044,0.002860374621779436,0.28636220057617257,5e-05,0.0,0.0,0.0,0.5,0,0,0,0,0
c_2879,UBUSDT,1761868800000,0,train,control,,0.3186731801695343,0.5067308679140348,0,0.07216265344099089,0,0.9278696253120613,0,0.0037530583995542587,-0.011877993827990119,-0.03050363616663166,-0.03164627300928662,0.00010794,-0.00016854,0.0,0.0,0.5,0,0,0,0,0
c_2880,UBUSDT,1757757600000,0,train,control,,,,0,0.023367841874818815,0,0.9860259740259741,10,0.0004865705661040983,-0.007711591855608223,0.6802815241625044,,0.00128794,-0.0017183300000000001,0.0,0.0,0.5,0,0,0,0,0
c_2881,UBUSDT,1758434400000,0,train,control,,0.8696038832024462,0.8494760230960252,0,-0.03723077942784843,0,0.7321557441836489,6,0.0015921677129523307,-0.008349884009349511,-0.07723064148112799,-0.017335446088786538,0.00039609,-0.0004969600000000001,0.0,0.0,0.5,0,0,0,0,0
c_2882,UBUSDT,1759330800000,0,train,control,,0.34851172134085057,0.21421699629514399,0,-0.050270084907289056,0,0.6671405198079554,15,0.0041348891981586805,0.0072603073866123425,0.07812990650796235,-0.13886219260123916,5e-05,0.0,0.0,0.0,0.5,0,0,0,0,0
c_2883,UBUSDT,1760356800000,0,train,control,,0.5152092123454729,0.34531020741669843,0,-0.005949441800745515,1,0.9170767317363326,12,-0.0054507523868282635,-0.011351411856304271,-0.0017535730958429092,0.29061138421790594,5e-05,0.0,0.0,0.0,0.5,0,0,0,0,0
c_2884,UBUSDT,1761861600000,0,train,control,,0.6809791249832917,0.531633073525269,0,-0.019386496786897016,0,0.9052940609229516,22,0.0037834648161040644,-0.0055901773282534635,-0.008671047333803335,-0.02604455094342702,0.00053584,6.293999999999999e-05,0.0,0.0,0.5,0,0,0,0,0
c_2885,UBUSDT,1757829600000,0,train,control,,,,0,-0.016309709053685312,0,0.7580467551223035,6,0.0010104310365692084,0.016955961423680284,0.07032092354096385,,0.00038365,-0.00012909000000000005,0.0,0.0,0.5,0,0,0,0,0
c_2886,UBUSDT,1758729600000,0,train,control,,0.29189547065986865,0.3083959404719633,0,-0.007904451743882992,0,0.6388227450233356,16,-0.0031919002451991983,0.0005772727039189219,-0.012201466644477717,-0.05638331644764702,5e-05,-1.609999999999999e-05,0.0,0.0,0.5,0,0,0,0,0
c_2887,UBUSDT,1759489200000,0,train,control,,0.2814482206805963,0.412854950387902,0,-0.017458763778411268,1,0.8647526241784114,11,0.0011225883061223472,-0.0006775225259633939,-0.014550491367700338,-0.14505647118173873,5e-05,0.0,0.0,0.0,0.5,0,0,0,0,0
c_2888,UBUSDT,1760400000000,0,train,control,,0.08153697380553719,0.1304310718584288,0,0.10848186421033232,1,0.8773860379603093,0,-0.0028706733088885083,-0.0013540858517706571,-0.0034260851170613647,0.29276570293707177,5e-05,0.0,0.0,0.0,0.5,0,0,0,0,0
c_2889,UBUSDT,1761822000000,0,train,control,,0.5842630996140593,0.6096001572377343,0,0.05159200261716314,1,0.9151193065540925,11,-0.0006746602862993376,0.0029624664369064598,0.010137605870638533,-0.09409900690992143,0.00027866,0.00017384000000000003,0.0,0.0,0.5,0,0,0,0,0
c_2890,UBUSDT,1762275600000,0,test,control,,0.4149368564573435,0.43620347485824107,0,0.04056464765071434,0,0.6731954013136042,17,-0.00901823130992648,0.0014876628286307574,0.002372106431243528,-0.04124705948170747,0.00041938,-0.00019742000000000002,0.0,0.0,0.5,0,0,0,0,0
c_2891,UBUSDT,1764640800000,0,test,control,,0.14456678888242,0.452982867670674,0,0.16216382922939923,1,0.9348997628799309,2,-0.0007181515403830815,-0.0026929091943365406,-0.0014787231077917735,-0.045681487429513556,5e-05,0.0,0.0,0.0,0.5,0,0,0,0,0
c_2892,UBUSDT,1768557600000,0,test,control,,0.33602106253073843,0.5707774189937864,0,-0.2116110020631309,0,0.817228297255077,10,-0.0006295207590221419,-0.004170244291305988,0.005980279562549792,-0.0471031349136165,9.434e-05,-0.00010135,0.0,0.0,0.5,0,0,0,0,0
c_2893,UBUSDT,1773288000000,0,test,control,,0.6525063843695124,0.3483330471215403,0,-0.2687914926026311,0,0.768199233716475,4,0.0023063736498617426,-0.006112712021086195,-0.020383669022261276,0.045202549308452716,5e-05,0.0,0.0,0.0,0.5,0,0,0,0,0
c_2894,UBUSDT,1779814800000,0,test,control,,2.10700253675697,1.2672159505982539,1,0.04186724701280804,1,0.9505151781176361,17,0.0007374650554015228,-0.004656250405926747,-0.02712589608934469,-0.09437065817231505,5e-05,0.0,3382.0182999999993,0.0,1.0,0,0,0,0,0
c_2895,UBUSDT,1761958800000,0,test,control,,0.6624569085626525,0.5263596750380181,0,-0.002999334218109481,1,0.8549142299986071,1,0.0012085000269264957,-0.010542861585765654,0.011466975804522092,-0.03543632289563095,5e-05,0.0,0.0,0.0,0.5,0,0,0,0,0
c_2896,UBUSDT,1765137600000,0,test,control,,1.3902729498483144,0.641675420720235,0,0.05392879008659283,0,0.9552935943060499,20,0.0005704737669662979,-0.0010162074795995106,0.005587127304439822,-0.008646539722286229,0.00041937,0.0001406,0.0,0.0,0.5,0,0,0,0,0
c_2897,UBUSDT,1768464000000,0,test,control,,4.020247739229052,1.807734371654363,1,0.16338352954668237,0,0.7340831492267523,8,0.004220584810884535,-0.004007149153868437,-0.017424896009859806,-0.08618929612626353,5e-05,-5.608e-05,0.0,0.0,0.5,0,0,0,0,0
c_2898,UBUSDT,1773309600000,0,test,control,,0.3850378075385862,0.32332803830578466,0,0.08672172066193741,1,0.7650862068965517,10,0.0007128022431799046,-0.012399760525712693,-0.03421826869915488,0.04094737294722889,5e-05,0.0,0.0,0.0,0.5,0,0,0,0,0
c_2899,UBUSDT,1779814800000,0,test,control,,2.10700253675697,1.2672159505982539,1,0.04186724701280804,1,0.9505151781176361,17,0.0007374650554015228,-0.004656250405926747,-0.02712589608934469,-0.09437065817231505,5e-05,0.0,3382.0182999999993,0.0,1.0,0,0,0,0,0
c_2900,UBUSDT,1762135200000,0,test,control,,0.3180446947845615,0.36548192159305654,0,0.06687591778195842,0,0.7648048344065744,2,-0.0007830439534695842,-0.0031669201401865114,-0.03957667638072297,0.0008305963066996408,6.755e-05,1.755e-05,0.0,0.0,0.5,0,0,0,0,0
c_2901,UBUSDT,1765400400000,0,test,control,,0.8523965502718857,0.9050628745107486,0,0.08065346819659863,0,0.941511500547645,21,-0.005431916464507931,-0.0027347760973940147,-0.007281483122432476,-0.008846423602723277,0.00011113,-0.00010810999999999999,0.0,0.0,0.5,0,0,0,0,0
c_2902,UBUSDT,1768734000000,0,test,control,,0.42780959087096543,0.4177976033482223,0,0.10426726247443988,0,0.9429667519181585,11,-0.0009807493807314114,-0.002443332415873642,-0.006460820644234389,0.036936033017166324,0.00020019,-0.00023202999999999999,0.0,0.0,0.5,0,0,0,0,0
c_2903,UBUSDT,1772679600000,0,test,control,,1.9055246779591066,1.374979899820315,0,0.15903431495156592,0,0.7119456652017578,3,-0.000536494004783054,-0.00043469467439332353,0.0020175951757933634,0.08389670672666891,5e-05,0.0,0.0,0.0,0.5,0,0,0,0,0
c_2904,UBUSDT,1779598800000,0,test,control,,1.4038976876154146,1.2451924169213822,0,-0.06281880795990351,0,0.7649425287356322,5,0.0005892874836381083,0.004435000473154432,0.016926722426447043,-0.092446959029471,5e-05,0.0,0.0,0.0,0.5,0,0,0,0,0
c_2905,UBUSDT,1762218000000,0,test,control,,0.30726855551346555,0.24810725590527447,0,0.009718996794360637,1,0.6865885932862608,1,-0.0010812434299444088,-0.002013621600171384,-0.012792154249692525,-0.051089956902290415,0.00018479,-5.246999999999999e-05,0.0,0.0,0.5,0,0,0,0,0
c_2906,UBUSDT,1764892800000,0,test,control,,0.1365992806381249,0.2997223901831126,0,0.30010605938832596,1,0.9203040173724213,0,-0.0028257065620751055,0.00042539790913288957,-0.0017539968286786733,-0.07302732675542925,7.377e-05,-0.00040563999999999997,0.0,0.0,0.5,0,0,0,0,0
c_2907,UBUSDT,1769292000000,0,test,control,,0.3024140829942952,1.124932344663347,1,0.6219321308030559,0,0.9534510433386838,22,7.723848894659833e-05,-0.0009618514144213956,0.024460849162065285,0.06369601444661029,5e-05,0.0,0.0,0.0,0.5,0,0,0,0,0
c_2908,UBUSDT,1773198000000,0,test,control,,0.49507908495199376,0.5501173283049859,0,0.00512378755741569,1,0.7511973180076629,3,-0.003564298749925113,0.0014700843167925175,-0.001745870922356085,0.10288140504300802,5e-05,0.0,0.0,0.0,0.5,0,0,0,0,0
c_2909,UBUSDT,1779814800000,0,test,control,,2.10700253675697,1.2672159505982539,1,0.04186724701280804,1,0.9505151781176361,17,0.0007374650554015228,-0.004656250405926747,-0.02712589608934469,-0.09437065817231505,5e-05,0.0,3382.0182999999993,0.0,1.0,0,0,0,0,0
c_2910,UBUSDT,1761987600000,0,test,control,,0.9846379499534105,1.2245023138169973,0,0.01773280861941923,1,0.7648048344065744,9,0.0015905432659579207,0.003909346323006927,-0.0046870083177663014,-0.020348482774498584,5e-05,0.0,0.0,0.0,0.5,0,0,0,0,0
c_2911,UBUSDT,1764889200000,0,test,control,,0.15251117754820684,0.41661039120391746,0,0.14214593776267606,0,0.9190010857763301,23,0.0020008424599831823,-0.0009702616137274834,-0.005813081604142166,-0.07334094710125333,0.00013953,-0.00018658000000000002,0.0,0.0,0.5,0,0,0,0,0
c_2912,UBUSDT,1768924800000,0,test,control,,8.276810781693484,9.197409895036106,3,0.1198586234997143,0,0.880187940485513,16,0.0016298936867311185,-0.01705188965442852,0.010351792919099928,0.03235005323672717,5e-05,-5.768999999999999e-05,0.0,0.0,0.5,0,0,0,0,0
c_2913,UBUSDT,1772521200000,0,test,control,,0.4743666846774888,0.6526177359613472,0,-0.10665272007231837,0,0.6699960047942469,7,0.002332443941830176,-0.003597722604059502,-0.02010751426646823,-0.0004820369120489623,5e-05,0.0,0.0,0.0,0.5,0,0,0,0,0
c_2914,UBUSDT,1779814800000,0,test,control,,2.10700253675697,1.2672159505982539,1,0.04186724701280804,1,0.9505151781176361,17,0.0007374650554015228,-0.004656250405926747,-0.02712589608934469,-0.09437065817231505,5e-05,0.0,3382.0182999999993,0.0,1.0,0,0,0,0,0
c_2915,UBUSDT,1762034400000,0,test,control,,0.6762421010882561,0.6333116827683153,0,0.10388310871493608,1,0.7021246959745423,22,-0.004922144576217099,-0.02007694648103376,-0.03250431108490038,0.008881702737391542,5e-05,-5.304e-05,0.0,0.0,0.5,0,0,0,0,0
c_2916,UBUSDT,1764871200000,0,test,control,,0.35172439696390717,0.6042563464597112,0,0.011414634374979778,1,0.9391965255157436,18,-5.9530252191795646e-05,1.844686610803407e-05,0.002508415873953093,-0.06960703554489409,0.00047941,0.00042940999999999997,0.0,0.0,0.5,0,0,0,0,0
c_2917,UBUSDT,1768399200000,0,test,control,,0.4655134822951736,0.6297190352542507,0,-0.18039485832861074,0,0.7182165093392248,14,-0.0008122767422651904,-0.0031092470690613555,-0.005635459880180425,0.043196945912077046,0.00014013,1.30000000000014e-07,0.0,0.0,0.5,0,0,0,0,0
c_2918,UBUSDT,1772668800000,0,test,control,,0.3708018852313808,0.358111128199238,0,0.12336057305845258,0,0.6701957650819018,0,-0.0005159681833379427,-0.0016402640473128182,-0.005645673017931953,0.08590187516598725,5e-05,0.0,0.0,0.0,0.5,0,0,0,0,0
c_2919,UBUSDT,1779814800000,0,test,control,,2.10700253675697,1.2672159505982539,1,0.04186724701280804,1,0.9505151781176361,17,0.0007374650554015228,-0.004656250405926747,-0.02712589608934469,-0.09437065817231505,5e-05,0.0,3382.0182999999993,0.0,1.0,0,0,0,0,0
c_2920,UBUSDT,1762232400000,0,test,control,,0.46794336212685717,0.6301832002037978,0,-0.07678934324241182,0,0.6446946887957914,5,-0.003682635960603958,0.0012160211342241898,-0.030283995749968484,-0.04049473382902235,0.0003098,0.00018673,0.0,0.0,0.5,0,0,0,0,0
c_2921,UBUSDT,1765072800000,0,test,control,,2.1955755173169083,0.8549023454267268,1,-0.27010546304278377,0,0.9208185053380783,2,-0.0011560719517695612,-0.0014488608642693951,0.002633883444238431,0.0030557772130209012,0.00018337,6.105999999999999e-05,0.0,0.0,0.5,0,0,0,0,0
c_2922,UBUSDT,1769389200000,0,test,control,,1.1162281684476085,2.413039879444315,1,-0.23829332987961366,0,0.9618798955613577,1,0.0020720567847450446,-0.0024544407661367135,-0.054482310496674756,-0.027001735561089556,0.00019501,0.00014501,0.0,0.0,0.5,0,0,0,0,0
c_2923,UBUSDT,1772726400000,0,test,control,,1.0707201868579317,1.1616243592104496,0,0.19581134033967654,1,0.7976853836262324,16,-0.013269086885650235,-0.001377980466348769,0.012636118381836585,0.10283955048767865,5e-05,0.0,0.0,0.0,0.5,0,0,0,0,0
c_2924,UBUSDT,1779814800000,0,test,control,,2.10700253675697,1.2672159505982539,1,0.04186724701280804,1,0.9505151781176361,17,0.0007374650554015228,-0.004656250405926747,-0.02712589608934469,-0.09437065817231505,5e-05,0.0,3382.0182999999993,0.0,1.0,0,0,0,0,0
c_2925,UBUSDT,1762189200000,0,test,control,,0.7079151267483772,0.7494249747406126,0,-0.09604994200676288,0,0.6814456075687607,17,0.008751518178412894,-0.005381735572957006,-0.033982681590369025,-0.05147491334437375,0.00023726,0.00018726,0.0,0.0,0.5,0,0,0,0,0
c_2926,UBUSDT,1765335600000,0,test,control,,2.1873660783567312,0.7508652060175053,1,-0.023087042184131046,0,0.925301204819277,3,0.00204293745143282,-0.006346397593568505,-0.02210743773608979,-0.005479439027753262,0.00041185,0.00022977000000000002,0.0,0.0,0.5,0,0,0,0,0
c_2927,UBUSDT,1768377600000,0,test,control,,0.34016056933042504,0.7868948315400555,0,-0.23868385907654296,0,0.7182165093392248,8,0.001913990448998186,-0.0025112759658850498,-0.006925072168286037,0.039491753884221215,0.00014,-0.00030767,0.0,0.0,0.5,0,0,0,0,0
c_2928,UBUSDT,1773442800000,0,test,control,,0.7516197547195298,0.3003246690235204,0,-0.05893881970826841,0,0.824796427633307,23,-0.003902165821643059,-0.007864177568719682,-0.012064681623407751,-0.05712048030426147,5e-05,0.0,0.0,0.0,0.5,0,0,0,0,0
c_2929,UBUSDT,1779354000000,0,test,control,,0.9402251904109972,1.3102238775771042,0,-0.00756045738129718,0,0.4183838383838384,9,0.0005382407876043883,0.009151933988925998,0.09593139164244739,-0.038047574151395966,5e-05,0.0,0.0,0.0,0.5,0,0,0,0,0
c_2930,UBUSDT,1761958800000,0,test,control,,0.6624569085626525,0.5263596750380181,0,-0.002999334218109481,1,0.8549142299986071,1,0.0012085000269264957,-0.010542861585765654,0.011466975804522092,-0.03543632289563095,5e-05,0.0,0.0,0.0,0.5,0,0,0,0,0
c_2931,UBUSDT,1765378800000,0,test,control,,0.47784593736690645,0.6523122101354643,0,-0.1412271702048167,0,0.923986856516977,15,-0.0028309286010694285,-0.0005861960159384556,-0.0004626618107892734,-0.00801856247420363,0.00021924,2.3280000000000008e-05,0.0,0.0,0.5,0,0,0,0,0
c_2932,UBUSDT,1769349600000,0,test,control,,0.18201756986735135,0.2911048840436193,0,0.34172102327026405,0,0.9670506295204928,14,0.0013870109969353458,-0.0011488793833556387,0.004759363970656171,0.06728609954515218,5e-05,0.0,0.0,0.0,0.5,0,0,0,0,0
c_2933,UBUSDT,1772557200000,0,test,control,,0.8181814462514063,1.6465688666793301,1,0.16291146772523976,1,0.6400319616460247,17,0.006572367692137152,-0.014716075853937732,0.005327342963279795,-0.037664229850859265,5e-05,0.0,0.0,0.0,0.5,0,0,0,0,0
c_2934,UBUSDT,1779814800000,0,test,control,,2.10700253675697,1.2672159505982539,1,0.04186724701280804,1,0.9505151781176361,17,0.0007374650554015228,-0.004656250405926747,-0.02712589608934469,-0.09437065817231505,5e-05,0.0,3382.0182999999993,0.0,1.0,0,0,0,0,0
c_2935,UBUSDT,1761958800000,0,test,control,,0.6624569085626525,0.5263596750380181,0,-0.002999334218109481,1,0.8549142299986071,1,0.0012085000269264957,-0.010542861585765654,0.011466975804522092,-0.03543632289563095,5e-05,0.0,0.0,0.0,0.5,0,0,0,0,0
c_2936,UBUSDT,1764522000000,0,test,control,,0.20574372462225718,0.31400858182902774,0,0.06507057960775828,0,0.9245527053244234,17,0.004196670233179856,0.006948124757882195,-0.00581953653224152,-0.04360708668955349,0.00024108,-0.00032217,0.0,0.0,0.5,0,0,0,0,0
c_2937,UBUSDT,1768935600000,0,test,control,,1.6755759163048083,3.141379557668726,1,0.09158056710918312,0,0.8984599321326026,19,-0.002986418481918796,-0.024279856440159245,-0.035496750576401906,0.024530663169788816,5e-05,-7.027999999999998e-05,0.0,0.0,0.5,0,0,0,0,0
c_2938,UBUSDT,1773306000000,0,test,control,,0.6120216204571644,0.32887905859455885,0,-0.0666998817838205,0,0.7662835249042146,9,0.0011822431379742227,-0.012360167873335201,-0.024217652494468448,0.04392044847616988,5e-05,0.0,0.0,0.0,0.5,0,0,0,0,0
c_2939,UBUSDT,1779735600000,0,test,control,,1.1353024448226388,2.3751648060631774,3,0.07893598167894487,1,0.915232185748599,19,-0.00014834268967225297,-0.007287441478599982,-0.09839083010619057,-0.11910383070741318,5e-05,0.0,30.739200000000004,0.0,1.0,0,0,0,0,0
c_2940,UBUSDT,1762549200000,0,test,control,,0.19557184870971706,0.3563932540906647,0,-0.022035556692845158,1,0.631342558873513,21,0.0035645863570391307,0.0014801626237814064,0.0002740838339196421,0.10038466827984972,0.00011217,9.650000000000004e-06,0.0,0.0,0.5,0,0,0,0,0
c_2941,UBUSDT,1764838800000,0,test,control,,0.7958273421654224,0.8650692426518173,0,-0.004954227555218145,1,0.905971769815418,9,-0.0014771001278940422,-0.009208878033198656,-0.0026279223529654845,-0.0651185133781983,5e-05,0.0,0.0,0.0,0.5,0,0,0,0,0
c_2942,UBUSDT,1768410000000,0,test,control,,0.9234629322324148,0.7845212209518989,0,0.03220510804402392,1,0.7111869853384213,17,0.005587851722843412,0.0004446931910315122,-0.003593435756964546,0.035441500415001395,7.556e-05,-3.096e-05,0.0,0.0,0.5,0,0,0,0,0
c_2943,UBUSDT,1772506800000,0,test,control,,0.5056141561945504,0.4905870056634501,0,-0.12358569355733844,0,0.6761885737115461,3,-0.003586779697517337,-0.001622074425907391,-0.004394671272420402,-0.004065538060240681,5e-05,0.0,0.0,0.0,0.5,0,0,0,0,0
c_2944,UBUSDT,1779210000000,0,test,control,,0.7139802277162479,1.0555356117788832,0,0.013847733319455166,0,0.5042424242424243,17,0.004842596018455321,-0.009185747509103162,-0.06478662995827865,-0.0716121338359236,5e-05,0.0,0.0,0.0,0.5,0,0,0,0,0
c_2945,UBUSDT,1761958800000,0,test,control,,0.6624569085626525,0.5263596750380181,0,-0.002999334218109481,1,0.8549142299986071,1,0.0012085000269264957,-0.010542861585765654,0.011466975804522092,-0.03543632289563095,5e-05,0.0,0.0,0.0,0.5,0,0,0,0,0
c_2946,UBUSDT,1764770400000,0,test,control,,2.429238936763055,0.978681783934826,1,-0.6039464720187965,1,0.9301573615003234,14,0.0021026611098132033,-0.0010578329028984254,-0.015617479677746255,-0.06461474651666294,5e-05,0.0,0.0,0.0,0.5,0,0,0,0,0
c_2947,UBUSDT,1768312800000,0,test,control,,0.5575485943350555,0.8313506888677199,0,-0.10777445596304047,0,0.7087768628238602,14,-0.0005995034547472321,0.0009819935703720274,0.008608357062991798,0.06326204540404179,5e-05,0.0,0.0,0.0,0.5,0,0,0,0,0
c_2948,UBUSDT,1773540000000,0,test,control,,0.08376856436135259,0.107745701919784,0,-0.04658801275453011,0,0.9328878558977339,2,0.00014658127367863651,-0.00039478878799842083,-0.003354834855720767,-0.08574094123418136,5e-05,0.0,0.0,0.0,0.5,0,0,0,0,0
c_2949,UBUSDT,1779465600000,0,test,control,,2.3562430548252618,3.0557427048536274,3,-0.022501796014471546,1,0.46477558639720806,16,0.00028539928532883704,0.000697328519661574,-0.06357642747016658,-0.1120408161136349,5e-05,0.0,0.0,0.0,0.5,0,0,0,0,0
c_2950,UBUSDT,1761958800000,0,test,control,,0.6624569085626525,0.5263596750380181,0,-0.002999334218109481,1,0.8549142299986071,1,0.0012085000269264957,-0.010542861585765654,0.011466975804522092,-0.03543632289563095,5e-05,0.0,0.0,0.0,0.5,0,0,0,0,0
c_2951,UBUSDT,1765346400000,0,test,control,,0.9302290133095398,0.9542356773737825,1,0.22734631971847144,0,0.9309967141292442,6,1.4052945010857633e-05,0.001638963505930269,-0.0007564922481956591,-0.012001968294094282,0.00019596,-3.0200000000000002e-05,0.0,0.0,0.5,0,0,0,0,0
c_2952,UBUSDT,1769108400000,0,test,control,,0.3924227989609771,1.8343565711748053,1,-0.038854603312935276,0,0.931610545549465,19,-0.0022849162011173182,8.571398344834912e-05,0.010578162027439603,0.05454117683166975,6.844e-05,1.844e-05,0.0,0.0,0.5,0,0,0,0,0
c_2953,UBUSDT,1773428400000,0,test,control,,0.2286080348237831,0.724750166194927,0,-0.14802840135465706,0,0.8099871959026888,19,0.0002901428883302815,-0.0023213847991279814,-0.0038571174152991178,-0.029719581454452887,5e-05,0.0,0.0,0.0,0.5,0,0,0,0,0
c_2954,UBUSDT,1779530400000,0,test,control,,2.8761878497412234,2.253717176221224,2,-0.037675337895657926,1,0.5392900417358525,10,-0.0003321947625745484,0.010744968560971346,0.04841533625076049,-0.07084466217867645,5e-05,0.0,3737.8755,0.0,1.0,0,0,0,0,0
c_2955,UBUSDT,1761958800000,0,test,control,,0.6624569085626525,0.5263596750380181,0,-0.002999334218109481,1,0.8549142299986071,1,0.0012085000269264957,-0.010542861585765654,0.011466975804522092,-0.03543632289563095,5e-05,0.0,0.0,0.0,0.5,0,0,0,0,0
c_2956,UBUSDT,1765281600000,0,test,control,,0.45583955631171486,0.5169272078417646,0,-0.13602267317605465,1,0.9290251916757941,12,0.0009550643338869134,0.0002515265782073471,-0.0032867445052560834,0.013272498880655355,0.00070022,0.00055174,0.0,0.0,0.5,0,0,0,0,0
c_2957,UBUSDT,1768273200000,0,test,control,,0.48909131756453567,0.5438514096693154,0,0.01899881214998956,0,0.706366740309299,3,-0.000700985328673198,0.0007236864249890605,9.886530525175783e-05,0.06484184329534755,5e-05,0.0,0.0,0.0,0.5,0,0,0,0,0
c_2958,UBUSDT,1772895600000,0,test,control,,0.9975713480631878,1.0135379763447547,0,-0.0006455802464049165,0,0.8122605363984674,15,0.0013079731865497186,-0.004891459957636329,-0.037285677511049234,0.12571242956644751,5e-05,0.0,0.0,0.0,0.5,0,0,0,0,0
c_2959,UBUSDT,1779814800000,0,test,control,,2.10700253675697,1.2672159505982539,1,0.04186724701280804,1,0.9505151781176361,17,0.0007374650554015228,-0.004656250405926747,-0.02712589608934469,-0.09437065817231505,5e-05,0.0,3382.0182999999993,0.0,1.0,0,0,0,0,0
c_2960,UBUSDT,1761958800000,0,test,control,,0.6624569085626525,0.5263596750380181,0,-0.002999334218109481,1,0.8549142299986071,1,0.0012085000269264957,-0.010542861585765654,0.011466975804522092,-0.03543632289563095,5e-05,0.0,0.0,0.0,0.5,0,0,0,0,0
c_2961,UBUSDT,1765155600000,0,test,control,,0.4089728931094679,1.0826918130238268,0,0.1187175153762981,1,0.9601868327402135,1,-0.00047263059325651437,-0.0023540518928139216,0.02702314261919678,-0.00176925144501876,5e-05,0.0,0.0,0.0,0.5,0,0,0,0,0
c_2962,UBUSDT,1768881600000,0,test,control,,2.329795460696748,1.128178503853431,1,-0.09560831684963993,0,0.9415296267293135,4,-0.0013175686265184106,0.015879471376602082,0.01873915022149146,-0.01977291994443939,0.00013403,8.403e-05,0.0,0.0,0.5,0,0,0,0,0
c_2963,UBUSDT,1772974800000,0,test,control,,0.9431855269307391,1.0792505390698346,0,-0.20114731885252382,0,0.7725095785440612,13,-0.003022670025188917,-0.002507892049508136,-0.0009675003930713584,0.17270716620755283,5e-05,0.0,0.0,0.0,0.5,0,0,0,0,0
c_2964,UBUSDT,1779732000000,0,test,control,,2.6504907001898834,3.020112056124971,4,-0.015266394812763293,0,0.9262409927942353,18,-0.0022047892707978416,-0.056400787800618746,-0.08043900537353542,-0.11580213761812788,5e-05,0.0,0.0,6621.8209,0.0,0,0,0,0,0
c_2965,UBUSDT,1762516800000,0,test,control,,0.2488480909012686,0.22386926273865065,0,-0.04851656683755018,0,0.6431831480397894,12,-0.0035363508473044715,0.0026417756759848977,0.0010924704454187448,0.12182361502581687,0.00027082,0.00022082000000000002,0.0,0.0,0.5,0,0,0,0,0
c_2966,UBUSDT,1764961200000,0,test,control,,0.5260765095399744,0.9982420245708344,1,-0.24309020754932523,0,0.9187472623740692,19,-0.004305589313536382,-0.000910878157291447,-0.0052660239521120315,-0.03150933258718006,0.00014593,-5.405999999999998e-05,0.0,0.0,0.5,0,0,0,0,0
c_2967,UBUSDT,1768701600000,0,test,control,,0.8116611534710564,0.6320219520774762,0,-0.13081131853290506,1,0.9396419437340153,2,-0.001516727654825725,-0.0016735857723542003,-0.0055833897715407265,0.039427147353047705,0.00043222,2.9310000000000002e-05,0.0,0.0,0.5,0,0,0,0,0
c_2968,UBUSDT,1772640000000,0,test,control,,1.661958393302685,2.9101193331873887,3,-0.021265036066599557,0,0.6727926488214143,16,0.024576525729772734,-0.002506380274444269,0.03446717489958901,0.05386341059676233,5e-05,0.0,0.0,0.0,0.5,0,0,0,0,0
c_2969,UBUSDT,1779735600000,0,test,control,,1.1353024448226388,2.3751648060631774,3,0.07893598167894487,1,0.915232185748599,19,-0.00014834268967225297,-0.007287441478599982,-0.09839083010619057,-0.11910383070741318,5e-05,0.0,30.739200000000004,0.0,1.0,0,0,0,0,0
c_2970,UBUSDT,1762210800000,0,test,control,,0.1407141756905619,0.22600439369286265,0,0.06400024923352624,0,0.6943030718625108,23,-0.003815654384258924,-0.0006790463313881337,-0.004581615611525507,-0.054462395911190856,0.00012307,7.307e-05,0.0,0.0,0.5,0,0,0,0,0
c_2971,UBUSDT,1764684000000,0,test,control,,5.143395289549078,1.4417208395394334,1,-0.07514379713521045,0,0.9111877559818927,14,0.005339028908944129,0.003679824093926494,-0.0002457698550075168,-0.04605345122036989,5e-05,0.0,0.0,0.0,0.5,0,0,0,0,0
c_2972,UBUSDT,1768651200000,0,test,control,,0.6108227065121865,3.366639756473775,1,-0.05957096392252902,1,0.9319693094629156,12,0.0021803472147719663,-0.001637410523725268,0.011644455221968263,0.03199949660315118,0.00015632,-7.132000000000002e-05,0.0,0.0,0.5,0,0,0,0,0
c_2973,UBUSDT,1773154800000,0,test,control,,1.6034691609550662,1.5954969946866016,1,-0.037669813729211965,0,0.7672413793103449,15,0.022208326118966226,-0.0035313422168272313,-0.00302130342447571,0.11870791485215669,5e-05,0.0,0.0,0.0,0.5,0,0,0,0,0
c_2974,UBUSDT,1779814800000,0,test,control,,2.10700253675697,1.2672159505982539,1,0.04186724701280804,1,0.9505151781176361,17,0.0007374650554015228,-0.004656250405926747,-0.02712589608934469,-0.09437065817231505,5e-05,0.0,3382.0182999999993,0.0,1.0,0,0,0,0,0
p_595,WLDUSDT,1721131200000,1,train,main,48.3071,1.3840625849093047,1.8495282316276724,2,-0.025142481458556378,1,0.9327044025157233,12,0.0049760032048299565,-0.0035588875243854124,-0.05299710931139542,-0.07233350584492004,0.0001,0.00015248,0.0,0.0,0.5,0,0,0,0,0
p_596,WLDUSDT,1727204400000,1,train,main,22.9455,1.0764814985963773,1.495099718783665,1,-0.05702936565658297,0,0.9513328171662426,19,-0.0007389394414809938,0.020705076514133388,0.04524837552810891,-0.05101821585400303,0.0001,0.0,0.0,0.0,0.5,0,0,0,0,0
p_597,WLDUSDT,1731301200000,1,train,main,29.4629,1.961129550179915,2.0703520370256814,2,-0.012733801827356452,0,0.9651082846338949,5,-0.0022250142048237265,-0.002407575054925597,0.02016799983718609,0.20897221268791377,0.00014904,4.903999999999999e-05,0.0,0.0,0.5,0,1,0,0,0
p_598,WLDUSDT,1737471600000,1,train,main,28.4558,1.7614613437777737,1.4182492118578194,0,-0.11957322199586606,0,0.7958634605683538,15,-0.01114352034504021,-0.005158894111530752,-0.02096045151407194,0.10157749496361537,0.0001,0.0,0.0,0.0,0.5,0,1,0,0,0
p_599,WLDUSDT,1738544400000,1,train,main,23.9042,5.248930382312487,4.107103140372649,3,-0.02760020339174468,0,0.6694285427337551,1,-0.012285938083950608,-0.02189991527195418,-0.018536645193519607,0.013162495611413527,-4.273e-05,-0.00010921999999999999,0.0,0.0,0.5,0,0,0,0,0
p_600,WLDUSDT,1747850400000,1,train,main,39.6757,6.661786611844742,5.704452003875751,3,-0.0610588326875098,0,0.8912673879443586,18,-0.023227122782671743,-0.0049012881700761625,0.05773814313347256,0.13718215604874906,0.0001,4.449e-05,0.0,0.0,0.5,0,0,0,0,0
p_601,WLDUSDT,1757289600000,1,train,main,68.4307,1.4534314864662756,1.37286312745498,0,-0.03384275325544562,0,0.9582133902869348,0,-0.0010962437240271102,-0.0009956488399773232,-0.04483414379611117,0.04580999000012026,0.0001,0.0,0.0,0.0,0.5,0,0,0,0,0
p_602,WLDUSDT,1760130000000,1,train,main,24.5185,7.161157305837523,3.6341727742979497,3,-0.16517186261762754,0,0.7751143236465555,21,-0.020644859195937088,-0.03211623202973216,-0.04149838069226858,0.20250394882697542,0.0001,0.0,0.0,0.0,0.5,0,0,0,0,0
p_603,WLDUSDT,1769616000000,1,test,main,38.2089,2.040457559906298,1.750492206150336,2,-0.17364081827841252,0,0.9356880359330338,16,-0.0014925523091024664,0.0036332568047641213,-0.000919750646609049,0.04970366301824632,0.0001,0.0,0.0,0.0,0.5,0,0,0,0,0
p_604,WLDUSDT,1770336000000,1,test,main,20.1171,3.347021935339895,5.708541310345766,4,0.05920934674474609,1,0.7059664895790764,0,-0.015820609999890396,-0.0007077343514050128,0.006374593011635087,0.15357307095579265,-0.00012392,3.285000000000001e-05,0.0,0.0,0.5,0,1,0,0,0
p_605,WLDUSDT,1779372000000,1,test,main,15.274,3.744824968143901,2.7320445964511424,2,0.06673375253469775,0,0.959810010960906,14,-0.001992387758272412,0.02357817058053556,0.0259728747067716,-0.0004423567069304713,-1.459e-05,0.00037492,1241.6205699999998,0.0,1.0,0,0,0,1,0
p_606,WLDUSDT,1779721200000,1,test,main,33.4652,1.580311194208161,1.7024690609419841,1,-0.0013128252944803805,0,0.9667943805874841,15,0.004842041807402235,0.0016847698348302204,-0.01004877902534513,-0.021894664061270566,6.519e-05,0.00014861,0.0,18.83226,0.0,0,0,0,1,0
p_607,WLDUSDT,1721131200000,1,train,fast,12.1731,1.3840625849093047,1.8495282316276724,2,-0.025142481458556378,1,0.9327044025157233,12,0.0049760032048299565,-0.0035588875243854124,-0.05299710931139542,-0.07233350584492004,0.0001,0.00015248,0.0,0.0,0.5,0,0,0,0,0
p_608,WLDUSDT,1721138400000,1,train,fast,11.2707,25.447178442423443,7.711497341528392,2,0.02893118335585852,0,0.9837481161663477,14,-0.0050695215030895835,0.1645346164638742,0.10959164965006832,-0.1349179996676324,0.0001,0.00015248,0.0,0.0,0.5,0,0,0,0,0
p_609,WLDUSDT,1731366000000,1,train,fast,10.4919,2.8004550016356395,2.4339771707781086,2,-0.06153106582191326,1,0.9989584635253926,23,0.0011342301100589949,-0.008725241243320418,0.08033446981512829,0.22800978472999064,0.00011649,-3.254999999999999e-05,0.0,0.0,0.5,0,1,0,0,0
p_610,WLDUSDT,1733410800000,1,train,fast,12.0325,1.7192625767631688,1.689840551876741,1,-0.010635456454936139,1,0.9567985447930877,15,0.0069416770827460846,0.002550029663378949,0.008035041844335292,-0.051302555538340136,0.00068421,0.00017088,0.0,0.0,0.5,0,1,0,0,0
p_611,WLDUSDT,1737475200000,1,train,fast,17.7956,1.13327807290826,1.3444425914222224,0,-0.05563834075418872,1,0.7995207667731629,16,0.0064339508079722186,0.022117668581078085,0.014943648143356941,0.08826961939900026,0.0001,0.0,0.0,0.0,0.5,0,1,0,0,0
p_612,WLDUSDT,1745622000000,1,train,fast,10.1108,2.3117905069788316,2.8694995416663467,3,-0.03522928553661936,1,0.9989680082559339,23,0.0025457429931252996,-0.013166613676363024,0.025298160252854817,0.057415276561522746,0.0001,0.0,0.0,0.0,0.5,0,0,0,0,0
p_613,WLDUSDT,1747918800000,1,train,fast,10.8766,1.0883024688538903,1.4203968549892332,1,0.036223429509566814,0,0.9872488408037094,13,0.005661409664867183,0.0127477401636203,0.006998692085837169,0.14114714705328843,0.0001,0.0,0.0,0.0,0.5,0,0,0,0,0
p_614,WLDUSDT,1757336400000,1,train,fast,14.9347,13.04556165753362,14.003724430952367,4,0.05114421957151856,0,0.9685467207469198,13,-0.00028476549249249414,-0.013391144482103323,-0.06183583795749802,0.009173874758176132,0.0001,0.0,0.0,0.0,0.5,0,0,0,0,0
p_615,WLDUSDT,1757372400000,1,train,fast,11.5465,8.088458905922566,6.373816674111309,4,-0.0032472523489991316,0,0.9513836477987421,23,-0.0007579819687580124,-0.0005860636963362199,0.005117904088994874,-0.0016390356345153956,5.556e-05,-4.444e-05,0.0,0.0,0.5,0,0,0,0,0
p_616,WLDUSDT,1769630400000,1,test,fast,19.4154,1.6817984095104068,1.5686906006490946,0,-0.07877284377853068,1,0.9371802741968488,20,-0.001535178377895154,0.0019279453041629393,-0.00156731180249962,0.03412918363593076,0.0001,0.0,0.0,0.0,0.5,0,0,0,0,0
c_2975,WLDUSDT,1714806000000,0,train,control,,,,0,-0.016233629949698986,0,0.9738982337294525,7,-0.006734660378668857,-0.0005688981278106122,0.014814947576552284,,0.0001,0.0,0.0,0.0,0.5,0,0,0,0,0
c_2976,WLDUSDT,1723809600000,0,train,control,,0.5969650146758219,0.5332556629595778,0,-0.045376045473369535,0,0.8116557734204792,12,-0.00062322684258547,0.0009427226665716755,0.009036147101177339,-0.03033982102211599,-0.00029231,-6.434999999999999e-05,0.0,0.0,0.5,0,0,0,0,0
c_2977,WLDUSDT,1739973600000,0,train,control,,0.5977640652880905,0.7160816854641036,0,-0.04918205135736769,1,0.8578888474449832,14,0.001217096776878074,0.004718059690576406,0.006142810511297291,0.10951191901710478,0.0001,0.00023443,0.0,0.0,0.5,0,0,0,0,0
c_2978,WLDUSDT,1748473200000,0,train,control,,0.8999333183511438,0.9598643415583541,0,-0.08394596670090343,0,0.8156729544489597,23,-0.0009204555184520035,0.0010627227210539916,-0.006654564750565297,-0.03509850240132922,3.17e-06,-9.683e-05,0.0,0.0,0.5,0,0,0,0,0
c_2979,WLDUSDT,1760436000000,0,train,control,,1.3189528666635628,2.250770985712253,2,-0.017669516895837876,1,0.711654566297287,10,-0.004570100073289941,0.004020029399386624,-0.012913548020827167,0.18050195207563252,-3.383e-05,-0.00013032,0.0,0.0,0.5,0,0,0,0,0
c_2980,WLDUSDT,1714608000000,0,train,control,,,,0,-0.11254974011140599,0,0.9912985988184863,0,0.007772490878514378,-0.006840599623619355,-0.007247137862093759,,0.0001,0.0,0.0,0.0,0.5,0,0,0,0,0
c_2981,WLDUSDT,1726938000000,0,train,control,,0.7315981886781288,1.0793200227997408,0,-0.10071430851177333,0,0.9515603718836975,17,0.0007205455242245822,-0.004478593377467503,0.0068144071070781985,0.12358738757636117,5.578e-05,-4.422000000000001e-05,0.0,0.0,0.5,0,0,0,0,0
c_2982,WLDUSDT,1736416800000,0,train,control,,0.961851361096267,1.3178119058923559,1,0.028466011473127276,0,0.7769535290131603,10,0.0052168638808262864,-0.0025329061107215163,-0.02032651378377342,-0.08964046641431993,0.0001,7.721e-05,0.0,0.0,0.5,0,0,0,0,0
c_2983,WLDUSDT,1750122000000,0,train,control,,6.809455186863284,3.358745243510641,3,-0.03294714535336272,0,0.7790716745940626,1,0.004275405831001508,0.015231373219269194,-0.027011012998684775,-0.015761294921421677,0.0001,7.112000000000001e-05,0.0,0.0,0.5,0,0,0,0,0
c_2984,WLDUSDT,1761868800000,0,train,control,,1.181437935841831,0.9568226664409041,0,0.08855724668521252,0,0.8258886931288217,0,0.0037530583995542587,0.008460589242425647,0.005829752411197745,0.12851371350373939,-0.00041725,-0.00024073999999999998,0.0,0.0,0.5,0,0,0,0,0
c_2985,WLDUSDT,1715014800000,0,train,control,,,,0,-0.057456687803000096,0,0.9165379379961153,17,-0.006803480514089735,0.01155645184314275,0.05165770477836421,,0.0001,0.0,0.0,0.0,0.5,0,0,0,0,0
c_2986,WLDUSDT,1726437600000,0,train,control,,2.323756965603519,1.4726523310298993,1,-0.12643051297828153,0,0.913019287833828,22,-0.0023123089458915876,-0.01898504437947357,-0.024852115568309945,0.03463673454762149,5.322e-05,-4.678e-05,0.0,0.0,0.5,0,0,0,0,0
c_2987,WLDUSDT,1740510000000,0,train,control,,2.018026649089662,1.9744914276973229,3,-0.1624570462728044,0,0.8060615221827526,19,-0.0021440110433766685,-0.013438884843825131,-0.01154316509560817,0.59089770929595,3.063e-05,0.00016204,0.0,0.0,0.5,0,0,0,0,0
c_2988,WLDUSDT,1749729600000,0,train,control,,0.8966951374567038,1.1488976415204861,0,-0.037579738353351724,0,0.8831392488108906,12,-0.003915811451954232,0.002506922689659179,-0.003616737286039523,-0.010521523962651835,-0.00026833,-0.00036076,0.0,0.0,0.5,0,0,0,0,0
c_2989,WLDUSDT,1761868800000,0,train,control,,1.181437935841831,0.9568226664409041,0,0.08855724668521252,0,0.8258886931288217,0,0.0037530583995542587,0.008460589242425647,0.005829752411197745,0.12851371350373939,-0.00041725,-0.00024073999999999998,0.0,0.0,0.5,0,0,0,0,0
c_2990,WLDUSDT,1714712400000,0,train,control,,,,0,-0.0871281648559132,0,0.990594772586952,5,-0.001958520906247354,0.020627222138037974,0.06424006805325959,,0.0001,0.0,0.0,0.0,0.5,0,0,0,0,0
c_2991,WLDUSDT,1725055200000,0,train,control,,0.6686470839794825,1.4263422548635971,1,0.11553489791526503,0,0.7623336537975004,22,0.00011860788234098071,0.003240722844723986,-0.019676973692754854,0.1114245042085126,-0.00023113,-0.00012426,0.0,0.0,0.5,0,0,0,0,0
c_2992,WLDUSDT,1736726400000,0,train,control,,0.7276172182599795,0.8505396970046908,0,0.13580532327147016,0,0.7651128784906738,0,0.0062397579059116914,0.005362402029403146,-0.005873986303987917,-0.12327069943055927,0.0001,0.0,0.0,0.0,0.5,0,0,0,0,0
c_2993,WLDUSDT,1749024000000,0,train,control,,0.494531487933615,0.480172255077986,0,-0.012665211855051732,0,0.8440806405490421,8,9.881253931118329e-05,0.0013220181509295975,-0.006171269548176604,0.29956394411336823,9.045e-05,5.526e-05,0.0,0.0,0.5,0,0,0,0,0
c_2994,WLDUSDT,1761868800000,0,train,control,,1.181437935841831,0.9568226664409041,0,0.08855724668521252,0,0.8258886931288217,0,0.0037530583995542587,0.008460589242425647,0.005829752411197745,0.12851371350373939,-0.00041725,-0.00024073999999999998,0.0,0.0,0.5,0,0,0,0,0
c_2995,WLDUSDT,1714608000000,0,train,control,,,,0,-0.11254974011140599,0,0.9912985988184863,0,0.007772490878514378,-0.006840599623619355,-0.007247137862093759,,0.0001,0.0,0.0,0.0,0.5,0,0,0,0,0
c_2996,WLDUSDT,1725170400000,0,train,control,,1.0491560632214578,0.7428292510459825,0,-0.09390299036393425,0,0.7765475060634821,6,-0.007873530454076233,-0.003954065525168511,0.017440706457333546,0.10376278823725507,-1.05e-06,-9.127e-05,0.0,0.0,0.5,0,0,0,0,0
c_2997,WLDUSDT,1736506800000,0,train,control,,0.8721276006994017,1.083976172620671,0,-0.015927265957837895,1,0.7799136916437818,11,0.004487258655469165,0.007881326357324945,0.009334204706126979,-0.08161594038781145,6.797e-05,-9.29e-06,0.0,0.0,0.5,0,0,0,0,0
c_2998,WLDUSDT,1751644800000,0,train,control,,1.4764764216972655,1.481635963873692,1,-0.0558966261787067,0,0.8851275795466097,16,-0.002113907899315652,-0.0068612773700091854,-0.013542932235636655,0.05307847841504238,0.0001,0.0,0.0,0.0,0.5,0,0,0,0,0
c_2999,WLDUSDT,1761775200000,0,train,control,,0.7202610880526822,2.4884863939699953,1,0.19628412876284407,1,0.9160534770442533,22,0.001672772330567853,-0.004738246942251071,-0.021211803315672285,0.10617869900878799,0.0001,0.00018996,0.0,0.0,0.5,0,0,0,0,0
c_3000,WLDUSDT,1714608000000,0,train,control,,,,0,-0.11254974011140599,0,0.9912985988184863,0,0.007772490878514378,-0.006840599623619355,-0.007247137862093759,,0.0001,0.0,0.0,0.0,0.5,0,0,0,0,0
c_3001,WLDUSDT,1728237600000,0,train,control,,1.8146635410022303,3.4590446614391936,3,0.014810310898541372,1,0.9270048789730473,18,-0.00017101940350984705,0.03098454689765875,0.026707937954182144,-0.0015797977141779052,-7.23e-06,-0.00010723,0.0,0.0,0.5,0,0,0,0,0
c_3002,WLDUSDT,1736463600000,0,train,control,,0.9315082021395847,1.516957542802645,1,-0.02254763465209518,1,0.7584435964192731,23,0.003799452348806702,0.00283859142105821,0.00571635567182711,-0.08381881791569645,7.726e-05,0.00010708,0.0,0.0,0.5,0,0,0,0,0
c_3003,WLDUSDT,1751410800000,0,train,control,,0.5017679904518393,0.8636875425152549,0,0.032631875503408916,1,0.8859347304764884,23,-0.0014914969541116145,0.0026869003526290127,0.008992131235626775,0.05328855677950889,-3.28e-05,-0.0001328,0.0,0.0,0.5,0,0,0,0,0
c_3004,WLDUSDT,1760706000000,0,train,control,,0.853053625723636,1.7976179972628206,2,-0.020617043461350824,0,0.6578525028658769,13,-0.0030934424133963676,-0.006216174366595179,-0.00828217612799883,0.14486369157177048,5.544e-05,8.151999999999999e-05,0.0,0.0,0.5,0,0,0,0,0
c_3005,WLDUSDT,1716519600000,0,train,control,,0.5250538561139764,0.5854757540058652,0,0.015352743716876815,1,0.8949126803340928,3,0.003546271987107728,0.005390255217237086,-0.0066296646453412,0.17807522921420413,0.0001,0.0,0.0,0.0,0.5,0,0,0,0,0
c_3006,WLDUSDT,1725174000000,0,train,control,,0.49421022682587196,0.6038941401489376,0,0.028324905142928215,0,0.782241906569651,7,0.0036565374195441226,0.004213858168329591,0.008725376446805223,0.10398204702690082,-1.05e-06,-9.127e-05,0.0,0.0,0.5,0,0,0,0,0
c_3007,WLDUSDT,1738296000000,0,train,control,,1.0615196877023958,1.0059053908099158,0,-0.24897968507344817,0,0.7539208524900098,4,-0.00012847542811568474,-0.002902107007472938,-0.01928506914307416,0.20812561547160202,0.0001,0.0,0.0,0.0,0.5,0,0,0,0,0
c_3008,WLDUSDT,1749445200000,0,train,control,,0.6038558305489424,0.6782631949673399,0,-0.16071033549184413,0,0.8685979513444301,5,-0.002098147078595357,-0.004739427196462583,-0.003995445870225302,0.18224915217568408,1.58e-05,-8.251999999999999e-05,0.0,0.0,0.5,0,0,0,0,0
c_3009,WLDUSDT,1759582800000,0,train,control,,0.41631766999510267,0.6034180100040001,0,-0.040171949162655256,0,0.9109496331124884,13,0.0002493344247181797,-0.0019972566850130096,-0.0036026058362803436,-0.053809244627621905,3.776e-05,-5.394000000000001e-05,0.0,0.0,0.5,0,0,0,0,0
c_3010,WLDUSDT,1716242400000,0,train,control,,1.170543459314783,1.5285908308394165,1,0.02740677202506922,0,0.8725087771392638,22,0.002919844581954154,-0.005207203185574013,-0.04587589195546511,0.2821757450254968,0.0001,0.00016232,0.0,0.0,0.5,0,0,0,0,0
c_3011,WLDUSDT,1724364000000,0,train,control,,0.41244184713654586,0.4963532529941162,0,0.04943678875854853,1,0.9691006179876401,22,-0.0020350611013078062,-0.01116830748797539,0.0063596573160732426,0.10058180521774551,-1.163e-05,-0.00011163,0.0,0.0,0.5,0,0,0,0,0
c_3012,WLDUSDT,1740769200000,0,train,control,,1.5619022655855366,1.504833753593409,0,-0.011788612245111652,1,0.8654517254749903,19,0.009811980907321053,-0.003105710707913739,-0.024540441627351237,0.028589468942306094,-8.448e-05,-8.810000000000005e-06,0.0,0.0,0.5,0,0,0,0,0
c_3013,WLDUSDT,1752400800000,0,train,control,,1.214901004941483,1.0406196097745906,0,-0.1441872091344366,1,0.9072011227085344,10,-0.0013185638345261288,-0.001138810801270133,-0.0076111497881994035,-0.010804628817960182,0.0001,0.0,0.0,0.0,0.5,0,0,0,0,0
c_3014,WLDUSDT,1761868800000,0,train,control,,1.181437935841831,0.9568226664409041,0,0.08855724668521252,0,0.8258886931288217,0,0.0037530583995542587,0.008460589242425647,0.005829752411197745,0.12851371350373939,-0.00041725,-0.00024073999999999998,0.0,0.0,0.5,0,0,0,0,0
c_3015,WLDUSDT,1761958800000,0,test,control,,0.5010565376728252,0.38383372751475336,0,-0.10910945430450618,0,0.8277541714167271,1,0.0012085000269264957,0.001357033204185721,-0.007121493690811491,0.11092781708541107,-8.602e-05,8.199999999999955e-07,0.0,0.0,0.5,0,0,0,0,0
c_3016,WLDUSDT,1765472400000,0,test,control,,1.0120644410545871,1.5201879782983676,1,0.011953822362451955,1,0.8947610294117646,17,-0.0014015346749030528,-0.003746125613216398,-0.01807584277179438,-0.05608347277025063,4.966e-05,-1.8289999999999996e-05,0.0,0.0,0.5,0,0,0,0,0
c_3017,WLDUSDT,1769814000000,0,test,control,,1.347619805496687,2.4779012677896817,2,-0.05516493096851157,0,0.7244492044063647,23,-0.0005840435041185406,-0.009236445097364413,-0.011695663390933695,0.10907266721652303,-0.0001541,0.0005024,0.0,0.0,0.5,0,0,0,0,0
c_3018,WLDUSDT,1775552400000,0,test,control,,1.0163279024690757,0.976338586966215,0,0.0018567239432775418,0,0.8640028040658956,9,0.00459236559312224,0.00013376922410436798,0.007144637176964874,-0.1224922380830472,-4.94e-05,-9.172e-05,0.0,0.0,0.5,0,0,0,0,0
c_3019,WLDUSDT,1778641200000,0,test,control,,2.079209246160082,1.2737725485254827,1,0.04366967568858259,0,0.9312563494751102,3,0.0007164022771711003,-5.008867720250037e-05,0.0010265100637004108,0.070605278727035,-9.174e-05,-4.7839999999999996e-05,0.0,0.0,0.5,0,0,0,0,0
c_3020,WLDUSDT,1761958800000,0,test,control,,0.5010565376728252,0.38383372751475336,0,-0.10910945430450618,0,0.8277541714167271,1,0.0012085000269264957,0.001357033204185721,-0.007121493690811491,0.11092781708541107,-8.602e-05,8.199999999999955e-07,0.0,0.0,0.5,0,0,0,0,0
c_3021,WLDUSDT,1765821600000,0,test,control,,2.064863907684256,4.573602259111903,4,0.05293177784630405,1,0.8109681372549019,18,-0.007252149707158159,-0.006977286123796201,0.02366770939597579,0.1158744169880455,-5.724e-05,7.751e-05,0.0,0.0,0.5,0,0,0,0,0
c_3022,WLDUSDT,1771268400000,0,test,control,,0.7537330689971521,1.0527261228913607,0,0.31735629394359355,0,0.9163810829335162,19,-0.001239744865807146,0.006113609420317977,0.00941465789472251,-0.039609565219592385,2.83e-05,-6.547000000000001e-05,0.0,0.0,0.5,0,0,0,0,0
c_3023,WLDUSDT,1774681200000,0,test,control,,9.06005796884857,5.207305238895172,4,0.12142240991024313,0,0.7808801213960546,7,0.0007268888553762192,-2.2950121503652285e-05,0.004443102523995399,0.1503717248441614,-9.1e-06,0.00027368,0.0,0.0,0.5,0,0,0,0,0
c_3024,WLDUSDT,1778731200000,0,test,control,,3.0115425389859287,1.3665580552446173,1,-0.15403012482296385,0,0.8631899762952929,4,-0.004080474983927657,-0.010262453024922097,-0.014013353337403325,0.12241792516983202,-0.00033175,-0.00037417,0.0,762.9000000000001,0.0,0,0,0,0,0
c_3025,WLDUSDT,1762502400000,0,test,control,,1.1464942836413357,1.1827857009858131,0,0.12525231803756617,0,0.853334820432746,8,0.0019660302204685836,-0.00014352377308901075,-0.00270271087068206,0.07893583210550445,-0.00010574,-3.562e-05,0.0,0.0,0.5,0,0,0,0,0
c_3026,WLDUSDT,1766746800000,0,test,control,,0.6981229812265337,0.8636189651655684,0,0.05687970595795973,1,0.9383975812547241,11,-0.0007400048657853861,0.000946123273490365,0.0058075156616662115,0.12938819234826837,1.909e-05,5.065999999999999e-05,0.0,0.0,0.5,0,0,0,0,0
c_3027,WLDUSDT,1771610400000,0,test,control,,2.353717147876048,2.6411804014357343,3,-0.0236825773185816,1,0.8999314599040439,18,-0.0026740177559500893,-0.000852047117403614,-0.0016248651133480584,0.062072060460485426,0.0001,0.0,0.0,0.0,0.5,0,0,0,0,0
c_3028,WLDUSDT,1774857600000,0,test,control,,4.509700231484357,2.450053814261492,2,0.02862201314667916,0,0.8588770864946889,8,0.004793870980209117,-0.002246999334087221,-0.003745359799517076,0.25840534331112575,8.513e-05,2.1900000000000044e-06,0.0,0.0,0.5,0,0,0,0,0
c_3029,WLDUSDT,1779195600000,0,test,control,,1.0871449162894753,1.719482383195372,1,0.1807668145048987,0,0.8428919012860618,13,0.0029239499146420126,0.0077795916714176495,-0.002673334698899879,0.06722110030242176,-0.00062563,-8.057999999999991e-05,0.0,0.0,0.5,0,0,0,0,0
c_3030,WLDUSDT,1762718400000,0,test,control,,0.6353967721762971,0.6990725473195336,0,0.14911286603755416,0,0.9476884249168291,20,0.002721100155245348,0.00363106811846897,0.0014489233606702339,0.020901114525339395,5.935e-05,5.239999999999997e-06,0.0,0.0,0.5,0,0,0,0,0
c_3031,WLDUSDT,1765807200000,0,test,control,,1.3237167159731775,1.0154637526788828,0,-0.15364036426893446,0,0.8785232843137254,14,-0.0030092194990285607,-0.001589734013913461,-0.009578642546569554,-0.021697275484015024,-8.1e-05,2.0659999999999995e-05,0.0,0.0,0.5,0,0,0,0,0
c_3032,WLDUSDT,1771657200000,0,test,control,,1.1657718251995313,0.7853645954176026,0,-0.21576886932328335,0,0.8960475211331963,7,-0.0009966517807779754,0.003984627383788761,0.007837791303351922,0.08285024953819696,0.0001,1.4190000000000012e-05,0.0,0.0,0.5,0,0,0,0,0
c_3033,WLDUSDT,1774281600000,0,test,control,,2.8846095214578504,2.7230592712368735,4,-0.0030711502072878023,0,0.7808725659354203,16,-0.01817117538489123,0.004354530463094216,0.014776233030855396,0.12343904697542503,7.852e-05,0.00012066,0.0,0.0,0.5,0,0,0,0,0
c_3034,WLDUSDT,1779076800000,0,test,control,,0.6615478582892904,1.3259782394601638,1,0.22632292737563536,0,0.8213416753562739,4,0.0011795431288358694,0.0008488183556781174,-0.005468584489089488,0.1116787049585855,-0.00048302,2.4709999999999945e-05,0.0,0.0,0.5,0,0,0,0,0
c_3035,WLDUSDT,1714608000000,0,train,control,,,,0,-0.11254974011140599,0,0.9912985988184863,0,0.007772490878514378,-0.006840599623619355,-0.007247137862093759,,0.0001,0.0,0.0,0.0,0.5,0,0,0,0,0
c_3036,WLDUSDT,1726660800000,0,train,control,,0.6450658029064315,1.0313918886047717,0,-0.02668736857816299,0,0.9020771513353116,12,-0.0009785716194191116,-0.0017541266362727868,0.007127833051280938,0.09071117592576212,0.0001,0.00019038,0.0,0.0,0.5,0,0,0,0,0
c_3037,WLDUSDT,1738108800000,0,train,control,,2.287579955936138,2.515545067485036,3,-0.13732955255466414,0,0.6605630949969618,0,0.0005848623400027233,0.013842028091914394,0.012073690317785294,0.08495719586030699,2.424e-05,8.884e-05,0.0,0.0,0.5,0,0,0,0,0
c_3038,WLDUSDT,1752314400000,0,train,control,,0.9796715234877063,1.0504572263852363,0,0.12194563738754034,0,0.9100956056486275,10,0.0021090817773977513,-0.0009910499677059856,-0.004417585649070683,-0.01948119513720349,0.0001,0.0,0.0,0.0,0.5,0,0,0,0,0
c_3039,WLDUSDT,1761868800000,0,train,control,,1.181437935841831,0.9568226664409041,0,0.08855724668521252,0,0.8258886931288217,0,0.0037530583995542587,0.008460589242425647,0.005829752411197745,0.12851371350373939,-0.00041725,-0.00024073999999999998,0.0,0.0,0.5,0,0,0,0,0
c_3040,WLDUSDT,1716073200000,0,train,control,,0.2000284689261982,0.3191690562083751,0,0.05539801618626,1,0.7829349594780327,23,0.0003020795635697593,0.0017000502286681582,-0.0055311197276186495,0.06989322765073089,7.934e-05,-2.066000000000001e-05,0.0,0.0,0.5,0,0,0,0,0
c_3041,WLDUSDT,1724115600000,0,train,control,,2.0096922011600653,0.9831359942342842,1,-0.030683675438449833,1,0.9061933446400375,1,0.017779910267094263,-0.013436947431642336,-0.0206945631663945,-0.004274312101180195,0.0001,0.00026708,0.0,0.0,0.5,0,0,0,0,0
c_3042,WLDUSDT,1737082800000,0,train,control,,1.6087140441663723,1.1191545229539808,0,-0.07180109116370015,0,0.9795300818796726,3,-0.005690885727722939,0.009929566826940172,-0.004211776760630833,0.010150166536183558,0.0001,0.0,0.0,0.0,0.5,0,0,0,0,0
c_3043,WLDUSDT,1751036400000,0,train,control,,1.2556200902739756,0.8862217993315692,0,-0.10330787305117811,0,0.8896130767639148,15,-0.0024987005446006146,0.0024947265907585363,0.012293065835148316,0.16371394515420612,-8.503e-05,-0.00010157,0.0,0.0,0.5,0,0,0,0,0
c_3044,WLDUSDT,1761868800000,0,train,control,,1.181437935841831,0.9568226664409041,0,0.08855724668521252,0,0.8258886931288217,0,0.0037530583995542587,0.008460589242425647,0.005829752411197745,0.12851371350373939,-0.00041725,-0.00024073999999999998,0.0,0.0,0.5,0,0,0,0,0
c_3045,WLDUSDT,1714608000000,0,train,control,,,,0,-0.11254974011140599,0,0.9912985988184863,0,0.007772490878514378,-0.006840599623619355,-0.007247137862093759,,0.0001,0.0,0.0,0.0,0.5,0,0,0,0,0
c_3046,WLDUSDT,1724832000000,0,train,control,,1.1119661125148923,0.8720690795444593,0,-0.16521951075958066,0,0.7487223599655923,8,-0.009874381372204295,0.006585712367641767,-0.015204250373671789,0.12551508167022551,-0.00019085,-0.00023621,0.0,0.0,0.5,0,0,0,0,0
c_3047,WLDUSDT,1739869200000,0,train,control,,1.6350410853181567,1.645443953858113,1,-0.20488835546242448,0,0.8499665601545664,9,-0.0022681084457691937,0.0019862277442648014,0.007338600941964213,0.14658685855541653,-0.00016276,-0.00026276,0.0,0.0,0.5,0,0,0,0,0
c_3048,WLDUSDT,1751094000000,0,train,control,,0.5083064170091974,0.49491520241002945,0,-0.11181552354155527,1,0.9154488517745303,7,0.0011376118729380786,0.0027138199934223163,0.0025059732593875534,0.1924734149855635,2.368e-05,0.00010871000000000001,0.0,0.0,0.5,0,0,0,0,0
c_3049,WLDUSDT,1761868800000,0,train,control,,1.181437935841831,0.9568226664409041,0,0.08855724668521252,0,0.8258886931288217,0,0.0037530583995542587,0.008460589242425647,0.005829752411197745,0.12851371350373939,-0.00041725,-0.00024073999999999998,0.0,0.0,0.5,0,0,0,0,0
c_3050,WLDUSDT,1715461200000,0,train,control,,0.6182161580343423,0.8275996414813092,0,-0.028044137816923255,0,0.8969762782374624,21,-0.0020748483544391267,0.0021400708207506224,0.0038725635672550553,0.002556620830529991,0.0001,5.792000000000001e-05,0.0,0.0,0.5,0,0,0,0,0
c_3051,WLDUSDT,1726995600000,0,train,control,,0.5968095198028331,0.5916996577427955,0,-0.033262439412427465,1,0.9480665600757979,9,0.0014290414930700894,0.00687113960301132,0.008994717367473695,0.08245258945735057,-4.291e-05,-9.868999999999999e-05,0.0,0.0,0.5,0,0,0,0,0
c_3052,WLDUSDT,1737255600000,0,train,control,,0.9401733307608185,1.0357159014054773,0,-0.02450624023213892,0,0.9298385740709602,3,0.0037873674636797186,-0.005191068884352722,0.012301810751060576,0.05331566143548891,0.0001,0.0,0.0,0.0,0.5,0,0,0,0,0
c_3053,WLDUSDT,1748365200000,0,train,control,,1.5981900161785978,1.9942650873200685,2,0.03766177037379185,0,0.858009340692667,17,0.0007139528736602372,0.002727358646730293,-0.013636938137001692,-0.015118158334537507,3.437e-05,0.00013186,0.0,0.0,0.5,0,0,0,0,0
c_3054,WLDUSDT,1761714000000,0,train,control,,0.30040948647152754,0.4270626047774276,0,-0.08144490035621947,1,0.8956368535599544,5,0.0026320563117777406,0.0035871226898972,0.009993554809666455,0.09926128135757263,-8.996e-05,-7.682e-05,0.0,0.0,0.5,0,0,0,0,0
c_3055,WLDUSDT,1716692400000,0,train,control,,1.0373797009707362,0.6083931540196094,0,-0.16856516403196295,0,0.8855732725892179,3,-0.0036932319176185228,-0.001048361986585729,-0.001307644848232203,0.18704036249058686,0.00017075,7.075e-05,0.0,0.0,0.5,0,0,0,0,0
c_3056,WLDUSDT,1724968800000,0,train,control,,0.4547647565700627,1.6166692264856064,1,-0.007163073110011132,0,0.754946111420331,22,-0.0004521243963971477,-0.00876609306946699,-0.06536659268572448,0.05057425482739508,-0.00028078,-1.3370000000000016e-05,0.0,0.0,0.5,0,0,0,0,0
c_3057,WLDUSDT,1737273600000,0,train,control,,1.547364570108397,1.6392429080600002,1,-0.09045493051361414,0,0.9020934925172356,8,-0.003810371942323333,0.007605070505556369,-0.0030790103389508575,0.053337335222515755,0.0001,0.0,0.0,0.0,0.5,0,0,0,0,0
c_3058,WLDUSDT,1749038400000,0,train,control,,1.0770883097327084,0.9418493675915269,0,-0.08698641794097449,0,0.82706605661996,12,-0.005738738329433569,0.00042069242607029945,-0.0028360760245264003,0.30016737917571457,9.045e-05,5.526e-05,0.0,0.0,0.5,0,0,0,0,0
c_3059,WLDUSDT,1759770000000,0,train,control,,0.9620872783437551,1.5158217457776744,1,-0.1567718038261614,1,0.9257676141625705,17,0.003774424512310145,0.002136762407591659,0.04109211330491554,-0.0008023570624717535,0.0001,8.393e-05,0.0,0.0,0.5,0,0,0,0,0
c_3060,WLDUSDT,1715727600000,0,train,control,,1.5936450923202787,1.1391225239582605,0,0.051377727803806734,0,0.7583216164552362,23,0.00016053186314255642,0.010688577423031973,-0.03737582354268112,-0.026013291106656497,2.709e-05,3.842e-05,0.0,0.0,0.5,0,0,0,0,0
c_3061,WLDUSDT,1724544000000,0,train,control,,0.5369705935323685,1.324241001474513,1,0.07035187284411026,0,0.9675656529879066,0,0.005049032516960713,0.007355811959276467,-0.03428998596248323,-0.00856714426014428,0.0001,0.0,0.0,0.0,0.5,0,0,0,0,0
c_3062,WLDUSDT,1738047600000,0,train,control,,0.827985430143052,0.7544296873409514,0,0.031016820439662217,1,0.7627709135102289,7,-0.0026347735726286836,-0.0012559265807781472,0.003135126866980289,0.056048669297489015,0.0001,6.669e-05,0.0,0.0,0.5,0,0,0,0,0
c_3063,WLDUSDT,1749841200000,0,train,control,,1.576189281149507,1.515186046277191,0,-0.11460513049891534,0,0.7995735607675906,19,-0.001850427715590439,-0.006127193556245383,-0.0039052063355342276,0.044485436172136225,-0.00018659,0.00017711000000000002,0.0,0.0,0.5,0,0,0,0,0
c_3064,WLDUSDT,1759759200000,0,train,control,,1.7504320858938982,1.1223579635659449,0,0.10952781358233911,0,0.9128018807437488,14,0.003795324000183139,0.013261747532740132,0.03179030417305,-0.008930366559848059,3.984e-05,-6.016000000000001e-05,0.0,0.0,0.5,0,0,0,0,0
c_3065,WLDUSDT,1714608000000,0,train,control,,,,0,-0.11254974011140599,0,0.9912985988184863,0,0.007772490878514378,-0.006840599623619355,-0.007247137862093759,,0.0001,0.0,0.0,0.0,0.5,0,0,0,0,0
c_3066,WLDUSDT,1724274000000,0,train,control,,1.0635119868320717,1.2733698008359926,0,-0.04913926776881407,1,0.9811062771908018,21,-0.0054242818676559015,-0.007263797215282891,-0.04124641925557269,0.008936876147872565,3.448e-05,-3.139e-05,0.0,0.0,0.5,0,0,0,0,0
c_3067,WLDUSDT,1736107200000,0,train,control,,0.8472156519013451,0.6328311560142343,0,-0.051498939115583474,1,0.9729044913972782,20,0.0018187019780938369,-0.004456191036886035,0.0029323956841778506,0.024821184342632308,0.0001,0.0,0.0,0.0,0.5,0,0,0,0,0
c_3068,WLDUSDT,1751907600000,0,train,control,,1.9239646767651295,1.4859972597327444,0,-0.05665962189373292,0,0.8816712412320828,17,-0.002922890742639601,0.0010469055696213456,0.011066477485963358,0.15545026318246555,0.0001,0.0,0.0,0.0,0.5,0,0,0,0,0
c_3069,WLDUSDT,1761868800000,0,train,control,,1.181437935841831,0.9568226664409041,0,0.08855724668521252,0,0.8258886931288217,0,0.0037530583995542587,0.008460589242425647,0.005829752411197745,0.12851371350373939,-0.00041725,-0.00024073999999999998,0.0,0.0,0.5,0,0,0,0,0
c_3070,WLDUSDT,1714773600000,0,train,control,,,,0,-0.08196853062897742,0,0.9836653310071128,22,-0.00264312977099232,0.0040219248302468405,-0.017656137442977417,,0.0001,0.0,0.0,0.0,0.5,0,0,0,0,0
c_3071,WLDUSDT,1726491600000,0,train,control,,0.9717670930098594,1.2326474824938094,1,-0.1436195334816009,0,0.8795128585558853,13,-0.0020467337540508272,-0.0018416916028553055,-0.0030989471329605574,0.10931508672793064,2.548e-05,-2.7740000000000002e-05,0.0,0.0,0.5,0,0,0,0,0
c_3072,WLDUSDT,1736384400000,0,train,control,,0.9403371442695481,1.0105867122605514,0,0.014752688577934832,0,0.793394914226613,1,0.0010209011083618116,-0.0027070425769022063,-0.0008086666527163094,-0.08778693500534081,-2.982e-05,-0.00012982,0.0,0.0,0.5,0,0,0,0,0
c_3073,WLDUSDT,1749423600000,0,train,control,,1.1278866268266396,0.7432011504921983,0,-0.16249022692516166,0,0.890044814340589,23,-0.005276133658288687,0.0028435019567006527,-0.0008924411150998907,0.17872754041608516,6.254e-05,8.517e-05,0.0,0.0,0.5,0,0,0,0,0
c_3074,WLDUSDT,1761868800000,0,train,control,,1.181437935841831,0.9568226664409041,0,0.08855724668521252,0,0.8258886931288217,0,0.0037530583995542587,0.008460589242425647,0.005829752411197745,0.12851371350373939,-0.00041725,-0.00024073999999999998,0.0,0.0,0.5,0,0,0,0,0
c_3075,WLDUSDT,1714608000000,0,train,control,,,,0,-0.11254974011140599,0,0.9912985988184863,0,0.007772490878514378,-0.006840599623619355,-0.007247137862093759,,0.0001,0.0,0.0,0.0,0.5,0,0,0,0,0
c_3076,WLDUSDT,1723874400000,0,train,control,,0.2906315107425386,0.376834143763165,0,-0.11538571544583318,0,0.8031590413943355,6,-0.0009494959392999134,0.00031129612291864723,0.007490729052863875,-0.03407968125661932,-0.00035996,-6.764999999999999e-05,0.0,0.0,0.5,0,0,0,0,0
c_3077,WLDUSDT,1737212400000,0,train,control,,1.2560611060219273,1.2729403228499538,0,-0.09000464215116503,0,0.9053724567008576,15,-0.0036442967044131944,0.001592803147608529,0.02413065530628752,0.04552744173118442,0.0001,0.0,0.0,0.0,0.5,0,0,0,0,0
c_3078,WLDUSDT,1750392000000,0,train,control,,0.4585061761381691,0.46639975102790343,0,-0.014968672585905264,0,0.9010721247563352,4,-0.00028015650517656897,0.0034220996837036237,0.00975314216866791,-0.09238272521497731,4.659e-05,0.00012384,0.0,0.0,0.5,0,0,0,0,0
c_3079,WLDUSDT,1759712400000,0,train,control,,1.8399005248279734,0.6852045136177052,0,-0.0022439698438761263,0,0.8902899479945858,1,-0.001060548487482807,-0.005274874767839595,-0.006164411828304252,-0.02266340716649802,1.607e-05,-8.393e-05,0.0,0.0,0.5,0,0,0,0,0
c_3080,WLDUSDT,1761958800000,0,test,control,,0.5010565376728252,0.38383372751475336,0,-0.10910945430450618,0,0.8277541714167271,1,0.0012085000269264957,0.001357033204185721,-0.007121493690811491,0.11092781708541107,-8.602e-05,8.199999999999955e-07,0.0,0.0,0.5,0,0,0,0,0
c_3081,WLDUSDT,1766246400000,0,test,control,,0.6081003906050481,0.6707466658781086,0,-0.00027066524265060725,0,0.866711096301233,16,-0.0008932883212753206,0.0033420697871883263,0.0021244415978623997,0.26073276077320234,0.0001,4.0360000000000007e-05,0.0,0.0,0.5,0,0,0,0,0
c_3082,WLDUSDT,1769976000000,0,test,control,,1.6295330853828704,1.9570955464559598,2,-0.15561462818747404,0,0.6015911872705019,20,-0.01094288289512654,0.006156207589652502,0.008389688375690466,0.12350621719074964,-7.323e-05,0.00032706,0.0,0.0,0.5,0,0,0,0,0
c_3083,WLDUSDT,1774504800000,0,test,control,,2.8555325604855764,2.2284884820389017,2,-0.197272660838565,0,0.852436323366556,6,-0.010578622220337347,0.005699099566556777,0.039207472839067795,0.1121282600123777,-0.00017629,-3.34e-05,0.0,0.0,0.5,0,0,0,0,0
c_3084,WLDUSDT,1778965200000,0,test,control,,0.33827435736690653,0.6261007072174127,0,-0.10403876755533434,0,0.8144260074500508,21,-0.00011633288078571765,-0.001106883372994992,0.014648875421206404,0.22491668760315822,-0.00084771,-0.00038249,0.0,0.0,0.5,0,0,0,0,0
p_617,XRPUSDT,1720810800000,1,train,main,19.361,1.2212007307398953,2.248872247908128,2,-0.03240452846410865,1,0.9803429527394395,19,0.002284204587673476,-0.009110214756321327,-0.04962829783155038,0.047143981255792715,0.0001,0.0,0.0,0.0,0.5,0,0,0,0,0
p_618,XRPUSDT,1723039200000,1,train,main,25.6472,1.1542872640136956,0.8260737057915009,0,-0.07488303341740842,0,0.7729417135900167,14,-0.00803513735352157,-0.00900406395467606,0.01620295991355576,0.20399818080018242,-1.565e-05,-8.217e-05,0.0,0.0,0.5,0,1,0,0,0
p_619,XRPUSDT,1731387600000,1,train,main,20.2793,3.112554570859515,3.3301060725148943,4,-0.02242501047115697,0,0.9553627760252366,5,0.004138630508105253,-0.0030340179462087493,0.009874752512660397,0.08210610143678806,0.00052015,0.00031481,0.0,0.0,0.5,0,1,0,0,0
p_620,XRPUSDT,1731682800000,1,train,main,37.8693,24.73391146710326,17.58536725552869,4,0.01719947793992529,0,0.9936667394627648,15,-0.011693365112798658,-0.008200369297030972,0.02149864621839339,0.07408222394093077,0.0001,-0.00010405,0.0,0.0,0.5,0,1,1,0,0
p_621,XRPUSDT,1731819600000,1,train,main,15.4374,12.371575126806475,11.31888753699958,4,-0.07826424388195416,0,0.8177165354330709,5,0.003634756780283401,0.006121006771673289,-0.01442508426985777,0.07185682356111037,0.00013756,3.756e-05,0.0,0.0,0.5,0,1,0,0,0
p_622,XRPUSDT,1732201200000,1,train,main,34.0129,3.6877942741973357,4.08800480685569,4,-0.036650212198649904,0,0.8871653543307086,15,-0.00489003570648714,-0.0022188192031661487,0.022561461250938664,-0.07084870076835598,0.0001,-3.761e-05,0.0,0.0,0.5,0,1,1,0,0
p_623,XRPUSDT,1733068800000,1,train,main,43.2927,0.820474820184365,0.8297240141775767,0,0.016675798035859342,1,0.9707548614301025,16,-0.0026874043331313584,-0.004119981819944843,-0.007470574585874503,-0.08115485632235121,0.0001,0.0,0.0,0.0,0.5,0,1,0,0,0
p_624,XRPUSDT,1736942400000,1,train,main,20.7516,4.973260328031993,2.9106424902859716,3,-0.047933438245768484,0,0.95419187554019,12,-0.0016895605388016982,-0.003922429564798269,-0.004293783794144402,0.19927294080270389,0.0001,0.0,0.0,0.0,0.5,0,0,0,0,0
p_625,XRPUSDT,1738544400000,1,train,main,31.2163,15.409708139728053,6.505336969053539,4,-0.14352343794992364,0,0.7448973242065962,1,-0.012285938083950608,0.009535510178557076,0.0106051849790655,0.2422530615580621,8.379e-05,-1.621000000000001e-05,0.0,0.0,0.5,0,0,0,0,0
p_626,XRPUSDT,1740873600000,1,train,main,34.1796,0.4771910088777459,0.6977528918365001,0,-0.06697231786736808,1,0.8380777471686562,0,-0.000658808984899646,0.0014588655749247393,0.014903600978650266,0.22739308460108448,-3.206e-05,5.421999999999999e-05,0.0,0.0,0.5,0,1,0,0,0
p_627,XRPUSDT,1744005600000,1,train,main,16.6203,5.810117102121291,4.956387831458862,4,0.029615488003788593,1,0.7895396740103887,6,-0.0005717263146131947,0.031090864516076025,0.047630044371585134,0.033823105878112145,-8.102e-05,-0.00011769999999999999,0.0,0.0,0.5,0,1,0,0,0
p_628,XRPUSDT,1744167600000,1,train,main,18.8952,2.250704737910138,3.1799228283217436,3,-0.05454481100659056,0,0.791241268135411,3,-0.005286830269075988,0.00784668731261379,-0.02000888225905877,0.08913714617575041,9.53e-05,0.00028323,0.0,0.0,0.5,0,1,0,0,0
p_629,XRPUSDT,1752156000000,1,train,main,15.7362,2.2755555186278533,1.9293787495226615,2,-0.011591661256195242,0,0.9856579856173567,14,-0.0005324477253652682,0.0035594994026877562,-0.00260493125698871,0.2947390304655866,0.0001,0.0,0.0,0.0,0.5,0,0,0,0,0
p_630,XRPUSDT,1752714000000,1,train,main,20.9656,1.6447981919577548,1.9477521786619965,2,-0.05844847821139011,1,0.9850116039195461,1,0.0022809545773825437,0.018814574528373037,0.005034188756547896,0.04212024226270193,0.0001,0.0,0.0,0.0,0.5,0,0,1,0,0
p_631,XRPUSDT,1770325200000,1,test,main,30.1395,20.10288674214705,12.682156606371898,4,-0.026226235348238685,0,0.6564413793103449,21,-0.022786009252361374,0.04212879911732862,0.052703244446675006,0.13141180076717557,-3.75e-05,4.6800000000000006e-05,0.0,0.0,0.5,0,1,0,0,0
p_632,XRPUSDT,1723057200000,1,train,fast,12.8705,1.1504264370597137,0.9833382014204147,0,-0.013758731530970743,0,0.773374613003096,19,-0.013680700832112137,-0.01269335234799639,0.013710497743085151,0.21525873651849414,-2.816e-05,-7.392999999999999e-05,0.0,0.0,0.5,0,1,0,0,0
p_633,XRPUSDT,1731394800000,1,train,fast,11.3581,3.4538554430923862,3.7343678654545664,4,0.08832951043784872,0,0.9593059936908517,7,0.013147409007518035,0.02312139812943579,0.037971962202873535,0.07970568879338927,0.00052015,0.00031481,0.0,0.0,0.5,0,1,0,0,0
p_634,XRPUSDT,1733220000000,1,train,fast,10.6638,1.2600464525217872,2.4562270966367747,2,-0.10427347800052994,0,0.9095143741092224,10,-0.0028445707303193023,-0.00712350405919068,0.01582253629147817,-0.03767936533459043,0.0001094,-1.605000000000001e-05,0.0,0.0,0.5,0,1,0,0,0
p_635,XRPUSDT,1740924000000,1,train,fast,16.7071,0.8520950380183019,0.7318110923994975,0,-0.0508639932709957,0,0.8627946127946128,14,-0.003090416799021746,-0.0031786691985099813,-0.0008127623466423505,0.23567463552048556,-2.393e-05,-6.659e-05,0.0,0.0,0.5,0,1,0,0,0
p_636,XRPUSDT,1744214400000,1,train,fast,11.1338,2.037982475154437,3.177953464056953,4,-0.10242815967729953,1,0.8183772165502418,16,0.005152150459971718,0.007820450564097522,0.015852563516597692,0.04029871723738511,-2.178e-05,-0.00011708,0.0,0.0,0.5,0,1,0,0,0
c_3085,XRPUSDT,1714608000000,0,train,control,,,,0,-0.013117289293857163,1,0.9923268751198926,0,0.007772490878514378,0.01881803315170618,0.029121239721600637,,0.0001,4.634000000000001e-05,0.0,0.0,0.5,0,0,0,0,0
c_3086,XRPUSDT,1726236000000,0,train,control,,3.4783480175940866,2.5494216620829997,3,-0.05178068087272907,0,0.9658279496769808,14,0.002534979082534514,-0.005400124878939709,-0.0053871712095390455,0.21779558284333356,4.47e-06,2.5100000000000005e-06,0.0,0.0,0.5,0,0,0,0,0
c_3087,XRPUSDT,1737792000000,0,train,control,,0.24002081542178252,0.2793679426792913,0,0.045265443795884104,0,0.9215529258237685,8,0.0008075568910402147,0.0027342154263953417,0.013848726381634511,0.025201032124504606,7.5e-06,-9.25e-05,0.0,0.0,0.5,0,0,0,0,0
c_3088,XRPUSDT,1751367600000,0,train,control,,1.032271848190831,1.2097837030885865,0,0.04315937170135767,1,0.9464523615110232,11,-0.0006009248609187578,0.003806298294542575,-2.6417270561978767e-05,0.060453049487946976,0.0001,6.973e-05,0.0,0.0,0.5,0,0,0,0,0
c_3089,XRPUSDT,1761004800000,0,train,control,,0.6449952327833707,1.2427849103978048,1,0.04335066096808984,1,0.9517557251908396,0,-0.002362471383481718,0.0151779844581144,-0.0030892699893404576,-0.04510712549725457,9.129e-05,0.00016438,0.0,0.0,0.5,0,0,0,0,0
c_3090,XRPUSDT,1715918400000,0,train,control,,0.665828116284397,0.5729923227982199,0,-0.025486464451705663,1,0.9885167464114832,4,0.002963971752752379,-0.00047127131464562324,0.0004813256340946321,0.08341463256699581,0.0001,0.0,0.0,0.0,0.5,0,0,0,0,0
c_3091,XRPUSDT,1727046000000,0,train,control,,4.3823932944186685,1.9189308050326304,1,-0.02141818732539933,1,0.9613250652741514,23,0.017635059760956154,-0.021014691058386475,-0.03453911774354552,-0.010575080509664141,4.53e-05,-5.47e-05,0.0,0.0,0.5,0,0,0,0,0
c_3092,XRPUSDT,1741424400000,0,train,control,,0.6144448191932695,0.5470966398173022,0,0.010927311120552091,1,0.7782471312156993,9,-0.001528565724844208,-0.0011081750705174442,-0.018134759552301975,0.13050003341027733,-1.749e-05,1.902e-05,0.0,0.0,0.5,0,0,0,0,0
c_3093,XRPUSDT,1751155200000,0,train,control,,0.34995894854061926,0.5266133972460582,0,-0.021253250841115404,1,0.979814291481631,0,-0.0006336840339580091,-0.0006793075017225787,-0.004292808266344949,0.21743587602798747,0.0001,0.00012646,0.0,0.0,0.5,0,0,0,0,0
c_3094,XRPUSDT,1760997600000,0,train,control,,1.0620656109422546,2.0303112267362673,2,-0.08340426815629118,0,0.9417013232514179,22,-0.004775876913322769,-0.005016532696126579,-0.017571638030734797,-0.04164169831529735,9.129e-05,0.00016438,0.0,0.0,0.5,0,0,0,0,0
c_3095,XRPUSDT,1715900400000,0,train,control,,0.5506330774340816,0.7161487827968357,0,0.005163533804268588,1,0.9858373205741627,23,-0.0006098204010142499,-0.0031983501310914163,-0.014542783964452476,0.08214086623765841,0.0001,7.199999999999999e-06,0.0,0.0,0.5,0,0,0,0,0
c_3096,XRPUSDT,1725188400000,0,train,control,,0.5108336634705827,0.41008853329937295,0,-0.13953744582293692,0,0.9186334378610331,11,-0.004761413641364136,-0.0014346427627331634,-0.007792407911432561,0.3274321875757556,1.024e-05,-8.976000000000001e-05,0.0,0.0,0.5,0,0,0,0,0
c_3097,XRPUSDT,1740528000000,0,train,control,,1.4369662171876947,2.0932433624719615,2,0.006623569700550895,1,0.8449888965743201,0,-0.001394726850970263,-0.005749105572015552,-0.02454322774822244,0.5184506261942434,-0.00025255,-0.00020052999999999998,0.0,0.0,0.5,0,0,0,0,0
c_3098,XRPUSDT,1749492000000,0,train,control,,3.3690898936325198,1.7598087594984342,1,0.05197334563251772,0,0.989754009770438,18,0.005899806405344766,0.0026727020202548715,-0.00011221853752047591,0.02293457899362933,-1.651e-05,-0.00011651000000000001,0.0,0.0,0.5,0,0,0,0,0
c_3099,XRPUSDT,1760270400000,0,train,control,,2.0044384754194198,1.4911966800081455,1,-0.09560601420598819,1,0.7854426229508197,12,0.00173940784857389,-0.006947348694584219,-0.016743871155799853,0.8144622511272496,-9.372e-05,-8.334e-05,0.0,0.0,0.5,0,0,0,0,0
c_3100,XRPUSDT,1714608000000,0,train,control,,,,0,-0.013117289293857163,1,0.9923268751198926,0,0.007772490878514378,0.01881803315170618,0.029121239721600637,,0.0001,4.634000000000001e-05,0.0,0.0,0.5,0,0,0,0,0
c_3101,XRPUSDT,1726819200000,0,train,control,,1.9579182075189916,2.1726200367075,2,0.09497466407041362,0,0.9848308051341891,8,-0.004203104023687941,-0.008938403621001092,0.003367621557711938,-0.018765249973420297,0.0001,0.0,0.0,0.0,0.5,0,0,0,0,0
c_3102,XRPUSDT,1738216800000,0,train,control,,0.39749562808315525,0.4403409336450764,0,-0.03285206562371925,0,0.9694772868699439,6,-0.0008460405397586611,-0.0022893904004144612,0.011697285936225222,0.21298926152289438,7.139e-05,0.00010651000000000001,0.0,0.0,0.5,0,0,0,0,0
c_3103,XRPUSDT,1751684400000,0,train,control,,0.3736570806622903,0.46162915975120866,0,-0.0020356387415039878,1,0.9545747561132837,3,0.0007300365574144376,-0.0023741221231079897,-0.002753874630252263,0.18450612684606982,9.69e-06,-9.031000000000001e-05,0.0,0.0,0.5,0,0,0,0,0
c_3104,XRPUSDT,1761868800000,0,train,control,,0.953844553770866,1.3207762362979991,1,-0.04830744809256487,1,0.9039267306907932,0,0.0037530583995542587,-0.004941568067588627,0.012254392948178903,0.10749136187901681,-6.577e-05,-0.00011051,0.0,0.0,0.5,0,0,0,0,0
c_3105,XRPUSDT,1715626800000,0,train,control,,0.9189332756617883,1.2284459828947638,0,0.033705713193604325,1,0.9124008651766403,19,-0.00021980122324163657,-0.0028552253309870384,-0.014249343231000423,0.019866454360463456,0.0001,0.00011783,0.0,0.0,0.5,0,0,0,0,0
c_3106,XRPUSDT,1724310000000,0,train,control,,0.595381250126025,0.43740215977672653,0,-0.010613814386449783,0,0.975113858165257,7,0.0008403485963706827,0.016714593627568334,0.02941419009546998,0.28720140482107015,4.083e-05,2.4400000000000037e-06,0.0,0.0,0.5,0,0,0,0,0
c_3107,XRPUSDT,1740499200000,0,train,control,,4.711456413151672,4.581354941328834,4,0.03131000538343481,0,0.8030507117113838,16,0.0008596152963319352,-0.008304487319294578,0.003157323831617246,0.5072209966156291,-8.485e-05,-0.00018485000000000002,0.0,0.0,0.5,0,0,0,0,0
c_3108,XRPUSDT,1749978000000,0,train,control,,0.5068132679599479,0.5181913541038002,0,-0.025995099346425077,1,0.92124064171123,9,-0.0021295555549229717,-0.0017739589242094032,0.009966276879033655,0.15005194061605048,1.282e-05,-4.4640000000000006e-05,0.0,0.0,0.5,0,0,0,0,0
c_3109,XRPUSDT,1761602400000,0,train,control,,1.0549291688482048,1.532066812207286,1,0.08548620611085911,0,0.9764544476992102,22,-0.001287526637728537,0.0008327627574630406,-0.018664748718628933,0.14809261460795609,0.0001,0.0,0.0,0.0,0.5,0,0,0,0,0
c_3110,XRPUSDT,1714608000000,0,train,control,,,,0,-0.013117289293857163,1,0.9923268751198926,0,0.007772490878514378,0.01881803315170618,0.029121239721600637,,0.0001,4.634000000000001e-05,0.0,0.0,0.5,0,0,0,0,0
c_3111,XRPUSDT,1727852400000,0,train,control,,1.9068684809576688,1.4011005500019966,0,-0.036872957293143875,1,0.8989641195015763,7,0.0033546619551725466,0.002839822184449014,0.00019119645856078242,0.11115373909309517,9.312e-05,-6.880000000000002e-06,0.0,0.0,0.5,0,0,0,0,0
c_3112,XRPUSDT,1736416800000,0,train,control,,0.565333517606842,0.9206901644573899,0,-0.04661553187966586,0,0.923043218482374,10,0.0052168638808262864,0.0025552094193218963,-0.007979983642394018,0.01556296534320209,0.0001,0.0,0.0,0.0,0.5,0,0,0,0,0
c_3113,XRPUSDT,1751155200000,0,train,control,,0.34995894854061926,0.5266133972460582,0,-0.021253250841115404,1,0.979814291481631,0,-0.0006336840339580091,-0.0006793075017225787,-0.004292808266344949,0.21743587602798747,0.0001,0.00012646,0.0,0.0,0.5,0,0,0,0,0
c_3114,XRPUSDT,1761868800000,0,train,control,,0.953844553770866,1.3207762362979991,1,-0.04830744809256487,1,0.9039267306907932,0,0.0037530583995542587,-0.004941568067588627,0.012254392948178903,0.10749136187901681,-6.577e-05,-0.00011051,0.0,0.0,0.5,0,0,0,0,0
c_3115,XRPUSDT,1714608000000,0,train,control,,,,0,-0.013117289293857163,1,0.9923268751198926,0,0.007772490878514378,0.01881803315170618,0.029121239721600637,,0.0001,4.634000000000001e-05,0.0,0.0,0.5,0,0,0,0,0
c_3116,XRPUSDT,1727406000000,0,train,control,,2.0553213397734225,1.5938460053061685,1,-0.12508333044739783,0,0.952023498694517,3,-0.0035859199636184523,0.0007078583820607518,-0.0062378886390241535,-0.00784505770242223,0.0001,0.0,0.0,0.0,0.5,0,0,0,0,0
c_3117,XRPUSDT,1738350000000,0,train,control,,1.7986056093229423,0.866305618208658,0,-0.12987341675755956,0,0.9426571250777848,19,-0.018546206244756627,-0.024748316736189983,-0.016659111389319053,0.1480107692127102,0.0001,0.0,0.0,0.0,0.5,0,0,0,0,0
c_3118,XRPUSDT,1750273200000,0,train,control,,2.1997210714948845,1.507671372185696,1,-0.02553072614658486,0,0.9114525378755458,19,-0.006958501175092047,-0.007576472566383507,-0.011111341348017105,0.2628486997668507,-2.341e-05,-5.631e-05,0.0,0.0,0.5,0,0,0,0,0
c_3119,XRPUSDT,1761868800000,0,train,control,,0.953844553770866,1.3207762362979991,1,-0.04830744809256487,1,0.9039267306907932,0,0.0037530583995542587,-0.004941568067588627,0.012254392948178903,0.10749136187901681,-6.577e-05,-0.00011051,0.0,0.0,0.5,0,0,0,0,0
c_3120,XRPUSDT,1714716000000,0,train,control,,,,0,0.005476043862303012,1,0.9925600915681038,6,-0.001275788554833728,0.0008688583311636622,-0.004619918574590916,,5.565e-05,-4.435000000000001e-05,0.0,0.0,0.5,0,0,0,0,0
c_3121,XRPUSDT,1724400000000,0,train,control,,0.5054256626040363,0.5055730948128427,0,0.14729107294246502,1,0.9744632400780741,8,-0.0019390617949237544,0.0014930206684932606,0.018155913742357973,0.21434917379432922,9.305e-05,-6.950000000000006e-06,0.0,0.0,0.5,0,0,0,0,0
c_3122,XRPUSDT,1736272800000,0,train,control,,1.5202970916725018,3.444138881813768,1,-0.05947512459961882,0,0.9161919936267676,18,-0.004660907229114281,-0.013643096101394568,-0.07298275836959456,-0.27197660171053206,0.0001,0.0,0.0,0.0,0.5,0,0,0,0,0
c_3123,XRPUSDT,1753293600000,0,train,control,,5.554186243597446,3.6625988389378343,4,-0.07349567449381796,1,0.8843802870708944,18,0.0034647390355498804,0.0066553638975937615,-0.005879631325637894,0.3002298855769948,0.0001,-0.00021378,0.0,0.0,0.5,0,0,0,0,0
c_3124,XRPUSDT,1761868800000,0,train,control,,0.953844553770866,1.3207762362979991,1,-0.04830744809256487,1,0.9039267306907932,0,0.0037530583995542587,-0.004941568067588627,0.012254392948178903,0.10749136187901681,-6.577e-05,-0.00011051,0.0,0.0,0.5,0,0,0,0,0
c_3125,XRPUSDT,1714608000000,0,train,control,,,,0,-0.013117289293857163,1,0.9923268751198926,0,0.007772490878514378,0.01881803315170618,0.029121239721600637,,0.0001,4.634000000000001e-05,0.0,0.0,0.5,0,0,0,0,0
c_3126,XRPUSDT,1728000000000,0,train,control,,0.8220711776794398,0.9574570320546358,0,-0.03645361984223491,0,0.7827653505479657,0,-0.0023230368367270064,-0.0053311035876853425,-0.031488982675826595,0.1240184663454239,1.536e-05,-2.63e-05,0.0,0.0,0.5,0,0,0,0,0
c_3127,XRPUSDT,1737363600000,0,train,control,,2.5280652904141747,2.0974223270204577,3,0.02364767973447883,0,0.9591105366742061,9,0.01075959051603486,0.055088211313203184,0.06251718269812125,0.12679477173492754,0.0001,0.00011162,0.0,0.0,0.5,0,0,0,0,0
c_3128,XRPUSDT,1749834000000,0,train,control,,1.308564336132163,1.5755094485259125,1,-0.04787393116692196,1,0.9206417112299466,17,0.0032042310651958232,0.00027284700895260276,-0.00999057374058145,0.15380891250490697,1.421e-05,3.536e-05,0.0,0.0,0.5,0,0,0,0,0
c_3129,XRPUSDT,1761483600000,0,train,control,,1.352975973144832,1.5445627771034625,1,0.0312440251682609,1,0.990720565031182,13,0.00260961255863901,0.0012723443727715373,0.017550052563196854,0.12060412033006354,6.796e-05,2.640000000000002e-06,0.0,0.0,0.5,0,0,0,0,0
c_3130,XRPUSDT,1716026400000,0,train,control,,0.44813461627619167,0.49174859031721024,0,-0.020865851568607777,1,0.9914949914949914,10,0.0016927899686519506,0.0026981524971941336,0.006703493434173708,0.10417655713288952,5.796e-05,-4.2040000000000004e-05,0.0,0.0,0.5,0,0,0,0,0
c_3131,XRPUSDT,1727568000000,0,train,control,,1.8361321879544685,2.086061391238852,1,-0.04611183234418289,0,0.9801916932907349,0,0.002775729581172748,-0.004994012982248342,-0.02197539303561246,0.04938568101285651,0.0001,1.1410000000000001e-05,0.0,0.0,0.5,0,0,0,0,0
c_3132,XRPUSDT,1738922400000,0,train,control,,1.234004770711186,1.3778195790164876,0,0.05302515358450856,0,0.7619292274099286,10,0.002678902866570457,-0.007164242157256779,0.006065109335062681,-0.024881427814824882,2.9e-05,-7.1e-05,0.0,0.0,0.5,0,0,0,0,0
c_3133,XRPUSDT,1752512400000,0,train,control,,4.897390708893964,6.2518862447297305,4,0.014451259504882245,0,0.9857467329405182,17,0.003318786181902423,-0.00019427429545258262,0.004569233712571075,0.17064916192376586,0.0001,0.0,0.0,0.0,0.5,0,0,0,0,0
c_3134,XRPUSDT,1761868800000,0,train,control,,0.953844553770866,1.3207762362979991,1,-0.04830744809256487,1,0.9039267306907932,0,0.0037530583995542587,-0.004941568067588627,0.012254392948178903,0.10749136187901681,-6.577e-05,-0.00011051,0.0,0.0,0.5,0,0,0,0,0
c_3135,XRPUSDT,1714608000000,0,train,control,,,,0,-0.013117289293857163,1,0.9923268751198926,0,0.007772490878514378,0.01881803315170618,0.029121239721600637,,0.0001,4.634000000000001e-05,0.0,0.0,0.5,0,0,0,0,0
c_3136,XRPUSDT,1726207200000,0,train,control,,2.84591410781305,2.785074196920332,2,-0.06796929266675954,0,0.9665079904794288,6,0.0016639625833278055,-0.006973627509818116,0.002163161615545151,0.22802514969327298,2.306e-05,3.333e-05,0.0,0.0,0.5,0,0,0,0,0
c_3137,XRPUSDT,1739145600000,0,train,control,,0.7194126985321262,1.2404983173607418,1,0.03067796209009579,0,0.8581837760229719,0,0.006720616747355256,-0.0028160949077032735,-0.012345480049891128,-0.08882543788708305,-9.939e-05,-7.337e-05,0.0,0.0,0.5,0,0,0,0,0
c_3138,XRPUSDT,1751364000000,0,train,control,,1.2775530738932817,1.171223629951841,0,-0.11523713738016045,0,0.9472688985345309,10,-0.001532822080138001,-0.0010510602076390261,-0.0043532280019212026,0.06027812705780192,0.0001,6.973e-05,0.0,0.0,0.5,0,0,0,0,0
c_3139,XRPUSDT,1761868800000,0,train,control,,0.953844553770866,1.3207762362979991,1,-0.04830744809256487,1,0.9039267306907932,0,0.0037530583995542587,-0.004941568067588627,0.012254392948178903,0.10749136187901681,-6.577e-05,-0.00011051,0.0,0.0,0.5,0,0,0,0,0
c_3140,XRPUSDT,1714608000000,0,train,control,,,,0,-0.013117289293857163,1,0.9923268751198926,0,0.007772490878514378,0.01881803315170618,0.029121239721600637,,0.0001,4.634000000000001e-05,0.0,0.0,0.5,0,0,0,0,0
c_3141,XRPUSDT,1727492400000,0,train,control,,1.1013633097315498,0.7847351720637619,0,0.08552748543478857,0,0.9671997389033943,3,0.002609188710596942,0.004079990186467312,0.011898170213295351,-0.0040406025486729984,8.859e-05,-1.7000000000000007e-06,0.0,0.0,0.5,0,0,0,0,0
c_3142,XRPUSDT,1739415600000,0,train,control,,0.34044754047432885,0.4010484542037786,0,-0.006411398935591773,0,0.9731017643352236,3,-0.005169496803651917,0.0015242208316273897,0.008398054356673604,0.19691380424376634,0.0001,8.887000000000001e-05,0.0,0.0,0.5,0,0,0,0,0
c_3143,XRPUSDT,1753333200000,0,train,control,,2.9131986764748437,1.6626571471707126,1,-0.10870644584462827,0,0.8529716749440593,5,-0.004608637290367738,0.012848237876814758,0.0032676744646796016,0.29767416473869807,0.0001,0.0,0.0,0.0,0.5,0,0,0,0,0
c_3144,XRPUSDT,1761235200000,0,train,control,,1.1619465565316842,1.2467854385112738,0,0.07514503458078595,0,0.9434820098769303,16,0.002782438504275013,-0.006199587491207151,-0.0031187944314614202,0.01459045082701977,3.4e-05,6.966000000000001e-05,0.0,0.0,0.5,0,0,0,0,0
c_3145,XRPUSDT,1714608000000,0,train,control,,,,0,-0.013117289293857163,1,0.9923268751198926,0,0.007772490878514378,0.01881803315170618,0.029121239721600637,,0.0001,4.634000000000001e-05,0.0,0.0,0.5,0,0,0,0,0
c_3146,XRPUSDT,1726383600000,0,train,control,,1.0709780391713426,1.2671785182805324,0,-0.026899853916843977,1,0.9804967494582429,7,0.0002079074695332394,0.00168369327026883,0.00019877315582351922,0.20705230954527443,5.188e-05,-2.7100000000000008e-05,0.0,0.0,0.5,0,0,0,0,0
c_3147,XRPUSDT,1739448000000,0,train,control,,0.43365524597606064,0.4321865377237268,0,0.03297405887247457,1,0.9620352867044738,12,-0.0024127221936107515,-0.0033426056925602255,-0.005080589531687387,0.18277269303703847,0.0001,8.158e-05,0.0,0.0,0.5,0,0,0,0,0
c_3148,XRPUSDT,1751151600000,0,train,control,,0.44486520897546217,0.5517108577140518,0,0.056310292414745076,1,0.9796797200915087,23,0.0003626360001528308,0.0013848744430491212,-0.004484063887739383,0.19363183942538986,0.0001,0.00012646,0.0,0.0,0.5,0,0,0,0,0
c_3149,XRPUSDT,1761566400000,0,train,control,,1.0389335788887661,1.2084273623244317,0,-0.06504730640400533,1,0.9813437020974315,12,-0.000948776468264077,-0.0007108902303542446,-0.00808080847943005,0.13007018937209724,5.45e-05,4.466e-05,0.0,0.0,0.5,0,0,0,0,0
c_3150,XRPUSDT,1716015600000,0,train,control,,0.43522217190502294,0.3775183726473855,0,0.013476722498079689,1,0.9863919863919864,7,0.0010699396344547498,0.00034116502071404906,0.005462691002075618,0.05870943682399393,-1.764e-05,-9.498e-05,0.0,0.0,0.5,0,0,0,0,0
c_3151,XRPUSDT,1724104800000,0,train,control,,0.9203683436598331,1.4349458564211839,0,0.2192737784077924,0,0.9794711775332567,22,-0.0018984490636462848,-0.0006381054881970755,0.02249535915432906,0.18436934459575804,4.149e-05,-8.01e-06,0.0,0.0,0.5,0,0,0,0,0
c_3152,XRPUSDT,1739088000000,0,train,control,,0.5013799709842608,0.599186516657011,0,-0.01429279808960287,0,0.8461855245547205,8,0.0005806296583154614,0.0030186238452751682,0.006194111677997557,-0.0368700591168531,-2.602e-05,-5.660000000000001e-05,0.0,0.0,0.5,0,0,0,0,0
c_3153,XRPUSDT,1751191200000,0,train,control,,0.6363418392959843,0.4545577557138183,0,0.04926847329063552,1,0.9816534338133047,10,0.001802931505322464,0.0016495644263602866,0.014593466988367507,0.24700531291208783,6.37e-05,-3.63e-05,0.0,0.0,0.5,0,0,0,0,0
c_3154,XRPUSDT,1761868800000,0,train,control,,0.953844553770866,1.3207762362979991,1,-0.04830744809256487,1,0.9039267306907932,0,0.0037530583995542587,-0.004941568067588627,0.012254392948178903,0.10749136187901681,-6.577e-05,-0.00011051,0.0,0.0,0.5,0,0,0,0,0
c_3155,XRPUSDT,1762398000000,0,test,control,,2.628041896692788,1.6016764544411752,1,0.08255288355625995,0,0.91979640626205,3,-0.00036006248826406413,0.0020363156434028635,0.010816573789919778,0.2262819333911082,-1.693e-05,-0.00010099000000000001,0.0,0.0,0.5,0,0,0,0,0
c_3156,XRPUSDT,1766030400000,0,test,control,,0.6063748725307799,0.7286789074075101,0,-0.051265900816659764,0,0.9021839583637337,4,-0.0008597846960632247,0.008201929137348792,0.017276677678224446,0.34874469603265434,-0.00020086,-0.00027444,0.0,0.0,0.5,0,0,0,0,0
c_3157,XRPUSDT,1769976000000,0,test,control,,1.4564715128898629,2.027194919945706,2,-0.0803763646824589,0,0.8218875295569035,20,-0.01094288289512654,0.0017066671460888427,-0.034847781094537435,0.1882610637064389,6.109e-05,0.00021026,0.0,0.0,0.5,0,0,0,0,0
c_3158,XRPUSDT,1775761200000,0,test,control,,1.21322468532003,1.663192086327951,1,0.010973535934099847,1,0.9703417150225662,19,-0.0063285799833762936,-0.002043159264212518,-0.02356087672024989,0.024418256921770173,-7.182e-05,-0.00010517,0.0,0.0,0.5,0,0,0,0,0
c_3159,XRPUSDT,1779814800000,0,test,control,,1.5994264485518244,1.9935799809566874,2,-0.06799605876950912,0,0.9670250378815212,17,0.0007374650554015228,0.016551896749236135,0.0030089195674500796,0.29481760443910754,3.317e-05,7.605e-05,0.0,771.6593799999999,0.0,0,0,0,0,0
c_3160,XRPUSDT,1714608000000,0,train,control,,,,0,-0.013117289293857163,1,0.9923268751198926,0,0.007772490878514378,0.01881803315170618,0.029121239721600637,,0.0001,4.634000000000001e-05,0.0,0.0,0.5,0,0,0,0,0
c_3161,XRPUSDT,1727197200000,0,train,control,,1.608172452132516,1.8692768757823264,1,0.05749845448454894,0,0.9561031331592689,17,0.00162049650872495,0.005456222507112823,-0.0014098102020218967,0.08800191220298283,7.669e-05,3.432e-05,0.0,0.0,0.5,0,0,0,0,0
c_3162,XRPUSDT,1737691200000,0,train,control,,1.74962241004775,0.8560570811903833,0,0.009090805071333904,0,0.9255271821336417,4,0.008491942172437789,-0.010738301897338662,-0.007959278974745077,0.08331453449635813,3.375e-05,-4.964e-05,0.0,0.0,0.5,0,0,0,0,0
c_3163,XRPUSDT,1751583600000,0,train,control,,0.69617763343897,0.6990024169845509,0,-0.07249998117206578,0,0.9726245218960848,23,-0.0008100604219421056,-0.003627384211698608,0.00033231947649957604,0.1859895223181196,0.0001,0.0,0.0,0.0,0.5,0,0,0,0,0
c_3164,XRPUSDT,1761868800000,0,train,control,,0.953844553770866,1.3207762362979991,1,-0.04830744809256487,1,0.9039267306907932,0,0.0037530583995542587,-0.004941568067588627,0.012254392948178903,0.10749136187901681,-6.577e-05,-0.00011051,0.0,0.0,0.5,0,0,0,0,0
c_3165,XRPUSDT,1715533200000,0,train,control,,0.6549550714576478,0.523302732941953,0,-0.056187210640158775,0,0.8833333333333333,17,-0.0013176775647885518,-0.00014536077627813043,-0.000660231471843876,0.013479300546686456,0.0001,7.522e-05,0.0,0.0,0.5,0,0,0,0,0
c_3166,XRPUSDT,1724338800000,0,train,control,,0.7212837038475645,0.8532478236338535,0,-0.026946605165106798,0,0.9729993493819127,15,-0.004960725532846091,-0.017980223364873982,0.013444253356975293,0.2538184916741383,7.355e-05,3.855e-05,0.0,0.0,0.5,0,0,0,0,0
c_3167,XRPUSDT,1738072800000,0,train,control,,1.0433168246264006,1.3064840152363868,1,0.02641512810116524,1,0.9577983326233798,14,-4.290414239489147e-05,0.002985024557735959,0.020548519892129635,0.1617510805625968,0.0001,0.00020651,0.0,0.0,0.5,0,0,0,0,0
c_3168,XRPUSDT,1751425200000,0,train,control,,0.4479294526231197,0.6768880425651849,0,0.015005609355969255,1,0.9349778675490996,3,0.0018718988985321808,-0.0013253411351709468,-0.0010333093588210517,0.08716205818681069,-5.51e-05,-0.0001551,0.0,0.0,0.5,0,0,0,0,0
c_3169,XRPUSDT,1761868800000,0,train,control,,0.953844553770866,1.3207762362979991,1,-0.04830744809256487,1,0.9039267306907932,0,0.0037530583995542587,-0.004941568067588627,0.012254392948178903,0.10749136187901681,-6.577e-05,-0.00011051,0.0,0.0,0.5,0,0,0,0,0
c_3170,XRPUSDT,1715904000000,0,train,control,,0.40541725074741813,0.6596909496398881,0,-0.07478254985369116,1,0.9866028708133971,0,-0.002622757274901666,0.001540192435165273,-0.013811672775735908,0.08288778718459044,0.0001,0.0,0.0,0.0,0.5,0,0,0,0,0
c_3171,XRPUSDT,1724842800000,0,train,control,,1.2242964788484716,1.603173424626175,1,-0.039446944168675876,0,0.9145935667881477,11,-0.007071425721770839,0.002022816882365437,-0.03991290311599722,0.2981708670676678,-0.00017728,-0.00027728000000000003,0.0,0.0,0.5,0,0,0,0,0
c_3172,XRPUSDT,1739505600000,0,train,control,,0.8675923234438362,0.9638142021545543,0,0.09443286615811325,0,0.9957366722998924,4,0.006214816902809644,0.0074073985240848085,0.0017020387021284653,0.10851475848349289,4.872e-05,-5.1280000000000004e-05,0.0,0.0,0.5,0,0,0,0,0
c_3173,XRPUSDT,1753376400000,0,train,control,,2.427387634038638,3.0718001112552855,4,-0.06726855492544047,0,0.8716640288162419,17,-0.004838163798844634,0.007993708247409177,-0.009771338368259512,0.23653819415581676,0.0001,0.0,0.0,0.0,0.5,0,0,0,0,0
c_3174,XRPUSDT,1761498000000,0,train,control,,1.2231969879637137,1.027531290198292,0,-0.0010593238743405117,0,0.9863250432038471,17,-0.0016260720592777434,-0.004700150371246872,-0.009306071163010974,0.11664342497387917,9.84e-06,-9.016e-05,0.0,0.0,0.5,0,0,0,0,0
c_3175,XRPUSDT,1714608000000,0,train,control,,,,0,-0.013117289293857163,1,0.9923268751198926,0,0.007772490878514378,0.01881803315170618,0.029121239721600637,,0.0001,4.634000000000001e-05,0.0,0.0,0.5,0,0,0,0,0
c_3176,XRPUSDT,1726268400000,0,train,control,,1.200630558598529,1.1613618148724332,0,-0.09892714077638468,0,0.97245834750085,23,0.0056293463085532285,0.005946518220319047,0.007840183563037947,0.2271619453847331,4.752e-05,2.446e-05,0.0,0.0,0.5,0,0,0,0,0
c_3177,XRPUSDT,1740175200000,0,train,control,,0.9771611466543707,1.530694327325449,1,0.002445298399586528,0,0.8944860208980513,22,0.0034945277652383535,-0.005389671881499874,-0.04775509291342427,0.43579484310838257,-0.00010469,-3.5720000000000004e-05,0.0,0.0,0.5,0,0,0,0,0
c_3178,XRPUSDT,1749564000000,0,train,control,,2.053290800936135,1.8288964603458666,2,-0.12628324564249713,0,0.9837684644452077,14,-0.0034447660897117746,-0.009174894450767933,-0.0016045456820903302,0.05281504053417724,0.0001,0.00011651000000000001,0.0,0.0,0.5,0,0,0,0,0
c_3179,XRPUSDT,1760223600000,0,train,control,,2.5046045619646184,3.6563621080544104,4,-0.12078883150234872,1,0.779390704335373,23,0.0013182030213105503,0.0015295559815327417,0.006877515243979393,0.8218810217414085,-1.038e-05,-0.00044626999999999997,0.0,0.0,0.5,0,0,0,0,0
c_3180,XRPUSDT,1714608000000,0,train,control,,,,0,-0.013117289293857163,1,0.9923268751198926,0,0.007772490878514378,0.01881803315170618,0.029121239721600637,,0.0001,4.634000000000001e-05,0.0,0.0,0.5,0,0,0,0,0
c_3181,XRPUSDT,1724508000000,0,train,control,,3.7822128373299577,1.6145008842678066,1,0.12189899855886334,0,0.9952312827849309,14,0.0021698272255558817,0.024317586018838974,0.04431018445030725,0.1974727567789397,7.598e-05,3.6020000000000004e-05,0.0,0.0,0.5,0,0,0,0,0
c_3182,XRPUSDT,1739419200000,0,train,control,,0.3069675511682692,0.36544373393176843,0,0.052224711809899994,0,0.9774732199117833,4,0.0003058493168679835,0.00603956185606177,0.010947568943862665,0.19630555078158346,0.0001,8.887000000000001e-05,0.0,0.0,0.5,0,0,0,0,0
c_3183,XRPUSDT,1748617200000,0,train,control,,2.04518224764237,1.4914518566690154,1,-0.022656403865456125,1,0.9135071587521518,15,-0.0013617725043338297,0.0037967946562421943,-0.0027062084708774107,0.30782523189645034,2.026e-05,-7.974e-05,0.0,0.0,0.5,0,0,0,0,0
c_3184,XRPUSDT,1759838400000,0,train,control,,0.7916570518086533,1.0078515105105974,0,0.043534083343542,1,0.957921910293643,12,0.0013466967292093362,-0.002146231064270335,0.009558180366556911,-0.066493440873852,7.621e-05,-1.5139999999999994e-05,0.0,0.0,0.5,0,0,0,0,0
p_637,ZECUSDT,1720422000000,1,train,main,15.9529,3.1782772175640037,3.32817003546765,4,0.10665570633608035,0,0.8776944704779757,7,0.0028004233994939334,-0.00017054284024826656,-0.0073588513713655716,0.1018666889201541,0.0001,0.00019136,0.0,0.0,0.5,0,0,0,0,0
p_638,ZECUSDT,1722567600000,1,train,main,15.3041,2.78287887849228,1.70117975348411,1,-0.020556585848259736,0,0.9040404040404041,3,-0.004395893452578948,0.008318900659205214,-0.009709023288021307,0.03468540834259701,0.0001,8.312e-05,0.0,0.0,0.5,0,0,0,0,0
p_639,ZECUSDT,1722834000000,1,train,main,18.4093,2.515110389784469,4.692511632297098,4,-0.015644343844723334,0,0.7887323943661972,5,-0.006664921534008737,0.007927402564671664,-0.06873458457140338,0.281244220516971,0.0001,8.840000000000003e-06,0.0,0.0,0.5,0,0,0,0,0
p_640,ZECUSDT,1728532800000,1,train,main,21.7802,0.9326898294699815,0.9948551514453463,0,0.0734300578951711,0,0.9781456953642385,4,-0.00021034814260951514,0.0021295937767079392,-0.002448683011067108,0.00016796081444961017,9.754e-05,-2.46e-06,0.0,0.0,0.5,0,0,0,0,0
p_641,ZECUSDT,1730041200000,1,train,main,16.4961,0.6743866580956488,1.4534406433120102,1,-0.283374007148731,1,0.8440643863179076,15,0.0011569656135616059,-0.007386460537661872,0.029688148968572525,-0.024689859482462946,0.0001,0.0,0.0,0.0,0.5,0,0,0,0,0
p_642,ZECUSDT,1732633200000,1,train,main,30.1167,1.2610537336391734,1.5101443015590752,1,-0.03744224040200947,1,0.7893458268263057,15,0.011817032744270413,-0.001254974102488806,0.0074905971264974894,-0.0031071355283160546,0.0001,-0.00010909999999999998,0.0,0.0,0.5,0,1,0,0,0
p_643,ZECUSDT,1733140800000,1,train,main,34.4911,2.4102051832507145,3.4899730901746384,4,-0.02179193519239512,1,0.93420842004162,12,0.0016994669040658824,-0.004498988300949487,-0.01288885294878957,-0.012432754223517205,0.00022636,-8.652000000000003e-05,0.0,0.0,0.5,0,1,0,0,0
p_644,ZECUSDT,1734951600000,1,train,main,19.6573,1.9447918486621192,2.055381872414242,1,-0.09500588140174153,0,0.9838578183596935,11,0.003835381787719185,0.008115842850025054,0.07357238630268878,0.051178652694342096,0.0001,0.00013358,0.0,0.0,0.5,0,0,0,0,0
p_645,ZECUSDT,1738544400000,1,train,main,29.3732,9.891761828559714,5.519509543994545,4,-0.11325691351901186,0,0.6879231273203756,1,-0.012285938083950608,0.0036026444213983926,-0.008889205473094308,0.16923149510610982,3.902e-05,-6.098e-05,0.0,0.0,0.5,0,0,0,0,0
p_646,ZECUSDT,1742871600000,1,train,main,15.5437,0.4894566233930336,0.5730369599600494,0,-0.1371828985506677,0,0.9265471370734529,3,-0.002635463877256707,-0.0007990334739546942,-0.006163736938969841,0.030663184087001506,0.0001,0.00019967,0.0,0.0,0.5,0,0,0,0,0
p_647,ZECUSDT,1744005600000,1,train,main,25.3979,70.24599099615887,19.223988176524077,3,0.06758789286213793,1,0.6741123912532331,6,-0.0005717263146131947,0.22921166847424274,0.20247539682281215,0.06298400196170509,-0.00368872,-0.00244424,0.0,0.0,0.5,0,1,0,0,0
p_648,ZECUSDT,1744297200000,1,train,main,21.9981,7.517060301098368,7.6401048978165305,4,0.039156047165678574,0,0.7978983382209188,15,0.0048797201551614945,-0.0007567566081954924,0.012427986086619006,0.1445195261368093,-0.00141141,-0.0014601100000000001,0.0,0.0,0.5,0,1,0,0,0
p_649,ZECUSDT,1745802000000,1,train,main,19.9259,0.5133741307018332,0.3385796471127115,0,-0.055248345794910204,0,0.9232962646136299,1,-0.0034526148621462135,0.0013164857732946673,0.0067666751997757495,-0.07557018199053218,0.0001,0.0,0.0,0.0,0.5,0,0,0,0,0
p_650,ZECUSDT,1747875600000,1,train,main,16.9578,1.2623303734081663,0.9830955644612956,0,0.13704513887149453,0,0.9983751160631383,1,0.00288204945739187,-0.03169411017256934,-0.07641602791226713,0.058086435102804354,-8.573e-05,-0.00013492,0.0,0.0,0.5,0,0,0,0,0
p_651,ZECUSDT,1748167200000,1,train,main,19.0849,1.9962430122977997,1.378752876494376,1,-0.1345664098099321,0,0.9318538884524745,10,0.00017372575428258518,-0.02705704848747813,-0.0058943205817594555,-0.03979657738936664,0.0001,0.0,0.0,0.0,0.5,0,0,0,0,0
p_652,ZECUSDT,1751936400000,1,train,main,15.9624,1.036322988244277,0.6064635202725662,0,0.001755106599920086,1,0.9178571428571428,1,0.000335477741560174,0.0030446739448961235,0.015561933226270778,-0.0029739002336004183,0.0001,0.0,0.0,0.0,0.5,0,0,0,0,0
p_653,ZECUSDT,1757120400000,1,train,main,15.4295,0.6622119872232467,0.41741540782788583,0,-0.08914667619405486,1,0.952712100139082,1,0.0010351227547102605,-0.0008243915922706933,0.008426139144940475,-0.11657299083927723,0.0001,0.0,0.0,0.0,0.5,0,0,1,0,0
p_654,ZECUSDT,1759021200000,1,train,main,21.3254,1.0744152818508002,1.644187546289391,1,-0.2474065468602489,0,0.8874204601076848,1,-0.00019164553242323,-0.0007922086937354012,-0.008800747275907099,-0.0011745502461424223,-4.109e-05,-0.0001078,0.0,0.0,0.5,0,0,0,0,0
p_655,ZECUSDT,1759298400000,1,train,main,93.3308,17.55497804801002,10.39684850646171,4,0.02201835903085019,0,0.977701961739978,6,0.002482758137686196,0.06011792733803816,0.08370993327682484,0.07354468557562277,-0.00042487,-0.00052487,0.0,0.0,0.5,0,0,1,0,0
p_656,ZECUSDT,1759460400000,1,train,main,23.7943,14.734466344894914,13.603310946077894,4,0.011015179578866625,1,0.8122612561838563,3,0.002380821245637567,-0.011274673666241838,-0.013647071043704133,-0.075255919664643,0.0001,0.0,0.0,0.0,0.5,0,0,0,0,0
p_657,ZECUSDT,1759543200000,1,train,main,35.382,8.121195149821759,11.477413768814065,4,0.14131880490977794,0,0.8090049470849772,2,-0.002109334810004227,-0.010549403515697702,-0.04180423622828395,-0.061904139571986816,0.0001,5.7940000000000004e-05,0.0,0.0,0.5,0,0,1,0,0
p_658,ZECUSDT,1759662000000,1,train,main,17.9662,24.753925478840692,14.623937762239562,4,-0.08134542802567905,0,0.8312004530011324,11,-0.00013902665083989838,-0.025387610671039416,0.0011583642245018148,-0.060382523423564344,0.0001,0.0,0.0,0.0,0.5,0,0,1,0,0
p_659,ZECUSDT,1759996800000,1,train,main,59.384,16.82966789967062,11.172755787554175,4,0.060349212272392885,1,0.9628316682780105,8,-0.0004306794727498844,0.05002501013743754,0.03700316155397298,0.07806631237947742,0.0001,0.0,0.0,0.0,0.5,0,0,0,0,0
p_660,ZECUSDT,1760130000000,1,train,main,49.614,11.15144064388652,12.192900012977688,4,-0.05359052789592478,0,0.8035752515521302,21,-0.020644859195937088,-0.009342890146632542,-0.01934584732568125,0.148935518085958,0.0001,0.0,0.0,0.0,0.5,0,0,0,0,0
p_661,ZECUSDT,1760418000000,1,train,main,16.3405,2.8083646228965695,2.2152900556311312,3,-0.03452359676866897,0,0.7849076835438796,5,-0.0037737678617078994,0.012118371324224284,0.03026570507672985,0.6963927281034276,0.0001,0.0,0.0,0.0,0.5,0,0,0,0,0
p_662,ZECUSDT,1773662400000,1,test,main,22.8299,1.6942153596517722,1.2929630270620405,0,-0.04344438440220632,0,0.967182998622187,12,-0.0031215463994412824,-0.021055884988898408,-0.04475394013583018,-0.02823028942273529,0.0001,0.0,0.0,0.0,0.5,0,1,0,0,0
p_663,ZECUSDT,1775566800000,1,test,main,27.7311,1.8562543515209036,2.1930945837494336,2,0.010492569256491543,0,0.976334617501376,13,0.0008227103181341324,-0.007032174759916173,-0.008951285692216242,0.12736040525693645,-0.00015144,-0.00017136,0.0,0.0,0.5,0,1,0,0,0
p_664,ZECUSDT,1777971600000,1,test,main,42.1917,1.1910879525581646,1.0513597272147008,0,-0.1236234294773006,0,0.9558810068649887,9,-0.000492477956043285,-0.005060294129758865,0.01874413014261643,0.012099058264063697,-8.49e-05,-0.0001849,0.0,0.0,0.5,0,0,0,1,0
p_665,ZECUSDT,1733166000000,1,train,fast,13.3383,2.8790570831794704,4.415013077247296,4,0.06354428751217588,0,0.9667391980105688,19,0.011030017707193177,-0.005227929332877386,0.013782332573528096,-0.03149131798638068,0.00022191,-8.913000000000001e-05,0.0,0.0,0.5,0,1,0,0,0
p_666,ZECUSDT,1734703200000,1,train,fast,16.5651,1.9443908281649316,3.356552316347876,3,0.10614851632984788,0,0.7405042567125082,14,0.013451215123620373,-0.004069757142711953,-0.0011942686288275058,0.08077897904592564,0.0001,0.0,0.0,0.0,0.5,0,0,0,0,0
p_667,ZECUSDT,1759237200000,1,train,fast,14.7695,6.549963041149155,9.538285528043176,4,0.15907561450922547,0,0.9015006821282401,13,-0.00047520567910605663,-0.014428027106264672,0.0025051125363385906,0.05830818733129747,0.0001,0.00035992,0.0,0.0,0.5,0,0,0,0,0
p_668,ZECUSDT,1759298400000,1,train,fast,12.8195,17.55497804801002,10.39684850646171,4,0.02201835903085019,0,0.977701961739978,6,0.002482758137686196,0.06011792733803816,0.08370993327682484,0.07354468557562277,-0.00042487,-0.00052487,0.0,0.0,0.5,0,0,1,0,0
p_669,ZECUSDT,1759338000000,1,train,fast,12.9596,22.21239711247937,23.242182499164876,4,0.07316350709042131,0,0.9666666666666666,17,0.0009687610764240162,0.026632499776283083,0.13839368348229278,-0.0638733708920939,-0.00013371,0.00029116,0.0,0.0,0.5,0,0,1,0,0
p_670,ZECUSDT,1759374000000,1,train,fast,14.8715,45.478538855333824,32.52312833654941,4,0.07629990620320666,0,0.956769669415119,3,0.0010119972271275977,-0.009595297813180614,0.048379724521038,-0.09114700341239249,0.0001,0.00058205,0.0,0.0,0.5,0,0,1,0,0
p_671,ZECUSDT,1760068800000,1,train,fast,10.7922,14.983984495143266,15.444778758063583,4,0.06312315862571895,1,0.9610594486881435,4,-0.00038344825762429163,0.022950756447562518,0.03726638259665758,0.1731621924110407,0.0001,0.0,0.0,0.0,0.5,0,0,0,0,0
p_672,ZECUSDT,1760130000000,1,train,fast,11.2918,11.15144064388652,12.192900012977688,4,-0.05359052789592478,0,0.8035752515521302,21,-0.020644859195937088,-0.009342890146632542,-0.01934584732568125,0.148935518085958,0.0001,0.0,0.0,0.0,0.5,0,0,0,0,0
p_673,ZECUSDT,1760162400000,1,train,fast,13.0341,7.789084910764531,7.726605346864398,4,0.06024107548381479,0,0.833975594091201,6,-0.005021907740380655,0.006512045027303558,0.008409277963823372,0.6997106772435204,-0.00065132,-0.00082857,0.0,0.0,0.5,0,0,0,0,0
p_674,ZECUSDT,1762520400000,1,test,fast,10.7198,3.29194176665889,3.622536745078521,4,-0.012407006996509169,1,0.9451578947368421,13,-0.007574044202847406,0.01567184979251204,-0.022876628882186993,0.033390622399341915,-0.00247332,0.0009977299999999996,0.0,0.0,0.5,0,1,0,0,0
p_675,ZECUSDT,1762617600000,1,test,fast,12.5708,2.2132197515938996,2.130268493807524,2,-0.042697126684378556,0,0.6608516129032258,16,-0.001063012471238705,-0.008899360162400154,0.04118055736134701,0.2094001816237412,0.0001,0.00146339,0.0,0.0,0.5,0,1,0,0,0
p_676,ZECUSDT,1775592000000,1,test,fast,11.7906,1.0361418207326105,1.6086619023643594,1,0.14020144551290642,0,0.9952916271260676,20,0.008217652312329213,-0.01480393265886789,-0.010123551177228065,0.13705527342543983,-0.00015729,-7.312e-05,0.0,0.0,0.5,0,1,0,0,0
c_3185,ZECUSDT,1714608000000,0,train,control,,,,0,0.012316184732932148,0,0.9946236559139785,0,0.007772490878514378,0.0004701458930484001,0.005951635222595463,,0.0001,0.0,0.0,0.0,0.5,0,0,0,0,0
c_3186,ZECUSDT,1726279200000,0,train,control,,0.14943070850463525,0.27168969390477354,0,-0.30860026216500663,0,0.9752967597048443,2,-4.4725015695239856e-05,0.0016573406883967161,-0.003326715151905682,-0.0597906119403838,3.751e-05,-4.672e-05,0.0,0.0,0.5,0,0,0,0,0
c_3187,ZECUSDT,1735797600000,0,train,control,,0.7755463246991652,1.2252526491544118,0,-0.16922844486775443,0,0.8321842250413679,6,-0.0012455759587120525,-0.006535655920175052,0.0498124225382029,-0.097618110978409,0.0001,0.0,0.0,0.0,0.5,0,0,0,0,0
c_3188,ZECUSDT,1749582000000,0,train,control,,0.5481857498853183,1.0006807817762293,0,-0.017290732018615303,1,0.9252986272062755,19,0.005171715684470129,0.0023390474446707346,-0.00285050836290898,0.018087071480882837,-0.00023784,-8.004000000000003e-05,0.0,0.0,0.5,0,0,0,0,0
c_3189,ZECUSDT,1761868800000,0,train,control,,1.1856921113056738,1.2452743606661805,0,0.06434352914488026,0,0.9201024054616245,0,0.0037530583995542587,-0.0011842817140943827,0.011667722591110053,-0.06292400136428696,-0.00197771,-0.00129048,0.0,0.0,0.5,0,0,0,0,0
c_3190,ZECUSDT,1714759200000,0,train,control,,,,0,-0.2256276783107113,0,0.9923142613151151,18,0.0019578232638715,-0.002394037061490703,-0.01883598182457206,,0.0001,0.0,0.0,0.0,0.5,0,0,0,0,0
c_3191,ZECUSDT,1723510800000,0,train,control,,1.7083501382968618,1.6639022474533198,2,0.03907247123956111,0,0.9877216916780355,1,0.00739671901233241,-0.010494303604223789,0.03183152741139554,0.08704028094706436,3.715e-05,-6.285000000000001e-05,0.0,0.0,0.5,0,0,0,0,0
c_3192,ZECUSDT,1735394400000,0,train,control,,2.091411553574512,1.183998860099856,1,0.1728142863112199,0,0.7859788021963988,14,0.0007445630504239903,-0.0004538115042133303,-0.005864896454199572,0.030018086638613155,0.0001,0.0,0.0,0.0,0.5,0,0,0,0,0
c_3193,ZECUSDT,1750910400000,0,train,control,,0.736996960786229,0.8145692934707993,0,0.09870860018085577,1,0.9599351551644281,4,-0.0006368304937058259,-0.0070134396810911685,0.006899370014546526,0.06446898533081122,-3.791e-05,-0.00013791,0.0,0.0,0.5,0,0,0,0,0
c_3194,ZECUSDT,1758657600000,0,train,control,,2.847694382898835,4.935918412418534,4,0.03733268960031707,1,0.9774990778310587,20,-0.0010427080694864238,0.011645839902698362,-0.01005569777470733,0.13779053287176263,6.808e-05,0.00017087,0.0,0.0,0.5,0,0,0,0,0
c_3195,ZECUSDT,1715007600000,0,train,control,,,,0,-0.4079672214887886,0,0.9590301003344481,15,-0.009781383112001982,0.001129217021804344,-0.011329861640411814,,2.436e-05,6.269e-05,0.0,0.0,0.5,0,0,0,0,0
c_3196,ZECUSDT,1724097600000,0,train,control,,0.5286329918607755,0.5566344615667906,0,0.04643713466297317,0,0.9222124283825474,20,-0.000720638231129876,2.012477778035598e-05,0.0052210352935649655,-0.020481287778786245,0.0001,0.0,0.0,0.0,0.5,0,0,0,0,0
c_3197,ZECUSDT,1736114400000,0,train,control,,0.5513385344217523,0.6121892722828687,0,-0.1118148944217304,1,0.933972821742606,22,0.002346177765970549,0.0009454065281958465,0.0060258689611339305,-0.10120777963032399,0.0001,0.0,0.0,0.0,0.5,0,0,0,0,0
c_3198,ZECUSDT,1748556000000,0,train,control,,0.6476191957258819,1.329273404213817,0,-0.08896322619577823,0,0.9514084507042254,22,0.0024845926050157023,-0.0009653071247463951,-0.005293846710162057,-0.014014286818648206,-0.00018728,0.00012022999999999998,0.0,0.0,0.5,0,0,0,0,0
c_3199,ZECUSDT,1761868800000,0,train,control,,1.1856921113056738,1.2452743606661805,0,0.06434352914488026,0,0.9201024054616245,0,0.0037530583995542587,-0.0011842817140943827,0.011667722591110053,-0.06292400136428696,-0.00197771,-0.00129048,0.0,0.0,0.5,0,0,0,0,0
c_3200,ZECUSDT,1714608000000,0,train,control,,,,0,0.012316184732932148,0,0.9946236559139785,0,0.007772490878514378,0.0004701458930484001,0.005951635222595463,,0.0001,0.0,0.0,0.0,0.5,0,0,0,0,0
c_3201,ZECUSDT,1725951600000,0,train,control,,1.5869065600652816,0.7000383115752435,0,0.18005475258414225,0,0.982815598149372,7,-0.0019908347800418006,0.01670283919109815,0.020199113058906024,0.2476190946172361,0.0001,7.065000000000001e-05,0.0,0.0,0.5,0,0,0,0,0
c_3202,ZECUSDT,1738278000000,0,train,control,,0.443083825912403,0.39734966730568744,0,0.08746943958299315,1,0.8973684210526316,23,0.00043334819098559573,0.001253696833333311,0.003878993493647717,-0.024279697877480244,0.0001,0.0,0.0,0.0,0.5,0,0,0,0,0
c_3203,ZECUSDT,1751022000000,0,train,control,,0.6531162819273394,0.5676573871482088,0,-0.24276556943216335,0,0.8955534969893469,11,-0.0008323788846684013,-0.0020092726448207063,-0.0039445073696572725,0.0541540783118779,-6.037e-05,-9.702e-05,0.0,0.0,0.5,0,0,0,0,0
c_3204,ZECUSDT,1761426000000,0,train,control,,0.6435569826681824,0.5597194159572357,0,0.031950185352072176,0,0.8759313977389517,21,-0.0017002031818984117,0.007529877843141695,0.013518848001334079,0.1703709988713783,-0.00028081,-4.34999999999997e-06,0.0,0.0,0.5,0,0,0,0,0
c_3205,ZECUSDT,1715950800000,0,train,control,,1.1427848537536651,0.6891108979761893,0,-0.045378390658082364,1,0.9837364470391993,13,0.0025293619027330215,0.019194252493135364,0.013674237940580607,-0.059212027066640256,0.0001,0.0,0.0,0.0,0.5,0,0,0,0,0
c_3206,ZECUSDT,1724097600000,0,train,control,,0.5286329918607755,0.5566344615667906,0,0.04643713466297317,0,0.9222124283825474,20,-0.000720638231129876,2.012477778035598e-05,0.0052210352935649655,-0.020481287778786245,0.0001,0.0,0.0,0.0,0.5,0,0,0,0,0
c_3207,ZECUSDT,1735552800000,0,train,control,,0.384471973378539,0.6445936318726763,0,0.03892342617505638,0,0.7651640914314902,10,0.00046795968511317035,8.588560659084547e-05,-0.0010300841478750999,0.037007438637605396,0.0001,0.0,0.0,0.0,0.5,0,0,0,0,0
c_3208,ZECUSDT,1747238400000,0,train,control,,1.3344606839247959,1.1918615782428716,0,-0.007728312210442624,1,0.9059978189749182,16,0.0023707403937540832,-0.0010757757305730564,0.007690416059087673,0.05968954679178363,0.0001,0.0,0.0,0.0,0.5,0,0,0,0,0
c_3209,ZECUSDT,1761224400000,0,train,control,,1.0902463471257324,0.8713808000891093,0,0.03366926351370191,0,0.7581898766700924,13,-0.000764522493899843,-0.005816033991649766,0.002219300278319199,0.09186047591476573,-0.0003961,-0.0002756,0.0,0.0,0.5,0,0,0,0,0
c_3210,ZECUSDT,1716044400000,0,train,control,,1.0439389655047793,0.8511647443850068,0,-0.13421246837511944,1,0.9736732135394902,15,-0.0011057676481413556,0.0013728773537098262,0.0008048108270970757,-0.10079487099748217,0.0001,0.0,0.0,0.0,0.5,0,0,0,0,0
c_3211,ZECUSDT,1724770800000,0,train,control,,0.9018832140698385,0.5218736828090311,0,-0.009799598786276707,1,0.8274077407740775,15,-0.006325491973778546,-0.005135895086363411,-0.01625568940603849,0.12618658014118295,7.514e-05,-2.4860000000000003e-05,0.0,0.0,0.5,0,0,0,0,0
c_3212,ZECUSDT,1735974000000,0,train,control,,0.24259823679420822,0.35370639413390514,0,0.052632679336991374,0,0.9073207547169811,7,2.65069993769965e-05,-0.0007450154480157936,0.008164412492401752,-0.055603575377046924,0.0001,0.0,0.0,0.0,0.5,0,0,0,0,0
c_3213,ZECUSDT,1748790000000,0,train,control,,8.41357855547535,6.762571268689303,4,-0.1315951049180636,0,0.8989436619718311,15,0.0032202348967529538,0.006074246543566465,0.023154624816594683,0.001977186661260316,-0.00053712,-0.00012422999999999997,0.0,0.0,0.5,0,0,0,0,0
c_3214,ZECUSDT,1761555600000,0,train,control,,1.8435852885139739,1.6768219838566054,0,0.023375232211880596,0,0.9300762707344391,9,-0.00460776039299706,-0.009238713420854784,-0.00542113227871771,0.1587446240393951,7.508e-05,0.00013288000000000002,0.0,0.0,0.5,0,0,0,0,0
c_3215,ZECUSDT,1716408000000,0,train,control,,0.549920413044254,1.062482190980797,0,0.2470696699985546,1,0.9592156862745098,20,0.0007297047281419378,0.012578469604009655,0.015256642104934512,0.03823785358803695,0.0001,0.0,0.0,0.0,0.5,0,0,0,0,0
c_3216,ZECUSDT,1724083200000,0,train,control,,0.3121531249853102,0.5021544760385401,0,-0.010104989127445625,0,0.9186866460996033,16,-0.0014081502026882867,-0.0006614495025114741,0.013224310380941153,-0.007726777756588216,5.061e-05,5.399999999999982e-07,0.0,0.0,0.5,0,0,0,0,0
c_3217,ZECUSDT,1735790400000,0,train,control,,1.9557936021504714,1.2316079275957708,0,0.02242742615958798,1,0.8277716492002207,4,-0.0023387280553901235,0.012375383847998338,0.051298360434513614,-0.0927810510556233,0.0001,0.0,0.0,0.0,0.5,0,0,0,0,0
c_3218,ZECUSDT,1749459600000,0,train,control,,0.5315219089788993,0.4643986179926461,0,0.001352680630658962,1,0.8744874309146015,9,0.0035359331745591534,0.004362008261082107,0.000672403683314239,-0.01647111578659806,-0.00031777,0.00021705,0.0,0.0,0.5,0,0,0,0,0
c_3219,ZECUSDT,1760997600000,0,train,control,,0.8349767683792355,1.7738297655449926,1,-0.03402972215585234,0,0.9417301815882829,22,-0.004775876913322769,-0.01733493744488031,0.054886130113154796,0.0002381910553135927,-0.00012404,-6.811000000000001e-05,0.0,0.0,0.5,0,0,0,0,0
c_3220,ZECUSDT,1715929200000,0,train,control,,0.5954531376479514,0.7415275638314238,0,-0.23613478720481074,1,0.9738263398421272,7,0.0037015663518331333,0.0010696399090330164,0.0027496819321317072,-0.043284510761294456,0.0001,0.0,0.0,0.0,0.5,0,0,0,0,0
c_3221,ZECUSDT,1726927200000,0,train,control,,0.35384816969982186,0.3523026477868449,0,-0.011390247389241322,1,0.9624730852045524,14,0.0005243556049811968,0.001080655113436899,-0.005737809170125496,-0.0517396443676349,0.0001,0.0,0.0,0.0,0.5,0,0,0,0,0
c_3222,ZECUSDT,1737666000000,0,train,control,,1.4826195913509572,0.7025466125986439,0,0.07360394411985403,0,0.8512585812356979,21,-0.0047688974552059305,-0.0003554573797000748,0.004544306133462505,0.0011770467714372693,0.0001,0.0,0.0,0.0,0.5,0,0,0,0,0
c_3223,ZECUSDT,1751414400000,0,train,control,,0.6282111603725817,0.6287268225242593,0,-0.013878554728873723,1,0.8538675312644742,0,0.0005957849869760282,-0.0038271337013036683,0.0075345912684537195,0.04642218174705813,0.0001,0.0,0.0,0.0,0.5,0,0,0,0,0
c_3224,ZECUSDT,1761868800000,0,train,control,,1.1856921113056738,1.2452743606661805,0,0.06434352914488026,0,0.9201024054616245,0,0.0037530583995542587,-0.0011842817140943827,0.011667722591110053,-0.06292400136428696,-0.00197771,-0.00129048,0.0,0.0,0.5,0,0,0,0,0
c_3225,ZECUSDT,1714608000000,0,train,control,,,,0,0.012316184732932148,0,0.9946236559139785,0,0.007772490878514378,0.0004701458930484001,0.005951635222595463,,0.0001,0.0,0.0,0.0,0.5,0,0,0,0,0
c_3226,ZECUSDT,1726707600000,0,train,control,,1.561723119868916,0.7550244477164937,0,0.2419933125134641,0,0.9863405336721728,1,0.00763420603771255,-0.0006622081438587932,0.01071809683359198,0.08943457429145507,0.0001,0.0,0.0,0.0,0.5,0,0,0,0,0
c_3227,ZECUSDT,1736964000000,0,train,control,,1.1313298984874918,0.9579397403790672,0,-0.10505012700348916,1,0.9928216454997238,18,-0.0035533815741602237,-0.006225177077980691,-0.01985019244754038,-0.0119357669870498,0.0001,2.482000000000001e-05,0.0,0.0,0.5,0,0,0,0,0
c_3228,ZECUSDT,1750442400000,0,train,control,,4.002729945401092,1.9076792188646021,1,-0.16429405599397512,0,0.8530927835051546,18,-0.003992075676708425,0.04484518944510613,0.06743737733224017,0.030148770362729976,6.976e-05,-3.024000000000001e-05,0.0,0.0,0.5,0,0,0,0,0
c_3229,ZECUSDT,1761868800000,0,train,control,,1.1856921113056738,1.2452743606661805,0,0.06434352914488026,0,0.9201024054616245,0,0.0037530583995542587,-0.0011842817140943827,0.011667722591110053,-0.06292400136428696,-0.00197771,-0.00129048,0.0,0.0,0.5,0,0,0,0,0
c_3230,ZECUSDT,1714608000000,0,train,control,,,,0,0.012316184732932148,0,0.9946236559139785,0,0.007772490878514378,0.0004701458930484001,0.005951635222595463,,0.0001,0.0,0.0,0.0,0.5,0,0,0,0,0
c_3231,ZECUSDT,1724634000000,0,train,control,,0.6263760583374637,0.5741873319870365,0,0.0015436659212927578,0,0.9000900090009001,1,-0.0019037173898818994,-0.0016724002127545276,-0.0070700173633615575,0.1361666741810758,0.0001,0.0,0.0,0.0,0.5,0,0,0,0,0
c_3232,ZECUSDT,1736049600000,0,train,control,,0.40607874676064426,0.47490302865750583,0,0.15989566499520683,1,0.8855849056603774,4,-0.0003605053184717648,0.007236343220929821,0.006561724342242174,-0.10463531032317824,0.0001,0.0,0.0,0.0,0.5,0,0,0,0,0
c_3233,ZECUSDT,1751400000000,0,train,control,,0.6880035120378659,0.803723972647313,0,0.09231007221897573,1,0.8457619268179714,20,-0.0033332576419873934,0.00586006745429565,0.01624243966307797,0.056720303120036286,0.0001,0.0,0.0,0.0,0.5,0,0,0,0,0
c_3234,ZECUSDT,1761868800000,0,train,control,,1.1856921113056738,1.2452743606661805,0,0.06434352914488026,0,0.9201024054616245,0,0.0037530583995542587,-0.0011842817140943827,0.011667722591110053,-0.06292400136428696,-0.00197771,-0.00129048,0.0,0.0,0.5,0,0,0,0,0
c_3235,ZECUSDT,1716397200000,0,train,control,,0.9459157727393165,1.1490443998637345,0,-0.2542663861751202,0,0.9705882352941176,17,-0.0030687075534470525,0.003554986675577371,-0.008462938725053932,0.03922708575706017,0.0001,0.0,0.0,0.0,0.5,0,0,0,0,0
c_3236,ZECUSDT,1725796800000,0,train,control,,0.6838031096505073,0.5178223792595261,0,-0.00159965427288556,0,0.8607555416796753,12,-0.0008300671199969749,-0.005615314457980936,-0.005832677890552212,0.20493545223732818,0.0001,0.00023755,0.0,0.0,0.5,0,0,0,0,0
c_3237,ZECUSDT,1735966800000,0,train,control,,0.5420264932004895,0.5445346414416925,0,-0.1118307284192007,0,0.909433962264151,5,-0.0018227314685570588,0.006704209844739354,0.005868694453521085,-0.054408225092256804,0.0001,0.0,0.0,0.0,0.5,0,0,0,0,0
c_3238,ZECUSDT,1751367600000,0,train,control,,1.1539348733492671,1.0347415972235807,0,-0.07135002623338652,0,0.8527095877721167,11,-0.0006009248609187578,-0.0003792477752371052,0.00410276443931747,0.06361833744838721,0.0001,0.00011619000000000001,0.0,0.0,0.5,0,0,0,0,0
c_3239,ZECUSDT,1761418800000,0,train,control,,0.4172949873658854,0.6430688410416846,0,-0.016607873131451668,1,0.8815840184994861,19,0.0031098974147068604,0.01590283829159299,0.022306849754404823,0.17351416764067154,-0.00028081,-4.34999999999997e-06,0.0,0.0,0.5,0,0,0,0,0
c_3240,ZECUSDT,1716318000000,0,train,control,,0.7324782691907494,0.9747760342386125,0,0.12087233968198478,0,0.9623529411764705,19,-0.0004033515365976739,0.0009001960932677415,-0.008017604386977304,0.05699092062195142,0.0001,0.0,0.0,0.0,0.5,0,0,0,0,0
c_3241,ZECUSDT,1723611600000,0,train,control,,1.3446488450495668,1.8859646463838984,1,0.020076195846735638,0,0.9828118113706479,5,-0.00010998030203540857,0.0228569986619567,0.054684219368129325,0.05565860814235648,2.784e-05,4.7000000000000004e-05,0.0,0.0,0.5,0,0,0,0,0
c_3242,ZECUSDT,1736859600000,0,train,control,,0.4955200965127395,0.645452446205007,0,-0.08239111179160241,0,0.8595300261096606,13,-0.005750794749472585,-0.012313832075818302,0.0023083117746172765,0.003669887521706477,0.0001,0.0,0.0,0.0,0.5,0,0,0,0,0
c_3243,ZECUSDT,1750680000000,0,train,control,,0.42893497691532934,0.6166229080737912,0,0.10174220707739356,1,0.8341346153846154,12,-0.001705752725013927,-0.0006370207294924113,0.0033748546036507865,0.046459522562854454,0.0001,9.775e-05,0.0,0.0,0.5,0,0,0,0,0
c_3244,ZECUSDT,1761868800000,0,train,control,,1.1856921113056738,1.2452743606661805,0,0.06434352914488026,0,0.9201024054616245,0,0.0037530583995542587,-0.0011842817140943827,0.011667722591110053,-0.06292400136428696,-0.00197771,-0.00129048,0.0,0.0,0.5,0,0,0,0,0
c_3245,ZECUSDT,1716469200000,0,train,control,,2.7500105814246534,1.3068469966509906,1,-0.049832289707554066,0,0.976078431372549,13,-0.007974921271931307,-0.002620544319422343,0.02345818694375355,0.04558361345642348,0.0001,0.0,0.0,0.0,0.5,0,0,0,0,0
c_3246,ZECUSDT,1725951600000,0,train,control,,1.5869065600652816,0.7000383115752435,0,0.18005475258414225,0,0.982815598149372,7,-0.0019908347800418006,0.01670283919109815,0.020199113058906024,0.2476190946172361,0.0001,7.065000000000001e-05,0.0,0.0,0.5,0,0,0,0,0
c_3247,ZECUSDT,1736326800000,0,train,control,,0.6334868874531774,0.941669240597012,0,-0.0512051313538021,1,0.8305412371134021,9,0.00295414332980579,-0.0024377081135441726,-0.031478025401223284,-0.20856772179777086,0.0001,0.0,0.0,0.0,0.5,0,0,0,0,0
c_3248,ZECUSDT,1750424400000,0,train,control,,0.4411678229039594,0.4349527284053418,0,0.2978800187043859,1,0.8947594501718212,13,2.9264995478003757e-05,0.0015364204054725192,0.00701707431797264,0.06238032582345371,2.389e-05,-7.611e-05,0.0,0.0,0.5,0,0,0,0,0
c_3249,ZECUSDT,1761868800000,0,train,control,,1.1856921113056738,1.2452743606661805,0,0.06434352914488026,0,0.9201024054616245,0,0.0037530583995542587,-0.0011842817140943827,0.011667722591110053,-0.06292400136428696,-0.00197771,-0.00129048,0.0,0.0,0.5,0,0,0,0,0
c_3250,ZECUSDT,1715734800000,0,train,control,,1.6348495656097466,1.0909582332084398,0,0.04752090554769086,0,0.9131699210635646,1,-0.002230688621538459,0.001902404970047187,-0.005245985263868138,0.03463407854763771,0.0001,0.0,0.0,0.0,0.5,0,0,0,0,0
c_3251,ZECUSDT,1724695200000,0,train,control,,2.9700382708539363,1.2979097485724116,1,-0.23138223002892777,0,0.8595859585958597,18,-0.005160848540246272,-0.07131908838118611,-0.06724415031780677,0.12212800281699082,0.0001,0.0,0.0,0.0,0.5,0,0,0,0,0
c_3252,ZECUSDT,1738958400000,0,train,control,,1.4629113420126643,1.850576049435708,2,-0.4049765512477506,0,0.7041609510745314,20,-0.008801432958034741,-0.0007756151203853994,0.0005897308611913922,0.3076182503757492,0.0001,0.0,0.0,0.0,0.5,0,0,0,0,0
c_3253,ZECUSDT,1751198400000,0,train,control,,0.6047401881773647,0.9907858690096284,0,-0.09854041550220419,0,0.9214914312181566,12,0.003022525584643229,-0.001297684835658258,-0.0189426745004754,0.03916680108690984,0.0001,0.0,0.0,0.0,0.5,0,0,0,0,0
c_3254,ZECUSDT,1761868800000,0,train,control,,1.1856921113056738,1.2452743606661805,0,0.06434352914488026,0,0.9201024054616245,0,0.0037530583995542587,-0.0011842817140943827,0.011667722591110053,-0.06292400136428696,-0.00197771,-0.00129048,0.0,0.0,0.5,0,0,0,0,0
c_3255,ZECUSDT,1714608000000,0,train,control,,,,0,0.012316184732932148,0,0.9946236559139785,0,0.007772490878514378,0.0004701458930484001,0.005951635222595463,,0.0001,0.0,0.0,0.0,0.5,0,0,0,0,0
c_3256,ZECUSDT,1724173200000,0,train,control,,0.4175108524018733,0.6464025709955623,0,0.03474940893880384,0,0.9255178492728073,17,-0.00041848335507969973,-0.006437901032323956,0.0012436536535025402,0.05255922319930181,0.0001,0.0,0.0,0.0,0.5,0,0,0,0,0
c_3257,ZECUSDT,1738335600000,0,train,control,,0.6164155516028488,0.8467046660542817,0,-0.1875726022926625,0,0.9171293440263212,15,-0.00214180037388328,-0.00198827175163188,0.005715368134242994,-0.05252589810115965,0.0001,0.0,0.0,0.0,0.5,0,0,0,0,0
c_3258,ZECUSDT,1749034800000,0,train,control,,0.7786307760293301,0.7002732692088514,0,0.16027552092083083,1,0.9310037439828845,11,-0.0012572861148346527,0.003232675530866049,0.0018589520281069687,0.043555803222644233,-0.00028868,0.00011138000000000001,0.0,0.0,0.5,0,0,0,0,0
c_3259,ZECUSDT,1761105600000,0,train,control,,0.9639696005032321,1.094082672917558,0,0.13012269472792803,0,0.8525179856115107,4,0.00013683520510952743,-0.015297383301630675,-0.07359926294497958,0.1489937579913828,8.387e-05,-1.613000000000001e-05,0.0,0.0,0.5,0,0,0,0,0
c_3260,ZECUSDT,1716058800000,0,train,control,,0.3502744528680209,0.6159000544937131,0,0.24470674283498295,0,0.9853740075219389,19,-0.0009816420956862489,0.001689138513204284,0.026974997214739012,-0.10347968822768197,0.0001,0.0,0.0,0.0,0.5,0,0,0,0,0
c_3261,ZECUSDT,1726621200000,0,train,control,,0.8479816006345449,0.3272399491262598,0,-0.29544239685045176,0,0.9377382465057179,1,-0.0013121879199084047,-0.003714911262774849,-0.009319367812911655,-0.06325117732149256,0.0001,0.0,0.0,0.0,0.5,0,0,0,0,0
c_3262,ZECUSDT,1737795600000,0,train,control,,0.36486291952636657,0.33856660242866105,0,-0.024308710422703977,1,0.8663031214742385,9,-0.0004379521472592254,-0.0026337693315478697,-0.0006235175523750172,0.04856870118539322,0.0001,0.0,0.0,0.0,0.5,0,0,0,0,0
c_3263,ZECUSDT,1749909600000,0,train,control,,1.602312704999304,1.072891023691974,0,-0.14269942829392396,0,0.8351855339988699,14,-0.0003676186975060578,-0.002773983250523297,0.003172073038935755,0.16837636304005804,-0.00053536,-0.0005320500000000001,0.0,0.0,0.5,0,0,0,0,0
c_3264,ZECUSDT,1761868800000,0,train,control,,1.1856921113056738,1.2452743606661805,0,0.06434352914488026,0,0.9201024054616245,0,0.0037530583995542587,-0.0011842817140943827,0.011667722591110053,-0.06292400136428696,-0.00197771,-0.00129048,0.0,0.0,0.5,0,0,0,0,0
c_3265,ZECUSDT,1714608000000,0,train,control,,,,0,0.012316184732932148,0,0.9946236559139785,0,0.007772490878514378,0.0004701458930484001,0.005951635222595463,,0.0001,0.0,0.0,0.0,0.5,0,0,0,0,0
c_3266,ZECUSDT,1724961600000,0,train,control,,0.9515315750524697,0.7110491566645816,0,-0.005423975047512433,0,0.7434743474347435,20,0.0018095721292068325,-0.017524107858064786,-0.03730535896990453,0.05959388944431035,0.0001,0.0,0.0,0.0,0.5,0,0,0,0,0
c_3267,ZECUSDT,1737594000000,0,train,control,,0.6323391612463546,0.5109783061897833,0,-0.11506960037023188,0,0.8435134659390953,1,-0.0037621219911464733,-0.003758130103502987,-0.009148082609858362,0.018714483451092653,0.0001,0.0,0.0,0.0,0.5,0,0,0,0,0
c_3268,ZECUSDT,1750910400000,0,train,control,,0.736996960786229,0.8145692934707993,0,0.09870860018085577,1,0.9599351551644281,4,-0.0006368304937058259,-0.0070134396810911685,0.006899370014546526,0.06446898533081122,-3.791e-05,-0.00013791,0.0,0.0,0.5,0,0,0,0,0
c_3269,ZECUSDT,1761868800000,0,train,control,,1.1856921113056738,1.2452743606661805,0,0.06434352914488026,0,0.9201024054616245,0,0.0037530583995542587,-0.0011842817140943827,0.011667722591110053,-0.06292400136428696,-0.00197771,-0.00129048,0.0,0.0,0.5,0,0,0,0,0
c_3270,ZECUSDT,1714608000000,0,train,control,,,,0,0.012316184732932148,0,0.9946236559139785,0,0.007772490878514378,0.0004701458930484001,0.005951635222595463,,0.0001,0.0,0.0,0.0,0.5,0,0,0,0,0
c_3271,ZECUSDT,1724058000000,0,train,control,,0.7977535930151878,0.5936060322050498,0,0.13591199243352126,0,0.9275011018069634,9,0.0017870732186984293,-0.003961532042117245,-0.004465426998051278,-0.016758028258874028,5.061e-05,5.399999999999982e-07,0.0,0.0,0.5,0,0,0,0,0
c_3272,ZECUSDT,1736103600000,0,train,control,,0.4813677675322862,0.5590857957764679,0,0.2692757942967825,0,0.9262989608313349,19,0.0018107356459023448,0.0007320656443531145,0.011114967395718345,-0.10575415931357623,0.0001,0.0,0.0,0.0,0.5,0,0,0,0,0
c_3273,ZECUSDT,1749877200000,0,train,control,,0.32824245762913157,0.4913213815505777,0,-0.07036380207178934,1,0.8461103786023733,5,0.0012767446149517243,-0.004525098783371485,-0.0015825976151624024,0.16597476911524767,-7.965e-05,-9.88e-05,0.0,0.0,0.5,0,0,0,0,0
c_3274,ZECUSDT,1761868800000,0,train,control,,1.1856921113056738,1.2452743606661805,0,0.06434352914488026,0,0.9201024054616245,0,0.0037530583995542587,-0.0011842817140943827,0.011667722591110053,-0.06292400136428696,-0.00197771,-0.00129048,0.0,0.0,0.5,0,0,0,0,0
c_3275,ZECUSDT,1714608000000,0,train,control,,,,0,0.012316184732932148,0,0.9946236559139785,0,0.007772490878514378,0.0004701458930484001,0.005951635222595463,,0.0001,0.0,0.0,0.0,0.5,0,0,0,0,0
c_3276,ZECUSDT,1725116400000,0,train,control,,0.39448687347823586,0.3509049652307558,0,0.0749717938754692,1,0.7390519187358917,15,0.002925698459596027,-0.0007651947130817349,-0.012005682729797849,0.042952980664156454,7.532e-05,2.748e-05,0.0,0.0,0.5,0,0,0,0,0
c_3277,ZECUSDT,1736175600000,0,train,control,,1.28837536634811,0.7898669111237776,0,-0.013600528501702848,1,0.9619845360824743,15,0.012564792237500374,-0.023008396151885577,-0.017896301710607642,-0.18593628295657616,0.0001,0.0,0.0,0.0,0.5,0,0,0,0,0
c_3278,ZECUSDT,1750975200000,0,train,control,,2.0773324288366486,1.394108171702715,1,-0.013094426457709165,0,0.9101435849930523,22,-0.007037187278666409,-0.00044683703934299284,-0.006886141201114148,0.05705072748533443,3.665e-05,7.456e-05,0.0,0.0,0.5,0,0,0,0,0
c_3279,ZECUSDT,1761868800000,0,train,control,,1.1856921113056738,1.2452743606661805,0,0.06434352914488026,0,0.9201024054616245,0,0.0037530583995542587,-0.0011842817140943827,0.011667722591110053,-0.06292400136428696,-0.00197771,-0.00129048,0.0,0.0,0.5,0,0,0,0,0
c_3280,ZECUSDT,1716098400000,0,train,control,,0.8940999956580763,0.4935042721666314,0,0.18971139854141025,0,0.9912244045131634,6,-0.00075238379022646,0.008743964534893707,0.002309207771589848,-0.10128753086263897,0.0001,0.0,0.0,0.0,0.5,0,0,0,0,0
c_3281,ZECUSDT,1726682400000,0,train,control,,0.36135167704597226,0.581384688591091,0,-0.07526247737627378,1,0.934561626429479,18,0.001619828031040581,-0.002271411524424205,0.010992067070300295,-0.03116925203860909,0.0001,0.0,0.0,0.0,0.5,0,0,0,0,0
c_3282,ZECUSDT,1736020800000,0,train,control,,0.3524563256941202,0.3994533256065828,0,-0.022148396750872792,1,0.8956981132075472,20,0.0019237858144282786,0.020378624049592908,0.017685416685008674,-0.09405077219188869,0.0001,0.0,0.0,0.0,0.5,0,0,0,0,0
c_3283,ZECUSDT,1747022400000,0,train,control,,1.0266241172844286,1.503033797733212,1,0.16729682375552918,0,0.9707742639040349,4,0.0020413665601047644,-2.9215183125709364e-05,-0.007019865696451958,0.01778492139248384,0.0001,0.0,0.0,0.0,0.5,0,0,0,0,0
c_3284,ZECUSDT,1760781600000,0,train,control,,0.7774769009209842,0.8006287664191043,0,-0.03602706261242206,1,0.7339409576785175,10,0.001605989694665104,-0.0024429716399505448,0.01726285177158472,-0.018635981652106483,4.635e-05,-5.365e-05,0.0,0.0,0.5,0,0,0,0,0
c_3285,ZECUSDT,1716408000000,0,train,control,,0.549920413044254,1.062482190980797,0,0.2470696699985546,1,0.9592156862745098,20,0.0007297047281419378,0.012578469604009655,0.015256642104934512,0.03823785358803695,0.0001,0.0,0.0,0.0,0.5,0,0,0,0,0
c_3286,ZECUSDT,1726765200000,0,train,control,,1.1577220646326514,0.9938573046350319,0,0.18766749786846224,0,0.9935044849984535,17,0.006245940851272837,0.0022144593159554695,-0.01191624973675428,0.09699806211932716,0.0001,0.0,0.0,0.0,0.5,0,0,0,0,0
c_3287,ZECUSDT,1737273600000,0,train,control,,0.7874745767693526,0.950197539332471,0,-0.16820566011076188,0,0.8699172680866044,8,-0.003810371942323333,0.011006851218002229,0.002822612756375263,-0.048106692974002066,0.0001,0.0,0.0,0.0,0.5,0,0,0,0,0
c_3288,ZECUSDT,1749182400000,0,train,control,,0.7272122747792107,0.8450256376988284,0,0.06335910299057146,0,0.8441789980388661,4,0.0029055851259102063,0.009837756830951524,0.013270960191616485,-0.031783593329187024,-0.00057509,-0.00051038,0.0,0.0,0.5,0,0,0,0,0
c_3289,ZECUSDT,1761868800000,0,train,control,,1.1856921113056738,1.2452743606661805,0,0.06434352914488026,0,0.9201024054616245,0,0.0037530583995542587,-0.0011842817140943827,0.011667722591110053,-0.06292400136428696,-0.00197771,-0.00129048,0.0,0.0,0.5,0,0,0,0,0
c_3290,ZECUSDT,1714608000000,0,train,control,,,,0,0.012316184732932148,0,0.9946236559139785,0,0.007772490878514378,0.0004701458930484001,0.005951635222595463,,0.0001,0.0,0.0,0.0,0.5,0,0,0,0,0
c_3291,ZECUSDT,1726945200000,0,train,control,,0.30053337702462557,0.5243590934598568,0,0.07580587740850633,1,0.9600123039064904,19,-0.0002798193347255334,-0.002098272610079502,0.03167102208502525,-0.060397757969555904,0.0001,0.0,0.0,0.0,0.5,0,0,0,0,0
c_3292,ZECUSDT,1738306800000,0,train,control,,0.3290999200465287,0.39549442234708815,0,0.1334688622962848,0,0.8825910931174089,7,0.0018537556533314175,0.0021598949769873056,0.009049046619601027,-0.05581386458416407,0.0001,0.0,0.0,0.0,0.5,0,0,0,0,0
c_3293,ZECUSDT,1750917600000,0,train,control,,0.7743922189014674,0.8190626688481213,0,-0.24240758853385178,0,0.9471977767484947,6,-0.0018999396064118173,0.0006532795758575186,-0.0026424962413386134,0.06582436122847585,-3.791e-05,-0.00013791,0.0,0.0,0.5,0,0,0,0,0
c_3294,ZECUSDT,1761868800000,0,train,control,,1.1856921113056738,1.2452743606661805,0,0.06434352914488026,0,0.9201024054616245,0,0.0037530583995542587,-0.0011842817140943827,0.011667722591110053,-0.06292400136428696,-0.00197771,-0.00129048,0.0,0.0,0.5,0,0,0,0,0
c_3295,ZECUSDT,1714618800000,0,train,control,,,,0,0.25145045549374073,1,0.9749552772808587,3,0.005998605871452942,0.00099689547993544,0.00163735947321427,,0.0001,0.0,0.0,0.0,0.5,0,0,0,0,0
c_3296,ZECUSDT,1727107200000,0,train,control,,0.9166680497936983,1.173713473842161,0,0.029878597041263118,0,0.9052599200246079,16,0.0035287062462519103,0.00013973690802094539,-0.011012262812057048,0.0030367951069624304,3.489e-05,-6.511e-05,0.0,0.0,0.5,0,0,0,0,0
c_3297,ZECUSDT,1736208000000,0,train,control,,0.6158976620012929,0.6610590790695065,0,0.27370702614533216,0,0.9729381443298969,0,0.0021026616715375144,0.0002053326510365921,0.002403368914408878,-0.09514092046400373,0.0001,0.0,0.0,0.0,0.5,0,0,0,0,0
c_3298,ZECUSDT,1750773600000,0,train,control,,0.7363301353284477,0.7889013971439548,0,-0.004187738066709458,0,0.9742100371747212,14,-0.001109877913429495,0.020087292389007482,0.030216143692379703,0.08443926047346482,3.329e-05,1.3700000000000001e-05,0.0,0.0,0.5,0,0,0,0,0
c_3299,ZECUSDT,1761868800000,0,train,control,,1.1856921113056738,1.2452743606661805,0,0.06434352914488026,0,0.9201024054616245,0,0.0037530583995542587,-0.0011842817140943827,0.011667722591110053,-0.06292400136428696,-0.00197771,-0.00129048,0.0,0.0,0.5,0,0,0,0,0
c_3300,ZECUSDT,1716408000000,0,train,control,,0.549920413044254,1.062482190980797,0,0.2470696699985546,1,0.9592156862745098,20,0.0007297047281419378,0.012578469604009655,0.015256642104934512,0.03823785358803695,0.0001,0.0,0.0,0.0,0.5,0,0,0,0,0
c_3301,ZECUSDT,1724176800000,0,train,control,,0.3949649418281601,0.6006051134803609,0,-0.04055071837209504,0,0.9191273688849714,18,0.004225728440360777,-0.005523655578637409,-0.004702247477188874,0.01365292383294741,0.0001,0.0,0.0,0.0,0.5,0,0,0,0,0
c_3302,ZECUSDT,1738058400000,0,train,control,,0.2913581897947076,0.4396018067558235,0,-0.12207116578115243,0,0.8500885303954359,10,0.0011507009743509718,0.0004846112277200988,0.0028869486945538544,-0.05347841319262492,0.0001,0.0,0.0,0.0,0.5,0,0,0,0,0
c_3303,ZECUSDT,1749060000000,0,train,control,,0.4874307761124394,0.6942498084163804,0,-0.00736800900993935,0,0.9117489748618292,18,-0.0038715932635605926,-0.0018445686585921316,-0.0046731486099406295,0.12671479649318354,-0.00011149,0.00016123,0.0,0.0,0.5,0,0,0,0,0
c_3304,ZECUSDT,1758261600000,0,train,control,,0.5602029999982422,1.1801499566412106,0,0.24685894092565874,1,0.8853434288804759,6,-0.0007859443390626667,-0.003757862336012458,0.008343268255289919,0.06386921504105146,0.0001,0.0,0.0,0.0,0.5,0,0,0,0,0
c_3305,ZECUSDT,1715907600000,0,train,control,,1.1365360044347101,1.0686954619241658,0,0.09169949393772028,0,0.9867054424594931,1,0.003991247774760578,-0.003853463814477823,0.04502067418953021,-0.0331023241022216,0.0001,0.0,0.0,0.0,0.5,0,0,0,0,0
c_3306,ZECUSDT,1725757200000,0,train,control,,0.40618473933693733,0.4767030142741141,0,0.03239037847340379,1,0.8527060270602705,1,-0.00038053085902067877,-0.0008200439417860177,-0.011239274240586709,0.21651232865207024,-2.212e-05,-9.697e-05,0.0,0.0,0.5,0,0,0,0,0
c_3307,ZECUSDT,1736575200000,0,train,control,,0.4569179789624333,0.38166344365465266,0,-0.010149149252764765,1,0.7774528914879791,6,0.003146072195869083,-0.0016642252136360987,-0.0011275557877027775,-0.12064413174880113,0.0001,0.0,0.0,0.0,0.5,0,0,0,0,0
c_3308,ZECUSDT,1751058000000,0,train,control,,0.5425186965209543,0.5965301195285224,0,-0.041657333358416086,1,0.9087540528022233,21,0.002984596447149797,0.0032230966815738177,0.0025251748828257793,0.061039458453757967,0.0001,8.715e-05,0.0,0.0,0.5,0,0,0,0,0
c_3309,ZECUSDT,1761868800000,0,train,control,,1.1856921113056738,1.2452743606661805,0,0.06434352914488026,0,0.9201024054616245,0,0.0037530583995542587,-0.0011842817140943827,0.011667722591110053,-0.06292400136428696,-0.00197771,-0.00129048,0.0,0.0,0.5,0,0,0,0,0
c_3310,ZECUSDT,1762833600000,0,test,control,,1.1302408107001527,2.1805647156393606,1,-0.11369364092201438,0,0.6945032258064516,4,-0.0017683623557400948,-0.021361470588840793,-0.021893211360577834,0.16433779894405082,0.00012752,0.00094246,0.0,0.0,0.5,0,0,0,0,0
c_3311,ZECUSDT,1766260800000,0,test,control,,0.21254832048523303,0.2938603484148567,0,0.04425333845018789,0,0.9850146358512823,20,-0.0009152996643523961,0.004708921974955705,0.008649704009756136,-0.004751182790980579,9.049e-05,-9.510000000000009e-06,0.0,0.0,0.5,0,0,0,0,0
c_3312,ZECUSDT,1770530400000,0,test,control,,0.519248512996103,0.5474315709168411,0,-0.011702775357015308,1,0.7534588059329428,6,-0.0016261828424001866,-0.0013329144190485146,-0.0013392389084584063,-0.07032644542090799,0.0001,0.0,0.0,0.0,0.5,0,0,0,0,0
c_3313,ZECUSDT,1774684800000,0,test,control,,2.116126698302247,1.2048029666939934,1,0.18765245164557684,0,0.8920479786761438,8,0.0024503377125962705,0.008834163886241454,0.03927135366462579,0.09851411060587877,-8.843e-05,-2.186000000000001e-05,0.0,0.0,0.5,0,0,0,0,0
c_3314,ZECUSDT,1779814800000,0,test,control,,1.652960730338654,1.8339277868888513,1,-0.05164436116433571,1,0.8866105140865523,17,0.0007374650554015228,0.0007312303755193729,-0.006263492021554304,0.0022991329887418685,3.431e-05,0.00010038,0.0,0.0,0.5,0,0,0,0,0
c_3315,ZECUSDT,1761958800000,0,test,control,,1.2070838596663966,1.9362194739650365,2,0.017134023088643875,0,0.9885434112478457,1,0.0012085000269264957,-0.012892556841928362,0.055958693147726266,-0.1377389643127815,-0.00153392,-0.00062666,0.0,0.0,0.5,0,0,0,0,0
c_3316,ZECUSDT,1766588400000,0,test,control,,2.423101225826382,1.4076719440647476,1,0.1092124849716025,0,0.9509589759273014,15,-0.0034441063374994986,-0.00821584288953128,0.02413457898945441,0.220193337213354,0.0001,0.0,0.0,0.0,0.5,0,0,0,0,0
c_3317,ZECUSDT,1770624000000,0,test,control,,1.2152820082588887,1.00621376984569,0,-0.1470754199502792,0,0.7602099018936802,8,-0.003241181268266077,0.008004070740041037,0.0063426091787487,-0.05642743098760272,7.011e-05,3.668000000000001e-05,0.0,0.0,0.5,0,0,0,0,0
c_3318,ZECUSDT,1775152800000,0,test,control,,0.9153067612050776,1.3522456810244263,1,0.023958765013571626,1,0.9079008341056535,18,-0.006095442064963537,0.010884986862221592,-0.0054410480844454484,0.07614490811893565,3.055e-05,0.00043513,0.0,0.0,0.5,0,0,0,0,0
c_3319,ZECUSDT,1779814800000,0,test,control,,1.652960730338654,1.8339277868888513,1,-0.05164436116433571,1,0.8866105140865523,17,0.0007374650554015228,0.0007312303755193729,-0.006263492021554304,0.0022991329887418685,3.431e-05,0.00010038,0.0,0.0,0.5,0,0,0,0,0
c_3320,ZECUSDT,1761958800000,0,test,control,,1.2070838596663966,1.9362194739650365,2,0.017134023088643875,0,0.9885434112478457,1,0.0012085000269264957,-0.012892556841928362,0.055958693147726266,-0.1377389643127815,-0.00153392,-0.00062666,0.0,0.0,0.5,0,0,0,0,0
c_3321,ZECUSDT,1765738800000,0,test,control,,0.639668354722052,0.7743638434748555,0,-0.03669336373492464,0,0.850230898404702,19,0.00215297986608945,-0.004916279767690771,-0.0022456476581584747,0.09058993740615295,3.336e-05,5.7039999999999996e-05,0.0,0.0,0.5,0,0,0,0,0
c_3322,ZECUSDT,1770850800000,0,test,control,,2.0691045590083954,2.400476633169825,3,-0.14085984903350662,0,0.9056726217743167,23,-0.005733203896100149,-0.012669886548456669,-0.02580194500301227,-0.032289607561701045,3.807e-05,3.903e-05,0.0,0.0,0.5,0,0,0,0,0
c_3323,ZECUSDT,1776078000000,0,test,control,,0.9794378698140906,1.4542873114901347,1,0.08492872636705599,0,0.9236802030456853,11,-0.000599222141823362,-0.002235570472286745,-0.00414572839291106,0.14491293975482575,0.0001,0.0,0.0,0.0,0.5,0,0,0,0,0
c_3324,ZECUSDT,1779541200000,0,test,control,,0.8702343454935245,1.2745848311461128,1,-0.03623672660864431,0,0.8492012779552716,13,-0.0004989078866235561,0.0031363137495950136,-0.0016697222702695125,-0.06281000750236644,-9.71e-05,-0.0001575,0.0,34.3926,0.0,0,0,0,0,0
c_3325,ZECUSDT,1714618800000,0,train,control,,,,0,0.25145045549374073,1,0.9749552772808587,3,0.005998605871452942,0.00099689547993544,0.00163735947321427,,0.0001,0.0,0.0,0.0,0.5,0,0,0,0,0
c_3326,ZECUSDT,1725177600000,0,train,control,,0.41957184951633436,0.4021568790216006,0,0.16293193349741952,0,0.7687010211351223,8,0.004834697031956747,-0.006915081009265784,-0.005892088020119859,0.038309607374881836,0.0001,2.468e-05,0.0,0.0,0.5,0,0,0,0,0
c_3327,ZECUSDT,1738350000000,0,train,control,,1.8408939040556858,0.9530419942162871,0,-0.20102936201972435,0,0.8970161624533776,19,-0.018546206244756627,0.005834145241949836,0.0033328040959632634,-0.06725741521820676,0.0001,0.0,0.0,0.0,0.5,0,0,0,0,0
c_3328,ZECUSDT,1748912400000,0,train,control,,1.1606578540895685,1.2396315651346073,1,-0.03286488875480519,0,0.9586452762923351,1,0.003946536526726456,0.0035043774611928685,0.005331987249785177,0.1401589096479229,-0.0001397,0.00012295,0.0,0.0,0.5,0,0,0,0,0
c_3329,ZECUSDT,1760781600000,0,train,control,,0.7774769009209842,0.8006287664191043,0,-0.03602706261242206,1,0.7339409576785175,10,0.001605989694665104,-0.0024429716399505448,0.01726285177158472,-0.018635981652106483,4.635e-05,-5.365e-05,0.0,0.0,0.5,0,0,0,0,0
c_3330,ZECUSDT,1714608000000,0,train,control,,,,0,0.012316184732932148,0,0.9946236559139785,0,0.007772490878514378,0.0004701458930484001,0.005951635222595463,,0.0001,0.0,0.0,0.0,0.5,0,0,0,0,0
c_3331,ZECUSDT,1723597200000,0,train,control,,3.059245098008718,2.06468234621912,2,0.01563026371327152,0,0.9900520009043636,1,0.0033145886491440547,-0.0008401795182700363,-0.031467149641435224,0.0709658055041188,2.784e-05,4.7000000000000004e-05,0.0,0.0,0.5,0,0,0,0,0
c_3332,ZECUSDT,1735815600000,0,train,control,,0.6767486764760196,1.1181965734725152,1,-0.03913394393575599,0,0.8117760617760618,11,-0.00029052335559651187,0.012283986708316874,0.04503220209358552,-0.10428780531293654,0.0001,0.0,0.0,0.0,0.5,0,0,0,0,0
c_3333,ZECUSDT,1747134000000,0,train,control,,0.8181113069849634,0.8565547948334228,0,-0.23327068457778916,0,0.9295528898582333,11,0.001061824694483665,-0.00016581062800468475,-0.003381359598929772,0.05400043667445027,0.0001,0.0,0.0,0.0,0.5,0,0,0,0,0
c_3334,ZECUSDT,1761868800000,0,train,control,,1.1856921113056738,1.2452743606661805,0,0.06434352914488026,0,0.9201024054616245,0,0.0037530583995542587,-0.0011842817140943827,0.011667722591110053,-0.06292400136428696,-0.00197771,-0.00129048,0.0,0.0,0.5,0,0,0,0,0
c_3335,ZECUSDT,1716519600000,0,train,control,,5.220454832989366,5.234130556871684,4,-0.2035897191979416,0,0.9920993227990972,3,0.003546271987107728,0.0073846160728637715,-0.04854129699662925,0.12971740540352733,0.0001,0.0,0.0,0.0,0.5,0,0,0,0,0
c_3336,ZECUSDT,1723611600000,0,train,control,,1.3446488450495668,1.8859646463838984,1,0.020076195846735638,0,0.9828118113706479,5,-0.00010998030203540857,0.0228569986619567,0.054684219368129325,0.05565860814235648,2.784e-05,4.7000000000000004e-05,0.0,0.0,0.5,0,0,0,0,0
c_3337,ZECUSDT,1737399600000,0,train,control,,0.8235836528660548,1.8797825341946734,1,-0.07120062787758051,1,0.8528428093645485,19,0.009380093917510407,-0.0024837549449230334,-0.0021405368074852186,-0.017646398172563242,0.0001,0.0,0.0,0.0,0.5,0,0,0,0,0
c_3338,ZECUSDT,1750755600000,0,train,control,,1.209588317427801,0.8060664633556125,0,0.284649745521253,0,0.9735130111524164,9,0.0006378000949549362,-0.00017258587073393914,0.010263306472480067,0.03490850682011463,3.329e-05,1.3700000000000001e-05,0.0,0.0,0.5,0,0,0,0,0
c_3339,ZECUSDT,1761368400000,0,train,control,,0.4735837638703659,0.5593662119134318,0,0.023978472320189476,0,0.8681590441932169,5,0.001811426042899255,0.008884927880564952,0.00028906687548294654,0.1733970023905536,-0.00027646,3.0009999999999965e-05,0.0,0.0,0.5,0,0,0,0,0
c_3340,ZECUSDT,1715104800000,0,train,control,,,,0,-0.09868649486940329,1,0.9611204013377925,18,-0.003944162356751001,-0.003646299810406501,-0.003891415747293706,,0.0001,0.0,0.0,0.0,0.5,0,0,0,0,0
c_3341,ZECUSDT,1724814000000,0,train,control,,0.3436876490901977,0.5632997520134846,0,0.005256359193189712,0,0.7983798379837983,3,-0.0006420194122404715,-0.007983239979660071,-0.024924467038962415,0.09638584072671577,9.336e-05,1.822e-05,0.0,0.0,0.5,0,0,0,0,0
c_3342,ZECUSDT,1735790400000,0,train,control,,1.9557936021504714,1.2316079275957708,0,0.02242742615958798,1,0.8277716492002207,4,-0.0023387280553901235,0.012375383847998338,0.051298360434513614,-0.0927810510556233,0.0001,0.0,0.0,0.0,0.5,0,0,0,0,0
c_3343,ZECUSDT,1749841200000,0,train,control,,4.074957051054336,1.9560926588190537,2,-0.16436529485757004,0,0.8300998304765492,19,-0.001850427715590439,-0.0011738733044430612,-0.04906370125977337,0.15512477945001413,-3.31e-06,0.00018594,0.0,0.0,0.5,0,0,0,0,0
c_3344,ZECUSDT,1758211200000,0,train,control,,0.613464165958695,1.035490331416138,0,-0.03517064254814839,0,0.9046331350279431,16,-0.00038103305887048284,-0.0013883141911604285,0.007032926006688003,0.05209530171091658,-2.103e-05,-0.00012103,0.0,0.0,0.5,0,0,0,0,0
c_3345,ZECUSDT,1715857200000,0,train,control,,0.9491592747831888,0.751120092321444,0,-0.1297363367258358,0,0.966348151225592,11,-0.0028513268998794604,0.0035414879429898124,-0.0013320885615794302,0.10630048796541186,0.0001,0.0,0.0,0.0,0.5,0,0,0,0,0
c_3346,ZECUSDT,1725368400000,0,train,control,,0.6913811470059685,0.6684367799830073,0,0.07311343443551281,1,0.8012439156300704,13,0.0011246879160413943,0.003149214508554527,-0.00457580361112919,-0.045145068326037936,0.0001,0.00010117000000000001,0.0,0.0,0.5,0,0,0,0,0
c_3347,ZECUSDT,1736006400000,0,train,control,,1.9088070695300625,0.8009972633570351,0,-0.00960261153983433,0,0.8914716981132076,16,-0.0037594905706587697,-0.0062114831412255125,-0.01710270143083473,-0.0685876466168435,0.0001,0.0,0.0,0.0,0.5,0,0,0,0,0
c_3348,ZECUSDT,1749103200000,0,train,control,,0.28371439308650054,0.35238930549341235,0,-0.026991565566607856,0,0.8896416473524692,6,-0.005081110387170692,0.0021411279245958856,0.002733488027770341,0.08272715730825286,6.632e-05,0.00035499999999999996,0.0,0.0,0.5,0,0,0,0,0
c_3349,ZECUSDT,1761868800000,0,train,control,,1.1856921113056738,1.2452743606661805,0,0.06434352914488026,0,0.9201024054616245,0,0.0037530583995542587,-0.0011842817140943827,0.011667722591110053,-0.06292400136428696,-0.00197771,-0.00129048,0.0,0.0,0.5,0,0,0,0,0
c_3350,ZECUSDT,1715763600000,0,train,control,,0.9197890084784147,1.0993614745705924,0,-0.1179506648716579,1,0.9360199418363108,9,-0.0006628333874969732,-0.00554685716502008,0.012744282572205804,0.08030013997981686,0.0001,0.0,0.0,0.0,0.5,0,0,0,0,0
c_3351,ZECUSDT,1724248800000,0,train,control,,0.8570319399848535,0.5838750820919117,0,-0.03208625130292146,1,0.9615816670411144,14,0.0071284465366509755,-0.007143685917593151,0.003785995560397966,0.07356977321213157,0.0001,0.0,0.0,0.0,0.5,0,0,0,0,0
c_3352,ZECUSDT,1735819200000,0,train,control,,0.6989847287438785,1.155267591275046,1,-0.08101297208240543,1,0.8196359624931053,12,0.00022235115141699738,-4.4418810291229764e-05,0.0373059873941065,-0.1409316736746429,0.0001,0.0,0.0,0.0,0.5,0,0,0,0,0
c_3353,ZECUSDT,1750453200000,0,train,control,,0.38762872989173586,1.4286242877229334,1,0.0047059583938953336,0,0.8661941580756013,21,0.0037902887649992763,-0.00327519578432736,0.04780147543568666,0.028829344642138908,6.976e-05,-3.024000000000001e-05,0.0,0.0,0.5,0,0,0,0,0
c_3354,ZECUSDT,1761609600000,0,train,control,,0.7255397152460873,1.1976904423860337,1,0.023864510693375418,0,0.9108219105018934,0,-0.00012973477128538547,0.009536102455657218,-0.023050123162474317,0.14237433714015058,0.0001,2.492e-05,0.0,0.0,0.5,0,0,0,0,0
c_3355,ZECUSDT,1714608000000,0,train,control,,,,0,0.012316184732932148,0,0.9946236559139785,0,0.007772490878514378,0.0004701458930484001,0.005951635222595463,,0.0001,0.0,0.0,0.0,0.5,0,0,0,0,0
c_3356,ZECUSDT,1725933600000,0,train,control,,0.34072910950111696,0.4409807916884011,0,-0.09029558532191306,0,0.9624505928853755,2,-0.0012924820044709789,-0.004947926590491635,-0.006588142462835178,0.23931224309101867,0.0001,7.065000000000001e-05,0.0,0.0,0.5,0,0,0,0,0
c_3357,ZECUSDT,1736020800000,0,train,control,,0.3524563256941202,0.3994533256065828,0,-0.022148396750872792,1,0.8956981132075472,20,0.0019237858144282786,0.020378624049592908,0.017685416685008674,-0.09405077219188869,0.0001,0.0,0.0,0.0,0.5,0,0,0,0,0
c_3358,ZECUSDT,1750312800000,0,train,control,,0.4940376514810055,0.3787030985498014,0,-0.021789748419273235,0,0.8081632653061224,6,-0.0018156215814282676,-0.0015583657919012962,-0.0024097469096643464,0.09298986311794336,0.0001,0.0,0.0,0.0,0.5,0,0,0,0,0
c_3359,ZECUSDT,1761868800000,0,train,control,,1.1856921113056738,1.2452743606661805,0,0.06434352914488026,0,0.9201024054616245,0,0.0037530583995542587,-0.0011842817140943827,0.011667722591110053,-0.06292400136428696,-0.00197771,-0.00129048,0.0,0.0,0.5,0,0,0,0,0
c_3360,ZECUSDT,1714608000000,0,train,control,,,,0,0.012316184732932148,0,0.9946236559139785,0,0.007772490878514378,0.0004701458930484001,0.005951635222595463,,0.0001,0.0,0.0,0.0,0.5,0,0,0,0,0
c_3361,ZECUSDT,1723618800000,0,train,control,,1.1425792835808781,1.6615680534263335,1,0.04570473001448834,0,0.9839136183340678,7,0.00045723308196483437,-0.005747726771750724,0.04753302401644019,0.05491397074826263,2.784e-05,4.7000000000000004e-05,0.0,0.0,0.5,0,0,0,0,0
c_3362,ZECUSDT,1737259200000,0,train,control,,0.442268799695756,0.4367890185820475,0,-0.29816773102991667,0,0.9012497799683155,4,0.0010510443203071594,-0.006864158567246102,-0.009416637363272766,-0.05287428854681605,0.0001,0.0,0.0,0.0,0.5,0,0,0,0,0
c_3363,ZECUSDT,1750352400000,0,train,control,,0.47416425170870163,0.5136235997962665,0,-0.1204807955099897,0,0.7998056365403303,17,-0.0008697315172442292,-0.0008474887202891939,0.01280651235074498,0.10084472739676845,0.0001,0.0,0.0,0.0,0.5,0,0,0,0,0
c_3364,ZECUSDT,1758193200000,0,train,control,,0.4080948411496081,0.5909016388919137,0,0.1139114625791938,0,0.9091400757166036,11,-0.0009210977438222486,-0.001992551585162422,0.00517288523469814,0.06432543475609337,0.0001,0.0,0.0,0.0,0.5,0,0,0,0,0
c_3365,ZECUSDT,1715266800000,0,train,control,,1.0666163792651417,1.2150935914152803,0,0.1550389444354969,0,0.9828595317725752,15,0.005560333129514375,0.012818815593039722,0.011181079844730888,0.013117267422559187,0.0001,0.0,0.0,0.0,0.5,0,0,0,0,0
c_3366,ZECUSDT,1725418800000,0,train,control,,0.8663830832261517,1.4516191018221785,1,-0.023832590601080426,1,0.8030769230769231,3,-0.0023752927266352235,-0.006210398302003024,-0.05342178047968375,0.11403338906140295,4.933e-05,-5.067000000000001e-05,0.0,0.0,0.5,0,0,0,0,0
c_3367,ZECUSDT,1736733600000,0,train,control,,0.556486629847127,0.525981070975425,0,0.005648102655979691,1,0.7823261858349577,2,-0.01152457053131629,-0.0011894540276753784,-0.0034258370629840157,-0.07649997459087902,0.0001,0.0,0.0,0.0,0.5,0,0,0,0,0
c_3368,ZECUSDT,1749373200000,0,train,control,,0.4646946921261186,0.47457761635366297,0,0.15651635662263463,0,0.8894633624532001,9,-0.0005057866548237467,-0.0030985209248390907,-0.0018683710295049772,-0.013141705374445478,-0.00051552,-0.00011206999999999998,0.0,0.0,0.5,0,0,0,0,0
c_3369,ZECUSDT,1761868800000,0,train,control,,1.1856921113056738,1.2452743606661805,0,0.06434352914488026,0,0.9201024054616245,0,0.0037530583995542587,-0.0011842817140943827,0.011667722591110053,-0.06292400136428696,-0.00197771,-0.00129048,0.0,0.0,0.5,0,0,0,0,0
c_3370,ZECUSDT,1761958800000,0,test,control,,1.2070838596663966,1.9362194739650365,2,0.017134023088643875,0,0.9885434112478457,1,0.0012085000269264957,-0.012892556841928362,0.055958693147726266,-0.1377389643127815,-0.00153392,-0.00062666,0.0,0.0,0.5,0,0,0,0,0
c_3371,ZECUSDT,1766458800000,0,test,control,,1.2394595197682796,0.6688608490370189,0,-0.22779069680003858,0,0.9163790467036569,3,-0.003425985267472031,-0.009755053284366289,-0.008095055460996021,0.18419786664379467,0.0001,0.0,0.0,0.0,0.5,0,0,0,0,0
c_3372,ZECUSDT,1770076800000,0,test,control,,0.4355159729335356,0.5215044406633016,0,-0.05212098463703231,0,0.7298725674207251,0,-0.0008341988516750902,0.004563092138918355,0.0005057543134570153,-0.18100857833532452,-4.22e-06,-0.00010422,0.0,0.0,0.5,0,0,0,0,0
c_3373,ZECUSDT,1775206800000,0,test,control,,0.738031592919804,0.7205170329559316,0,0.02717959623616947,0,0.9168983626814953,9,-0.0011013478826662007,-0.006233197421753837,0.00017026848296377455,0.05474907152200656,-1.05e-05,-4.1049999999999995e-05,0.0,0.0,0.5,0,0,0,0,0
c_3374,ZECUSDT,1779580800000,0,test,control,,1.2365296569076378,2.947364934487892,2,0.10563020246908235,1,0.915582340981702,0,0.0021187935156035307,0.004352155293163692,-0.00306526675077346,-0.08812635783016112,-1.644e-05,2.1340000000000002e-05,0.0,0.0,0.5,0,0,0,0,0
c_3375,ZECUSDT,1762340400000,0,test,control,,1.9793664065554872,1.2367052123286297,0,0.000385311075727888,0,0.9190101470283704,11,-0.005855840391566413,-0.011838488813459822,-0.0491344723423069,-0.0578355532096536,-0.00203081,0.00018168000000000004,0.0,0.0,0.5,0,0,0,0,0
c_3376,ZECUSDT,1766588400000,0,test,control,,2.423101225826382,1.4076719440647476,1,0.1092124849716025,0,0.9509589759273014,15,-0.0034441063374994986,-0.00821584288953128,0.02413457898945441,0.220193337213354,0.0001,0.0,0.0,0.0,0.5,0,0,0,0,0
c_3377,ZECUSDT,1770487200000,0,test,control,,1.1579702287059064,2.3897418503583463,2,0.034898912880475585,1,0.7472267231708837,18,0.003336994354676072,-0.0008261871145889473,-0.03780635261751296,-0.08384473289664332,0.0001,0.0,0.0,0.0,0.5,0,0,0,0,0
c_3378,ZECUSDT,1774882800000,0,test,control,,1.6350092457873107,1.4028237562759025,0,0.0164770186618519,0,0.9072331489035175,15,0.00402720959418237,-0.008691785445856472,-0.016561138874098005,0.053099375767810375,-1.077e-05,-7.176e-05,0.0,0.0,0.5,0,0,0,0,0
c_3379,ZECUSDT,1779166800000,0,test,control,,1.538502359123886,2.060564624734051,2,-0.06408268459327267,0,0.9615689984289745,5,0.001817591944745205,0.00814204286387088,0.00578342288532442,-0.11189124089884572,-1.27e-05,-6.192e-05,586.82,0.0,1.0,0,0,0,0,0
c_3380,ZECUSDT,1761958800000,0,test,control,,1.2070838596663966,1.9362194739650365,2,0.017134023088643875,0,0.9885434112478457,1,0.0012085000269264957,-0.012892556841928362,0.055958693147726266,-0.1377389643127815,-0.00153392,-0.00062666,0.0,0.0,0.5,0,0,0,0,0
c_3381,ZECUSDT,1765850400000,0,test,control,,0.6179216810114491,0.6431055576096218,0,0.013656771351169918,1,0.8459907640638119,2,0.00033791223836562335,-0.0021499288684920324,-0.02018611453605313,-0.13809329992674352,0.0001,6.0060000000000004e-05,0.0,0.0,0.5,0,0,0,0,0
c_3382,ZECUSDT,1770152400000,0,test,control,,2.0977129715330807,2.5878611353924885,4,0.09292671042887299,0,0.7035463795317594,21,0.020537080505996372,-0.004118240273089967,-0.056775505309761616,-0.21872758854555413,3.356e-05,3.7779999999999994e-05,0.0,0.0,0.5,0,0,0,0,0
c_3383,ZECUSDT,1774476000000,0,test,control,,0.5269159453798186,0.9600111556934167,0,-0.07306416060070085,0,0.9025315960402238,22,0.00042271382274200367,-2.9767896940775604e-05,0.0020312816653328854,0.021863538832713615,3.308e-05,-6.067e-05,0.0,0.0,0.5,0,0,0,0,0
c_3384,ZECUSDT,1779706800000,0,test,control,,1.8272114348095676,1.0926584471411018,0,0.008656632751132503,0,0.9637815858263142,11,-0.000838006832978792,0.006802191258497102,0.03307648037172794,-0.10265638641576437,-1.905e-05,8.702e-05,9849.490299999998,0.0,1.0,0,0,0,0,0
