pump_id,symbol,start_ts,end_ts,pct_chg,vol_mult,pump_type,split
0,1000LUNCUSDT,2024-07-16 06:00:00+00:00,2024-07-16 19:00:00+00:00,20.2273,5.074,main,train
1,1000LUNCUSDT,2024-08-05 05:00:00+00:00,2024-08-06 05:00:00+00:00,15.201,3.6616,main,train
2,1000LUNCUSDT,2024-08-10 05:00:00+00:00,2024-08-10 23:00:00+00:00,24.6022,9.2004,main,train
3,1000LUNCUSDT,2024-09-29 06:00:00+00:00,2024-09-29 12:00:00+00:00,19.9911,9.8368,main,train
4,1000LUNCUSDT,2024-11-15 15:00:00+00:00,2024-11-16 14:00:00+00:00,26.5335,6.2019,main,train
5,1000LUNCUSDT,2024-12-02 17:00:00+00:00,2024-12-03 16:00:00+00:00,28.3672,3.9014,main,train
6,1000LUNCUSDT,2025-02-03 02:00:00+00:00,2025-02-03 22:00:00+00:00,32.0335,3.4564,main,train
7,1000LUNCUSDT,2025-10-10 21:00:00+00:00,2025-10-11 08:00:00+00:00,16.4197,8.0191,main,train
8,1000LUNCUSDT,2025-10-11 20:00:00+00:00,2025-10-12 19:00:00+00:00,17.2891,4.1124,main,train
9,1000LUNCUSDT,2025-10-21 04:00:00+00:00,2025-10-21 17:00:00+00:00,16.8686,5.0729,main,train
10,1000LUNCUSDT,2025-12-04 21:00:00+00:00,2025-12-05 20:00:00+00:00,131.5501,174.7088,main,test
11,1000LUNCUSDT,2025-12-08 18:00:00+00:00,2025-12-09 16:00:00+00:00,31.2488,63.6807,main,test
12,1000LUNCUSDT,2025-12-31 07:00:00+00:00,2025-12-31 16:00:00+00:00,21.0654,3.081,main,test
13,1000LUNCUSDT,2026-01-31 18:00:00+00:00,2026-02-01 17:00:00+00:00,18.0926,4.0846,main,test
14,1000LUNCUSDT,2026-02-26 16:00:00+00:00,2026-02-27 04:00:00+00:00,29.4068,17.7822,main,test
15,1000LUNCUSDT,2026-02-28 09:00:00+00:00,2026-02-28 19:00:00+00:00,19.2308,6.1968,main,test
16,1000LUNCUSDT,2026-04-23 03:00:00+00:00,2026-04-24 01:00:00+00:00,25.8864,7.1024,main,test
17,1000LUNCUSDT,2026-04-26 03:00:00+00:00,2026-04-27 00:00:00+00:00,23.4283,9.1096,main,test
18,1000LUNCUSDT,2026-05-02 01:00:00+00:00,2026-05-03 01:00:00+00:00,35.5373,8.7152,main,test
19,1000LUNCUSDT,2026-05-04 16:00:00+00:00,2026-05-05 16:00:00+00:00,26.8534,9.7278,main,test
20,1000LUNCUSDT,2024-05-30 14:00:00+00:00,2024-05-30 15:00:00+00:00,10.6665,48.0514,fast,train
21,1000LUNCUSDT,2025-12-05 06:00:00+00:00,2025-12-05 07:00:00+00:00,14.1311,121.7528,fast,test
22,1000LUNCUSDT,2025-12-05 10:00:00+00:00,2025-12-05 11:00:00+00:00,11.6404,210.831,fast,test
23,1000LUNCUSDT,2025-12-05 13:00:00+00:00,2025-12-05 14:00:00+00:00,14.9106,274.5343,fast,test
24,1000LUNCUSDT,2025-12-05 17:00:00+00:00,2025-12-05 18:00:00+00:00,12.9506,431.8241,fast,test
25,1000LUNCUSDT,2025-12-05 19:00:00+00:00,2025-12-05 20:00:00+00:00,10.7248,468.1816,fast,test
26,1000LUNCUSDT,2025-12-06 04:00:00+00:00,2025-12-06 05:00:00+00:00,12.0431,151.1028,fast,test
27,1000LUNCUSDT,2025-12-08 20:00:00+00:00,2025-12-08 21:00:00+00:00,10.386,93.7659,fast,test
28,1000PEPEUSDT,2024-05-13 07:00:00+00:00,2024-05-13 16:00:00+00:00,23.5152,3.1237,main,train
29,1000PEPEUSDT,2024-07-15 10:00:00+00:00,2024-07-16 04:00:00+00:00,30.9323,3.1957,main,train
30,1000PEPEUSDT,2024-08-05 12:00:00+00:00,2024-08-06 05:00:00+00:00,32.3068,3.4453,main,train
31,1000PEPEUSDT,2024-11-11 13:00:00+00:00,2024-11-12 08:00:00+00:00,22.9692,3.4881,main,train
32,1000PEPEUSDT,2024-11-13 06:00:00+00:00,2024-11-14 01:00:00+00:00,94.3963,6.9974,main,train
33,1000PEPEUSDT,2025-02-03 04:00:00+00:00,2025-02-03 22:00:00+00:00,29.4493,3.2763,main,train
34,1000PEPEUSDT,2025-05-08 11:00:00+00:00,2025-05-09 08:00:00+00:00,47.1553,4.7061,main,train
35,1000PEPEUSDT,2025-09-12 13:00:00+00:00,2025-09-13 12:00:00+00:00,18.1897,3.1483,main,train
36,1000PEPEUSDT,2026-01-01 16:00:00+00:00,2026-01-02 16:00:00+00:00,38.4138,7.3878,main,test
37,1000PEPEUSDT,2026-01-03 11:00:00+00:00,2026-01-04 11:00:00+00:00,18.776,4.7531,main,test
38,1000PEPEUSDT,2026-02-05 23:00:00+00:00,2026-02-06 22:00:00+00:00,15.3503,3.1062,main,test
39,1000PEPEUSDT,2026-02-14 06:00:00+00:00,2026-02-15 04:00:00+00:00,30.8409,3.7868,main,test
40,1000PEPEUSDT,2026-03-15 16:00:00+00:00,2026-03-16 12:00:00+00:00,22.3184,3.6204,main,test
41,1000PEPEUSDT,2024-05-13 15:00:00+00:00,2024-05-13 16:00:00+00:00,10.4526,10.6969,fast,train
42,1000PEPEUSDT,2024-05-20 18:00:00+00:00,2024-05-20 19:00:00+00:00,10.3855,4.5293,fast,train
43,1000PEPEUSDT,2024-11-13 12:00:00+00:00,2024-11-13 13:00:00+00:00,32.8022,19.8651,fast,train
44,1000PEPEUSDT,2024-11-14 00:00:00+00:00,2024-11-14 01:00:00+00:00,13.026,10.6622,fast,train
45,1000PEPEUSDT,2024-11-14 15:00:00+00:00,2024-11-14 16:00:00+00:00,10.7857,6.0156,fast,train
46,1000PEPEUSDT,2025-05-09 07:00:00+00:00,2025-05-09 08:00:00+00:00,12.2421,15.1412,fast,train
47,1000SHIBUSDT,2024-05-28 07:00:00+00:00,2024-05-29 05:00:00+00:00,16.5411,3.9298,main,train
48,1000SHIBUSDT,2024-07-05 02:00:00+00:00,2024-07-06 00:00:00+00:00,17.4637,3.1025,main,train
49,1000SHIBUSDT,2024-08-05 12:00:00+00:00,2024-08-06 07:00:00+00:00,25.5702,3.155,main,train
50,1000SHIBUSDT,2024-09-26 00:00:00+00:00,2024-09-27 00:00:00+00:00,26.4972,10.4768,main,train
51,1000SHIBUSDT,2024-11-09 17:00:00+00:00,2024-11-10 17:00:00+00:00,40.547,7.9878,main,train
52,1000SHIBUSDT,2024-11-30 23:00:00+00:00,2024-12-01 15:00:00+00:00,22.2816,5.1315,main,train
53,1000SHIBUSDT,2025-02-03 02:00:00+00:00,2025-02-03 23:00:00+00:00,29.9094,3.6483,main,train
54,1000SHIBUSDT,2026-01-03 20:00:00+00:00,2026-01-04 17:00:00+00:00,16.0145,3.83,main,test
55,AAVEUSDT,2024-05-20 14:00:00+00:00,2024-05-21 00:00:00+00:00,15.5308,3.206,main,train
56,AAVEUSDT,2024-06-24 14:00:00+00:00,2024-06-25 14:00:00+00:00,16.8027,5.2196,main,train
57,AAVEUSDT,2024-07-25 12:00:00+00:00,2024-07-26 05:00:00+00:00,19.4111,5.3355,main,train
58,AAVEUSDT,2024-08-05 12:00:00+00:00,2024-08-06 04:00:00+00:00,30.4143,4.6663,main,train
59,AAVEUSDT,2024-08-19 15:00:00+00:00,2024-08-20 07:00:00+00:00,18.3195,3.0934,main,train
60,AAVEUSDT,2024-09-03 23:00:00+00:00,2024-09-04 16:00:00+00:00,16.3494,3.2522,main,train
61,AAVEUSDT,2024-11-06 04:00:00+00:00,2024-11-07 02:00:00+00:00,28.5821,5.577,main,train
62,AAVEUSDT,2024-12-11 17:00:00+00:00,2024-12-12 12:00:00+00:00,34.5847,3.6336,main,train
63,AAVEUSDT,2025-01-19 11:00:00+00:00,2025-01-20 07:00:00+00:00,20.3613,3.7456,main,train
64,AAVEUSDT,2025-02-03 01:00:00+00:00,2025-02-03 22:00:00+00:00,29.1728,3.4266,main,train
65,AAVEUSDT,2025-03-04 09:00:00+00:00,2025-03-05 09:00:00+00:00,27.1944,5.1193,main,train
66,AAVEUSDT,2025-05-19 12:00:00+00:00,2025-05-20 04:00:00+00:00,22.8239,3.2661,main,train
67,AAVEUSDT,2025-08-22 13:00:00+00:00,2025-08-23 13:00:00+00:00,21.4711,3.1878,main,train
68,AAVEUSDT,2024-08-05 12:00:00+00:00,2024-08-05 13:00:00+00:00,10.3076,12.1646,fast,train
69,ADAUSDT,2024-11-07 13:00:00+00:00,2024-11-08 12:00:00+00:00,18.5215,4.8053,main,train
70,ADAUSDT,2024-11-09 14:00:00+00:00,2024-11-10 12:00:00+00:00,46.9777,10.9271,main,train
71,ADAUSDT,2024-11-13 06:00:00+00:00,2024-11-13 14:00:00+00:00,15.2178,4.2442,main,train
72,ADAUSDT,2024-11-15 10:00:00+00:00,2024-11-16 10:00:00+00:00,26.5709,7.831,main,train
73,ADAUSDT,2024-11-19 13:00:00+00:00,2024-11-20 10:00:00+00:00,15.7285,3.396,main,train
74,ADAUSDT,2024-11-22 00:00:00+00:00,2024-11-23 00:00:00+00:00,34.9329,4.4716,main,train
75,ADAUSDT,2025-02-03 02:00:00+00:00,2025-02-03 22:00:00+00:00,31.2159,3.5264,main,train
76,ADAUSDT,2025-03-02 14:00:00+00:00,2025-03-02 23:00:00+00:00,75.1545,16.2823,main,train
77,ADAUSDT,2025-03-04 13:00:00+00:00,2025-03-05 10:00:00+00:00,25.6059,7.5085,main,train
78,ADAUSDT,2025-07-10 13:00:00+00:00,2025-07-11 13:00:00+00:00,20.736,3.3472,main,train
79,ADAUSDT,2025-07-17 03:00:00+00:00,2025-07-18 03:00:00+00:00,15.4672,3.8072,main,train
80,ADAUSDT,2025-08-13 14:00:00+00:00,2025-08-14 06:00:00+00:00,17.4596,4.3001,main,train
81,ADAUSDT,2026-02-06 00:00:00+00:00,2026-02-06 17:00:00+00:00,15.0185,3.0216,main,test
82,ADAUSDT,2025-03-02 14:00:00+00:00,2025-03-02 15:00:00+00:00,33.6063,46.406,fast,train
83,ALTUSDT,2024-07-08 01:00:00+00:00,2024-07-08 11:00:00+00:00,17.1669,3.3078,main,train
84,ALTUSDT,2024-07-15 16:00:00+00:00,2024-07-16 15:00:00+00:00,19.4746,4.8794,main,train
85,ALTUSDT,2024-08-05 06:00:00+00:00,2024-08-06 06:00:00+00:00,22.4126,3.5196,main,train
86,ALTUSDT,2024-08-16 10:00:00+00:00,2024-08-17 09:00:00+00:00,24.4148,11.3944,main,train
87,ALTUSDT,2024-09-18 17:00:00+00:00,2024-09-19 17:00:00+00:00,51.9502,10.5455,main,train
88,ALTUSDT,2024-09-22 21:00:00+00:00,2024-09-23 09:00:00+00:00,25.5245,7.1723,main,train
89,ALTUSDT,2024-09-23 12:00:00+00:00,2024-09-24 11:00:00+00:00,19.0996,6.7082,main,train
90,ALTUSDT,2024-11-13 05:00:00+00:00,2024-11-14 04:00:00+00:00,31.0956,4.2837,main,train
91,ALTUSDT,2024-11-24 11:00:00+00:00,2024-11-25 10:00:00+00:00,16.3749,3.0814,main,train
92,ALTUSDT,2024-12-02 17:00:00+00:00,2024-12-03 07:00:00+00:00,23.015,3.235,main,train
93,ALTUSDT,2025-01-20 00:00:00+00:00,2025-01-20 11:00:00+00:00,15.0784,3.2775,main,train
94,ALTUSDT,2025-02-03 02:00:00+00:00,2025-02-03 22:00:00+00:00,29.7347,3.0625,main,train
95,ALTUSDT,2025-04-28 01:00:00+00:00,2025-04-28 08:00:00+00:00,16.2199,4.2647,main,train
96,ALTUSDT,2025-05-09 16:00:00+00:00,2025-05-10 11:00:00+00:00,15.0726,3.391,main,train
97,ALTUSDT,2025-06-15 09:00:00+00:00,2025-06-16 09:00:00+00:00,86.253,18.529,main,train
98,ALTUSDT,2025-06-17 08:00:00+00:00,2025-06-18 03:00:00+00:00,20.1675,54.128,main,train
99,ALTUSDT,2025-07-10 15:00:00+00:00,2025-07-11 05:00:00+00:00,74.1156,12.8636,main,train
100,ALTUSDT,2025-07-27 00:00:00+00:00,2025-07-28 00:00:00+00:00,30.8498,7.334,main,train
101,ALTUSDT,2025-10-11 01:00:00+00:00,2025-10-11 14:00:00+00:00,15.5367,4.1211,main,train
102,ALTUSDT,2025-10-11 20:00:00+00:00,2025-10-12 16:00:00+00:00,17.8744,3.5189,main,train
103,ALTUSDT,2025-11-01 07:00:00+00:00,2025-11-02 07:00:00+00:00,27.3931,5.4499,main,test
104,ALTUSDT,2025-11-19 19:00:00+00:00,2025-11-20 15:00:00+00:00,15.7625,5.3795,main,test
105,ALTUSDT,2026-01-31 18:00:00+00:00,2026-02-01 08:00:00+00:00,16.629,4.6705,main,test
106,ALTUSDT,2026-04-02 21:00:00+00:00,2026-04-03 17:00:00+00:00,20.8631,11.9167,main,test
107,ALTUSDT,2026-04-15 09:00:00+00:00,2026-04-16 06:00:00+00:00,19.1533,7.4648,main,test
108,ALTUSDT,2026-05-21 16:00:00+00:00,2026-05-22 11:00:00+00:00,47.679,46.9865,main,test
109,ALTUSDT,2026-05-26 17:00:00+00:00,2026-05-27 09:00:00+00:00,22.2477,27.2806,main,test
110,ALTUSDT,2024-07-16 14:00:00+00:00,2024-07-16 15:00:00+00:00,10.2722,11.3168,fast,train
111,ALTUSDT,2024-08-05 12:00:00+00:00,2024-08-05 13:00:00+00:00,11.0168,10.0811,fast,train
112,ALTUSDT,2024-11-14 01:00:00+00:00,2024-11-14 02:00:00+00:00,19.8645,28.1257,fast,train
113,ALTUSDT,2024-12-03 06:00:00+00:00,2024-12-03 07:00:00+00:00,11.1185,15.9929,fast,train
114,ALTUSDT,2025-06-16 08:00:00+00:00,2025-06-16 09:00:00+00:00,73.9773,438.2591,fast,train
115,ALTUSDT,2025-07-11 04:00:00+00:00,2025-07-11 05:00:00+00:00,46.8104,101.1043,fast,train
116,ALTUSDT,2025-11-02 05:00:00+00:00,2025-11-02 06:00:00+00:00,10.9091,35.7812,fast,test
117,ALTUSDT,2026-05-21 05:00:00+00:00,2026-05-21 06:00:00+00:00,10.1223,32.4154,fast,test
118,ALTUSDT,2026-05-22 06:00:00+00:00,2026-05-22 07:00:00+00:00,15.2506,136.7594,fast,test
119,APTUSDT,2024-08-05 12:00:00+00:00,2024-08-06 07:00:00+00:00,17.4894,3.2183,main,train
120,APTUSDT,2024-08-11 23:00:00+00:00,2024-08-12 12:00:00+00:00,17.6419,4.008,main,train
121,APTUSDT,2024-10-12 06:00:00+00:00,2024-10-13 06:00:00+00:00,21.5892,3.165,main,train
122,APTUSDT,2024-11-11 05:00:00+00:00,2024-11-11 23:00:00+00:00,28.3653,3.217,main,train
123,APTUSDT,2024-11-20 03:00:00+00:00,2024-11-20 09:00:00+00:00,18.1929,3.0969,main,train
124,APTUSDT,2025-02-03 02:00:00+00:00,2025-02-03 23:00:00+00:00,29.8591,3.382,main,train
125,APTUSDT,2025-02-18 16:00:00+00:00,2025-02-19 12:00:00+00:00,21.6478,3.0319,main,train
126,APTUSDT,2025-06-23 16:00:00+00:00,2025-06-24 16:00:00+00:00,30.0596,4.3556,main,train
127,APTUSDT,2025-10-11 01:00:00+00:00,2025-10-11 08:00:00+00:00,15.2079,3.2157,main,train
128,APTUSDT,2025-11-06 12:00:00+00:00,2025-11-07 07:00:00+00:00,21.3173,3.3584,main,test
129,APTUSDT,2026-02-24 21:00:00+00:00,2026-02-25 19:00:00+00:00,28.3388,3.583,main,test
130,APTUSDT,2026-03-23 08:00:00+00:00,2026-03-24 08:00:00+00:00,17.8454,3.3264,main,test
131,APTUSDT,2025-06-24 13:00:00+00:00,2025-06-24 14:00:00+00:00,11.0004,25.1013,fast,train
132,ARBUSDT,2024-05-20 12:00:00+00:00,2024-05-21 12:00:00+00:00,25.6913,4.1322,main,train
133,ARBUSDT,2024-08-05 12:00:00+00:00,2024-08-06 07:00:00+00:00,18.0182,3.2408,main,train
134,ARBUSDT,2024-11-16 00:00:00+00:00,2024-11-16 20:00:00+00:00,22.8038,3.4038,main,train
135,ARBUSDT,2024-11-20 19:00:00+00:00,2024-11-21 13:00:00+00:00,21.8664,3.7932,main,train
136,ARBUSDT,2025-02-03 02:00:00+00:00,2025-02-03 22:00:00+00:00,33.2812,3.6925,main,train
137,ARBUSDT,2025-05-10 00:00:00+00:00,2025-05-10 22:00:00+00:00,29.7463,4.7963,main,train
138,ARBUSDT,2025-06-29 03:00:00+00:00,2025-06-29 22:00:00+00:00,24.5413,4.0706,main,train
139,ARBUSDT,2025-08-13 05:00:00+00:00,2025-08-13 22:00:00+00:00,22.0321,3.781,main,train
140,ARBUSDT,2025-08-22 12:00:00+00:00,2025-08-22 20:00:00+00:00,24.6978,3.1923,main,train
141,ARUSDT,2024-08-05 06:00:00+00:00,2024-08-06 05:00:00+00:00,20.6624,3.2611,main,train
142,ARUSDT,2024-09-22 21:00:00+00:00,2024-09-23 21:00:00+00:00,19.2058,4.5502,main,train
143,ARUSDT,2024-11-06 01:00:00+00:00,2024-11-07 01:00:00+00:00,17.0086,3.2752,main,train
144,ARUSDT,2024-11-07 13:00:00+00:00,2024-11-08 13:00:00+00:00,15.2552,3.2971,main,train
145,ARUSDT,2024-11-22 17:00:00+00:00,2024-11-23 15:00:00+00:00,34.1094,3.8887,main,train
146,ARUSDT,2025-01-30 00:00:00+00:00,2025-01-31 00:00:00+00:00,27.5399,3.4502,main,train
147,ARUSDT,2025-02-03 04:00:00+00:00,2025-02-03 22:00:00+00:00,25.2658,4.6119,main,train
148,ARUSDT,2025-10-10 22:00:00+00:00,2025-10-11 08:00:00+00:00,17.5598,4.8639,main,train
149,ARUSDT,2025-10-11 19:00:00+00:00,2025-10-12 19:00:00+00:00,16.5316,3.046,main,train
150,ARUSDT,2025-11-01 06:00:00+00:00,2025-11-02 06:00:00+00:00,30.9764,4.5864,main,test
151,ARUSDT,2025-11-03 20:00:00+00:00,2025-11-04 15:00:00+00:00,20.8758,5.5517,main,test
152,ARUSDT,2025-11-07 04:00:00+00:00,2025-11-07 22:00:00+00:00,56.3945,13.6438,main,test
153,ARUSDT,2025-11-08 00:00:00+00:00,2025-11-08 04:00:00+00:00,16.5821,6.0293,main,test
154,ARUSDT,2026-02-25 12:00:00+00:00,2026-02-25 17:00:00+00:00,19.3449,6.9752,main,test
155,ARUSDT,2026-04-15 07:00:00+00:00,2026-04-16 07:00:00+00:00,21.8857,3.7934,main,test
156,ARUSDT,2026-05-05 10:00:00+00:00,2026-05-06 10:00:00+00:00,21.1602,7.8827,main,test
157,ARUSDT,2026-05-07 22:00:00+00:00,2026-05-08 22:00:00+00:00,15.1856,3.5915,main,test
158,ARUSDT,2024-05-30 12:00:00+00:00,2024-05-30 13:00:00+00:00,12.2148,6.5298,fast,train
159,ARUSDT,2025-11-07 16:00:00+00:00,2025-11-07 17:00:00+00:00,19.0941,39.9657,fast,test
160,ARUSDT,2025-11-07 21:00:00+00:00,2025-11-07 22:00:00+00:00,11.0427,17.5689,fast,test
161,ASTERUSDT,2025-11-02 10:00:00+00:00,2025-11-02 15:00:00+00:00,35.7736,4.5968,main,test
162,ASTERUSDT,2025-11-04 05:00:00+00:00,2025-11-05 05:00:00+00:00,26.7462,3.1289,main,test
163,ASTERUSDT,2026-02-05 20:00:00+00:00,2026-02-06 17:00:00+00:00,18.3616,3.3244,main,test
164,ASTERUSDT,2025-09-20 17:00:00+00:00,2025-09-20 18:00:00+00:00,13.7449,3.4467,fast,train
165,ASTERUSDT,2025-11-02 13:00:00+00:00,2025-11-02 14:00:00+00:00,29.1195,24.0557,fast,test
166,ATOMUSDT,2024-08-05 12:00:00+00:00,2024-08-06 07:00:00+00:00,15.9417,3.8147,main,train
167,ATOMUSDT,2024-11-09 19:00:00+00:00,2024-11-10 18:00:00+00:00,16.9267,3.4689,main,train
168,ATOMUSDT,2024-11-16 06:00:00+00:00,2024-11-17 00:00:00+00:00,22.4412,3.4157,main,train
169,ATOMUSDT,2024-11-22 07:00:00+00:00,2024-11-23 01:00:00+00:00,24.8499,4.1294,main,train
170,ATOMUSDT,2025-02-03 04:00:00+00:00,2025-02-03 22:00:00+00:00,25.8901,3.0207,main,train
171,ATOMUSDT,2025-04-03 14:00:00+00:00,2025-04-04 14:00:00+00:00,16.1751,3.6397,main,train
172,ATOMUSDT,2025-11-19 20:00:00+00:00,2025-11-20 09:00:00+00:00,16.2112,3.0107,main,test
173,AVAXUSDT,2024-11-11 08:00:00+00:00,2024-11-12 08:00:00+00:00,19.5447,3.8061,main,train
174,AVAXUSDT,2024-11-22 01:00:00+00:00,2024-11-23 01:00:00+00:00,24.483,3.3722,main,train
175,AVAXUSDT,2024-12-01 23:00:00+00:00,2024-12-02 23:00:00+00:00,15.8755,3.2565,main,train
176,AVAXUSDT,2025-02-03 02:00:00+00:00,2025-02-03 22:00:00+00:00,24.2122,3.2989,main,train
177,BASUSDT,2025-10-12 23:00:00+00:00,2025-10-13 16:00:00+00:00,220.448,35.2546,main,train
178,BASUSDT,2025-10-14 06:00:00+00:00,2025-10-15 01:00:00+00:00,147.98,13.5841,main,train
179,BASUSDT,2025-10-16 03:00:00+00:00,2025-10-16 17:00:00+00:00,102.6422,7.9808,main,train
180,BASUSDT,2025-10-17 23:00:00+00:00,2025-10-18 21:00:00+00:00,118.2439,6.9107,main,train
181,BASUSDT,2025-10-20 18:00:00+00:00,2025-10-20 19:00:00+00:00,20.9446,16.1516,main,train
182,BASUSDT,2025-10-22 01:00:00+00:00,2025-10-22 13:00:00+00:00,63.8015,19.8675,main,train
183,BASUSDT,2025-10-23 09:00:00+00:00,2025-10-24 07:00:00+00:00,57.6067,16.0358,main,train
184,BASUSDT,2025-10-24 18:00:00+00:00,2025-10-25 10:00:00+00:00,21.1454,3.7088,main,train
185,BASUSDT,2025-11-20 16:00:00+00:00,2025-11-21 01:00:00+00:00,35.3817,3.8753,main,test
186,BASUSDT,2025-12-14 06:00:00+00:00,2025-12-14 15:00:00+00:00,101.4248,63.3182,main,test
187,BASUSDT,2025-12-14 19:00:00+00:00,2025-12-15 00:00:00+00:00,19.1394,30.2759,main,test
188,BASUSDT,2025-12-15 14:00:00+00:00,2025-12-16 04:00:00+00:00,57.7818,21.174,main,test
189,BASUSDT,2025-12-16 09:00:00+00:00,2025-12-16 23:00:00+00:00,20.7144,13.3864,main,test
190,BASUSDT,2025-12-18 03:00:00+00:00,2025-12-18 05:00:00+00:00,16.0,6.1094,main,test
191,BASUSDT,2025-12-22 15:00:00+00:00,2025-12-22 21:00:00+00:00,29.461,7.6445,main,test
192,BASUSDT,2026-02-07 14:00:00+00:00,2026-02-08 13:00:00+00:00,17.8714,3.8376,main,test
193,BASUSDT,2026-02-09 18:00:00+00:00,2026-02-10 18:00:00+00:00,19.7828,5.314,main,test
194,BASUSDT,2026-02-12 11:00:00+00:00,2026-02-13 08:00:00+00:00,24.0128,5.1498,main,test
195,BASUSDT,2026-02-16 15:00:00+00:00,2026-02-17 13:00:00+00:00,34.2863,5.2876,main,test
196,BASUSDT,2026-02-17 16:00:00+00:00,2026-02-18 16:00:00+00:00,18.239,4.0499,main,test
197,BASUSDT,2026-03-24 09:00:00+00:00,2026-03-25 02:00:00+00:00,52.7923,4.5297,main,test
198,BASUSDT,2026-03-27 05:00:00+00:00,2026-03-27 08:00:00+00:00,18.8465,6.2337,main,test
199,BASUSDT,2026-03-28 13:00:00+00:00,2026-03-29 05:00:00+00:00,25.6261,4.2316,main,test
200,BASUSDT,2026-03-29 10:00:00+00:00,2026-03-29 13:00:00+00:00,21.2829,3.6134,main,test
201,BASUSDT,2026-04-04 23:00:00+00:00,2026-04-05 20:00:00+00:00,32.2425,3.998,main,test
202,BASUSDT,2026-04-09 05:00:00+00:00,2026-04-10 05:00:00+00:00,68.7273,5.5512,main,test
203,BASUSDT,2026-04-10 11:00:00+00:00,2026-04-10 21:00:00+00:00,30.5841,4.9609,main,test
204,BASUSDT,2026-04-20 22:00:00+00:00,2026-04-21 22:00:00+00:00,70.7196,4.7571,main,test
205,BASUSDT,2026-04-22 23:00:00+00:00,2026-04-23 23:00:00+00:00,44.4556,3.4855,main,test
206,BASUSDT,2026-05-09 09:00:00+00:00,2026-05-10 07:00:00+00:00,28.1911,3.0481,main,test
207,BASUSDT,2025-08-27 20:00:00+00:00,2025-08-27 21:00:00+00:00,28.4695,3.1198,fast,train
208,BASUSDT,2025-10-10 20:00:00+00:00,2025-10-10 21:00:00+00:00,11.6998,5.0375,fast,train
209,BASUSDT,2025-10-13 05:00:00+00:00,2025-10-13 06:00:00+00:00,11.7681,3.2201,fast,train
210,BASUSDT,2025-10-13 07:00:00+00:00,2025-10-13 08:00:00+00:00,73.1069,40.1365,fast,train
211,BASUSDT,2025-10-13 10:00:00+00:00,2025-10-13 11:00:00+00:00,28.8835,82.3535,fast,train
212,BASUSDT,2025-10-13 13:00:00+00:00,2025-10-13 14:00:00+00:00,11.4091,58.3473,fast,train
213,BASUSDT,2025-10-13 17:00:00+00:00,2025-10-13 18:00:00+00:00,23.8989,65.9595,fast,train
214,BASUSDT,2025-10-14 16:00:00+00:00,2025-10-14 17:00:00+00:00,13.2549,17.6865,fast,train
215,BASUSDT,2025-10-14 18:00:00+00:00,2025-10-14 19:00:00+00:00,11.4393,15.9356,fast,train
216,BASUSDT,2025-10-14 21:00:00+00:00,2025-10-14 22:00:00+00:00,11.0723,13.4224,fast,train
217,BASUSDT,2025-10-14 23:00:00+00:00,2025-10-15 00:00:00+00:00,18.8407,27.9227,fast,train
218,BASUSDT,2025-10-16 08:00:00+00:00,2025-10-16 09:00:00+00:00,15.3977,7.1973,fast,train
219,BASUSDT,2025-10-16 13:00:00+00:00,2025-10-16 14:00:00+00:00,17.7473,12.5515,fast,train
220,BASUSDT,2025-10-17 08:00:00+00:00,2025-10-17 09:00:00+00:00,10.6743,13.6203,fast,train
221,BASUSDT,2025-10-18 20:00:00+00:00,2025-10-18 21:00:00+00:00,19.1423,14.8873,fast,train
222,BASUSDT,2025-10-20 18:00:00+00:00,2025-10-20 19:00:00+00:00,20.9446,42.9271,fast,train
223,BASUSDT,2025-10-22 01:00:00+00:00,2025-10-22 02:00:00+00:00,30.9927,75.3445,fast,train
224,BASUSDT,2025-10-23 11:00:00+00:00,2025-10-23 12:00:00+00:00,12.866,13.1143,fast,train
225,BASUSDT,2025-10-23 21:00:00+00:00,2025-10-23 22:00:00+00:00,10.8108,25.4242,fast,train
226,BASUSDT,2025-12-13 13:00:00+00:00,2025-12-13 14:00:00+00:00,16.2178,82.8111,fast,test
227,BASUSDT,2025-12-14 10:00:00+00:00,2025-12-14 11:00:00+00:00,12.3944,70.054,fast,test
228,BASUSDT,2025-12-14 14:00:00+00:00,2025-12-14 15:00:00+00:00,32.747,198.6545,fast,test
229,BASUSDT,2025-12-15 23:00:00+00:00,2025-12-16 00:00:00+00:00,10.1244,12.134,fast,test
230,BASUSDT,2025-12-16 03:00:00+00:00,2025-12-16 04:00:00+00:00,27.74,55.2572,fast,test
231,BASUSDT,2026-01-01 04:00:00+00:00,2026-01-01 05:00:00+00:00,10.1888,11.0021,fast,test
232,BASUSDT,2026-02-19 08:00:00+00:00,2026-02-19 09:00:00+00:00,10.7241,5.7913,fast,test
233,BASUSDT,2026-03-24 09:00:00+00:00,2026-03-24 10:00:00+00:00,14.346,7.2568,fast,test
234,BASUSDT,2026-03-27 07:00:00+00:00,2026-03-27 08:00:00+00:00,15.9508,29.9284,fast,test
235,BASUSDT,2026-03-27 23:00:00+00:00,2026-03-28 00:00:00+00:00,13.878,4.6135,fast,test
236,BASUSDT,2026-03-28 06:00:00+00:00,2026-03-28 07:00:00+00:00,13.391,4.9336,fast,test
237,BASUSDT,2026-03-29 11:00:00+00:00,2026-03-29 12:00:00+00:00,10.52,13.1512,fast,test
238,BASUSDT,2026-04-10 04:00:00+00:00,2026-04-10 05:00:00+00:00,21.0745,38.8921,fast,test
239,BASUSDT,2026-04-10 11:00:00+00:00,2026-04-10 12:00:00+00:00,11.0948,10.6145,fast,test
240,BASUSDT,2026-04-24 01:00:00+00:00,2026-04-24 02:00:00+00:00,10.2448,10.2837,fast,test
241,BASUSDT,2026-05-17 22:00:00+00:00,2026-05-17 23:00:00+00:00,12.0753,4.9736,fast,test
242,BASUSDT,2026-05-23 20:00:00+00:00,2026-05-23 21:00:00+00:00,15.31,3.8172,fast,test
243,BCHUSDT,2024-07-28 12:00:00+00:00,2024-07-29 12:00:00+00:00,15.478,3.2611,main,train
244,BCHUSDT,2024-10-14 00:00:00+00:00,2024-10-15 00:00:00+00:00,19.4845,3.887,main,train
245,BCHUSDT,2024-11-09 19:00:00+00:00,2024-11-10 16:00:00+00:00,19.1624,3.8704,main,train
246,BCHUSDT,2024-11-21 02:00:00+00:00,2024-11-21 07:00:00+00:00,21.7024,6.4902,main,train
247,BCHUSDT,2025-02-03 04:00:00+00:00,2025-02-03 23:00:00+00:00,22.3629,3.5815,main,train
248,BCHUSDT,2025-02-28 06:00:00+00:00,2025-03-01 02:00:00+00:00,18.6537,3.1598,main,train
249,BCHUSDT,2025-03-04 16:00:00+00:00,2025-03-05 16:00:00+00:00,29.6902,7.2673,main,train
250,BCHUSDT,2025-05-07 20:00:00+00:00,2025-05-08 20:00:00+00:00,17.9167,3.9888,main,train
251,BCHUSDT,2025-11-21 11:00:00+00:00,2025-11-22 11:00:00+00:00,22.8317,3.741,main,test
252,BCHUSDT,2026-02-06 02:00:00+00:00,2026-02-06 22:00:00+00:00,18.6838,3.6331,main,test
253,BCHUSDT,2025-03-03 12:00:00+00:00,2025-03-03 13:00:00+00:00,11.1941,16.741,fast,train
254,BEATUSDT,2025-12-14 16:00:00+00:00,2025-12-15 16:00:00+00:00,102.3767,4.1252,main,test
255,BEATUSDT,2025-12-21 18:00:00+00:00,2025-12-22 14:00:00+00:00,31.0395,3.0892,main,test
256,BEATUSDT,2025-12-23 21:00:00+00:00,2025-12-24 09:00:00+00:00,25.3549,3.0042,main,test
257,BEATUSDT,2026-02-14 17:00:00+00:00,2026-02-14 23:00:00+00:00,23.5591,3.0275,main,test
258,BEATUSDT,2026-03-06 07:00:00+00:00,2026-03-07 06:00:00+00:00,40.5295,5.8604,main,test
259,BEATUSDT,2026-03-15 22:00:00+00:00,2026-03-16 15:00:00+00:00,39.9794,3.1137,main,test
260,BEATUSDT,2026-05-22 03:00:00+00:00,2026-05-23 03:00:00+00:00,80.9165,34.6237,main,test
261,BEATUSDT,2026-05-26 11:00:00+00:00,2026-05-27 11:00:00+00:00,27.2962,5.0459,main,test
262,BEATUSDT,2025-11-13 13:00:00+00:00,2025-11-13 14:00:00+00:00,12.6133,3.5011,fast,test
263,BEATUSDT,2025-11-20 12:00:00+00:00,2025-11-20 13:00:00+00:00,57.7449,11.3341,fast,test
264,BEATUSDT,2025-12-07 06:00:00+00:00,2025-12-07 07:00:00+00:00,12.5008,3.8605,fast,test
265,BEATUSDT,2025-12-12 12:00:00+00:00,2025-12-12 13:00:00+00:00,12.7468,5.7519,fast,test
266,BEATUSDT,2025-12-14 17:00:00+00:00,2025-12-14 18:00:00+00:00,13.9809,3.2144,fast,test
267,BEATUSDT,2025-12-14 23:00:00+00:00,2025-12-15 00:00:00+00:00,14.2052,3.7725,fast,test
268,BEATUSDT,2025-12-15 03:00:00+00:00,2025-12-15 04:00:00+00:00,19.78,3.7802,fast,test
269,BEATUSDT,2025-12-15 15:00:00+00:00,2025-12-15 16:00:00+00:00,12.6115,7.7779,fast,test
270,BEATUSDT,2025-12-16 23:00:00+00:00,2025-12-17 00:00:00+00:00,15.3081,3.7334,fast,test
271,BEATUSDT,2025-12-18 17:00:00+00:00,2025-12-18 18:00:00+00:00,13.5854,3.5516,fast,test
272,BEATUSDT,2025-12-21 19:00:00+00:00,2025-12-21 20:00:00+00:00,13.0816,6.3124,fast,test
273,BEATUSDT,2025-12-24 04:00:00+00:00,2025-12-24 05:00:00+00:00,11.4465,3.1165,fast,test
274,BEATUSDT,2025-12-24 13:00:00+00:00,2025-12-24 14:00:00+00:00,10.4325,4.6485,fast,test
275,BEATUSDT,2025-12-26 02:00:00+00:00,2025-12-26 03:00:00+00:00,23.4297,5.2606,fast,test
276,BEATUSDT,2025-12-29 09:00:00+00:00,2025-12-29 10:00:00+00:00,17.9804,4.6867,fast,test
277,BEATUSDT,2026-01-01 15:00:00+00:00,2026-01-01 16:00:00+00:00,17.2032,6.4701,fast,test
278,BEATUSDT,2026-01-14 03:00:00+00:00,2026-01-14 04:00:00+00:00,12.7766,4.5073,fast,test
279,BEATUSDT,2026-03-27 11:00:00+00:00,2026-03-27 12:00:00+00:00,10.3448,4.4044,fast,test
280,BEATUSDT,2026-04-03 01:00:00+00:00,2026-04-03 02:00:00+00:00,18.1212,4.5258,fast,test
281,BEATUSDT,2026-04-08 13:00:00+00:00,2026-04-08 14:00:00+00:00,11.733,6.6174,fast,test
282,BEATUSDT,2026-05-22 07:00:00+00:00,2026-05-22 08:00:00+00:00,10.2518,34.5273,fast,test
283,BNBUSDT,2024-08-05 12:00:00+00:00,2024-08-06 07:00:00+00:00,19.1984,4.4816,main,train
284,BNBUSDT,2024-12-03 13:00:00+00:00,2024-12-04 10:00:00+00:00,23.9164,4.5943,main,train
285,BNBUSDT,2025-10-12 01:00:00+00:00,2025-10-13 00:00:00+00:00,18.2321,3.1066,main,train
286,BSBUSDT,2026-04-21 06:00:00+00:00,2026-04-22 02:00:00+00:00,59.6929,4.1299,main,test
287,BSBUSDT,2026-04-23 09:00:00+00:00,2026-04-24 09:00:00+00:00,78.2264,7.8652,main,test
288,BSBUSDT,2026-04-24 20:00:00+00:00,2026-04-25 18:00:00+00:00,80.8944,7.4561,main,test
289,BSBUSDT,2026-04-28 07:00:00+00:00,2026-04-29 05:00:00+00:00,25.3955,3.8753,main,test
290,BSBUSDT,2026-04-29 16:00:00+00:00,2026-04-30 16:00:00+00:00,93.7424,14.4765,main,test
291,BSBUSDT,2026-05-03 07:00:00+00:00,2026-05-04 04:00:00+00:00,85.4161,3.2326,main,test
292,BSBUSDT,2026-05-04 14:00:00+00:00,2026-05-04 17:00:00+00:00,33.0693,5.0094,main,test
293,BSBUSDT,2026-05-07 16:00:00+00:00,2026-05-08 16:00:00+00:00,70.7828,3.3402,main,test
294,BSBUSDT,2026-05-08 18:00:00+00:00,2026-05-09 13:00:00+00:00,19.4719,3.0802,main,test
295,BSBUSDT,2026-05-16 15:00:00+00:00,2026-05-17 15:00:00+00:00,49.7285,3.864,main,test
296,BSBUSDT,2026-05-19 20:00:00+00:00,2026-05-20 18:00:00+00:00,90.3547,4.1835,main,test
297,BSBUSDT,2026-05-20 20:00:00+00:00,2026-05-21 13:00:00+00:00,28.2834,3.3794,main,test
298,BSBUSDT,2026-05-22 15:00:00+00:00,2026-05-23 09:00:00+00:00,154.5563,4.346,main,test
299,BSBUSDT,2026-05-25 10:00:00+00:00,2026-05-25 14:00:00+00:00,37.0268,3.0976,main,test
300,BSBUSDT,2026-04-22 01:00:00+00:00,2026-04-22 02:00:00+00:00,21.4481,6.8963,fast,test
301,BSBUSDT,2026-04-23 10:00:00+00:00,2026-04-23 11:00:00+00:00,12.1921,7.4941,fast,test
302,BSBUSDT,2026-04-23 12:00:00+00:00,2026-04-23 13:00:00+00:00,17.5539,14.4789,fast,test
303,BSBUSDT,2026-04-24 04:00:00+00:00,2026-04-24 05:00:00+00:00,10.6165,6.2673,fast,test
304,BSBUSDT,2026-04-24 07:00:00+00:00,2026-04-24 08:00:00+00:00,18.8286,24.5936,fast,test
305,BSBUSDT,2026-04-25 01:00:00+00:00,2026-04-25 02:00:00+00:00,14.0917,8.077,fast,test
306,BSBUSDT,2026-04-25 12:00:00+00:00,2026-04-25 13:00:00+00:00,20.0518,7.3241,fast,test
307,BSBUSDT,2026-04-26 03:00:00+00:00,2026-04-26 04:00:00+00:00,13.2489,14.0064,fast,test
308,BSBUSDT,2026-04-26 05:00:00+00:00,2026-04-26 06:00:00+00:00,38.6083,19.2259,fast,test
309,BSBUSDT,2026-04-27 05:00:00+00:00,2026-04-27 06:00:00+00:00,11.7729,14.6461,fast,test
310,BSBUSDT,2026-04-28 08:00:00+00:00,2026-04-28 09:00:00+00:00,14.7758,7.6336,fast,test
311,BSBUSDT,2026-04-29 16:00:00+00:00,2026-04-29 17:00:00+00:00,31.7552,38.245,fast,test
312,BSBUSDT,2026-04-30 02:00:00+00:00,2026-04-30 03:00:00+00:00,18.4438,12.8732,fast,test
313,BSBUSDT,2026-04-30 04:00:00+00:00,2026-04-30 05:00:00+00:00,11.3855,13.3017,fast,test
314,BSBUSDT,2026-04-30 07:00:00+00:00,2026-04-30 08:00:00+00:00,16.6767,22.2259,fast,test
315,BSBUSDT,2026-05-04 03:00:00+00:00,2026-05-04 04:00:00+00:00,18.3202,11.4954,fast,test
316,BSBUSDT,2026-05-04 15:00:00+00:00,2026-05-04 16:00:00+00:00,15.781,6.3606,fast,test
317,BSBUSDT,2026-05-06 12:00:00+00:00,2026-05-06 13:00:00+00:00,15.1378,4.4745,fast,test
318,BSBUSDT,2026-05-08 18:00:00+00:00,2026-05-08 19:00:00+00:00,19.4532,14.0409,fast,test
319,BSBUSDT,2026-05-17 08:00:00+00:00,2026-05-17 09:00:00+00:00,10.3303,6.1266,fast,test
320,BSBUSDT,2026-05-19 16:00:00+00:00,2026-05-19 17:00:00+00:00,22.4876,9.9659,fast,test
321,BSBUSDT,2026-05-19 20:00:00+00:00,2026-05-19 21:00:00+00:00,14.1249,9.6989,fast,test
322,BSBUSDT,2026-05-20 17:00:00+00:00,2026-05-20 18:00:00+00:00,19.0618,8.9406,fast,test
323,BSBUSDT,2026-05-21 12:00:00+00:00,2026-05-21 13:00:00+00:00,17.4519,6.7933,fast,test
324,BSBUSDT,2026-05-22 16:00:00+00:00,2026-05-22 17:00:00+00:00,34.0776,13.5979,fast,test
325,BSBUSDT,2026-05-23 08:00:00+00:00,2026-05-23 09:00:00+00:00,13.44,3.4053,fast,test
326,BSBUSDT,2026-05-24 11:00:00+00:00,2026-05-24 12:00:00+00:00,15.3062,4.4715,fast,test
327,BSBUSDT,2026-05-27 04:00:00+00:00,2026-05-27 05:00:00+00:00,10.1778,3.4765,fast,test
328,CHZUSDT,2024-05-24 22:00:00+00:00,2024-05-25 21:00:00+00:00,19.8285,4.597,main,train
329,CHZUSDT,2024-05-28 01:00:00+00:00,2024-05-28 22:00:00+00:00,15.6552,5.4468,main,train
330,CHZUSDT,2024-08-05 06:00:00+00:00,2024-08-06 05:00:00+00:00,16.4416,3.9975,main,train
331,CHZUSDT,2024-11-17 21:00:00+00:00,2024-11-18 17:00:00+00:00,21.6901,4.4717,main,train
332,CHZUSDT,2024-11-23 05:00:00+00:00,2024-11-24 05:00:00+00:00,24.0681,3.4831,main,train
333,CHZUSDT,2025-02-03 01:00:00+00:00,2025-02-03 22:00:00+00:00,27.7936,3.7501,main,train
334,CHZUSDT,2025-09-30 09:00:00+00:00,2025-10-01 09:00:00+00:00,15.3886,4.3461,main,train
335,CHZUSDT,2025-10-10 21:00:00+00:00,2025-10-11 08:00:00+00:00,17.6861,4.6091,main,train
336,CHZUSDT,2025-12-18 19:00:00+00:00,2025-12-19 16:00:00+00:00,26.5436,9.8999,main,test
337,CHZUSDT,2025-12-30 14:00:00+00:00,2025-12-31 14:00:00+00:00,19.4046,10.1649,main,test
338,CHZUSDT,2026-01-10 01:00:00+00:00,2026-01-10 21:00:00+00:00,15.7895,3.7634,main,test
339,CHZUSDT,2026-03-27 22:00:00+00:00,2026-03-28 20:00:00+00:00,17.8733,4.9841,main,test
340,CHZUSDT,2026-04-14 23:00:00+00:00,2026-04-15 16:00:00+00:00,18.3494,4.1891,main,test
341,CHZUSDT,2026-04-19 22:00:00+00:00,2026-04-20 21:00:00+00:00,17.4635,4.3229,main,test
342,CHZUSDT,2024-09-25 06:00:00+00:00,2024-09-25 07:00:00+00:00,10.656,44.5616,fast,train
343,CRCLUSDT,2026-02-25 05:00:00+00:00,2026-02-26 04:00:00+00:00,35.6467,40.3571,main,test
344,CRCLUSDT,2026-03-02 13:00:00+00:00,2026-03-02 21:00:00+00:00,20.3521,13.6116,main,test
345,CRCLUSDT,2026-03-03 09:00:00+00:00,2026-03-04 09:00:00+00:00,17.602,14.1492,main,test
346,CRCLUSDT,2026-03-09 01:00:00+00:00,2026-03-10 01:00:00+00:00,18.2551,6.573,main,test
347,CRCLUSDT,2026-04-13 11:00:00+00:00,2026-04-14 11:00:00+00:00,19.2357,3.9828,main,test
348,CRCLUSDT,2026-05-04 10:00:00+00:00,2026-05-05 04:00:00+00:00,23.0643,5.9135,main,test
349,CRCLUSDT,2026-05-11 10:00:00+00:00,2026-05-12 10:00:00+00:00,18.7555,13.2461,main,test
350,CRCLUSDT,2026-02-25 10:00:00+00:00,2026-02-25 11:00:00+00:00,11.7395,53.5666,fast,test
351,CRCLUSDT,2026-03-02 13:00:00+00:00,2026-03-02 14:00:00+00:00,15.3328,93.4438,fast,test
352,DASHUSDT,2024-07-05 02:00:00+00:00,2024-07-05 18:00:00+00:00,17.1066,3.1509,main,train
353,DASHUSDT,2024-11-22 14:00:00+00:00,2024-11-23 14:00:00+00:00,20.5748,3.0674,main,train
354,DASHUSDT,2024-11-26 18:00:00+00:00,2024-11-27 16:00:00+00:00,21.2928,3.5609,main,train
355,DASHUSDT,2024-12-01 05:00:00+00:00,2024-12-02 05:00:00+00:00,48.2415,9.212,main,train
356,DASHUSDT,2024-12-02 17:00:00+00:00,2024-12-03 12:00:00+00:00,17.2285,7.065,main,train
357,DASHUSDT,2024-12-03 19:00:00+00:00,2024-12-04 10:00:00+00:00,15.0751,3.4357,main,train
358,DASHUSDT,2024-12-05 03:00:00+00:00,2024-12-05 21:00:00+00:00,21.7146,4.5236,main,train
359,DASHUSDT,2025-02-03 01:00:00+00:00,2025-02-03 19:00:00+00:00,19.9018,3.352,main,train
360,DASHUSDT,2025-04-28 01:00:00+00:00,2025-04-28 07:00:00+00:00,16.2458,9.9252,main,train
361,DASHUSDT,2025-10-01 14:00:00+00:00,2025-10-02 13:00:00+00:00,46.4327,52.4965,main,train
362,DASHUSDT,2025-10-04 16:00:00+00:00,2025-10-05 15:00:00+00:00,21.0597,13.9297,main,train
363,DASHUSDT,2025-10-08 05:00:00+00:00,2025-10-08 22:00:00+00:00,17.4261,6.4334,main,train
364,DASHUSDT,2025-10-09 16:00:00+00:00,2025-10-10 10:00:00+00:00,56.0895,33.5449,main,train
365,DASHUSDT,2025-10-11 20:00:00+00:00,2025-10-12 10:00:00+00:00,55.7089,20.3829,main,train
366,DASHUSDT,2025-10-14 09:00:00+00:00,2025-10-15 08:00:00+00:00,17.2756,6.8546,main,train
367,DASHUSDT,2025-10-17 06:00:00+00:00,2025-10-18 05:00:00+00:00,16.2257,3.135,main,train
368,DASHUSDT,2025-10-31 21:00:00+00:00,2025-11-01 21:00:00+00:00,58.0042,7.0261,main,train
369,DASHUSDT,2025-11-03 09:00:00+00:00,2025-11-04 04:00:00+00:00,77.7832,7.5157,main,test
370,DASHUSDT,2025-11-06 02:00:00+00:00,2025-11-06 11:00:00+00:00,28.8391,3.1929,main,test
371,DASHUSDT,2025-11-14 05:00:00+00:00,2025-11-15 03:00:00+00:00,38.9116,3.0895,main,test
372,DASHUSDT,2025-12-27 08:00:00+00:00,2025-12-27 15:00:00+00:00,16.9231,3.1144,main,test
373,DASHUSDT,2026-01-12 12:00:00+00:00,2026-01-13 11:00:00+00:00,70.6952,17.5084,main,test
374,DASHUSDT,2026-01-15 16:00:00+00:00,2026-01-16 07:00:00+00:00,20.555,17.7767,main,test
375,DASHUSDT,2026-01-18 02:00:00+00:00,2026-01-18 15:00:00+00:00,25.1448,13.2477,main,test
376,DASHUSDT,2026-04-09 15:00:00+00:00,2026-04-10 15:00:00+00:00,37.3198,11.4783,main,test
377,DASHUSDT,2026-05-03 07:00:00+00:00,2026-05-04 06:00:00+00:00,31.3441,7.2802,main,test
378,DASHUSDT,2026-05-05 12:00:00+00:00,2026-05-06 12:00:00+00:00,26.5812,6.7017,main,test
379,DASHUSDT,2026-05-20 04:00:00+00:00,2026-05-21 03:00:00+00:00,25.1001,5.0851,main,test
380,DASHUSDT,2024-12-01 23:00:00+00:00,2024-12-02 00:00:00+00:00,12.8934,56.337,fast,train
381,DASHUSDT,2025-10-10 00:00:00+00:00,2025-10-10 01:00:00+00:00,19.8702,61.3531,fast,train
382,DASHUSDT,2025-10-11 07:00:00+00:00,2025-10-11 08:00:00+00:00,11.8912,38.6243,fast,train
383,DASHUSDT,2025-10-12 05:00:00+00:00,2025-10-12 06:00:00+00:00,18.173,28.7302,fast,train
384,DASHUSDT,2025-10-15 07:00:00+00:00,2025-10-15 08:00:00+00:00,11.2299,16.0732,fast,train
385,DASHUSDT,2025-11-01 08:00:00+00:00,2025-11-01 09:00:00+00:00,11.8737,14.3643,fast,test
386,DASHUSDT,2025-11-02 05:00:00+00:00,2025-11-02 06:00:00+00:00,14.7425,14.5138,fast,test
387,DASHUSDT,2025-11-03 16:00:00+00:00,2025-11-03 17:00:00+00:00,18.6021,15.165,fast,test
388,DASHUSDT,2025-11-04 02:00:00+00:00,2025-11-04 03:00:00+00:00,17.5883,8.397,fast,test
389,DASHUSDT,2025-11-05 14:00:00+00:00,2025-11-05 15:00:00+00:00,10.5294,7.0529,fast,test
390,DASHUSDT,2025-11-06 08:00:00+00:00,2025-11-06 09:00:00+00:00,10.7418,5.1859,fast,test
391,DASHUSDT,2025-11-15 00:00:00+00:00,2025-11-15 01:00:00+00:00,10.9468,7.3173,fast,test
392,DASHUSDT,2025-11-15 22:00:00+00:00,2025-11-15 23:00:00+00:00,10.1885,7.5083,fast,test
393,DASHUSDT,2026-01-13 09:00:00+00:00,2026-01-13 10:00:00+00:00,13.4764,66.3934,fast,test
394,DASHUSDT,2026-01-14 05:00:00+00:00,2026-01-14 06:00:00+00:00,10.5836,37.8299,fast,test
395,DASHUSDT,2026-01-14 08:00:00+00:00,2026-01-14 09:00:00+00:00,15.2429,70.2007,fast,test
396,DOGEUSDT,2024-08-05 12:00:00+00:00,2024-08-06 05:00:00+00:00,20.457,3.0594,main,train
397,DOGEUSDT,2024-10-17 18:00:00+00:00,2024-10-18 17:00:00+00:00,15.5249,4.2321,main,train
398,DOGEUSDT,2024-10-28 16:00:00+00:00,2024-10-29 16:00:00+00:00,19.0075,4.4725,main,train
399,DOGEUSDT,2024-11-05 04:00:00+00:00,2024-11-06 03:00:00+00:00,30.464,6.6439,main,train
400,DOGEUSDT,2024-11-11 08:00:00+00:00,2024-11-12 08:00:00+00:00,54.2825,6.1735,main,train
401,DOGEUSDT,2024-11-13 05:00:00+00:00,2024-11-13 14:00:00+00:00,17.0585,3.263,main,train
402,DOGEUSDT,2025-02-03 02:00:00+00:00,2025-02-03 22:00:00+00:00,26.5341,3.0593,main,train
403,DOGEUSDT,2025-03-02 14:00:00+00:00,2025-03-02 23:00:00+00:00,18.2596,3.1316,main,train
404,DOGEUSDT,2025-04-07 06:00:00+00:00,2025-04-08 04:00:00+00:00,15.7987,3.4374,main,train
405,DOGEUSDT,2025-05-10 00:00:00+00:00,2025-05-10 23:00:00+00:00,23.0818,3.2939,main,train
406,DOGEUSDT,2025-07-17 16:00:00+00:00,2025-07-18 13:00:00+00:00,17.7105,4.4501,main,train
407,DOGEUSDT,2025-10-11 20:00:00+00:00,2025-10-12 20:00:00+00:00,16.0022,3.2627,main,train
408,DOGEUSDT,2026-02-14 08:00:00+00:00,2026-02-15 07:00:00+00:00,18.8486,3.0196,main,test
409,DOGEUSDT,2024-11-06 01:00:00+00:00,2024-11-06 02:00:00+00:00,10.6473,16.3853,fast,train
410,DOGEUSDT,2025-01-21 10:00:00+00:00,2025-01-21 11:00:00+00:00,11.2866,22.9252,fast,train
411,DOTUSDT,2024-07-05 02:00:00+00:00,2024-07-05 18:00:00+00:00,16.6468,4.5822,main,train
412,DOTUSDT,2024-08-05 06:00:00+00:00,2024-08-06 05:00:00+00:00,15.8847,4.2408,main,train
413,DOTUSDT,2024-11-09 19:00:00+00:00,2024-11-10 18:00:00+00:00,23.0105,6.1313,main,train
414,DOTUSDT,2024-11-16 02:00:00+00:00,2024-11-17 00:00:00+00:00,17.3081,3.3304,main,train
415,DOTUSDT,2024-11-23 00:00:00+00:00,2024-11-24 00:00:00+00:00,41.3692,8.0938,main,train
416,DOTUSDT,2025-02-03 04:00:00+00:00,2025-02-03 22:00:00+00:00,26.0744,3.0654,main,train
417,DOTUSDT,2025-11-07 12:00:00+00:00,2025-11-08 02:00:00+00:00,25.7958,3.2022,main,test
418,DOTUSDT,2026-02-24 23:00:00+00:00,2026-02-25 21:00:00+00:00,39.644,6.3606,main,test
419,DOTUSDT,2024-11-23 23:00:00+00:00,2024-11-24 00:00:00+00:00,13.3873,35.8878,fast,train
420,DRIFTUSDT,2024-12-05 01:00:00+00:00,2024-12-06 00:00:00+00:00,32.7545,4.0247,main,train
421,DRIFTUSDT,2024-12-30 21:00:00+00:00,2024-12-31 10:00:00+00:00,21.2738,5.491,main,train
422,DRIFTUSDT,2025-02-03 01:00:00+00:00,2025-02-03 23:00:00+00:00,24.758,3.2805,main,train
423,DRIFTUSDT,2025-03-04 01:00:00+00:00,2025-03-05 01:00:00+00:00,18.0516,4.6391,main,train
424,DRIFTUSDT,2025-03-14 18:00:00+00:00,2025-03-15 13:00:00+00:00,19.8102,7.6505,main,train
425,DRIFTUSDT,2025-03-16 23:00:00+00:00,2025-03-17 04:00:00+00:00,25.6912,16.7859,main,train
426,DRIFTUSDT,2025-04-29 22:00:00+00:00,2025-04-30 18:00:00+00:00,39.6001,62.9708,main,train
427,DRIFTUSDT,2025-05-07 05:00:00+00:00,2025-05-08 01:00:00+00:00,20.2478,8.7423,main,train
428,DRIFTUSDT,2025-06-28 08:00:00+00:00,2025-06-29 07:00:00+00:00,16.6308,4.6624,main,train
429,DRIFTUSDT,2025-07-20 12:00:00+00:00,2025-07-21 12:00:00+00:00,45.3857,21.151,main,train
430,DRIFTUSDT,2025-08-27 02:00:00+00:00,2025-08-28 02:00:00+00:00,27.9315,15.1303,main,train
431,DRIFTUSDT,2025-09-12 03:00:00+00:00,2025-09-13 00:00:00+00:00,15.8883,7.4153,main,train
432,DRIFTUSDT,2025-09-17 17:00:00+00:00,2025-09-18 16:00:00+00:00,45.3915,22.5202,main,train
433,DRIFTUSDT,2025-09-24 03:00:00+00:00,2025-09-24 14:00:00+00:00,19.5909,4.7478,main,train
434,DRIFTUSDT,2025-09-26 15:00:00+00:00,2025-09-27 15:00:00+00:00,22.4173,4.208,main,train
435,DRIFTUSDT,2025-09-30 12:00:00+00:00,2025-10-01 12:00:00+00:00,21.1031,4.7784,main,train
436,DRIFTUSDT,2026-01-13 05:00:00+00:00,2026-01-14 05:00:00+00:00,16.3506,6.9391,main,test
437,DRIFTUSDT,2026-01-25 23:00:00+00:00,2026-01-26 00:00:00+00:00,15.5853,7.5178,main,test
438,DRIFTUSDT,2026-02-06 08:00:00+00:00,2026-02-07 03:00:00+00:00,17.3859,3.103,main,test
439,DRIFTUSDT,2026-04-02 04:00:00+00:00,2026-04-02 12:00:00+00:00,42.5701,184.6617,main,test
440,DRIFTUSDT,2026-04-03 03:00:00+00:00,2026-04-03 17:00:00+00:00,16.7699,65.7153,main,test
441,DRIFTUSDT,2026-04-04 15:00:00+00:00,2026-04-05 02:00:00+00:00,41.0006,134.808,main,test
442,DRIFTUSDT,2026-04-06 08:00:00+00:00,2026-04-06 21:00:00+00:00,17.8607,53.5471,main,test
443,DRIFTUSDT,2026-04-07 17:00:00+00:00,2026-04-08 09:00:00+00:00,66.9138,159.2039,main,test
444,DRIFTUSDT,2026-04-12 12:00:00+00:00,2026-04-13 06:00:00+00:00,42.6887,26.5889,main,test
445,DRIFTUSDT,2026-04-13 18:00:00+00:00,2026-04-14 04:00:00+00:00,23.2887,9.8047,main,test
446,DRIFTUSDT,2026-04-15 15:00:00+00:00,2026-04-16 12:00:00+00:00,32.6253,12.0216,main,test
447,DRIFTUSDT,2026-04-30 13:00:00+00:00,2026-05-01 10:00:00+00:00,43.0525,4.2658,main,test
448,DRIFTUSDT,2026-05-25 07:00:00+00:00,2026-05-26 07:00:00+00:00,41.713,44.7827,main,test
449,DRIFTUSDT,2024-12-05 23:00:00+00:00,2024-12-06 00:00:00+00:00,18.5222,18.6632,fast,train
450,DRIFTUSDT,2025-04-29 23:00:00+00:00,2025-04-30 00:00:00+00:00,21.1937,187.2885,fast,train
451,DRIFTUSDT,2025-06-29 06:00:00+00:00,2025-06-29 07:00:00+00:00,10.4485,52.0024,fast,train
452,DRIFTUSDT,2025-07-21 02:00:00+00:00,2025-07-21 03:00:00+00:00,17.7213,56.1329,fast,train
453,DRIFTUSDT,2025-08-28 01:00:00+00:00,2025-08-28 02:00:00+00:00,12.3657,73.1636,fast,train
454,DRIFTUSDT,2025-09-17 21:00:00+00:00,2025-09-17 22:00:00+00:00,10.8824,45.1165,fast,train
455,DRIFTUSDT,2026-01-25 23:00:00+00:00,2026-01-26 00:00:00+00:00,15.5853,45.9114,fast,test
456,DRIFTUSDT,2026-04-02 10:00:00+00:00,2026-04-02 11:00:00+00:00,11.4227,221.2783,fast,test
457,DRIFTUSDT,2026-04-08 06:00:00+00:00,2026-04-08 07:00:00+00:00,18.4095,272.7283,fast,test
458,DRIFTUSDT,2026-04-11 07:00:00+00:00,2026-04-11 08:00:00+00:00,13.28,89.2884,fast,test
459,DRIFTUSDT,2026-04-13 05:00:00+00:00,2026-04-13 06:00:00+00:00,13.8634,62.6556,fast,test
460,DRIFTUSDT,2026-04-16 11:00:00+00:00,2026-04-16 12:00:00+00:00,17.5312,54.9218,fast,test
461,DRIFTUSDT,2026-05-26 06:00:00+00:00,2026-05-26 07:00:00+00:00,14.7736,232.7319,fast,test
462,EDENUSDT,2025-10-24 15:00:00+00:00,2025-10-25 13:00:00+00:00,42.1717,3.4304,main,train
463,EDENUSDT,2025-12-15 17:00:00+00:00,2025-12-16 06:00:00+00:00,36.3018,30.1078,main,test
464,EDENUSDT,2026-02-05 20:00:00+00:00,2026-02-06 17:00:00+00:00,19.7215,3.6322,main,test
465,EDENUSDT,2026-02-19 13:00:00+00:00,2026-02-20 09:00:00+00:00,21.3681,4.1143,main,test
466,EDENUSDT,2026-02-26 01:00:00+00:00,2026-02-26 16:00:00+00:00,16.7316,5.784,main,test
467,EDENUSDT,2026-03-06 07:00:00+00:00,2026-03-07 07:00:00+00:00,15.2439,5.5873,main,test
468,EDENUSDT,2026-03-09 12:00:00+00:00,2026-03-10 09:00:00+00:00,24.9365,4.9174,main,test
469,EDENUSDT,2026-04-02 02:00:00+00:00,2026-04-03 00:00:00+00:00,21.9035,6.4628,main,test
470,EDENUSDT,2026-05-16 17:00:00+00:00,2026-05-17 16:00:00+00:00,84.7416,149.211,main,test
471,EDENUSDT,2026-05-18 00:00:00+00:00,2026-05-18 04:00:00+00:00,16.8309,110.9642,main,test
472,EDENUSDT,2026-05-18 18:00:00+00:00,2026-05-19 18:00:00+00:00,88.2365,151.5293,main,test
473,EDENUSDT,2026-05-23 04:00:00+00:00,2026-05-23 10:00:00+00:00,19.2345,48.1615,main,test
474,EDENUSDT,2026-05-24 14:00:00+00:00,2026-05-24 16:00:00+00:00,18.1411,23.5977,main,test
475,EDENUSDT,2025-10-25 10:00:00+00:00,2025-10-25 11:00:00+00:00,10.964,4.58,fast,train
476,EDENUSDT,2025-12-16 04:00:00+00:00,2025-12-16 05:00:00+00:00,31.3975,139.0339,fast,test
477,EDENUSDT,2026-05-17 13:00:00+00:00,2026-05-17 14:00:00+00:00,19.4413,681.417,fast,test
478,EDENUSDT,2026-05-19 03:00:00+00:00,2026-05-19 04:00:00+00:00,11.2373,77.6317,fast,test
479,EDENUSDT,2026-05-19 05:00:00+00:00,2026-05-19 06:00:00+00:00,10.0204,96.1056,fast,test
480,EDENUSDT,2026-05-19 15:00:00+00:00,2026-05-19 16:00:00+00:00,19.0867,464.5917,fast,test
481,EDENUSDT,2026-05-20 02:00:00+00:00,2026-05-20 03:00:00+00:00,13.3049,236.2214,fast,test
482,EDENUSDT,2026-05-20 15:00:00+00:00,2026-05-20 16:00:00+00:00,14.6027,442.443,fast,test
483,EDENUSDT,2026-05-20 18:00:00+00:00,2026-05-20 19:00:00+00:00,23.3534,334.619,fast,test
484,EDENUSDT,2026-05-21 11:00:00+00:00,2026-05-21 12:00:00+00:00,11.9416,153.984,fast,test
485,EDENUSDT,2026-05-22 09:00:00+00:00,2026-05-22 10:00:00+00:00,13.3779,179.9567,fast,test
486,EDENUSDT,2026-05-23 09:00:00+00:00,2026-05-23 10:00:00+00:00,13.4062,85.5818,fast,test
487,EDENUSDT,2026-05-24 14:00:00+00:00,2026-05-24 15:00:00+00:00,14.568,85.585,fast,test
488,ENAUSDT,2024-07-23 20:00:00+00:00,2024-07-24 12:00:00+00:00,22.2116,4.3649,main,train
489,ENAUSDT,2024-08-05 10:00:00+00:00,2024-08-06 07:00:00+00:00,19.448,3.1205,main,train
490,ENAUSDT,2024-10-11 10:00:00+00:00,2024-10-11 16:00:00+00:00,24.3214,3.0605,main,train
491,ENAUSDT,2024-10-13 15:00:00+00:00,2024-10-14 14:00:00+00:00,23.5634,3.2398,main,train
492,ENAUSDT,2024-12-14 18:00:00+00:00,2024-12-15 15:00:00+00:00,27.245,3.8251,main,train
493,ENAUSDT,2024-12-20 07:00:00+00:00,2024-12-20 19:00:00+00:00,34.5333,3.1248,main,train
494,ENAUSDT,2025-01-20 00:00:00+00:00,2025-01-20 16:00:00+00:00,19.2246,3.138,main,train
495,ENAUSDT,2025-02-03 00:00:00+00:00,2025-02-03 22:00:00+00:00,24.2594,3.008,main,train
496,ENAUSDT,2025-05-08 13:00:00+00:00,2025-05-09 13:00:00+00:00,29.0152,3.3313,main,train
497,ENAUSDT,2025-07-10 12:00:00+00:00,2025-07-11 08:00:00+00:00,28.2737,4.1843,main,train
498,ENAUSDT,2025-07-19 15:00:00+00:00,2025-07-20 15:00:00+00:00,27.4312,3.3849,main,train
499,ENAUSDT,2025-07-25 00:00:00+00:00,2025-07-26 00:00:00+00:00,29.3639,4.3627,main,train
500,ENAUSDT,2025-10-12 10:00:00+00:00,2025-10-13 08:00:00+00:00,24.4031,3.1692,main,train
501,ENAUSDT,2024-10-11 14:00:00+00:00,2024-10-11 15:00:00+00:00,12.7822,14.8255,fast,train
502,ENAUSDT,2024-11-13 13:00:00+00:00,2024-11-13 14:00:00+00:00,13.8004,4.2041,fast,train
503,ENAUSDT,2025-04-09 16:00:00+00:00,2025-04-09 17:00:00+00:00,10.8621,8.2837,fast,train
504,ENAUSDT,2025-05-13 15:00:00+00:00,2025-05-13 16:00:00+00:00,11.6203,9.7681,fast,train
505,ENAUSDT,2025-08-22 13:00:00+00:00,2025-08-22 14:00:00+00:00,10.5263,9.6369,fast,train
506,ESPORTSUSDT,2025-07-30 16:00:00+00:00,2025-07-31 00:00:00+00:00,46.4516,3.9632,main,train
507,ESPORTSUSDT,2025-08-03 15:00:00+00:00,2025-08-04 09:00:00+00:00,45.1741,3.5904,main,train
508,ESPORTSUSDT,2025-09-01 04:00:00+00:00,2025-09-02 03:00:00+00:00,22.5816,3.3812,main,train
509,ESPORTSUSDT,2025-09-04 02:00:00+00:00,2025-09-04 08:00:00+00:00,21.3537,5.8055,main,train
510,ESPORTSUSDT,2025-10-12 00:00:00+00:00,2025-10-12 21:00:00+00:00,49.2446,3.2239,main,train
511,ESPORTSUSDT,2025-11-03 17:00:00+00:00,2025-11-04 16:00:00+00:00,22.4034,4.1647,main,test
512,ESPORTSUSDT,2025-11-07 15:00:00+00:00,2025-11-08 15:00:00+00:00,32.7045,3.1103,main,test
513,ESPORTSUSDT,2025-11-12 06:00:00+00:00,2025-11-13 05:00:00+00:00,57.7648,66.844,main,test
514,ESPORTSUSDT,2025-11-13 11:00:00+00:00,2025-11-13 21:00:00+00:00,41.3026,68.7983,main,test
515,ESPORTSUSDT,2025-11-14 03:00:00+00:00,2025-11-14 21:00:00+00:00,38.4336,40.4208,main,test
516,ESPORTSUSDT,2025-11-21 05:00:00+00:00,2025-11-21 16:00:00+00:00,16.6976,4.5617,main,test
517,ESPORTSUSDT,2025-11-26 13:00:00+00:00,2025-11-27 05:00:00+00:00,18.8918,3.0034,main,test
518,ESPORTSUSDT,2025-12-04 11:00:00+00:00,2025-12-04 15:00:00+00:00,22.3648,3.5196,main,test
519,ESPORTSUSDT,2026-01-03 15:00:00+00:00,2026-01-04 11:00:00+00:00,21.5688,26.4432,main,test
520,ESPORTSUSDT,2026-01-22 21:00:00+00:00,2026-01-23 13:00:00+00:00,17.8131,6.1275,main,test
521,ESPORTSUSDT,2026-02-05 19:00:00+00:00,2026-02-06 09:00:00+00:00,20.0047,3.2213,main,test
522,ESPORTSUSDT,2026-03-16 07:00:00+00:00,2026-03-17 07:00:00+00:00,17.3422,5.937,main,test
523,ESPORTSUSDT,2026-03-25 11:00:00+00:00,2026-03-26 11:00:00+00:00,28.3926,41.5663,main,test
524,ESPORTSUSDT,2026-04-03 13:00:00+00:00,2026-04-04 12:00:00+00:00,22.4096,4.007,main,test
525,ESPORTSUSDT,2026-04-18 16:00:00+00:00,2026-04-18 19:00:00+00:00,17.2147,3.2564,main,test
526,ESPORTSUSDT,2026-04-24 10:00:00+00:00,2026-04-24 17:00:00+00:00,42.6522,21.8315,main,test
527,ESPORTSUSDT,2026-05-11 08:00:00+00:00,2026-05-12 08:00:00+00:00,38.4491,24.096,main,test
528,ESPORTSUSDT,2026-05-13 16:00:00+00:00,2026-05-14 16:00:00+00:00,32.1176,14.2231,main,test
529,ESPORTSUSDT,2026-05-19 23:00:00+00:00,2026-05-20 10:00:00+00:00,34.7841,13.6917,main,test
530,ESPORTSUSDT,2026-05-26 14:00:00+00:00,2026-05-26 16:00:00+00:00,16.8367,511.0727,main,test
531,ESPORTSUSDT,2025-07-30 21:00:00+00:00,2025-07-30 22:00:00+00:00,10.5655,11.4434,fast,train
532,ESPORTSUSDT,2025-07-30 23:00:00+00:00,2025-07-31 00:00:00+00:00,10.6546,8.3866,fast,train
533,ESPORTSUSDT,2025-08-03 18:00:00+00:00,2025-08-03 19:00:00+00:00,14.8286,6.3383,fast,train
534,ESPORTSUSDT,2025-09-04 07:00:00+00:00,2025-09-04 08:00:00+00:00,11.4722,44.2413,fast,train
535,ESPORTSUSDT,2025-09-09 02:00:00+00:00,2025-09-09 03:00:00+00:00,11.3411,9.6085,fast,train
536,ESPORTSUSDT,2025-10-10 21:00:00+00:00,2025-10-10 22:00:00+00:00,17.8272,5.1646,fast,train
537,ESPORTSUSDT,2025-11-04 15:00:00+00:00,2025-11-04 16:00:00+00:00,13.8395,8.6832,fast,test
538,ESPORTSUSDT,2025-11-07 15:00:00+00:00,2025-11-07 16:00:00+00:00,16.8502,24.1944,fast,test
539,ESPORTSUSDT,2025-11-12 15:00:00+00:00,2025-11-12 16:00:00+00:00,26.617,176.5505,fast,test
540,ESPORTSUSDT,2025-11-13 12:00:00+00:00,2025-11-13 13:00:00+00:00,25.526,159.8757,fast,test
541,ESPORTSUSDT,2025-11-14 03:00:00+00:00,2025-11-14 04:00:00+00:00,15.1929,58.4623,fast,test
542,ESPORTSUSDT,2025-12-04 11:00:00+00:00,2025-12-04 12:00:00+00:00,21.7725,43.2948,fast,test
543,ESPORTSUSDT,2026-04-18 16:00:00+00:00,2026-04-18 17:00:00+00:00,14.0167,31.0587,fast,test
544,ESPORTSUSDT,2026-04-24 14:00:00+00:00,2026-04-24 15:00:00+00:00,12.803,77.4352,fast,test
545,ESPORTSUSDT,2026-05-20 08:00:00+00:00,2026-05-20 09:00:00+00:00,12.7829,78.6122,fast,test
546,ESPORTSUSDT,2026-05-26 15:00:00+00:00,2026-05-26 16:00:00+00:00,15.6566,1358.1002,fast,test
547,ETHUSDT,2024-05-20 12:00:00+00:00,2024-05-21 12:00:00+00:00,23.1026,4.7787,main,train
548,ETHUSDT,2025-02-03 04:00:00+00:00,2025-02-03 23:00:00+00:00,17.4204,3.754,main,train
549,ETHUSDT,2025-03-02 14:00:00+00:00,2025-03-02 22:00:00+00:00,15.576,3.3593,main,train
550,ETHUSDT,2025-04-09 03:00:00+00:00,2025-04-09 20:00:00+00:00,17.9906,4.3169,main,train
551,ETHUSDT,2025-05-08 08:00:00+00:00,2025-05-09 08:00:00+00:00,24.6864,3.8168,main,train
552,FETUSDT,2024-06-19 09:00:00+00:00,2024-06-20 07:00:00+00:00,35.3235,7.3745,main,train
553,FETUSDT,2024-06-24 05:00:00+00:00,2024-06-25 04:00:00+00:00,25.2559,3.9419,main,train
554,FETUSDT,2024-06-25 21:00:00+00:00,2024-06-26 13:00:00+00:00,15.8751,3.3168,main,train
555,FETUSDT,2024-08-05 12:00:00+00:00,2024-08-06 06:00:00+00:00,23.8644,4.3963,main,train
556,FETUSDT,2024-11-23 11:00:00+00:00,2024-11-24 06:00:00+00:00,15.8697,3.1238,main,train
557,FETUSDT,2025-02-03 04:00:00+00:00,2025-02-03 21:00:00+00:00,40.6588,3.0422,main,train
558,FETUSDT,2025-04-07 06:00:00+00:00,2025-04-08 01:00:00+00:00,15.7956,3.1585,main,train
559,FETUSDT,2025-05-22 13:00:00+00:00,2025-05-23 09:00:00+00:00,18.1459,3.0383,main,train
560,FETUSDT,2025-10-10 22:00:00+00:00,2025-10-11 12:00:00+00:00,34.0691,5.5562,main,train
561,FETUSDT,2025-10-18 16:00:00+00:00,2025-10-19 15:00:00+00:00,17.4902,3.5264,main,train
562,FETUSDT,2025-11-06 20:00:00+00:00,2025-11-07 18:00:00+00:00,78.9755,7.2037,main,test
563,FETUSDT,2026-01-04 06:00:00+00:00,2026-01-05 04:00:00+00:00,19.6143,3.1778,main,test
564,FETUSDT,2026-03-12 06:00:00+00:00,2026-03-13 05:00:00+00:00,21.1563,4.0042,main,test
565,FETUSDT,2026-03-16 00:00:00+00:00,2026-03-16 16:00:00+00:00,26.2538,8.3314,main,test
566,FETUSDT,2026-05-25 12:00:00+00:00,2026-05-26 11:00:00+00:00,19.9248,4.2716,main,test
567,FETUSDT,2024-06-24 20:00:00+00:00,2024-06-24 21:00:00+00:00,11.5933,10.1315,fast,train
568,FETUSDT,2025-02-03 04:00:00+00:00,2025-02-03 05:00:00+00:00,10.415,4.4457,fast,train
569,FETUSDT,2025-10-10 22:00:00+00:00,2025-10-10 23:00:00+00:00,10.7166,15.1859,fast,train
570,FETUSDT,2025-11-07 12:00:00+00:00,2025-11-07 13:00:00+00:00,10.7044,11.8266,fast,test
571,FETUSDT,2025-11-07 17:00:00+00:00,2025-11-07 18:00:00+00:00,12.486,26.076,fast,test
572,FETUSDT,2025-11-08 00:00:00+00:00,2025-11-08 01:00:00+00:00,13.2527,5.5501,fast,test
573,FETUSDT,2025-11-08 07:00:00+00:00,2025-11-08 08:00:00+00:00,10.4962,7.2985,fast,test
574,FFUSDT,2026-01-19 06:00:00+00:00,2026-01-20 06:00:00+00:00,16.9341,3.0539,main,test
575,FFUSDT,2026-02-05 20:00:00+00:00,2026-02-06 17:00:00+00:00,15.1448,3.386,main,test
576,FFUSDT,2026-04-10 14:00:00+00:00,2026-04-10 18:00:00+00:00,104.2372,155.6826,main,test
577,FFUSDT,2026-05-13 03:00:00+00:00,2026-05-13 17:00:00+00:00,16.7766,10.7738,main,test
578,FFUSDT,2026-05-14 18:00:00+00:00,2026-05-15 10:00:00+00:00,23.281,13.1344,main,test
579,FFUSDT,2026-05-26 13:00:00+00:00,2026-05-27 13:00:00+00:00,17.0909,8.2974,main,test
580,FFUSDT,2026-04-10 17:00:00+00:00,2026-04-10 18:00:00+00:00,95.6149,686.2474,fast,test
581,FFUSDT,2026-05-27 12:00:00+00:00,2026-05-27 13:00:00+00:00,12.518,96.559,fast,test
582,FILUSDT,2024-11-16 00:00:00+00:00,2024-11-17 00:00:00+00:00,15.8867,3.1226,main,train
583,FILUSDT,2024-11-23 04:00:00+00:00,2024-11-24 03:00:00+00:00,21.6123,4.2995,main,train
584,FILUSDT,2025-02-03 04:00:00+00:00,2025-02-03 22:00:00+00:00,22.8819,3.2941,main,train
585,FILUSDT,2025-11-06 17:00:00+00:00,2025-11-07 17:00:00+00:00,122.3667,14.8842,main,test
586,FILUSDT,2025-12-31 18:00:00+00:00,2026-01-01 17:00:00+00:00,21.248,3.5601,main,test
587,FILUSDT,2026-02-24 23:00:00+00:00,2026-02-25 19:00:00+00:00,25.6264,3.5948,main,test
588,FILUSDT,2026-05-05 04:00:00+00:00,2026-05-06 04:00:00+00:00,21.315,4.0955,main,test
589,FILUSDT,2026-05-08 13:00:00+00:00,2026-05-09 02:00:00+00:00,19.537,5.1143,main,test
590,FILUSDT,2025-11-07 08:00:00+00:00,2025-11-07 09:00:00+00:00,10.0333,12.724,fast,test
591,FILUSDT,2025-11-07 15:00:00+00:00,2025-11-07 16:00:00+00:00,18.9103,42.7979,fast,test
592,FILUSDT,2026-05-08 14:00:00+00:00,2026-05-08 15:00:00+00:00,12.5565,21.5414,fast,test
593,GENIUSUSDT,2026-05-21 18:00:00+00:00,2026-05-22 16:00:00+00:00,54.0032,17.9616,main,test
594,GENIUSUSDT,2026-05-23 10:00:00+00:00,2026-05-24 09:00:00+00:00,32.0699,9.8983,main,test
595,GENIUSUSDT,2026-05-25 18:00:00+00:00,2026-05-26 10:00:00+00:00,19.9635,3.3476,main,test
596,GENIUSUSDT,2026-04-18 05:00:00+00:00,2026-04-18 06:00:00+00:00,26.7316,9.6797,fast,test
597,GENIUSUSDT,2026-04-19 10:00:00+00:00,2026-04-19 11:00:00+00:00,16.7672,4.2713,fast,test
598,GENIUSUSDT,2026-05-22 06:00:00+00:00,2026-05-22 07:00:00+00:00,26.0681,41.0533,fast,test
599,GENIUSUSDT,2026-05-23 10:00:00+00:00,2026-05-23 11:00:00+00:00,12.5649,24.0311,fast,test
600,GRASSUSDT,2024-11-25 17:00:00+00:00,2024-11-26 07:00:00+00:00,27.2599,3.8008,main,train
601,GRASSUSDT,2025-02-03 01:00:00+00:00,2025-02-03 23:00:00+00:00,39.0443,3.0192,main,train
602,GRASSUSDT,2025-03-01 00:00:00+00:00,2025-03-01 18:00:00+00:00,15.764,3.0984,main,train
603,GRASSUSDT,2025-04-03 14:00:00+00:00,2025-04-04 05:00:00+00:00,30.3338,6.2597,main,train
604,GRASSUSDT,2025-04-06 18:00:00+00:00,2025-04-07 13:00:00+00:00,23.3298,4.2436,main,train
605,GRASSUSDT,2025-05-13 14:00:00+00:00,2025-05-14 11:00:00+00:00,42.5005,12.19,main,train
606,GRASSUSDT,2025-05-17 19:00:00+00:00,2025-05-18 14:00:00+00:00,16.6375,3.631,main,train
607,GRASSUSDT,2025-05-20 18:00:00+00:00,2025-05-21 16:00:00+00:00,26.5277,4.9949,main,train
608,GRASSUSDT,2025-06-06 00:00:00+00:00,2025-06-07 00:00:00+00:00,23.0327,3.075,main,train
609,GRASSUSDT,2025-07-01 12:00:00+00:00,2025-07-02 11:00:00+00:00,16.8981,3.1163,main,train
610,GRASSUSDT,2025-08-08 12:00:00+00:00,2025-08-09 10:00:00+00:00,23.1908,3.2423,main,train
611,GRASSUSDT,2025-08-19 23:00:00+00:00,2025-08-20 14:00:00+00:00,15.3974,3.3253,main,train
612,GRASSUSDT,2025-09-17 18:00:00+00:00,2025-09-18 16:00:00+00:00,15.9239,3.0617,main,train
613,GRASSUSDT,2025-09-23 02:00:00+00:00,2025-09-24 02:00:00+00:00,23.1275,3.6775,main,train
614,GRASSUSDT,2025-09-26 10:00:00+00:00,2025-09-27 09:00:00+00:00,21.0615,3.7359,main,train
615,GRASSUSDT,2025-09-28 12:00:00+00:00,2025-09-29 00:00:00+00:00,22.5564,4.521,main,train
616,GRASSUSDT,2025-10-02 14:00:00+00:00,2025-10-02 23:00:00+00:00,19.3277,3.409,main,train
617,GRASSUSDT,2025-11-04 19:00:00+00:00,2025-11-05 05:00:00+00:00,19.2638,3.8472,main,test
618,GRASSUSDT,2025-11-07 12:00:00+00:00,2025-11-07 19:00:00+00:00,26.6121,3.7836,main,test
619,GRASSUSDT,2025-11-19 17:00:00+00:00,2025-11-20 16:00:00+00:00,94.5603,76.6767,main,test
620,GRASSUSDT,2025-11-22 05:00:00+00:00,2025-11-22 11:00:00+00:00,24.1822,12.8925,main,test
621,GRASSUSDT,2026-01-04 22:00:00+00:00,2026-01-05 22:00:00+00:00,16.1443,4.9312,main,test
622,GRASSUSDT,2026-01-09 01:00:00+00:00,2026-01-09 16:00:00+00:00,15.7272,5.0685,main,test
623,GRASSUSDT,2026-01-31 19:00:00+00:00,2026-02-01 03:00:00+00:00,17.5404,3.2326,main,test
624,GRASSUSDT,2026-02-11 10:00:00+00:00,2026-02-12 07:00:00+00:00,30.4551,10.7941,main,test
625,GRASSUSDT,2026-02-14 07:00:00+00:00,2026-02-15 06:00:00+00:00,18.2915,3.1903,main,test
626,GRASSUSDT,2026-02-25 13:00:00+00:00,2026-02-26 13:00:00+00:00,28.867,11.6322,main,test
627,GRASSUSDT,2026-02-28 11:00:00+00:00,2026-03-01 01:00:00+00:00,44.0549,33.7596,main,test
628,GRASSUSDT,2026-03-01 20:00:00+00:00,2026-03-02 15:00:00+00:00,35.8015,22.7101,main,test
629,GRASSUSDT,2026-03-08 13:00:00+00:00,2026-03-09 13:00:00+00:00,18.9679,4.5976,main,test
630,GRASSUSDT,2026-03-09 23:00:00+00:00,2026-03-10 12:00:00+00:00,15.1273,3.5832,main,test
631,GRASSUSDT,2026-03-16 03:00:00+00:00,2026-03-17 03:00:00+00:00,27.6416,3.2341,main,test
632,GRASSUSDT,2026-04-21 03:00:00+00:00,2026-04-22 03:00:00+00:00,26.4128,3.2451,main,test
633,GRASSUSDT,2026-04-23 14:00:00+00:00,2026-04-24 01:00:00+00:00,17.5764,4.2142,main,test
634,GRASSUSDT,2026-05-21 11:00:00+00:00,2026-05-22 11:00:00+00:00,36.1218,42.9266,main,test
635,GRASSUSDT,2026-05-23 00:00:00+00:00,2026-05-23 20:00:00+00:00,37.3632,21.5375,main,test
636,GRASSUSDT,2026-05-25 14:00:00+00:00,2026-05-25 21:00:00+00:00,20.4993,19.2531,main,test
637,GRASSUSDT,2024-11-11 09:00:00+00:00,2024-11-11 10:00:00+00:00,10.4451,3.0243,fast,train
638,GRASSUSDT,2025-01-21 16:00:00+00:00,2025-01-21 17:00:00+00:00,10.9725,5.2833,fast,train
639,GRASSUSDT,2025-02-09 23:00:00+00:00,2025-02-10 00:00:00+00:00,11.014,9.2442,fast,train
640,GRASSUSDT,2025-02-21 15:00:00+00:00,2025-02-21 16:00:00+00:00,12.9274,20.2276,fast,train
641,GRASSUSDT,2025-11-22 08:00:00+00:00,2025-11-22 09:00:00+00:00,14.4019,29.168,fast,test
642,GRASSUSDT,2026-02-28 17:00:00+00:00,2026-02-28 18:00:00+00:00,10.1879,8.195,fast,test
643,GRASSUSDT,2026-02-28 20:00:00+00:00,2026-02-28 21:00:00+00:00,13.773,106.0806,fast,test
644,GUAUSDT,2026-01-15 14:00:00+00:00,2026-01-16 01:00:00+00:00,18.6331,3.8953,main,test
645,GUAUSDT,2026-02-24 09:00:00+00:00,2026-02-25 09:00:00+00:00,30.4913,10.138,main,test
646,GUAUSDT,2026-03-03 22:00:00+00:00,2026-03-04 20:00:00+00:00,15.3722,3.19,main,test
647,GUAUSDT,2026-03-19 22:00:00+00:00,2026-03-20 20:00:00+00:00,19.3928,9.1572,main,test
648,GUAUSDT,2026-03-30 05:00:00+00:00,2026-03-31 04:00:00+00:00,17.4433,3.1647,main,test
649,GUAUSDT,2026-04-01 03:00:00+00:00,2026-04-02 01:00:00+00:00,29.5279,5.2572,main,test
650,GUAUSDT,2026-04-02 15:00:00+00:00,2026-04-03 10:00:00+00:00,24.2756,3.3816,main,test
651,GUAUSDT,2026-04-18 19:00:00+00:00,2026-04-19 19:00:00+00:00,46.3723,7.2879,main,test
652,GUAUSDT,2026-05-11 15:00:00+00:00,2026-05-12 15:00:00+00:00,35.4986,4.4354,main,test
653,GUAUSDT,2026-05-15 13:00:00+00:00,2026-05-16 13:00:00+00:00,24.6076,5.0116,main,test
654,GUAUSDT,2026-05-21 21:00:00+00:00,2026-05-22 17:00:00+00:00,29.8916,3.5675,main,test
655,GUAUSDT,2026-05-25 12:00:00+00:00,2026-05-25 16:00:00+00:00,44.8886,6.5147,main,test
656,GUAUSDT,2026-05-26 16:00:00+00:00,2026-05-27 04:00:00+00:00,15.534,13.6892,main,test
657,GUAUSDT,2026-05-20 05:00:00+00:00,2026-05-20 06:00:00+00:00,14.3257,13.1589,fast,test
658,GUAUSDT,2026-05-25 14:00:00+00:00,2026-05-25 15:00:00+00:00,31.5339,11.8025,fast,test
659,GUAUSDT,2026-05-27 00:00:00+00:00,2026-05-27 01:00:00+00:00,12.7896,8.1264,fast,test
660,GUAUSDT,2026-05-27 13:00:00+00:00,2026-05-27 14:00:00+00:00,14.3026,19.762,fast,test
661,GUAUSDT,2026-05-27 16:00:00+00:00,2026-05-27 17:00:00+00:00,42.2304,109.7007,fast,test
662,HIGHUSDT,2024-05-27 02:00:00+00:00,2024-05-27 21:00:00+00:00,32.5091,3.1254,main,train
663,HIGHUSDT,2024-06-06 14:00:00+00:00,2024-06-07 14:00:00+00:00,27.5418,6.1999,main,train
664,HIGHUSDT,2024-07-17 16:00:00+00:00,2024-07-18 06:00:00+00:00,19.3406,4.1934,main,train
665,HIGHUSDT,2024-11-09 17:00:00+00:00,2024-11-10 15:00:00+00:00,25.9166,10.1278,main,train
666,HIGHUSDT,2025-02-03 04:00:00+00:00,2025-02-03 22:00:00+00:00,25.2788,4.0624,main,train
667,HIGHUSDT,2025-04-18 16:00:00+00:00,2025-04-19 15:00:00+00:00,75.6011,76.0292,main,train
668,HIGHUSDT,2025-04-28 03:00:00+00:00,2025-04-29 03:00:00+00:00,26.8195,4.1619,main,train
669,HIGHUSDT,2025-05-01 17:00:00+00:00,2025-05-02 17:00:00+00:00,16.0702,5.3692,main,train
670,HIGHUSDT,2025-05-07 07:00:00+00:00,2025-05-08 07:00:00+00:00,25.6786,5.8868,main,train
671,HIGHUSDT,2025-10-12 13:00:00+00:00,2025-10-13 13:00:00+00:00,15.137,3.2372,main,train
672,HIGHUSDT,2025-11-08 13:00:00+00:00,2025-11-08 16:00:00+00:00,43.1647,61.9371,main,test
673,HIGHUSDT,2025-11-22 21:00:00+00:00,2025-11-23 11:00:00+00:00,30.5447,23.0819,main,test
674,HIGHUSDT,2026-01-16 20:00:00+00:00,2026-01-17 20:00:00+00:00,22.1043,6.7648,main,test
675,HIGHUSDT,2026-04-17 17:00:00+00:00,2026-04-18 09:00:00+00:00,330.1821,489.8238,main,test
676,HIGHUSDT,2026-04-19 05:00:00+00:00,2026-04-19 08:00:00+00:00,68.4591,196.4792,main,test
677,HIGHUSDT,2026-04-19 23:00:00+00:00,2026-04-20 05:00:00+00:00,43.6224,99.2846,main,test
678,HIGHUSDT,2026-04-25 00:00:00+00:00,2026-04-25 07:00:00+00:00,18.4236,16.505,main,test
679,HIGHUSDT,2026-04-26 04:00:00+00:00,2026-04-26 08:00:00+00:00,39.7722,23.6387,main,test
680,HIGHUSDT,2026-05-06 16:00:00+00:00,2026-05-07 16:00:00+00:00,29.8002,4.1562,main,test
681,HIGHUSDT,2026-05-26 17:00:00+00:00,2026-05-27 17:00:00+00:00,16.6023,5.5593,main,test
682,HIGHUSDT,2024-11-10 14:00:00+00:00,2024-11-10 15:00:00+00:00,14.6731,121.2854,fast,train
683,HIGHUSDT,2025-04-19 00:00:00+00:00,2025-04-19 01:00:00+00:00,18.6226,53.8606,fast,train
684,HIGHUSDT,2025-04-19 13:00:00+00:00,2025-04-19 14:00:00+00:00,13.8091,189.7261,fast,train
685,HIGHUSDT,2025-04-29 00:00:00+00:00,2025-04-29 01:00:00+00:00,13.237,16.9989,fast,train
686,HIGHUSDT,2025-11-08 15:00:00+00:00,2025-11-08 16:00:00+00:00,20.8359,509.4501,fast,test
687,HIGHUSDT,2025-11-23 10:00:00+00:00,2025-11-23 11:00:00+00:00,15.8895,39.44,fast,test
688,HIGHUSDT,2025-11-30 21:00:00+00:00,2025-11-30 22:00:00+00:00,11.0371,90.541,fast,test
689,HIGHUSDT,2026-01-15 21:00:00+00:00,2026-01-15 22:00:00+00:00,10.9057,181.6531,fast,test
690,HIGHUSDT,2026-01-17 19:00:00+00:00,2026-01-17 20:00:00+00:00,11.8816,73.2953,fast,test
691,HIGHUSDT,2026-04-18 00:00:00+00:00,2026-04-18 01:00:00+00:00,21.24,371.6956,fast,test
692,HIGHUSDT,2026-04-18 02:00:00+00:00,2026-04-18 03:00:00+00:00,14.9506,678.5982,fast,test
693,HIGHUSDT,2026-04-18 05:00:00+00:00,2026-04-18 06:00:00+00:00,35.059,750.7149,fast,test
694,HIGHUSDT,2026-04-18 08:00:00+00:00,2026-04-18 09:00:00+00:00,30.1154,797.7991,fast,test
695,HIGHUSDT,2026-04-18 12:00:00+00:00,2026-04-18 13:00:00+00:00,14.1767,583.6966,fast,test
696,HIGHUSDT,2026-04-19 06:00:00+00:00,2026-04-19 07:00:00+00:00,35.3729,602.3914,fast,test
697,HIGHUSDT,2026-04-19 23:00:00+00:00,2026-04-20 00:00:00+00:00,16.3391,122.479,fast,test
698,HIGHUSDT,2026-04-20 03:00:00+00:00,2026-04-20 04:00:00+00:00,15.4581,210.8311,fast,test
699,HIGHUSDT,2026-04-25 06:00:00+00:00,2026-04-25 07:00:00+00:00,10.988,72.264,fast,test
700,HIGHUSDT,2026-04-26 07:00:00+00:00,2026-04-26 08:00:00+00:00,38.3333,128.6878,fast,test
701,HIGHUSDT,2026-05-07 15:00:00+00:00,2026-05-07 16:00:00+00:00,10.9056,35.8153,fast,test
702,HYPEUSDT,2026-01-27 01:00:00+00:00,2026-01-28 01:00:00+00:00,28.8243,5.6753,main,test
703,HYPEUSDT,2026-02-02 06:00:00+00:00,2026-02-03 03:00:00+00:00,25.132,3.8686,main,test
704,HYPEUSDT,2026-05-14 03:00:00+00:00,2026-05-15 03:00:00+00:00,21.7656,4.3055,main,test
705,HYPEUSDT,2026-05-20 08:00:00+00:00,2026-05-21 08:00:00+00:00,20.5494,5.282,main,test
706,HYPEUSDT,2026-05-23 12:00:00+00:00,2026-05-24 12:00:00+00:00,16.2936,4.3234,main,test
707,ICPUSDT,2024-07-13 01:00:00+00:00,2024-07-14 01:00:00+00:00,18.0601,3.7283,main,train
708,ICPUSDT,2024-09-10 03:00:00+00:00,2024-09-10 22:00:00+00:00,17.3072,4.5818,main,train
709,ICPUSDT,2024-11-22 00:00:00+00:00,2024-11-23 00:00:00+00:00,26.3584,3.6296,main,train
710,ICPUSDT,2025-02-03 04:00:00+00:00,2025-02-03 22:00:00+00:00,24.8982,3.1559,main,train
711,ICPUSDT,2025-10-10 22:00:00+00:00,2025-10-11 08:00:00+00:00,17.9965,4.0574,main,train
712,ICPUSDT,2025-11-02 01:00:00+00:00,2025-11-02 23:00:00+00:00,25.8093,9.862,main,test
713,ICPUSDT,2025-11-03 20:00:00+00:00,2025-11-04 19:00:00+00:00,57.8038,20.1211,main,test
714,ICPUSDT,2025-11-06 08:00:00+00:00,2025-11-07 07:00:00+00:00,43.2347,12.3604,main,test
715,ICPUSDT,2025-11-17 13:00:00+00:00,2025-11-18 01:00:00+00:00,22.34,3.8515,main,test
716,ICPUSDT,2025-12-20 11:00:00+00:00,2025-12-20 22:00:00+00:00,16.1486,3.0318,main,test
717,ICPUSDT,2026-01-14 02:00:00+00:00,2026-01-15 00:00:00+00:00,33.5497,7.0039,main,test
718,ICPUSDT,2026-03-11 05:00:00+00:00,2026-03-11 15:00:00+00:00,15.7537,10.2755,main,test
719,ICPUSDT,2026-05-05 23:00:00+00:00,2026-05-06 23:00:00+00:00,20.5438,8.6126,main,test
720,ICPUSDT,2026-05-08 02:00:00+00:00,2026-05-09 01:00:00+00:00,33.777,11.8183,main,test
721,ICPUSDT,2025-11-04 01:00:00+00:00,2025-11-04 02:00:00+00:00,12.5595,23.8887,fast,test
722,ICPUSDT,2025-11-07 04:00:00+00:00,2025-11-07 05:00:00+00:00,10.2072,15.1858,fast,test
723,ICPUSDT,2025-11-07 06:00:00+00:00,2025-11-07 07:00:00+00:00,10.1054,21.1929,fast,test
724,ICPUSDT,2025-11-08 01:00:00+00:00,2025-11-08 02:00:00+00:00,11.573,22.6256,fast,test
725,ICPUSDT,2026-03-11 05:00:00+00:00,2026-03-11 06:00:00+00:00,12.0594,51.1817,fast,test
726,ICPUSDT,2026-05-09 00:00:00+00:00,2026-05-09 01:00:00+00:00,10.866,46.8954,fast,test
727,INJUSDT,2024-06-11 17:00:00+00:00,2024-06-12 15:00:00+00:00,26.1955,4.4648,main,train
728,INJUSDT,2024-08-05 12:00:00+00:00,2024-08-06 06:00:00+00:00,22.7458,3.1451,main,train
729,INJUSDT,2024-11-05 19:00:00+00:00,2024-11-06 18:00:00+00:00,23.8104,3.0957,main,train
730,INJUSDT,2025-01-20 00:00:00+00:00,2025-01-20 11:00:00+00:00,19.4516,3.1376,main,train
731,INJUSDT,2025-02-03 02:00:00+00:00,2025-02-03 22:00:00+00:00,31.2495,3.3987,main,train
732,INJUSDT,2025-10-10 21:00:00+00:00,2025-10-11 08:00:00+00:00,18.8945,4.7947,main,train
733,INJUSDT,2025-10-12 01:00:00+00:00,2025-10-12 16:00:00+00:00,16.8372,3.0512,main,train
734,INJUSDT,2025-11-07 02:00:00+00:00,2025-11-08 02:00:00+00:00,31.0589,3.5962,main,test
735,INJUSDT,2026-02-20 13:00:00+00:00,2026-02-21 13:00:00+00:00,21.3873,8.1939,main,test
736,INJUSDT,2026-05-12 14:00:00+00:00,2026-05-13 10:00:00+00:00,26.7857,12.9542,main,test
737,INJUSDT,2026-05-18 10:00:00+00:00,2026-05-19 00:00:00+00:00,19.4604,4.6279,main,test
738,INJUSDT,2024-10-17 07:00:00+00:00,2024-10-17 08:00:00+00:00,11.775,22.1831,fast,train
739,INJUSDT,2026-02-19 00:00:00+00:00,2026-02-19 01:00:00+00:00,11.6459,74.3896,fast,test
740,INTCUSDT,2026-04-23 12:00:00+00:00,2026-04-24 11:00:00+00:00,29.6887,8.9057,main,test
741,INTCUSDT,2026-04-29 06:00:00+00:00,2026-04-29 23:00:00+00:00,15.3936,6.5345,main,test
742,INTCUSDT,2026-05-04 23:00:00+00:00,2026-05-05 22:00:00+00:00,19.3078,5.0517,main,test
743,INTCUSDT,2026-05-07 21:00:00+00:00,2026-05-08 16:00:00+00:00,17.8658,6.5321,main,test
744,INTCUSDT,2026-04-23 19:00:00+00:00,2026-04-23 20:00:00+00:00,15.3904,57.9435,fast,test
745,IOUSDT,2024-08-21 17:00:00+00:00,2024-08-22 16:00:00+00:00,25.0156,3.0753,main,train
746,IOUSDT,2024-11-10 20:00:00+00:00,2024-11-11 17:00:00+00:00,37.4242,6.8819,main,train
747,IOUSDT,2025-02-03 02:00:00+00:00,2025-02-03 22:00:00+00:00,28.4942,4.2617,main,train
748,IOUSDT,2025-05-07 19:00:00+00:00,2025-05-08 11:00:00+00:00,36.7736,15.1004,main,train
749,IOUSDT,2025-05-09 03:00:00+00:00,2025-05-10 00:00:00+00:00,16.0845,4.7869,main,train
750,IOUSDT,2025-05-13 03:00:00+00:00,2025-05-13 19:00:00+00:00,23.5013,3.0998,main,train
751,IOUSDT,2025-08-12 10:00:00+00:00,2025-08-13 10:00:00+00:00,19.686,3.5495,main,train
752,IOUSDT,2025-09-08 11:00:00+00:00,2025-09-09 10:00:00+00:00,22.5271,6.3955,main,train
753,IOUSDT,2025-09-14 15:00:00+00:00,2025-09-15 06:00:00+00:00,17.2125,6.5864,main,train
754,IOUSDT,2026-01-15 03:00:00+00:00,2026-01-15 15:00:00+00:00,16.6033,6.1469,main,test
755,IOUSDT,2026-02-20 04:00:00+00:00,2026-02-21 03:00:00+00:00,16.4684,3.8232,main,test
756,IOUSDT,2026-04-15 21:00:00+00:00,2026-04-16 18:00:00+00:00,16.4078,4.41,main,test
757,IOUSDT,2026-05-05 17:00:00+00:00,2026-05-06 07:00:00+00:00,76.0851,99.7546,main,test
758,IOUSDT,2026-05-07 17:00:00+00:00,2026-05-08 17:00:00+00:00,15.0164,11.0662,main,test
759,IOUSDT,2026-05-25 12:00:00+00:00,2026-05-26 12:00:00+00:00,27.1777,10.3625,main,test
760,IOUSDT,2024-07-06 15:00:00+00:00,2024-07-06 16:00:00+00:00,10.7692,4.8868,fast,train
761,IOUSDT,2026-05-06 05:00:00+00:00,2026-05-06 06:00:00+00:00,45.5696,276.3179,fast,test
762,IOUSDT,2026-05-08 16:00:00+00:00,2026-05-08 17:00:00+00:00,12.508,30.5521,fast,test
763,JTOUSDT,2024-07-18 21:00:00+00:00,2024-07-19 20:00:00+00:00,15.5421,3.0047,main,train
764,JTOUSDT,2024-07-25 23:00:00+00:00,2024-07-26 23:00:00+00:00,22.9794,3.5694,main,train
765,JTOUSDT,2024-10-14 00:00:00+00:00,2024-10-14 21:00:00+00:00,20.0144,3.3734,main,train
766,JTOUSDT,2024-10-23 17:00:00+00:00,2024-10-24 02:00:00+00:00,16.0865,3.9054,main,train
767,JTOUSDT,2024-11-07 06:00:00+00:00,2024-11-08 00:00:00+00:00,30.2977,4.3203,main,train
768,JTOUSDT,2024-11-21 11:00:00+00:00,2024-11-22 06:00:00+00:00,28.1402,3.6739,main,train
769,JTOUSDT,2025-01-17 13:00:00+00:00,2025-01-18 13:00:00+00:00,16.5625,4.6563,main,train
770,JTOUSDT,2025-02-20 15:00:00+00:00,2025-02-21 10:00:00+00:00,29.492,8.7425,main,train
771,JTOUSDT,2025-03-04 13:00:00+00:00,2025-03-05 10:00:00+00:00,27.4534,3.0178,main,train
772,JTOUSDT,2025-06-10 08:00:00+00:00,2025-06-11 07:00:00+00:00,20.3694,7.4621,main,train
773,JTOUSDT,2025-06-15 09:00:00+00:00,2025-06-16 04:00:00+00:00,19.5399,11.9044,main,train
774,JTOUSDT,2025-06-27 18:00:00+00:00,2025-06-28 17:00:00+00:00,18.8445,3.005,main,train
775,JTOUSDT,2025-09-17 15:00:00+00:00,2025-09-17 22:00:00+00:00,17.5684,3.5519,main,train
776,JTOUSDT,2026-01-26 00:00:00+00:00,2026-01-26 16:00:00+00:00,16.7752,8.3577,main,test
777,JTOUSDT,2026-01-27 13:00:00+00:00,2026-01-28 11:00:00+00:00,47.4924,29.2996,main,test
778,JTOUSDT,2026-02-16 15:00:00+00:00,2026-02-17 15:00:00+00:00,28.0413,12.3202,main,test
779,JTOUSDT,2026-02-19 22:00:00+00:00,2026-02-20 18:00:00+00:00,15.2182,4.6264,main,test
780,JTOUSDT,2026-03-22 23:00:00+00:00,2026-03-23 19:00:00+00:00,23.6899,11.4892,main,test
781,JTOUSDT,2026-03-24 13:00:00+00:00,2026-03-25 04:00:00+00:00,17.8697,10.4003,main,test
782,JTOUSDT,2026-05-07 01:00:00+00:00,2026-05-07 17:00:00+00:00,64.9235,42.1491,main,test
783,JTOUSDT,2026-05-20 03:00:00+00:00,2026-05-21 01:00:00+00:00,34.0675,10.2035,main,test
784,JTOUSDT,2024-08-05 13:00:00+00:00,2024-08-05 14:00:00+00:00,10.5793,6.3999,fast,train
785,JTOUSDT,2025-02-21 04:00:00+00:00,2025-02-21 05:00:00+00:00,12.8606,75.0132,fast,train
786,JTOUSDT,2025-09-17 21:00:00+00:00,2025-09-17 22:00:00+00:00,11.043,23.5267,fast,train
787,JTOUSDT,2026-01-28 10:00:00+00:00,2026-01-28 11:00:00+00:00,10.5275,210.351,fast,test
788,JTOUSDT,2026-02-17 10:00:00+00:00,2026-02-17 11:00:00+00:00,18.108,84.0541,fast,test
789,JTOUSDT,2026-05-07 15:00:00+00:00,2026-05-07 16:00:00+00:00,15.6507,101.3354,fast,test
790,LABUSDT,2025-10-30 14:00:00+00:00,2025-10-30 23:00:00+00:00,199.7293,23.1302,main,train
791,LABUSDT,2025-10-31 08:00:00+00:00,2025-10-31 10:00:00+00:00,27.5661,10.5613,main,train
792,LABUSDT,2025-11-01 16:00:00+00:00,2025-11-02 16:00:00+00:00,49.3862,4.6241,main,test
793,LABUSDT,2025-11-04 05:00:00+00:00,2025-11-05 02:00:00+00:00,19.4805,3.0067,main,test
794,LABUSDT,2025-11-07 02:00:00+00:00,2025-11-07 12:00:00+00:00,57.4445,3.2452,main,test
795,LABUSDT,2025-12-07 16:00:00+00:00,2025-12-08 08:00:00+00:00,39.2908,11.7544,main,test
796,LABUSDT,2025-12-20 06:00:00+00:00,2025-12-21 06:00:00+00:00,39.5586,8.2069,main,test
797,LABUSDT,2025-12-21 21:00:00+00:00,2025-12-22 17:00:00+00:00,28.4109,3.4558,main,test
798,LABUSDT,2026-01-07 14:00:00+00:00,2026-01-08 12:00:00+00:00,22.0069,3.0868,main,test
799,LABUSDT,2026-01-17 17:00:00+00:00,2026-01-18 17:00:00+00:00,43.5595,11.906,main,test
800,LABUSDT,2026-01-19 21:00:00+00:00,2026-01-20 03:00:00+00:00,23.5765,7.3934,main,test
801,LABUSDT,2026-01-20 07:00:00+00:00,2026-01-20 17:00:00+00:00,21.2637,4.1457,main,test
802,LABUSDT,2026-03-05 23:00:00+00:00,2026-03-06 21:00:00+00:00,19.3181,5.774,main,test
803,LABUSDT,2026-03-10 09:00:00+00:00,2026-03-10 15:00:00+00:00,16.8131,3.6937,main,test
804,LABUSDT,2026-03-21 09:00:00+00:00,2026-03-22 09:00:00+00:00,25.8339,6.1576,main,test
805,LABUSDT,2026-03-27 12:00:00+00:00,2026-03-28 08:00:00+00:00,17.1885,3.1097,main,test
806,LABUSDT,2026-04-07 01:00:00+00:00,2026-04-08 00:00:00+00:00,40.1005,15.7683,main,test
807,LABUSDT,2026-04-11 23:00:00+00:00,2026-04-12 18:00:00+00:00,40.6085,6.8626,main,test
808,LABUSDT,2026-04-15 03:00:00+00:00,2026-04-16 01:00:00+00:00,23.3227,4.4079,main,test
809,LABUSDT,2026-04-23 04:00:00+00:00,2026-04-24 04:00:00+00:00,53.8423,4.9237,main,test
810,LABUSDT,2026-04-24 08:00:00+00:00,2026-04-24 09:00:00+00:00,28.3463,3.7686,main,test
811,LABUSDT,2026-04-25 21:00:00+00:00,2026-04-26 09:00:00+00:00,32.7905,4.5781,main,test
812,LABUSDT,2026-05-01 16:00:00+00:00,2026-05-02 16:00:00+00:00,372.6756,24.5652,main,test
813,LABUSDT,2026-05-03 02:00:00+00:00,2026-05-03 21:00:00+00:00,204.5877,27.2679,main,test
814,LABUSDT,2026-05-03 23:00:00+00:00,2026-05-04 01:00:00+00:00,19.2748,11.5483,main,test
815,LABUSDT,2026-05-06 13:00:00+00:00,2026-05-07 06:00:00+00:00,99.9021,7.399,main,test
816,LABUSDT,2026-05-14 11:00:00+00:00,2026-05-14 17:00:00+00:00,15.5267,3.5712,main,test
817,LABUSDT,2025-10-30 17:00:00+00:00,2025-10-30 18:00:00+00:00,63.0551,30.2246,fast,train
818,LABUSDT,2025-10-30 20:00:00+00:00,2025-10-30 21:00:00+00:00,29.211,25.7216,fast,train
819,LABUSDT,2025-10-30 22:00:00+00:00,2025-10-30 23:00:00+00:00,44.7006,57.6783,fast,train
820,LABUSDT,2025-10-31 09:00:00+00:00,2025-10-31 10:00:00+00:00,15.5986,34.5335,fast,train
821,LABUSDT,2025-11-02 00:00:00+00:00,2025-11-02 01:00:00+00:00,15.2868,6.5924,fast,test
822,LABUSDT,2025-11-02 15:00:00+00:00,2025-11-02 16:00:00+00:00,21.941,19.5496,fast,test
823,LABUSDT,2025-11-07 11:00:00+00:00,2025-11-07 12:00:00+00:00,22.8958,9.9728,fast,test
824,LABUSDT,2025-11-07 13:00:00+00:00,2025-11-07 14:00:00+00:00,15.0694,10.2228,fast,test
825,LABUSDT,2025-11-28 23:00:00+00:00,2025-11-29 00:00:00+00:00,10.5134,5.6732,fast,test
826,LABUSDT,2026-01-20 00:00:00+00:00,2026-01-20 01:00:00+00:00,10.1626,16.3079,fast,test
827,LABUSDT,2026-04-08 15:00:00+00:00,2026-04-08 16:00:00+00:00,19.5036,79.1785,fast,test
828,LABUSDT,2026-04-08 18:00:00+00:00,2026-04-08 19:00:00+00:00,11.7144,43.4917,fast,test
829,LABUSDT,2026-04-14 01:00:00+00:00,2026-04-14 02:00:00+00:00,17.9223,18.4379,fast,test
830,LABUSDT,2026-04-15 03:00:00+00:00,2026-04-15 04:00:00+00:00,11.2474,13.0554,fast,test
831,LABUSDT,2026-04-24 08:00:00+00:00,2026-04-24 09:00:00+00:00,28.3463,26.3065,fast,test
832,LABUSDT,2026-04-25 21:00:00+00:00,2026-04-25 22:00:00+00:00,10.675,11.0338,fast,test
833,LABUSDT,2026-04-26 04:00:00+00:00,2026-04-26 05:00:00+00:00,14.4043,6.6478,fast,test
834,LABUSDT,2026-05-01 18:00:00+00:00,2026-05-01 19:00:00+00:00,13.9922,7.2469,fast,test
835,LABUSDT,2026-05-01 22:00:00+00:00,2026-05-01 23:00:00+00:00,25.3424,25.7437,fast,test
836,LABUSDT,2026-05-02 03:00:00+00:00,2026-05-02 04:00:00+00:00,23.1586,26.8837,fast,test
837,LABUSDT,2026-05-02 08:00:00+00:00,2026-05-02 09:00:00+00:00,19.6613,25.963,fast,test
838,LABUSDT,2026-05-02 13:00:00+00:00,2026-05-02 14:00:00+00:00,18.172,34.3624,fast,test
839,LABUSDT,2026-05-02 15:00:00+00:00,2026-05-02 16:00:00+00:00,16.1795,39.3665,fast,test
840,LABUSDT,2026-05-02 20:00:00+00:00,2026-05-02 21:00:00+00:00,27.5323,36.6423,fast,test
841,LABUSDT,2026-05-03 02:00:00+00:00,2026-05-03 03:00:00+00:00,44.3242,119.095,fast,test
842,LABUSDT,2026-05-03 08:00:00+00:00,2026-05-03 09:00:00+00:00,27.8448,41.3153,fast,test
843,LABUSDT,2026-05-03 12:00:00+00:00,2026-05-03 13:00:00+00:00,17.3521,25.5219,fast,test
844,LABUSDT,2026-05-03 16:00:00+00:00,2026-05-03 17:00:00+00:00,21.507,22.5252,fast,test
845,LABUSDT,2026-05-03 20:00:00+00:00,2026-05-03 21:00:00+00:00,10.3379,10.2945,fast,test
846,LABUSDT,2026-05-03 23:00:00+00:00,2026-05-04 00:00:00+00:00,18.0692,21.0236,fast,test
847,LABUSDT,2026-05-04 11:00:00+00:00,2026-05-04 12:00:00+00:00,15.3022,19.987,fast,test
848,LABUSDT,2026-05-04 23:00:00+00:00,2026-05-05 00:00:00+00:00,13.3165,10.3143,fast,test
849,LABUSDT,2026-05-05 07:00:00+00:00,2026-05-05 08:00:00+00:00,15.2055,15.2245,fast,test
850,LABUSDT,2026-05-06 06:00:00+00:00,2026-05-06 07:00:00+00:00,11.4599,9.596,fast,test
851,LABUSDT,2026-05-06 13:00:00+00:00,2026-05-06 14:00:00+00:00,57.4115,36.5828,fast,test
852,LABUSDT,2026-05-06 15:00:00+00:00,2026-05-06 16:00:00+00:00,10.8793,13.521,fast,test
853,LABUSDT,2026-05-07 12:00:00+00:00,2026-05-07 13:00:00+00:00,14.6073,6.989,fast,test
854,LABUSDT,2026-05-11 17:00:00+00:00,2026-05-11 18:00:00+00:00,37.0383,9.901,fast,test
855,LABUSDT,2026-05-15 05:00:00+00:00,2026-05-15 06:00:00+00:00,24.704,20.0372,fast,test
856,LABUSDT,2026-05-15 20:00:00+00:00,2026-05-15 21:00:00+00:00,11.3652,4.0138,fast,test
857,LINKUSDT,2024-05-16 14:00:00+00:00,2024-05-17 12:00:00+00:00,21.8513,8.6267,main,train
858,LINKUSDT,2024-08-05 12:00:00+00:00,2024-08-06 07:00:00+00:00,21.8524,3.7616,main,train
859,LINKUSDT,2024-12-01 20:00:00+00:00,2024-12-02 20:00:00+00:00,34.9775,4.4154,main,train
860,LINKUSDT,2024-12-12 00:00:00+00:00,2024-12-12 23:00:00+00:00,21.392,3.147,main,train
861,LINKUSDT,2025-01-19 11:00:00+00:00,2025-01-19 17:00:00+00:00,18.3981,3.7764,main,train
862,LINKUSDT,2025-02-03 02:00:00+00:00,2025-02-03 19:00:00+00:00,27.899,3.2399,main,train
863,LINKUSDT,2025-04-07 06:00:00+00:00,2025-04-08 04:00:00+00:00,15.9608,3.1993,main,train
864,LINKUSDT,2025-08-17 02:00:00+00:00,2025-08-17 15:00:00+00:00,15.1757,3.2821,main,train
865,LITUSDT,2025-12-30 07:00:00+00:00,2025-12-30 09:00:00+00:00,24.6581,12.9346,main,test
866,LITUSDT,2026-01-01 00:00:00+00:00,2026-01-01 19:00:00+00:00,17.3069,3.0165,main,test
867,LITUSDT,2026-01-05 05:00:00+00:00,2026-01-06 04:00:00+00:00,18.1648,3.448,main,test
868,LITUSDT,2026-04-02 09:00:00+00:00,2026-04-03 07:00:00+00:00,20.7682,4.249,main,test
869,LITUSDT,2026-05-19 15:00:00+00:00,2026-05-20 15:00:00+00:00,28.6321,14.7507,main,test
870,LITUSDT,2026-05-23 07:00:00+00:00,2026-05-23 20:00:00+00:00,16.4316,4.7282,main,test
871,LITUSDT,2025-12-30 07:00:00+00:00,2025-12-30 08:00:00+00:00,16.0796,49.3778,fast,test
872,LTCUSDT,2024-11-15 18:00:00+00:00,2024-11-16 18:00:00+00:00,17.897,5.5188,main,train
873,LTCUSDT,2024-11-22 14:00:00+00:00,2024-11-23 04:00:00+00:00,16.7678,4.4845,main,train
874,LTCUSDT,2024-12-01 02:00:00+00:00,2024-12-02 00:00:00+00:00,29.2289,3.2228,main,train
875,LTCUSDT,2025-01-15 17:00:00+00:00,2025-01-16 17:00:00+00:00,23.4996,5.3359,main,train
876,LTCUSDT,2025-01-29 16:00:00+00:00,2025-01-30 13:00:00+00:00,19.1063,3.1051,main,train
877,LTCUSDT,2025-02-03 01:00:00+00:00,2025-02-03 22:00:00+00:00,16.3307,3.3466,main,train
878,LTCUSDT,2025-07-19 14:00:00+00:00,2025-07-20 08:00:00+00:00,19.317,5.8335,main,train
879,LTCUSDT,2025-10-01 06:00:00+00:00,2025-10-02 01:00:00+00:00,15.0104,3.1919,main,train
880,LTCUSDT,2025-10-09 16:00:00+00:00,2025-10-10 13:00:00+00:00,15.554,6.0659,main,train
881,LTCUSDT,2024-11-14 02:00:00+00:00,2024-11-14 03:00:00+00:00,10.3745,22.1622,fast,train
882,LTCUSDT,2025-11-07 15:00:00+00:00,2025-11-07 16:00:00+00:00,10.9941,15.0205,fast,test
883,MSTRUSDT,2026-04-16 14:00:00+00:00,2026-04-17 14:00:00+00:00,21.2451,4.529,main,test
884,MUUSDT,2026-05-04 22:00:00+00:00,2026-05-05 22:00:00+00:00,18.0252,9.4607,main,test
885,MUUSDT,2026-05-07 23:00:00+00:00,2026-05-08 23:00:00+00:00,17.5861,12.9656,main,test
886,MUUSDT,2026-05-26 06:00:00+00:00,2026-05-27 00:00:00+00:00,23.0536,22.7383,main,test
887,NEARUSDT,2024-08-05 12:00:00+00:00,2024-08-06 06:00:00+00:00,17.8616,3.7949,main,train
888,NEARUSDT,2024-09-22 21:00:00+00:00,2024-09-23 20:00:00+00:00,16.6517,4.0007,main,train
889,NEARUSDT,2024-11-10 20:00:00+00:00,2024-11-11 18:00:00+00:00,21.0929,4.9497,main,train
890,NEARUSDT,2024-11-15 18:00:00+00:00,2024-11-16 10:00:00+00:00,17.5061,3.5635,main,train
891,NEARUSDT,2025-01-20 00:00:00+00:00,2025-01-20 08:00:00+00:00,15.65,3.5583,main,train
892,NEARUSDT,2025-02-03 02:00:00+00:00,2025-02-03 22:00:00+00:00,27.3432,3.8021,main,train
893,NEARUSDT,2025-09-17 20:00:00+00:00,2025-09-18 20:00:00+00:00,16.7394,3.1041,main,train
894,NEARUSDT,2025-11-06 17:00:00+00:00,2025-11-07 17:00:00+00:00,41.1411,4.7435,main,test
895,NEARUSDT,2026-02-06 00:00:00+00:00,2026-02-06 17:00:00+00:00,15.8228,3.3909,main,test
896,NEARUSDT,2026-02-24 23:00:00+00:00,2026-02-25 21:00:00+00:00,27.6684,3.2213,main,test
897,NEARUSDT,2026-03-01 22:00:00+00:00,2026-03-02 22:00:00+00:00,21.3086,4.1926,main,test
898,NEARUSDT,2026-05-05 16:00:00+00:00,2026-05-06 16:00:00+00:00,19.7161,3.2304,main,test
899,NEARUSDT,2026-05-21 13:00:00+00:00,2026-05-22 12:00:00+00:00,32.9696,8.9032,main,test
900,NEARUSDT,2026-05-23 07:00:00+00:00,2026-05-23 23:00:00+00:00,20.9176,7.2991,main,test
901,NEARUSDT,2026-05-25 03:00:00+00:00,2026-05-25 21:00:00+00:00,18.7473,5.2875,main,test
902,NILUSDT,2025-05-11 07:00:00+00:00,2025-05-12 04:00:00+00:00,26.9729,3.2521,main,train
903,NILUSDT,2025-05-27 15:00:00+00:00,2025-05-28 15:00:00+00:00,22.3112,4.6232,main,train
904,NILUSDT,2025-09-04 19:00:00+00:00,2025-09-05 18:00:00+00:00,15.8561,5.8048,main,train
905,NILUSDT,2025-10-01 06:00:00+00:00,2025-10-02 06:00:00+00:00,24.564,3.5119,main,train
906,NILUSDT,2025-10-11 06:00:00+00:00,2025-10-11 16:00:00+00:00,28.5128,4.5741,main,train
907,NILUSDT,2025-10-21 09:00:00+00:00,2025-10-22 06:00:00+00:00,26.087,8.6719,main,train
908,NILUSDT,2025-11-15 20:00:00+00:00,2025-11-16 20:00:00+00:00,28.6971,13.0045,main,test
909,NILUSDT,2025-11-19 18:00:00+00:00,2025-11-19 20:00:00+00:00,18.4054,63.9603,main,test
910,NILUSDT,2025-11-20 10:00:00+00:00,2025-11-20 18:00:00+00:00,20.162,43.2331,main,test
911,NILUSDT,2025-11-24 09:00:00+00:00,2025-11-25 07:00:00+00:00,18.6047,9.048,main,test
912,NILUSDT,2025-12-09 08:00:00+00:00,2025-12-10 04:00:00+00:00,22.3222,8.1911,main,test
913,NILUSDT,2025-12-20 10:00:00+00:00,2025-12-20 20:00:00+00:00,20.9188,4.6394,main,test
914,NILUSDT,2025-12-21 18:00:00+00:00,2025-12-22 18:00:00+00:00,15.901,3.2095,main,test
915,NILUSDT,2025-12-26 00:00:00+00:00,2025-12-26 23:00:00+00:00,25.7082,8.7853,main,test
916,NILUSDT,2026-02-10 12:00:00+00:00,2026-02-11 10:00:00+00:00,42.9973,50.4659,main,test
917,NILUSDT,2026-02-15 13:00:00+00:00,2026-02-15 18:00:00+00:00,17.0604,16.148,main,test
918,NILUSDT,2026-04-06 03:00:00+00:00,2026-04-07 03:00:00+00:00,20.2418,10.6815,main,test
919,NILUSDT,2026-05-07 00:00:00+00:00,2026-05-07 22:00:00+00:00,141.7972,143.9809,main,test
920,NILUSDT,2026-05-20 07:00:00+00:00,2026-05-21 00:00:00+00:00,38.9585,13.5141,main,test
921,NILUSDT,2026-05-23 19:00:00+00:00,2026-05-24 19:00:00+00:00,42.8772,22.6033,main,test
922,NILUSDT,2025-04-07 12:00:00+00:00,2025-04-07 13:00:00+00:00,10.3859,5.2723,fast,train
923,NILUSDT,2025-04-12 14:00:00+00:00,2025-04-12 15:00:00+00:00,10.3622,3.6785,fast,train
924,NILUSDT,2025-05-11 02:00:00+00:00,2025-05-11 03:00:00+00:00,10.5693,6.6684,fast,train
925,NILUSDT,2025-05-12 03:00:00+00:00,2025-05-12 04:00:00+00:00,13.0904,11.8805,fast,train
926,NILUSDT,2025-11-16 18:00:00+00:00,2025-11-16 19:00:00+00:00,10.9383,38.7039,fast,test
927,NILUSDT,2025-11-20 12:00:00+00:00,2025-11-20 13:00:00+00:00,10.9026,88.0478,fast,test
928,NILUSDT,2025-12-20 19:00:00+00:00,2025-12-20 20:00:00+00:00,16.8331,30.1814,fast,test
929,NILUSDT,2026-02-11 08:00:00+00:00,2026-02-11 09:00:00+00:00,14.6955,115.0526,fast,test
930,NILUSDT,2026-02-15 17:00:00+00:00,2026-02-15 18:00:00+00:00,12.8094,165.5666,fast,test
931,NILUSDT,2026-04-06 16:00:00+00:00,2026-04-06 17:00:00+00:00,12.3659,59.9635,fast,test
932,NILUSDT,2026-05-07 20:00:00+00:00,2026-05-07 21:00:00+00:00,11.6176,318.3933,fast,test
933,NILUSDT,2026-05-08 01:00:00+00:00,2026-05-08 02:00:00+00:00,10.0588,230.5836,fast,test
934,NILUSDT,2026-05-24 14:00:00+00:00,2026-05-24 15:00:00+00:00,13.2188,60.7992,fast,test
935,ONDOUSDT,2024-05-17 04:00:00+00:00,2024-05-18 04:00:00+00:00,17.9096,3.0616,main,train
936,ONDOUSDT,2024-05-23 19:00:00+00:00,2024-05-24 01:00:00+00:00,21.3198,3.5621,main,train
937,ONDOUSDT,2024-08-05 12:00:00+00:00,2024-08-06 07:00:00+00:00,45.5951,7.3471,main,train
938,ONDOUSDT,2024-11-05 11:00:00+00:00,2024-11-06 11:00:00+00:00,15.0787,3.0494,main,train
939,ONDOUSDT,2024-11-10 01:00:00+00:00,2024-11-11 00:00:00+00:00,20.9437,4.3775,main,train
940,ONDOUSDT,2024-11-13 06:00:00+00:00,2024-11-13 18:00:00+00:00,15.7501,3.401,main,train
941,ONDOUSDT,2024-12-02 10:00:00+00:00,2024-12-03 02:00:00+00:00,53.4735,4.392,main,train
942,ONDOUSDT,2024-12-03 13:00:00+00:00,2024-12-04 03:00:00+00:00,18.2877,3.3458,main,train
943,ONDOUSDT,2024-12-15 13:00:00+00:00,2024-12-16 00:00:00+00:00,16.1301,3.0315,main,train
944,ONDOUSDT,2025-01-17 12:00:00+00:00,2025-01-18 00:00:00+00:00,17.111,5.1078,main,train
945,ONDOUSDT,2025-01-18 18:00:00+00:00,2025-01-19 17:00:00+00:00,29.0724,4.374,main,train
946,ONDOUSDT,2025-01-23 11:00:00+00:00,2025-01-24 11:00:00+00:00,17.5967,3.4013,main,train
947,ONDOUSDT,2025-02-03 01:00:00+00:00,2025-02-03 17:00:00+00:00,37.5433,3.5367,main,train
948,ONDOUSDT,2025-04-24 08:00:00+00:00,2025-04-25 08:00:00+00:00,18.1912,3.6376,main,train
949,ONDOUSDT,2025-06-23 11:00:00+00:00,2025-06-24 06:00:00+00:00,17.02,3.0269,main,train
950,ONDOUSDT,2025-10-10 21:00:00+00:00,2025-10-11 11:00:00+00:00,22.4096,4.4774,main,train
951,ONDOUSDT,2026-02-05 23:00:00+00:00,2026-02-06 17:00:00+00:00,18.4164,3.6247,main,test
952,ONDOUSDT,2026-05-08 01:00:00+00:00,2026-05-09 00:00:00+00:00,35.056,12.2758,main,test
953,ONDOUSDT,2026-05-18 10:00:00+00:00,2026-05-19 05:00:00+00:00,18.3478,5.3993,main,test
954,ONDOUSDT,2024-08-05 12:00:00+00:00,2024-08-05 13:00:00+00:00,12.3336,13.0653,fast,train
955,ONDOUSDT,2024-08-05 14:00:00+00:00,2024-08-05 15:00:00+00:00,12.5696,20.1898,fast,train
956,ONDOUSDT,2024-12-04 02:00:00+00:00,2024-12-04 03:00:00+00:00,10.8262,6.9912,fast,train
957,ONDOUSDT,2024-12-15 21:00:00+00:00,2024-12-15 22:00:00+00:00,11.7245,7.2109,fast,train
958,ONDOUSDT,2025-01-17 23:00:00+00:00,2025-01-18 00:00:00+00:00,10.3224,15.1148,fast,train
959,ONDOUSDT,2025-04-09 16:00:00+00:00,2025-04-09 17:00:00+00:00,14.1879,14.7772,fast,train
960,OPGUSDT,2026-05-21 13:00:00+00:00,2026-05-22 01:00:00+00:00,27.2077,3.933,main,test
961,OPGUSDT,2026-05-22 05:00:00+00:00,2026-05-22 07:00:00+00:00,16.6135,4.0435,main,test
962,OPGUSDT,2026-04-26 11:00:00+00:00,2026-04-26 12:00:00+00:00,11.0124,5.0483,fast,test
963,OPGUSDT,2026-05-22 00:00:00+00:00,2026-05-22 01:00:00+00:00,23.3687,6.0353,fast,test
964,OPGUSDT,2026-05-22 06:00:00+00:00,2026-05-22 07:00:00+00:00,15.7832,22.0461,fast,test
965,PENDLEUSDT,2024-05-19 21:00:00+00:00,2024-05-20 21:00:00+00:00,26.5691,5.2311,main,train
966,PENDLEUSDT,2024-06-18 18:00:00+00:00,2024-06-19 18:00:00+00:00,21.9164,3.0797,main,train
967,PENDLEUSDT,2024-08-05 10:00:00+00:00,2024-08-06 10:00:00+00:00,44.5766,9.2702,main,train
968,PENDLEUSDT,2024-08-18 05:00:00+00:00,2024-08-18 15:00:00+00:00,15.5571,3.0037,main,train
969,PENDLEUSDT,2024-09-21 04:00:00+00:00,2024-09-22 04:00:00+00:00,26.8845,3.6563,main,train
970,PENDLEUSDT,2024-11-10 20:00:00+00:00,2024-11-11 14:00:00+00:00,18.6302,3.1408,main,train
971,PENDLEUSDT,2025-02-03 02:00:00+00:00,2025-02-03 22:00:00+00:00,39.9611,5.1903,main,train
972,PENDLEUSDT,2025-02-06 23:00:00+00:00,2025-02-07 14:00:00+00:00,23.9225,5.9428,main,train
973,PENDLEUSDT,2025-04-03 12:00:00+00:00,2025-04-04 09:00:00+00:00,19.7948,3.7983,main,train
974,PENDLEUSDT,2025-04-07 06:00:00+00:00,2025-04-07 22:00:00+00:00,21.7204,3.6208,main,train
975,PENDLEUSDT,2025-04-08 23:00:00+00:00,2025-04-09 20:00:00+00:00,26.5771,4.4515,main,train
976,PENDLEUSDT,2025-08-07 04:00:00+00:00,2025-08-08 04:00:00+00:00,29.7815,4.3793,main,train
977,PENDLEUSDT,2026-04-16 13:00:00+00:00,2026-04-17 13:00:00+00:00,20.626,4.1824,main,test
978,PENDLEUSDT,2026-04-30 09:00:00+00:00,2026-05-01 08:00:00+00:00,21.8077,4.7627,main,test
979,PENDLEUSDT,2026-05-04 00:00:00+00:00,2026-05-04 18:00:00+00:00,20.1795,6.5579,main,test
980,PENDLEUSDT,2024-08-06 05:00:00+00:00,2024-08-06 06:00:00+00:00,11.6653,34.6582,fast,train
981,PENDLEUSDT,2024-09-21 23:00:00+00:00,2024-09-22 00:00:00+00:00,17.0284,33.9527,fast,train
982,PENDLEUSDT,2025-02-03 13:00:00+00:00,2025-02-03 14:00:00+00:00,14.7753,16.3245,fast,train
983,PENDLEUSDT,2025-04-09 16:00:00+00:00,2025-04-09 17:00:00+00:00,11.0687,14.9137,fast,train
984,PENGUUSDT,2025-04-11 15:00:00+00:00,2025-04-12 14:00:00+00:00,24.2517,3.017,main,train
985,PENGUUSDT,2025-04-22 06:00:00+00:00,2025-04-23 02:00:00+00:00,42.6402,4.2633,main,train
986,PENGUUSDT,2025-04-24 13:00:00+00:00,2025-04-25 12:00:00+00:00,46.2996,4.1427,main,train
987,PENGUUSDT,2025-04-27 05:00:00+00:00,2025-04-28 05:00:00+00:00,45.3943,6.9974,main,train
988,PENGUUSDT,2025-05-07 15:00:00+00:00,2025-05-08 10:00:00+00:00,36.6355,3.2406,main,train
989,PENGUUSDT,2025-05-14 08:00:00+00:00,2025-05-14 19:00:00+00:00,23.1362,3.1822,main,train
990,PENGUUSDT,2025-06-28 00:00:00+00:00,2025-06-28 21:00:00+00:00,35.0072,14.8068,main,train
991,PENGUUSDT,2025-06-29 11:00:00+00:00,2025-06-30 06:00:00+00:00,16.3149,10.5205,main,train
992,PENGUUSDT,2025-07-01 08:00:00+00:00,2025-07-02 05:00:00+00:00,16.8679,9.1286,main,train
993,PENGUUSDT,2025-07-09 15:00:00+00:00,2025-07-10 08:00:00+00:00,36.7817,5.3969,main,train
994,PENGUUSDT,2025-07-13 04:00:00+00:00,2025-07-13 19:00:00+00:00,36.5507,6.1557,main,train
995,PENGUUSDT,2025-07-14 14:00:00+00:00,2025-07-15 12:00:00+00:00,23.324,3.9156,main,train
996,PENGUUSDT,2025-10-10 21:00:00+00:00,2025-10-11 00:00:00+00:00,21.2398,3.0898,main,train
997,PENGUUSDT,2025-12-02 08:00:00+00:00,2025-12-02 17:00:00+00:00,28.3803,3.4413,main,test
998,PENGUUSDT,2026-01-03 20:00:00+00:00,2026-01-04 14:00:00+00:00,21.3424,3.8845,main,test
999,PENGUUSDT,2026-02-14 13:00:00+00:00,2026-02-14 22:00:00+00:00,16.1467,3.0067,main,test
1000,PENGUUSDT,2026-04-21 19:00:00+00:00,2026-04-22 10:00:00+00:00,18.6062,3.7442,main,test
1001,PENGUUSDT,2026-04-26 04:00:00+00:00,2026-04-27 04:00:00+00:00,18.1239,3.5061,main,test
1002,PENGUUSDT,2025-01-15 12:00:00+00:00,2025-01-15 13:00:00+00:00,10.033,3.0354,fast,train
1003,PENGUUSDT,2025-05-09 05:00:00+00:00,2025-05-09 06:00:00+00:00,11.617,15.0925,fast,train
1004,PENGUUSDT,2025-07-11 01:00:00+00:00,2025-07-11 02:00:00+00:00,11.147,11.0244,fast,train
1005,PENGUUSDT,2025-07-11 15:00:00+00:00,2025-07-11 16:00:00+00:00,11.8755,6.1013,fast,train
1006,PENGUUSDT,2025-10-10 21:00:00+00:00,2025-10-10 22:00:00+00:00,12.2645,15.0334,fast,train
1007,PENGUUSDT,2025-12-02 14:00:00+00:00,2025-12-02 15:00:00+00:00,10.466,10.9476,fast,test
1008,PLAYUSDT,2025-08-07 03:00:00+00:00,2025-08-07 07:00:00+00:00,128.6277,10.2543,main,train
1009,PLAYUSDT,2025-09-05 05:00:00+00:00,2025-09-05 20:00:00+00:00,35.7003,3.8186,main,train
1010,PLAYUSDT,2025-10-10 21:00:00+00:00,2025-10-11 10:00:00+00:00,27.0471,3.1364,main,train
1011,PLAYUSDT,2025-10-15 03:00:00+00:00,2025-10-15 04:00:00+00:00,17.9676,6.2514,main,train
1012,PLAYUSDT,2025-11-13 02:00:00+00:00,2025-11-13 21:00:00+00:00,26.2831,16.349,main,test
1013,PLAYUSDT,2025-11-25 05:00:00+00:00,2025-11-25 16:00:00+00:00,21.4943,3.7723,main,test
1014,PLAYUSDT,2025-12-10 10:00:00+00:00,2025-12-11 09:00:00+00:00,17.9187,3.2429,main,test
1015,PLAYUSDT,2025-12-23 10:00:00+00:00,2025-12-24 10:00:00+00:00,42.454,158.2937,main,test
1016,PLAYUSDT,2025-12-28 17:00:00+00:00,2025-12-29 06:00:00+00:00,27.0658,21.2556,main,test
1017,PLAYUSDT,2026-01-11 22:00:00+00:00,2026-01-12 18:00:00+00:00,64.1847,72.9906,main,test
1018,PLAYUSDT,2026-01-13 03:00:00+00:00,2026-01-14 01:00:00+00:00,25.4895,57.9588,main,test
1019,PLAYUSDT,2026-01-18 23:00:00+00:00,2026-01-19 08:00:00+00:00,28.6223,8.5659,main,test
1020,PLAYUSDT,2026-01-27 23:00:00+00:00,2026-01-28 23:00:00+00:00,72.613,38.8988,main,test
1021,PLAYUSDT,2026-01-30 09:00:00+00:00,2026-01-30 17:00:00+00:00,23.5829,6.7629,main,test
1022,PLAYUSDT,2026-02-04 05:00:00+00:00,2026-02-04 08:00:00+00:00,16.14,3.0766,main,test
1023,PLAYUSDT,2026-02-19 19:00:00+00:00,2026-02-20 19:00:00+00:00,19.3029,4.4159,main,test
1024,PLAYUSDT,2026-02-21 10:00:00+00:00,2026-02-22 05:00:00+00:00,18.0238,7.7429,main,test
1025,PLAYUSDT,2026-03-10 08:00:00+00:00,2026-03-11 08:00:00+00:00,88.1025,53.3551,main,test
1026,PLAYUSDT,2026-03-11 17:00:00+00:00,2026-03-12 01:00:00+00:00,17.589,13.9675,main,test
1027,PLAYUSDT,2026-03-14 00:00:00+00:00,2026-03-14 02:00:00+00:00,15.9709,3.0723,main,test
1028,PLAYUSDT,2026-03-20 10:00:00+00:00,2026-03-21 02:00:00+00:00,26.9218,3.3789,main,test
1029,PLAYUSDT,2026-03-22 09:00:00+00:00,2026-03-23 07:00:00+00:00,36.8186,3.8875,main,test
1030,PLAYUSDT,2026-03-28 20:00:00+00:00,2026-03-29 05:00:00+00:00,90.7968,37.0076,main,test
1031,PLAYUSDT,2026-04-05 20:00:00+00:00,2026-04-06 17:00:00+00:00,118.5379,25.6053,main,test
1032,PLAYUSDT,2026-04-15 04:00:00+00:00,2026-04-15 19:00:00+00:00,126.9485,10.4577,main,test
1033,PLAYUSDT,2026-05-06 11:00:00+00:00,2026-05-06 20:00:00+00:00,61.872,15.6905,main,test
1034,PLAYUSDT,2026-05-09 03:00:00+00:00,2026-05-09 10:00:00+00:00,51.6367,18.9311,main,test
1035,PLAYUSDT,2026-05-09 23:00:00+00:00,2026-05-10 08:00:00+00:00,18.9619,8.0414,main,test
1036,PLAYUSDT,2026-05-10 21:00:00+00:00,2026-05-11 09:00:00+00:00,25.2162,4.9853,main,test
1037,PLAYUSDT,2026-05-13 23:00:00+00:00,2026-05-14 14:00:00+00:00,40.8975,8.1888,main,test
1038,PLAYUSDT,2026-05-19 05:00:00+00:00,2026-05-20 05:00:00+00:00,49.2994,12.0611,main,test
1039,PLAYUSDT,2026-05-20 22:00:00+00:00,2026-05-21 00:00:00+00:00,19.6401,6.7991,main,test
1040,PLAYUSDT,2026-05-21 21:00:00+00:00,2026-05-22 03:00:00+00:00,28.2876,6.0208,main,test
1041,PLAYUSDT,2026-05-22 04:00:00+00:00,2026-05-22 13:00:00+00:00,15.7604,4.0089,main,test
1042,PLAYUSDT,2026-05-24 21:00:00+00:00,2026-05-25 16:00:00+00:00,77.1544,14.24,main,test
1043,PLAYUSDT,2026-05-26 09:00:00+00:00,2026-05-27 06:00:00+00:00,27.6161,5.4058,main,test
1044,PLAYUSDT,2025-08-07 06:00:00+00:00,2025-08-07 07:00:00+00:00,61.9528,41.7428,fast,train
1045,PLAYUSDT,2025-08-07 21:00:00+00:00,2025-08-07 22:00:00+00:00,10.0546,3.9654,fast,train
1046,PLAYUSDT,2025-08-11 03:00:00+00:00,2025-08-11 04:00:00+00:00,10.568,3.5498,fast,train
1047,PLAYUSDT,2025-08-27 02:00:00+00:00,2025-08-27 03:00:00+00:00,12.1182,3.2935,fast,train
1048,PLAYUSDT,2025-08-29 20:00:00+00:00,2025-08-29 21:00:00+00:00,18.1307,5.4516,fast,train
1049,PLAYUSDT,2025-09-05 08:00:00+00:00,2025-09-05 09:00:00+00:00,11.2292,3.4173,fast,train
1050,PLAYUSDT,2025-09-05 15:00:00+00:00,2025-09-05 16:00:00+00:00,18.5415,16.8851,fast,train
1051,PLAYUSDT,2025-10-15 03:00:00+00:00,2025-10-15 04:00:00+00:00,17.9676,18.5302,fast,train
1052,PLAYUSDT,2025-11-13 12:00:00+00:00,2025-11-13 13:00:00+00:00,12.6965,35.7889,fast,test
1053,PLAYUSDT,2025-11-25 15:00:00+00:00,2025-11-25 16:00:00+00:00,10.07,9.305,fast,test
1054,PLAYUSDT,2025-12-11 08:00:00+00:00,2025-12-11 09:00:00+00:00,12.6802,19.632,fast,test
1055,PLAYUSDT,2025-12-23 13:00:00+00:00,2025-12-23 14:00:00+00:00,24.4307,221.9915,fast,test
1056,PLAYUSDT,2026-01-12 13:00:00+00:00,2026-01-12 14:00:00+00:00,48.4804,184.0125,fast,test
1057,PLAYUSDT,2026-01-19 07:00:00+00:00,2026-01-19 08:00:00+00:00,23.3537,43.4111,fast,test
1058,PLAYUSDT,2026-01-28 09:00:00+00:00,2026-01-28 10:00:00+00:00,18.7648,38.5632,fast,test
1059,PLAYUSDT,2026-03-10 10:00:00+00:00,2026-03-10 11:00:00+00:00,17.5514,42.521,fast,test
1060,PLAYUSDT,2026-03-11 06:00:00+00:00,2026-03-11 07:00:00+00:00,18.2734,96.3779,fast,test
1061,PLAYUSDT,2026-03-14 00:00:00+00:00,2026-03-14 01:00:00+00:00,14.8008,12.3572,fast,test
1062,PLAYUSDT,2026-03-22 17:00:00+00:00,2026-03-22 18:00:00+00:00,10.1362,5.1759,fast,test
1063,PLAYUSDT,2026-03-28 20:00:00+00:00,2026-03-28 21:00:00+00:00,60.6238,72.2277,fast,test
1064,PLAYUSDT,2026-03-29 00:00:00+00:00,2026-03-29 01:00:00+00:00,11.8199,23.3224,fast,test
1065,PLAYUSDT,2026-04-04 18:00:00+00:00,2026-04-04 19:00:00+00:00,19.8238,17.8835,fast,test
1066,PLAYUSDT,2026-04-05 22:00:00+00:00,2026-04-05 23:00:00+00:00,27.5014,46.5607,fast,test
1067,PLAYUSDT,2026-04-12 05:00:00+00:00,2026-04-12 06:00:00+00:00,11.0894,7.3511,fast,test
1068,PLAYUSDT,2026-04-15 08:00:00+00:00,2026-04-15 09:00:00+00:00,12.0319,3.3278,fast,test
1069,PLAYUSDT,2026-04-15 16:00:00+00:00,2026-04-15 17:00:00+00:00,24.2753,23.6138,fast,test
1070,PLAYUSDT,2026-04-25 00:00:00+00:00,2026-04-25 01:00:00+00:00,23.7421,9.8825,fast,test
1071,PLAYUSDT,2026-05-04 20:00:00+00:00,2026-05-04 21:00:00+00:00,21.4189,13.6096,fast,test
1072,PLAYUSDT,2026-05-06 16:00:00+00:00,2026-05-06 17:00:00+00:00,15.952,52.6963,fast,test
1073,PLAYUSDT,2026-05-07 23:00:00+00:00,2026-05-08 00:00:00+00:00,11.929,13.6764,fast,test
1074,PLAYUSDT,2026-05-08 08:00:00+00:00,2026-05-08 09:00:00+00:00,11.5798,24.0345,fast,test
1075,PLAYUSDT,2026-05-09 08:00:00+00:00,2026-05-09 09:00:00+00:00,25.018,36.1413,fast,test
1076,PLAYUSDT,2026-05-14 12:00:00+00:00,2026-05-14 13:00:00+00:00,20.714,63.5713,fast,test
1077,PLAYUSDT,2026-05-19 05:00:00+00:00,2026-05-19 06:00:00+00:00,11.4043,5.9887,fast,test
1078,PLAYUSDT,2026-05-20 23:00:00+00:00,2026-05-21 00:00:00+00:00,17.2692,24.8181,fast,test
1079,PLAYUSDT,2026-05-22 02:00:00+00:00,2026-05-22 03:00:00+00:00,12.2414,11.4292,fast,test
1080,PLAYUSDT,2026-05-24 08:00:00+00:00,2026-05-24 09:00:00+00:00,10.127,8.8459,fast,test
1081,PLAYUSDT,2026-05-24 23:00:00+00:00,2026-05-25 00:00:00+00:00,13.4591,7.7249,fast,test
1082,PLAYUSDT,2026-05-25 06:00:00+00:00,2026-05-25 07:00:00+00:00,37.6538,29.0656,fast,test
1083,PUMPUSDT,2025-07-12 06:00:00+00:00,2025-07-12 23:00:00+00:00,35.7454,6.8282,main,train
1084,PUMPUSDT,2025-07-14 22:00:00+00:00,2025-07-15 22:00:00+00:00,19.8184,3.4895,main,train
1085,PUMPUSDT,2025-09-13 16:00:00+00:00,2025-09-14 16:00:00+00:00,38.0089,3.1247,main,train
1086,PUMPUSDT,2026-01-09 02:00:00+00:00,2026-01-09 18:00:00+00:00,16.69,3.6735,main,test
1087,PUMPUSDT,2026-01-27 00:00:00+00:00,2026-01-28 00:00:00+00:00,20.0295,3.0713,main,test
1088,PUMPUSDT,2025-07-12 16:00:00+00:00,2025-07-12 17:00:00+00:00,11.2641,13.0838,fast,train
1089,PUMPUSDT,2025-07-26 14:00:00+00:00,2025-07-26 15:00:00+00:00,16.5405,10.4294,fast,train
1090,RENDERUSDT,2024-08-05 12:00:00+00:00,2024-08-06 07:00:00+00:00,33.9121,4.7146,main,train
1091,RENDERUSDT,2024-11-11 05:00:00+00:00,2024-11-12 03:00:00+00:00,26.3635,6.7686,main,train
1092,RENDERUSDT,2024-11-13 06:00:00+00:00,2024-11-13 15:00:00+00:00,16.2238,4.4082,main,train
1093,RENDERUSDT,2024-12-05 01:00:00+00:00,2024-12-05 03:00:00+00:00,31.2733,6.1076,main,train
1094,RENDERUSDT,2025-02-03 02:00:00+00:00,2025-02-03 22:00:00+00:00,34.8457,3.4062,main,train
1095,RENDERUSDT,2025-04-07 06:00:00+00:00,2025-04-08 04:00:00+00:00,23.8659,3.2409,main,train
1096,RENDERUSDT,2025-04-09 00:00:00+00:00,2025-04-09 22:00:00+00:00,21.946,3.6406,main,train
1097,RENDERUSDT,2025-10-10 21:00:00+00:00,2025-10-11 08:00:00+00:00,32.8746,8.0472,main,train
1098,RENDERUSDT,2025-10-12 13:00:00+00:00,2025-10-13 09:00:00+00:00,22.5711,3.8769,main,train
1099,RENDERUSDT,2025-11-06 20:00:00+00:00,2025-11-07 18:00:00+00:00,37.7766,6.0182,main,test
1100,RENDERUSDT,2026-01-01 12:00:00+00:00,2026-01-02 09:00:00+00:00,18.4211,3.4751,main,test
1101,RENDERUSDT,2026-01-03 17:00:00+00:00,2026-01-04 17:00:00+00:00,26.0152,10.0302,main,test
1102,RENDERUSDT,2026-01-10 22:00:00+00:00,2026-01-11 19:00:00+00:00,17.9237,6.5041,main,test
1103,RENDERUSDT,2026-03-12 06:00:00+00:00,2026-03-13 06:00:00+00:00,21.2794,3.0903,main,test
1104,RENDERUSDT,2026-05-25 08:00:00+00:00,2026-05-26 07:00:00+00:00,18.041,6.2546,main,test
1105,RENDERUSDT,2024-08-05 06:00:00+00:00,2024-08-05 07:00:00+00:00,13.1449,11.5914,fast,train
1106,RENDERUSDT,2024-08-05 12:00:00+00:00,2024-08-05 13:00:00+00:00,10.9493,13.0722,fast,train
1107,RENDERUSDT,2024-12-05 02:00:00+00:00,2024-12-05 03:00:00+00:00,28.0795,45.0346,fast,train
1108,RENDERUSDT,2025-04-09 16:00:00+00:00,2025-04-09 17:00:00+00:00,13.732,12.8828,fast,train
1109,RENDERUSDT,2025-10-10 21:00:00+00:00,2025-10-10 22:00:00+00:00,16.2589,42.5364,fast,train
1110,RENDERUSDT,2025-11-07 14:00:00+00:00,2025-11-07 15:00:00+00:00,10.5086,23.2921,fast,test
1111,RIFUSDT,2024-07-26 21:00:00+00:00,2024-07-27 21:00:00+00:00,15.7852,15.3009,main,train
1112,RIFUSDT,2024-07-28 22:00:00+00:00,2024-07-29 13:00:00+00:00,31.1862,44.8492,main,train
1113,RIFUSDT,2024-08-05 12:00:00+00:00,2024-08-05 17:00:00+00:00,28.764,10.2658,main,train
1114,RIFUSDT,2024-08-08 00:00:00+00:00,2024-08-08 22:00:00+00:00,19.0041,6.6535,main,train
1115,RIFUSDT,2025-05-13 08:00:00+00:00,2025-05-14 06:00:00+00:00,15.2897,3.9283,main,train
1116,RIFUSDT,2026-01-30 03:00:00+00:00,2026-01-31 03:00:00+00:00,16.5507,5.4547,main,test
1117,RIFUSDT,2026-02-08 16:00:00+00:00,2026-02-09 07:00:00+00:00,15.1195,4.2156,main,test
1118,RIFUSDT,2026-02-10 05:00:00+00:00,2026-02-11 02:00:00+00:00,18.3415,4.4486,main,test
1119,RIFUSDT,2026-03-04 00:00:00+00:00,2026-03-04 16:00:00+00:00,18.8415,6.623,main,test
1120,RIFUSDT,2026-04-14 04:00:00+00:00,2026-04-15 04:00:00+00:00,21.2369,10.6102,main,test
1121,RIFUSDT,2026-04-28 01:00:00+00:00,2026-04-29 00:00:00+00:00,17.2082,3.958,main,test
1122,RIFUSDT,2026-05-07 11:00:00+00:00,2026-05-08 06:00:00+00:00,17.0478,3.0261,main,test
1123,RIFUSDT,2026-05-11 08:00:00+00:00,2026-05-12 08:00:00+00:00,30.5466,9.6516,main,test
1124,RIFUSDT,2026-05-23 09:00:00+00:00,2026-05-24 00:00:00+00:00,17.3478,12.3646,main,test
1125,RIFUSDT,2026-05-25 04:00:00+00:00,2026-05-26 04:00:00+00:00,22.6923,9.3373,main,test
1126,RIFUSDT,2026-05-26 23:00:00+00:00,2026-05-27 19:00:00+00:00,20.307,10.6944,main,test
1127,RIVERUSDT,2025-10-21 03:00:00+00:00,2025-10-21 16:00:00+00:00,73.7638,3.4264,main,train
1128,RIVERUSDT,2025-11-15 05:00:00+00:00,2025-11-15 11:00:00+00:00,34.6732,4.3379,main,test
1129,RIVERUSDT,2025-11-28 18:00:00+00:00,2025-11-28 22:00:00+00:00,38.5384,12.3858,main,test
1130,RIVERUSDT,2025-11-28 23:00:00+00:00,2025-11-29 02:00:00+00:00,16.138,7.321,main,test
1131,RIVERUSDT,2025-11-30 00:00:00+00:00,2025-11-30 15:00:00+00:00,24.6222,6.9274,main,test
1132,RIVERUSDT,2025-12-01 15:00:00+00:00,2025-12-02 14:00:00+00:00,19.6757,3.195,main,test
1133,RIVERUSDT,2025-12-04 04:00:00+00:00,2025-12-05 04:00:00+00:00,27.6042,8.0451,main,test
1134,RIVERUSDT,2025-12-09 06:00:00+00:00,2025-12-10 06:00:00+00:00,39.8171,8.7531,main,test
1135,RIVERUSDT,2025-12-11 10:00:00+00:00,2025-12-12 10:00:00+00:00,21.8253,3.638,main,test
1136,RIVERUSDT,2025-12-13 17:00:00+00:00,2025-12-13 23:00:00+00:00,21.336,5.0124,main,test
1137,RIVERUSDT,2025-12-17 08:00:00+00:00,2025-12-18 06:00:00+00:00,84.264,30.1381,main,test
1138,RIVERUSDT,2025-12-21 10:00:00+00:00,2025-12-22 05:00:00+00:00,42.2233,6.1593,main,test
1139,RIVERUSDT,2025-12-25 10:00:00+00:00,2025-12-26 09:00:00+00:00,43.2251,4.3956,main,test
1140,RIVERUSDT,2025-12-29 09:00:00+00:00,2025-12-29 13:00:00+00:00,15.6423,3.305,main,test
1141,RIVERUSDT,2025-12-30 23:00:00+00:00,2025-12-31 21:00:00+00:00,125.2451,12.2241,main,test
1142,RIVERUSDT,2026-01-03 23:00:00+00:00,2026-01-04 08:00:00+00:00,29.1724,4.4689,main,test
1143,RIVERUSDT,2026-01-04 23:00:00+00:00,2026-01-05 17:00:00+00:00,60.0589,7.0142,main,test
1144,RIVERUSDT,2026-02-01 09:00:00+00:00,2026-02-01 11:00:00+00:00,34.6208,3.0039,main,test
1145,RIVERUSDT,2026-05-14 00:00:00+00:00,2026-05-14 08:00:00+00:00,15.1832,3.1417,main,test
1146,RIVERUSDT,2025-10-18 14:00:00+00:00,2025-10-18 15:00:00+00:00,22.9544,8.2758,fast,train
1147,RIVERUSDT,2025-10-21 14:00:00+00:00,2025-10-21 15:00:00+00:00,25.3391,6.3543,fast,train
1148,RIVERUSDT,2025-11-15 15:00:00+00:00,2025-11-15 16:00:00+00:00,12.6588,4.4079,fast,test
1149,RIVERUSDT,2025-11-28 19:00:00+00:00,2025-11-28 20:00:00+00:00,14.4327,5.4912,fast,test
1150,RIVERUSDT,2025-11-30 12:00:00+00:00,2025-11-30 13:00:00+00:00,11.6926,6.6123,fast,test
1151,RIVERUSDT,2025-12-12 21:00:00+00:00,2025-12-12 22:00:00+00:00,16.4166,8.0174,fast,test
1152,RIVERUSDT,2025-12-15 22:00:00+00:00,2025-12-15 23:00:00+00:00,13.6455,4.9149,fast,test
1153,RIVERUSDT,2025-12-16 22:00:00+00:00,2025-12-16 23:00:00+00:00,10.2656,6.5944,fast,test
1154,RIVERUSDT,2025-12-17 11:00:00+00:00,2025-12-17 12:00:00+00:00,26.9793,58.0592,fast,test
1155,RIVERUSDT,2025-12-17 15:00:00+00:00,2025-12-17 16:00:00+00:00,13.9631,22.8346,fast,test
1156,RIVERUSDT,2025-12-18 03:00:00+00:00,2025-12-18 04:00:00+00:00,12.4402,10.9559,fast,test
1157,RIVERUSDT,2025-12-18 05:00:00+00:00,2025-12-18 06:00:00+00:00,10.3716,29.4027,fast,test
1158,RIVERUSDT,2025-12-19 13:00:00+00:00,2025-12-19 14:00:00+00:00,10.3803,8.5709,fast,test
1159,RIVERUSDT,2025-12-25 10:00:00+00:00,2025-12-25 11:00:00+00:00,12.9852,6.2135,fast,test
1160,RIVERUSDT,2025-12-25 13:00:00+00:00,2025-12-25 14:00:00+00:00,16.4846,12.6872,fast,test
1161,RIVERUSDT,2025-12-26 02:00:00+00:00,2025-12-26 03:00:00+00:00,11.1811,4.0013,fast,test
1162,RIVERUSDT,2025-12-30 08:00:00+00:00,2025-12-30 09:00:00+00:00,10.4837,8.6548,fast,test
1163,RIVERUSDT,2025-12-31 15:00:00+00:00,2025-12-31 16:00:00+00:00,10.5231,20.5811,fast,test
1164,RIVERUSDT,2026-01-01 06:00:00+00:00,2026-01-01 07:00:00+00:00,15.8136,14.5501,fast,test
1165,RIVERUSDT,2026-01-01 16:00:00+00:00,2026-01-01 17:00:00+00:00,18.0399,16.7039,fast,test
1166,RIVERUSDT,2026-01-03 23:00:00+00:00,2026-01-04 00:00:00+00:00,15.4668,8.3361,fast,test
1167,RIVERUSDT,2026-01-04 05:00:00+00:00,2026-01-04 06:00:00+00:00,14.6545,6.451,fast,test
1168,RIVERUSDT,2026-02-01 06:00:00+00:00,2026-02-01 07:00:00+00:00,11.6925,6.0154,fast,test
1169,RIVERUSDT,2026-02-01 10:00:00+00:00,2026-02-01 11:00:00+00:00,22.2781,4.6961,fast,test
1170,RIVERUSDT,2026-02-01 22:00:00+00:00,2026-02-01 23:00:00+00:00,43.9107,4.4901,fast,test
1171,RIVERUSDT,2026-02-02 00:00:00+00:00,2026-02-02 01:00:00+00:00,13.0728,3.8652,fast,test
1172,RIVERUSDT,2026-02-02 09:00:00+00:00,2026-02-02 10:00:00+00:00,39.301,4.2912,fast,test
1173,RIVERUSDT,2026-02-02 17:00:00+00:00,2026-02-02 18:00:00+00:00,10.9324,4.4757,fast,test
1174,RIVERUSDT,2026-03-03 11:00:00+00:00,2026-03-03 12:00:00+00:00,11.088,3.4135,fast,test
1175,RIVERUSDT,2026-03-07 11:00:00+00:00,2026-03-07 12:00:00+00:00,11.479,3.2051,fast,test
1176,RIVERUSDT,2026-03-20 10:00:00+00:00,2026-03-20 11:00:00+00:00,12.8821,4.569,fast,test
1177,RIVERUSDT,2026-03-24 09:00:00+00:00,2026-03-24 10:00:00+00:00,24.9209,5.6112,fast,test
1178,RONINUSDT,2024-08-05 12:00:00+00:00,2024-08-06 07:00:00+00:00,18.3396,7.0927,main,train
1179,RONINUSDT,2024-11-22 19:00:00+00:00,2024-11-23 19:00:00+00:00,20.54,3.8544,main,train
1180,RONINUSDT,2024-11-24 15:00:00+00:00,2024-11-25 10:00:00+00:00,15.4281,3.1862,main,train
1181,RONINUSDT,2024-12-16 12:00:00+00:00,2024-12-17 12:00:00+00:00,19.5628,3.379,main,train
1182,RONINUSDT,2025-03-11 14:00:00+00:00,2025-03-12 12:00:00+00:00,16.9475,5.3047,main,train
1183,RONINUSDT,2025-05-10 10:00:00+00:00,2025-05-10 23:00:00+00:00,16.3565,3.0938,main,train
1184,RONINUSDT,2025-07-02 12:00:00+00:00,2025-07-03 09:00:00+00:00,25.366,67.1832,main,train
1185,RONINUSDT,2025-12-05 16:00:00+00:00,2025-12-06 16:00:00+00:00,24.7563,15.8877,main,test
1186,RONINUSDT,2026-01-13 01:00:00+00:00,2026-01-14 01:00:00+00:00,23.27,5.9277,main,test
1187,RONINUSDT,2026-01-16 15:00:00+00:00,2026-01-17 15:00:00+00:00,37.2846,50.2738,main,test
1188,RONINUSDT,2026-01-21 16:00:00+00:00,2026-01-22 09:00:00+00:00,17.7839,12.6911,main,test
1189,RONINUSDT,2026-03-10 13:00:00+00:00,2026-03-11 13:00:00+00:00,23.8462,22.7666,main,test
1190,RONINUSDT,2026-04-24 10:00:00+00:00,2026-04-25 09:00:00+00:00,17.9752,13.4231,main,test
1191,RONINUSDT,2026-05-18 06:00:00+00:00,2026-05-18 23:00:00+00:00,50.1746,205.287,main,test
1192,RONINUSDT,2026-05-18 17:00:00+00:00,2026-05-18 18:00:00+00:00,24.9725,565.5378,fast,test
1193,RONINUSDT,2026-05-18 19:00:00+00:00,2026-05-18 20:00:00+00:00,11.0619,530.4824,fast,test
1194,SEIUSDT,2024-05-15 11:00:00+00:00,2024-05-16 09:00:00+00:00,27.6209,3.3165,main,train
1195,SEIUSDT,2024-07-08 00:00:00+00:00,2024-07-08 11:00:00+00:00,19.8485,3.092,main,train
1196,SEIUSDT,2024-08-11 23:00:00+00:00,2024-08-12 15:00:00+00:00,16.399,3.4088,main,train
1197,SEIUSDT,2024-08-23 02:00:00+00:00,2024-08-24 02:00:00+00:00,19.16,3.2105,main,train
1198,SEIUSDT,2024-09-18 15:00:00+00:00,2024-09-19 01:00:00+00:00,29.5593,3.6137,main,train
1199,SEIUSDT,2024-09-24 04:00:00+00:00,2024-09-25 01:00:00+00:00,26.8333,3.6629,main,train
1200,SEIUSDT,2024-09-28 21:00:00+00:00,2024-09-29 17:00:00+00:00,17.7885,3.0964,main,train
1201,SEIUSDT,2024-11-16 01:00:00+00:00,2024-11-16 21:00:00+00:00,16.5991,3.0525,main,train
1202,SEIUSDT,2024-11-24 12:00:00+00:00,2024-11-25 05:00:00+00:00,28.6404,6.1129,main,train
1203,SEIUSDT,2024-11-25 17:00:00+00:00,2024-11-26 17:00:00+00:00,15.0831,3.5641,main,train
1204,SEIUSDT,2025-02-03 01:00:00+00:00,2025-02-03 22:00:00+00:00,20.6783,3.5259,main,train
1205,SEIUSDT,2025-02-19 21:00:00+00:00,2025-02-20 20:00:00+00:00,21.008,4.2636,main,train
1206,SEIUSDT,2025-04-12 02:00:00+00:00,2025-04-12 21:00:00+00:00,18.8472,3.0807,main,train
1207,SEIUSDT,2025-06-19 10:00:00+00:00,2025-06-20 10:00:00+00:00,15.0462,7.428,main,train
1208,SEIUSDT,2025-06-20 16:00:00+00:00,2025-06-21 16:00:00+00:00,15.8787,11.6066,main,train
1209,SEIUSDT,2025-06-23 11:00:00+00:00,2025-06-24 08:00:00+00:00,46.3201,15.8928,main,train
1210,SEIUSDT,2025-06-26 18:00:00+00:00,2025-06-27 09:00:00+00:00,19.7342,10.6426,main,train
1211,SEIUSDT,2026-03-31 15:00:00+00:00,2026-04-01 07:00:00+00:00,15.1578,4.345,main,test
1212,SKYAIUSDT,2025-06-22 03:00:00+00:00,2025-06-22 09:00:00+00:00,22.5275,5.2532,main,train
1213,SKYAIUSDT,2025-07-01 18:00:00+00:00,2025-07-02 17:00:00+00:00,73.1968,23.1283,main,train
1214,SKYAIUSDT,2025-07-03 15:00:00+00:00,2025-07-04 03:00:00+00:00,18.241,9.8594,main,train
1215,SKYAIUSDT,2025-07-09 05:00:00+00:00,2025-07-10 05:00:00+00:00,31.6297,5.1554,main,train
1216,SKYAIUSDT,2025-07-11 07:00:00+00:00,2025-07-12 03:00:00+00:00,30.5269,5.3072,main,train
1217,SKYAIUSDT,2025-10-06 00:00:00+00:00,2025-10-06 21:00:00+00:00,49.3827,38.9157,main,train
1218,SKYAIUSDT,2025-10-12 02:00:00+00:00,2025-10-13 02:00:00+00:00,346.4552,174.5968,main,train
1219,SKYAIUSDT,2025-10-13 03:00:00+00:00,2025-10-13 08:00:00+00:00,28.2104,143.2646,main,train
1220,SKYAIUSDT,2025-10-14 14:00:00+00:00,2025-10-14 20:00:00+00:00,21.2944,22.6643,main,train
1221,SKYAIUSDT,2025-10-17 08:00:00+00:00,2025-10-18 07:00:00+00:00,25.4223,8.5304,main,train
1222,SKYAIUSDT,2025-11-06 05:00:00+00:00,2025-11-07 04:00:00+00:00,44.6395,6.8285,main,test
1223,SKYAIUSDT,2025-11-13 21:00:00+00:00,2025-11-14 06:00:00+00:00,25.0288,5.9209,main,test
1224,SKYAIUSDT,2025-11-14 18:00:00+00:00,2025-11-15 07:00:00+00:00,19.638,3.2318,main,test
1225,SKYAIUSDT,2025-11-18 02:00:00+00:00,2025-11-18 15:00:00+00:00,44.1742,32.0393,main,test
1226,SKYAIUSDT,2025-11-20 18:00:00+00:00,2025-11-21 14:00:00+00:00,15.5851,3.4627,main,test
1227,SKYAIUSDT,2025-12-02 12:00:00+00:00,2025-12-03 11:00:00+00:00,47.9979,10.5277,main,test
1228,SKYAIUSDT,2025-12-04 08:00:00+00:00,2025-12-04 16:00:00+00:00,41.1989,30.6196,main,test
1229,SKYAIUSDT,2025-12-04 18:00:00+00:00,2025-12-05 16:00:00+00:00,31.6303,14.5458,main,test
1230,SKYAIUSDT,2025-12-24 14:00:00+00:00,2025-12-25 11:00:00+00:00,16.8227,3.1248,main,test
1231,SKYAIUSDT,2026-01-19 03:00:00+00:00,2026-01-19 13:00:00+00:00,17.6689,7.3219,main,test
1232,SKYAIUSDT,2026-02-02 21:00:00+00:00,2026-02-03 09:00:00+00:00,25.0073,4.9886,main,test
1233,SKYAIUSDT,2026-02-09 08:00:00+00:00,2026-02-10 07:00:00+00:00,17.5497,3.0811,main,test
1234,SKYAIUSDT,2026-02-27 15:00:00+00:00,2026-02-28 15:00:00+00:00,25.1833,23.5437,main,test
1235,SKYAIUSDT,2026-03-02 12:00:00+00:00,2026-03-03 01:00:00+00:00,36.2877,15.8539,main,test
1236,SKYAIUSDT,2026-03-23 19:00:00+00:00,2026-03-24 18:00:00+00:00,16.7223,5.0617,main,test
1237,SKYAIUSDT,2026-03-25 11:00:00+00:00,2026-03-26 11:00:00+00:00,16.0963,3.5111,main,test
1238,SKYAIUSDT,2026-04-03 10:00:00+00:00,2026-04-04 08:00:00+00:00,36.1499,15.2136,main,test
1239,SKYAIUSDT,2026-04-04 12:00:00+00:00,2026-04-04 22:00:00+00:00,28.5507,9.8361,main,test
1240,SKYAIUSDT,2026-04-10 15:00:00+00:00,2026-04-11 14:00:00+00:00,86.452,31.7378,main,test
1241,SKYAIUSDT,2026-04-13 12:00:00+00:00,2026-04-14 10:00:00+00:00,25.0095,3.9949,main,test
1242,SKYAIUSDT,2026-04-16 13:00:00+00:00,2026-04-16 17:00:00+00:00,51.509,18.5715,main,test
1243,SKYAIUSDT,2026-04-23 01:00:00+00:00,2026-04-23 20:00:00+00:00,52.2167,4.1319,main,test
1244,SKYAIUSDT,2026-04-28 11:00:00+00:00,2026-04-29 11:00:00+00:00,75.1612,13.5762,main,test
1245,SKYAIUSDT,2026-05-01 22:00:00+00:00,2026-05-02 22:00:00+00:00,48.9019,9.7813,main,test
1246,SKYAIUSDT,2026-05-03 12:00:00+00:00,2026-05-04 12:00:00+00:00,106.2014,7.5978,main,test
1247,SKYAIUSDT,2026-05-05 10:00:00+00:00,2026-05-06 04:00:00+00:00,59.3478,4.4781,main,test
1248,SKYAIUSDT,2025-07-02 15:00:00+00:00,2025-07-02 16:00:00+00:00,31.9837,74.9418,fast,train
1249,SKYAIUSDT,2025-07-09 15:00:00+00:00,2025-07-09 16:00:00+00:00,15.6399,30.0168,fast,train
1250,SKYAIUSDT,2025-10-06 08:00:00+00:00,2025-10-06 09:00:00+00:00,29.7297,200.1258,fast,train
1251,SKYAIUSDT,2025-10-12 14:00:00+00:00,2025-10-12 15:00:00+00:00,15.8152,246.7725,fast,train
1252,SKYAIUSDT,2025-10-12 20:00:00+00:00,2025-10-12 21:00:00+00:00,20.5405,269.6314,fast,train
1253,SKYAIUSDT,2025-10-13 00:00:00+00:00,2025-10-13 01:00:00+00:00,21.5169,374.4668,fast,train
1254,SKYAIUSDT,2025-10-13 03:00:00+00:00,2025-10-13 04:00:00+00:00,18.227,547.9281,fast,train
1255,SKYAIUSDT,2025-10-18 05:00:00+00:00,2025-10-18 06:00:00+00:00,10.076,15.2286,fast,train
1256,SKYAIUSDT,2025-11-06 10:00:00+00:00,2025-11-06 11:00:00+00:00,10.9071,10.9855,fast,test
1257,SKYAIUSDT,2025-11-18 14:00:00+00:00,2025-11-18 15:00:00+00:00,42.8812,120.0184,fast,test
1258,SKYAIUSDT,2025-11-18 16:00:00+00:00,2025-11-18 17:00:00+00:00,12.8,119.3262,fast,test
1259,SKYAIUSDT,2025-12-03 10:00:00+00:00,2025-12-03 11:00:00+00:00,38.4061,57.2187,fast,test
1260,SKYAIUSDT,2025-12-04 13:00:00+00:00,2025-12-04 14:00:00+00:00,10.6362,87.3765,fast,test
1261,SKYAIUSDT,2025-12-04 18:00:00+00:00,2025-12-04 19:00:00+00:00,15.0156,33.3663,fast,test
1262,SKYAIUSDT,2026-01-19 05:00:00+00:00,2026-01-19 06:00:00+00:00,11.2542,64.4396,fast,test
1263,SKYAIUSDT,2026-04-04 12:00:00+00:00,2026-04-04 13:00:00+00:00,12.8164,43.1995,fast,test
1264,SKYAIUSDT,2026-04-11 09:00:00+00:00,2026-04-11 10:00:00+00:00,19.7573,46.7262,fast,test
1265,SKYAIUSDT,2026-04-11 11:00:00+00:00,2026-04-11 12:00:00+00:00,11.2954,122.9681,fast,test
1266,SKYAIUSDT,2026-04-14 05:00:00+00:00,2026-04-14 06:00:00+00:00,10.585,7.8124,fast,test
1267,SKYAIUSDT,2026-04-14 08:00:00+00:00,2026-04-14 09:00:00+00:00,11.5551,6.6366,fast,test
1268,SKYAIUSDT,2026-04-16 14:00:00+00:00,2026-04-16 15:00:00+00:00,32.981,48.1684,fast,test
1269,SKYAIUSDT,2026-04-16 16:00:00+00:00,2026-04-16 17:00:00+00:00,12.0492,123.0659,fast,test
1270,SKYAIUSDT,2026-04-20 08:00:00+00:00,2026-04-20 09:00:00+00:00,13.9516,38.1968,fast,test
1271,SKYAIUSDT,2026-04-28 16:00:00+00:00,2026-04-28 17:00:00+00:00,11.3921,6.8461,fast,test
1272,SKYAIUSDT,2026-04-29 16:00:00+00:00,2026-04-29 17:00:00+00:00,12.5351,46.1317,fast,test
1273,SKYAIUSDT,2026-05-02 11:00:00+00:00,2026-05-02 12:00:00+00:00,13.8241,14.4734,fast,test
1274,SKYAIUSDT,2026-05-03 15:00:00+00:00,2026-05-03 16:00:00+00:00,12.3453,8.3842,fast,test
1275,SKYAIUSDT,2026-05-03 23:00:00+00:00,2026-05-04 00:00:00+00:00,26.0384,12.334,fast,test
1276,SKYAIUSDT,2026-05-04 02:00:00+00:00,2026-05-04 03:00:00+00:00,12.4115,19.1466,fast,test
1277,SKYAIUSDT,2026-05-04 11:00:00+00:00,2026-05-04 12:00:00+00:00,10.5322,8.2166,fast,test
1278,SKYAIUSDT,2026-05-05 11:00:00+00:00,2026-05-05 12:00:00+00:00,14.7138,9.3997,fast,test
1279,SKYAIUSDT,2026-05-05 14:00:00+00:00,2026-05-05 15:00:00+00:00,11.5417,9.3672,fast,test
1280,SKYAIUSDT,2026-05-11 17:00:00+00:00,2026-05-11 18:00:00+00:00,28.4546,9.8847,fast,test
1281,SKYAIUSDT,2026-05-12 01:00:00+00:00,2026-05-12 02:00:00+00:00,11.448,3.5116,fast,test
1282,SKYAIUSDT,2026-05-14 07:00:00+00:00,2026-05-14 08:00:00+00:00,12.722,4.6178,fast,test
1283,SKYAIUSDT,2026-05-20 04:00:00+00:00,2026-05-20 05:00:00+00:00,13.5319,3.3949,fast,test
1284,SNDKUSDT,2026-04-12 22:00:00+00:00,2026-04-13 22:00:00+00:00,16.8431,3.4157,main,test
1285,SNDKUSDT,2026-04-30 22:00:00+00:00,2026-05-01 20:00:00+00:00,17.933,8.929,main,test
1286,SNDKUSDT,2026-05-05 04:00:00+00:00,2026-05-06 04:00:00+00:00,20.8265,8.364,main,test
1287,SNDKUSDT,2026-05-07 21:00:00+00:00,2026-05-08 19:00:00+00:00,18.7552,15.8885,main,test
1288,SOLUSDT,2024-08-05 12:00:00+00:00,2024-08-06 05:00:00+00:00,27.9315,3.8109,main,train
1289,SOLUSDT,2024-11-05 06:00:00+00:00,2024-11-06 06:00:00+00:00,15.1747,3.0875,main,train
1290,SOLUSDT,2025-01-18 05:00:00+00:00,2025-01-19 04:00:00+00:00,21.0345,6.0132,main,train
1291,SOLUSDT,2025-01-20 02:00:00+00:00,2025-01-20 08:00:00+00:00,16.0116,4.133,main,train
1292,SOLUSDT,2025-02-28 02:00:00+00:00,2025-03-01 01:00:00+00:00,16.3528,3.0215,main,train
1293,SOLUSDT,2025-03-02 14:00:00+00:00,2025-03-02 23:00:00+00:00,26.9742,4.4945,main,train
1294,SOLUSDT,2025-04-09 01:00:00+00:00,2025-04-09 20:00:00+00:00,15.1809,3.0305,main,train
1295,SOLUSDT,2026-02-06 00:00:00+00:00,2026-02-06 22:00:00+00:00,18.1384,3.9331,main,test
1296,SOLUSDT,2025-03-02 14:00:00+00:00,2025-03-02 15:00:00+00:00,11.8416,20.0208,fast,train
1297,SOLUSDT,2025-04-09 16:00:00+00:00,2025-04-09 17:00:00+00:00,10.2311,15.9684,fast,train
1298,SUIUSDT,2024-08-05 12:00:00+00:00,2024-08-06 07:00:00+00:00,25.9804,3.1277,main,train
1299,SUIUSDT,2024-08-08 00:00:00+00:00,2024-08-08 23:00:00+00:00,38.7586,8.1968,main,train
1300,SUIUSDT,2024-08-11 23:00:00+00:00,2024-08-12 14:00:00+00:00,25.5068,17.6844,main,train
1301,SUIUSDT,2024-09-11 16:00:00+00:00,2024-09-12 11:00:00+00:00,15.0697,3.0158,main,train
1302,SUIUSDT,2025-02-03 01:00:00+00:00,2025-02-03 22:00:00+00:00,36.2169,3.7113,main,train
1303,SUIUSDT,2025-04-07 07:00:00+00:00,2025-04-08 04:00:00+00:00,19.9897,3.5516,main,train
1304,SUIUSDT,2025-04-22 15:00:00+00:00,2025-04-23 15:00:00+00:00,25.0042,3.162,main,train
1305,SUIUSDT,2025-04-24 08:00:00+00:00,2025-04-25 08:00:00+00:00,24.3091,3.2015,main,train
1306,SUIUSDT,2025-12-02 09:00:00+00:00,2025-12-03 08:00:00+00:00,31.0061,3.0652,main,test
1307,SUIUSDT,2026-01-05 14:00:00+00:00,2026-01-06 13:00:00+00:00,17.6279,3.037,main,test
1308,SUIUSDT,2026-02-06 00:00:00+00:00,2026-02-06 22:00:00+00:00,17.3708,3.2332,main,test
1309,SUIUSDT,2026-05-09 20:00:00+00:00,2026-05-10 19:00:00+00:00,29.5703,8.4128,main,test
1310,SUIUSDT,2025-04-09 16:00:00+00:00,2025-04-09 17:00:00+00:00,13.2859,12.4751,fast,train
1311,TAOUSDT,2024-05-20 14:00:00+00:00,2024-05-21 11:00:00+00:00,20.1262,3.0208,main,train
1312,TAOUSDT,2024-07-08 16:00:00+00:00,2024-07-09 16:00:00+00:00,16.5041,4.1183,main,train
1313,TAOUSDT,2024-08-05 06:00:00+00:00,2024-08-06 06:00:00+00:00,48.2225,6.4867,main,train
1314,TAOUSDT,2024-08-07 23:00:00+00:00,2024-08-08 21:00:00+00:00,27.9105,3.5206,main,train
1315,TAOUSDT,2024-09-22 16:00:00+00:00,2024-09-23 05:00:00+00:00,27.1482,5.5847,main,train
1316,TAOUSDT,2025-01-25 17:00:00+00:00,2025-01-26 17:00:00+00:00,19.495,3.1709,main,train
1317,TAOUSDT,2025-01-27 10:00:00+00:00,2025-01-27 14:00:00+00:00,21.241,4.4292,main,train
1318,TAOUSDT,2025-02-03 01:00:00+00:00,2025-02-03 23:00:00+00:00,43.5066,5.0735,main,train
1319,TAOUSDT,2025-04-07 06:00:00+00:00,2025-04-08 02:00:00+00:00,27.3107,3.0417,main,train
1320,TAOUSDT,2025-04-09 14:00:00+00:00,2025-04-10 06:00:00+00:00,19.4854,3.046,main,train
1321,TAOUSDT,2025-10-09 16:00:00+00:00,2025-10-10 12:00:00+00:00,21.6838,4.6721,main,train
1322,TAOUSDT,2025-10-11 01:00:00+00:00,2025-10-11 09:00:00+00:00,17.0225,3.7512,main,train
1323,TAOUSDT,2025-10-12 02:00:00+00:00,2025-10-13 02:00:00+00:00,41.1578,4.9075,main,train
1324,TAOUSDT,2025-10-14 06:00:00+00:00,2025-10-14 15:00:00+00:00,19.2571,8.4175,main,train
1325,TAOUSDT,2025-10-17 07:00:00+00:00,2025-10-18 01:00:00+00:00,17.625,4.1704,main,train
1326,TAOUSDT,2025-10-18 13:00:00+00:00,2025-10-19 13:00:00+00:00,18.298,3.4048,main,train
1327,TAOUSDT,2025-10-31 06:00:00+00:00,2025-11-01 05:00:00+00:00,21.8275,3.1632,main,train
1328,TAOUSDT,2026-02-13 11:00:00+00:00,2026-02-14 08:00:00+00:00,30.7618,4.7136,main,test
1329,TAOUSDT,2026-03-14 19:00:00+00:00,2026-03-15 18:00:00+00:00,22.1568,4.0203,main,test
1330,TAOUSDT,2026-03-19 12:00:00+00:00,2026-03-20 07:00:00+00:00,23.5491,4.3566,main,test
1331,TAOUSDT,2026-03-23 09:00:00+00:00,2026-03-24 07:00:00+00:00,19.4089,3.8326,main,test
1332,TAOUSDT,2025-02-03 04:00:00+00:00,2025-02-03 05:00:00+00:00,10.0868,5.2102,fast,train
1333,TAOUSDT,2025-10-12 14:00:00+00:00,2025-10-12 15:00:00+00:00,11.0876,17.4442,fast,train
1334,TIAUSDT,2024-05-27 19:00:00+00:00,2024-05-28 19:00:00+00:00,22.5062,4.5985,main,train
1335,TIAUSDT,2024-07-05 02:00:00+00:00,2024-07-05 15:00:00+00:00,16.5157,3.1638,main,train
1336,TIAUSDT,2024-07-08 00:00:00+00:00,2024-07-09 00:00:00+00:00,23.6174,4.615,main,train
1337,TIAUSDT,2024-07-21 13:00:00+00:00,2024-07-22 00:00:00+00:00,17.2529,3.0956,main,train
1338,TIAUSDT,2024-08-05 06:00:00+00:00,2024-08-05 17:00:00+00:00,23.5593,3.3475,main,train
1339,TIAUSDT,2024-09-16 22:00:00+00:00,2024-09-17 21:00:00+00:00,16.1672,3.0616,main,train
1340,TIAUSDT,2024-09-18 15:00:00+00:00,2024-09-19 07:00:00+00:00,28.2708,4.1076,main,train
1341,TIAUSDT,2024-09-22 23:00:00+00:00,2024-09-23 23:00:00+00:00,24.0286,3.6555,main,train
1342,TIAUSDT,2024-11-23 13:00:00+00:00,2024-11-24 13:00:00+00:00,29.9916,3.7667,main,train
1343,TIAUSDT,2025-01-19 11:00:00+00:00,2025-01-19 18:00:00+00:00,16.602,3.7566,main,train
1344,TIAUSDT,2025-02-03 02:00:00+00:00,2025-02-03 23:00:00+00:00,34.2332,3.4656,main,train
1345,TIAUSDT,2025-02-20 06:00:00+00:00,2025-02-21 01:00:00+00:00,16.0669,3.0226,main,train
1346,TIAUSDT,2025-05-07 20:00:00+00:00,2025-05-08 20:00:00+00:00,15.524,5.1374,main,train
1347,TIAUSDT,2025-05-09 06:00:00+00:00,2025-05-10 06:00:00+00:00,16.9554,3.7375,main,train
1348,TIAUSDT,2025-10-10 21:00:00+00:00,2025-10-11 08:00:00+00:00,16.0074,4.5013,main,train
1349,TIAUSDT,2025-11-07 12:00:00+00:00,2025-11-07 22:00:00+00:00,40.9331,3.7771,main,test
1350,TIAUSDT,2026-02-06 00:00:00+00:00,2026-02-06 17:00:00+00:00,16.4879,4.4414,main,test
1351,TIAUSDT,2026-02-24 21:00:00+00:00,2026-02-25 16:00:00+00:00,24.1437,3.4504,main,test
1352,TIAUSDT,2026-04-16 00:00:00+00:00,2026-04-17 00:00:00+00:00,26.7635,6.1144,main,test
1353,TIAUSDT,2026-05-07 22:00:00+00:00,2026-05-08 21:00:00+00:00,17.7638,3.1398,main,test
1354,TIAUSDT,2026-05-12 14:00:00+00:00,2026-05-13 09:00:00+00:00,19.3961,4.1468,main,test
1355,TIAUSDT,2025-01-20 05:00:00+00:00,2025-01-20 06:00:00+00:00,10.0327,4.9851,fast,train
1356,TIAUSDT,2025-12-02 14:00:00+00:00,2025-12-02 15:00:00+00:00,10.9712,6.5903,fast,test
1357,TONUSDT,2024-05-09 13:00:00+00:00,2024-05-10 12:00:00+00:00,18.8952,4.4106,main,train
1358,TONUSDT,2024-08-07 18:00:00+00:00,2024-08-08 06:00:00+00:00,18.2973,9.784,main,train
1359,TONUSDT,2024-11-22 22:00:00+00:00,2024-11-23 16:00:00+00:00,20.6281,4.2341,main,train
1360,TONUSDT,2025-02-03 02:00:00+00:00,2025-02-03 22:00:00+00:00,24.683,4.8006,main,train
1361,TONUSDT,2025-03-15 01:00:00+00:00,2025-03-15 23:00:00+00:00,23.1057,12.2649,main,train
1362,TONUSDT,2025-05-28 06:00:00+00:00,2025-05-28 12:00:00+00:00,19.3303,21.0962,main,train
1363,TONUSDT,2025-10-10 22:00:00+00:00,2025-10-11 11:00:00+00:00,17.3214,6.1816,main,train
1364,TONUSDT,2026-04-10 18:00:00+00:00,2026-04-11 18:00:00+00:00,16.6783,4.4711,main,test
1365,TONUSDT,2026-05-04 13:00:00+00:00,2026-05-05 12:00:00+00:00,36.9358,20.4317,main,test
1366,TONUSDT,2026-05-07 12:00:00+00:00,2026-05-08 06:00:00+00:00,16.2502,23.3626,main,test
1367,TONUSDT,2026-05-25 11:00:00+00:00,2026-05-25 16:00:00+00:00,15.977,3.0216,main,test
1368,TRUMPUSDT,2025-04-22 21:00:00+00:00,2025-04-23 21:00:00+00:00,59.0,8.7783,main,train
1369,TRUMPUSDT,2025-04-25 08:00:00+00:00,2025-04-26 08:00:00+00:00,24.6031,4.0962,main,train
1370,TRUMPUSDT,2025-10-10 21:00:00+00:00,2025-10-11 15:00:00+00:00,16.9237,7.4536,main,train
1371,TRUMPUSDT,2025-10-26 18:00:00+00:00,2025-10-27 18:00:00+00:00,28.7134,6.2586,main,train
1372,TRUMPUSDT,2025-10-28 20:00:00+00:00,2025-10-29 13:00:00+00:00,23.614,12.4996,main,train
1373,TRUMPUSDT,2025-11-09 23:00:00+00:00,2025-11-10 19:00:00+00:00,22.8939,3.5743,main,test
1374,TRUMPUSDT,2026-03-12 14:00:00+00:00,2026-03-13 11:00:00+00:00,57.7851,28.6371,main,test
1375,TRUMPUSDT,2025-02-13 05:00:00+00:00,2025-02-13 06:00:00+00:00,12.7103,5.3502,fast,train
1376,TRUMPUSDT,2025-02-14 08:00:00+00:00,2025-02-14 09:00:00+00:00,11.9631,5.5135,fast,train
1377,TRUMPUSDT,2025-03-23 14:00:00+00:00,2025-03-23 15:00:00+00:00,10.9389,17.8187,fast,train
1378,TRUMPUSDT,2025-04-23 15:00:00+00:00,2025-04-23 16:00:00+00:00,27.6083,95.2072,fast,train
1379,TRXUSDT,2024-12-02 23:00:00+00:00,2024-12-03 23:00:00+00:00,95.8213,16.209,main,train
1380,TRXUSDT,2024-12-03 18:00:00+00:00,2024-12-03 19:00:00+00:00,11.46,20.7689,fast,train
1381,TRXUSDT,2024-12-03 22:00:00+00:00,2024-12-03 23:00:00+00:00,19.5878,93.2721,fast,train
1382,UBUSDT,2025-10-27 03:00:00+00:00,2025-10-27 12:00:00+00:00,26.1204,3.0436,main,train
1383,UBUSDT,2025-12-21 02:00:00+00:00,2025-12-22 02:00:00+00:00,18.358,4.7845,main,test
1384,UBUSDT,2026-01-08 01:00:00+00:00,2026-01-08 13:00:00+00:00,25.5032,29.3988,main,test
1385,UBUSDT,2026-02-03 01:00:00+00:00,2026-02-03 12:00:00+00:00,18.4063,3.8002,main,test
1386,UBUSDT,2026-02-22 16:00:00+00:00,2026-02-23 14:00:00+00:00,15.5483,3.2004,main,test
1387,UBUSDT,2026-02-23 22:00:00+00:00,2026-02-24 22:00:00+00:00,21.2231,3.8412,main,test
1388,UBUSDT,2026-02-26 03:00:00+00:00,2026-02-26 12:00:00+00:00,18.6291,3.0437,main,test
1389,UBUSDT,2026-03-26 16:00:00+00:00,2026-03-27 00:00:00+00:00,17.5158,10.634,main,test
1390,UBUSDT,2026-03-27 11:00:00+00:00,2026-03-28 00:00:00+00:00,16.6602,6.6113,main,test
1391,UBUSDT,2026-03-28 07:00:00+00:00,2026-03-28 14:00:00+00:00,17.5649,5.7174,main,test
1392,UBUSDT,2026-03-29 05:00:00+00:00,2026-03-30 05:00:00+00:00,19.1617,6.6006,main,test
1393,UBUSDT,2026-04-06 23:00:00+00:00,2026-04-07 21:00:00+00:00,17.7155,3.1614,main,test
1394,UBUSDT,2026-04-10 06:00:00+00:00,2026-04-11 06:00:00+00:00,21.8557,4.083,main,test
1395,UBUSDT,2026-04-16 14:00:00+00:00,2026-04-17 13:00:00+00:00,31.4796,4.2652,main,test
1396,UBUSDT,2026-04-22 00:00:00+00:00,2026-04-22 21:00:00+00:00,72.6647,13.6913,main,test
1397,UBUSDT,2026-04-23 01:00:00+00:00,2026-04-23 02:00:00+00:00,17.4557,11.6041,main,test
1398,UBUSDT,2026-04-23 15:00:00+00:00,2026-04-23 18:00:00+00:00,19.4547,5.2624,main,test
1399,UBUSDT,2026-05-01 06:00:00+00:00,2026-05-02 03:00:00+00:00,121.836,34.8634,main,test
1400,UBUSDT,2026-05-03 11:00:00+00:00,2026-05-04 04:00:00+00:00,30.1018,4.6411,main,test
1401,UBUSDT,2026-05-13 02:00:00+00:00,2026-05-14 01:00:00+00:00,34.8047,3.5463,main,test
1402,UBUSDT,2025-10-22 12:00:00+00:00,2025-10-22 13:00:00+00:00,14.1507,3.3314,fast,train
1403,UBUSDT,2025-10-23 12:00:00+00:00,2025-10-23 13:00:00+00:00,11.8169,7.319,fast,train
1404,UBUSDT,2025-10-27 06:00:00+00:00,2025-10-27 07:00:00+00:00,17.7565,6.9823,fast,train
1405,UBUSDT,2026-03-27 02:00:00+00:00,2026-03-27 03:00:00+00:00,13.025,21.0901,fast,test
1406,UBUSDT,2026-04-22 17:00:00+00:00,2026-04-22 18:00:00+00:00,15.862,30.6456,fast,test
1407,UBUSDT,2026-04-22 19:00:00+00:00,2026-04-22 20:00:00+00:00,14.1594,26.2647,fast,test
1408,UBUSDT,2026-04-23 01:00:00+00:00,2026-04-23 02:00:00+00:00,17.4557,34.0205,fast,test
1409,UBUSDT,2026-04-23 13:00:00+00:00,2026-04-23 14:00:00+00:00,12.2161,34.2832,fast,test
1410,UBUSDT,2026-04-23 16:00:00+00:00,2026-04-23 17:00:00+00:00,11.4286,8.5314,fast,test
1411,UBUSDT,2026-04-30 12:00:00+00:00,2026-04-30 13:00:00+00:00,28.7152,26.2802,fast,test
1412,UBUSDT,2026-05-01 07:00:00+00:00,2026-05-01 08:00:00+00:00,19.0282,19.3467,fast,test
1413,UBUSDT,2026-05-01 11:00:00+00:00,2026-05-01 12:00:00+00:00,16.1171,39.9309,fast,test
1414,UBUSDT,2026-05-01 13:00:00+00:00,2026-05-01 14:00:00+00:00,15.0344,39.6789,fast,test
1415,UBUSDT,2026-05-01 19:00:00+00:00,2026-05-01 20:00:00+00:00,15.2223,58.0998,fast,test
1416,UBUSDT,2026-05-02 11:00:00+00:00,2026-05-02 12:00:00+00:00,11.4852,31.3402,fast,test
1417,UBUSDT,2026-05-02 13:00:00+00:00,2026-05-02 14:00:00+00:00,10.7238,18.7014,fast,test
1418,UBUSDT,2026-05-03 08:00:00+00:00,2026-05-03 09:00:00+00:00,12.219,8.5475,fast,test
1419,UBUSDT,2026-05-03 12:00:00+00:00,2026-05-03 13:00:00+00:00,14.6464,8.8444,fast,test
1420,UBUSDT,2026-05-08 05:00:00+00:00,2026-05-08 06:00:00+00:00,14.8572,5.1047,fast,test
1421,UBUSDT,2026-05-09 13:00:00+00:00,2026-05-09 14:00:00+00:00,10.8127,5.8196,fast,test
1422,UNIUSDT,2024-05-19 23:00:00+00:00,2024-05-20 21:00:00+00:00,23.5333,4.009,main,train
1423,UNIUSDT,2024-05-24 16:00:00+00:00,2024-05-25 06:00:00+00:00,21.0521,7.0499,main,train
1424,UNIUSDT,2024-06-04 09:00:00+00:00,2024-06-04 18:00:00+00:00,23.1976,8.2602,main,train
1425,UNIUSDT,2024-08-05 12:00:00+00:00,2024-08-06 07:00:00+00:00,19.1984,3.3984,main,train
1426,UNIUSDT,2024-10-09 20:00:00+00:00,2024-10-10 17:00:00+00:00,16.7088,10.4968,main,train
1427,UNIUSDT,2024-11-05 22:00:00+00:00,2024-11-06 22:00:00+00:00,33.6544,6.936,main,train
1428,UNIUSDT,2024-11-11 05:00:00+00:00,2024-11-12 02:00:00+00:00,15.039,4.2595,main,train
1429,UNIUSDT,2024-11-27 09:00:00+00:00,2024-11-27 22:00:00+00:00,17.6038,3.0107,main,train
1430,UNIUSDT,2025-02-03 02:00:00+00:00,2025-02-03 22:00:00+00:00,30.4049,3.9841,main,train
1431,UNIUSDT,2025-05-07 23:00:00+00:00,2025-05-08 23:00:00+00:00,26.1797,4.092,main,train
1432,UNIUSDT,2025-05-09 23:00:00+00:00,2025-05-10 23:00:00+00:00,18.9202,3.2425,main,train
1433,UNIUSDT,2025-05-28 02:00:00+00:00,2025-05-29 02:00:00+00:00,19.8887,3.5855,main,train
1434,UNIUSDT,2025-06-09 23:00:00+00:00,2025-06-10 23:00:00+00:00,26.6735,4.6566,main,train
1435,UNIUSDT,2025-07-17 16:00:00+00:00,2025-07-18 09:00:00+00:00,23.5247,3.3523,main,train
1436,UNIUSDT,2025-11-09 23:00:00+00:00,2025-11-10 22:00:00+00:00,45.9513,7.2296,main,test
1437,UNIUSDT,2025-12-19 21:00:00+00:00,2025-12-20 20:00:00+00:00,19.1789,3.3218,main,test
1438,UNIUSDT,2026-02-11 10:00:00+00:00,2026-02-11 14:00:00+00:00,22.6176,12.8342,main,test
1439,UNIUSDT,2026-02-24 23:00:00+00:00,2026-02-25 21:00:00+00:00,23.2914,3.0871,main,test
1440,UNIUSDT,2024-11-12 01:00:00+00:00,2024-11-12 02:00:00+00:00,10.8826,33.9711,fast,train
1441,UNIUSDT,2025-11-10 20:00:00+00:00,2025-11-10 21:00:00+00:00,12.7106,32.466,fast,test
1442,UNIUSDT,2026-02-11 13:00:00+00:00,2026-02-11 14:00:00+00:00,16.8337,131.1426,fast,test
1443,USUSDT,2026-01-09 07:00:00+00:00,2026-01-10 06:00:00+00:00,24.2947,3.4849,main,test
1444,USUSDT,2026-03-10 16:00:00+00:00,2026-03-11 16:00:00+00:00,24.4497,5.7886,main,test
1445,USUSDT,2026-03-30 08:00:00+00:00,2026-03-31 07:00:00+00:00,25.7669,11.5318,main,test
1446,USUSDT,2026-04-01 09:00:00+00:00,2026-04-02 08:00:00+00:00,41.4203,10.269,main,test
1447,USUSDT,2026-04-12 10:00:00+00:00,2026-04-13 02:00:00+00:00,18.5782,4.15,main,test
1448,USUSDT,2026-04-28 03:00:00+00:00,2026-04-29 02:00:00+00:00,22.6031,3.771,main,test
1449,USUSDT,2026-05-01 23:00:00+00:00,2026-05-02 15:00:00+00:00,16.7419,3.5171,main,test
1450,USUSDT,2026-05-10 13:00:00+00:00,2026-05-10 22:00:00+00:00,55.9725,82.2445,main,test
1451,USUSDT,2026-05-14 09:00:00+00:00,2026-05-15 03:00:00+00:00,16.4121,3.3797,main,test
1452,USUSDT,2026-05-15 15:00:00+00:00,2026-05-16 06:00:00+00:00,15.64,4.3333,main,test
1453,USUSDT,2026-05-16 12:00:00+00:00,2026-05-17 11:00:00+00:00,16.8138,3.0819,main,test
1454,USUSDT,2026-05-19 17:00:00+00:00,2026-05-20 17:00:00+00:00,18.7178,3.2806,main,test
1455,USUSDT,2026-05-26 02:00:00+00:00,2026-05-27 02:00:00+00:00,25.9253,4.2507,main,test
1456,USUSDT,2025-12-15 14:00:00+00:00,2025-12-15 15:00:00+00:00,38.8618,8.0983,fast,test
1457,USUSDT,2025-12-21 14:00:00+00:00,2025-12-21 15:00:00+00:00,18.1266,4.0454,fast,test
1458,USUSDT,2026-05-10 16:00:00+00:00,2026-05-10 17:00:00+00:00,11.8701,42.9067,fast,test
1459,USUSDT,2026-05-10 20:00:00+00:00,2026-05-10 21:00:00+00:00,14.7377,127.6904,fast,test
1460,VIRTUALUSDT,2024-12-12 21:00:00+00:00,2024-12-13 20:00:00+00:00,27.0356,3.502,main,train
1461,VIRTUALUSDT,2025-01-31 04:00:00+00:00,2025-01-31 08:00:00+00:00,15.2617,3.4082,main,train
1462,VIRTUALUSDT,2025-04-10 15:00:00+00:00,2025-04-11 13:00:00+00:00,25.2806,3.2871,main,train
1463,VIRTUALUSDT,2025-04-22 06:00:00+00:00,2025-04-23 05:00:00+00:00,39.8615,3.2424,main,train
1464,VIRTUALUSDT,2025-04-25 04:00:00+00:00,2025-04-26 03:00:00+00:00,45.5404,6.1416,main,train
1465,VIRTUALUSDT,2025-04-28 01:00:00+00:00,2025-04-29 01:00:00+00:00,42.6425,8.2415,main,train
1466,VIRTUALUSDT,2025-04-30 13:00:00+00:00,2025-05-01 11:00:00+00:00,47.2428,7.3096,main,train
1467,VIRTUALUSDT,2025-05-07 20:00:00+00:00,2025-05-08 20:00:00+00:00,54.1722,4.0944,main,train
1468,VIRTUALUSDT,2025-10-24 16:00:00+00:00,2025-10-25 14:00:00+00:00,51.0211,13.1744,main,train
1469,VIRTUALUSDT,2025-10-26 06:00:00+00:00,2025-10-27 02:00:00+00:00,34.8759,8.6384,main,train
1470,VIRTUALUSDT,2025-10-31 23:00:00+00:00,2025-11-01 20:00:00+00:00,37.2976,9.1402,main,train
1471,VIRTUALUSDT,2026-01-02 07:00:00+00:00,2026-01-03 05:00:00+00:00,23.9729,3.9304,main,test
1472,VIRTUALUSDT,2026-01-04 19:00:00+00:00,2026-01-05 18:00:00+00:00,27.3044,9.5733,main,test
1473,VIRTUALUSDT,2026-02-25 00:00:00+00:00,2026-02-25 09:00:00+00:00,19.9502,3.0788,main,test
1474,VIRTUALUSDT,2026-05-06 07:00:00+00:00,2026-05-07 07:00:00+00:00,15.8182,4.425,main,test
1475,VIRTUALUSDT,2025-01-15 12:00:00+00:00,2025-01-15 13:00:00+00:00,14.689,6.7568,fast,train
1476,VIRTUALUSDT,2025-01-31 07:00:00+00:00,2025-01-31 08:00:00+00:00,11.1466,16.7491,fast,train
1477,VIRTUALUSDT,2025-04-11 09:00:00+00:00,2025-04-11 10:00:00+00:00,12.0507,33.1133,fast,train
1478,VIRTUALUSDT,2025-04-30 22:00:00+00:00,2025-04-30 23:00:00+00:00,10.2954,11.3355,fast,train
1479,VIRTUALUSDT,2025-05-08 19:00:00+00:00,2025-05-08 20:00:00+00:00,11.0891,9.4916,fast,train
1480,VIRTUALUSDT,2025-08-22 13:00:00+00:00,2025-08-22 14:00:00+00:00,10.9895,13.3654,fast,train
1481,VIRTUALUSDT,2025-10-25 01:00:00+00:00,2025-10-25 02:00:00+00:00,10.5873,16.3151,fast,train
1482,VIRTUALUSDT,2025-11-09 23:00:00+00:00,2025-11-10 00:00:00+00:00,10.261,3.5595,fast,test
1483,VVVUSDT,2025-02-03 02:00:00+00:00,2025-02-03 18:00:00+00:00,127.5753,3.2935,main,train
1484,VVVUSDT,2025-02-04 11:00:00+00:00,2025-02-05 11:00:00+00:00,49.6615,3.1818,main,train
1485,VVVUSDT,2025-04-07 06:00:00+00:00,2025-04-08 01:00:00+00:00,15.2915,3.0409,main,train
1486,VVVUSDT,2025-04-20 18:00:00+00:00,2025-04-21 14:00:00+00:00,19.5176,3.1289,main,train
1487,VVVUSDT,2025-04-28 20:00:00+00:00,2025-04-29 20:00:00+00:00,28.2149,5.0487,main,train
1488,VVVUSDT,2025-04-30 22:00:00+00:00,2025-05-01 21:00:00+00:00,25.3448,3.274,main,train
1489,VVVUSDT,2025-06-08 14:00:00+00:00,2025-06-09 11:00:00+00:00,31.0468,26.2981,main,train
1490,VVVUSDT,2025-07-15 14:00:00+00:00,2025-07-16 13:00:00+00:00,22.423,5.4604,main,train
1491,VVVUSDT,2025-07-26 23:00:00+00:00,2025-07-27 22:00:00+00:00,24.7896,6.9095,main,train
1492,VVVUSDT,2025-08-14 12:00:00+00:00,2025-08-15 12:00:00+00:00,23.8914,8.2311,main,train
1493,VVVUSDT,2025-08-16 13:00:00+00:00,2025-08-17 11:00:00+00:00,19.7364,8.2873,main,train
1494,VVVUSDT,2025-10-07 15:00:00+00:00,2025-10-08 15:00:00+00:00,26.2176,22.0399,main,train
1495,VVVUSDT,2025-10-25 20:00:00+00:00,2025-10-26 18:00:00+00:00,20.3063,3.978,main,train
1496,VVVUSDT,2025-12-16 13:00:00+00:00,2025-12-17 13:00:00+00:00,18.7379,7.6143,main,test
1497,VVVUSDT,2025-12-18 19:00:00+00:00,2025-12-19 15:00:00+00:00,31.2779,17.2749,main,test
1498,VVVUSDT,2025-12-23 14:00:00+00:00,2025-12-24 10:00:00+00:00,15.9184,4.9861,main,test
1499,VVVUSDT,2025-12-28 19:00:00+00:00,2025-12-29 06:00:00+00:00,22.9425,10.474,main,test
1500,VVVUSDT,2026-01-05 16:00:00+00:00,2026-01-06 15:00:00+00:00,18.826,3.7879,main,test
1501,VVVUSDT,2026-01-11 07:00:00+00:00,2026-01-11 19:00:00+00:00,28.4153,39.7499,main,test
1502,VVVUSDT,2026-01-12 13:00:00+00:00,2026-01-13 09:00:00+00:00,21.1829,14.6089,main,test
1503,VVVUSDT,2026-02-13 02:00:00+00:00,2026-02-14 02:00:00+00:00,63.1125,30.034,main,test
1504,VVVUSDT,2026-02-14 08:00:00+00:00,2026-02-15 08:00:00+00:00,50.7907,27.5586,main,test
1505,VVVUSDT,2026-02-16 18:00:00+00:00,2026-02-17 18:00:00+00:00,32.2608,21.9689,main,test
1506,VVVUSDT,2026-02-19 22:00:00+00:00,2026-02-20 15:00:00+00:00,32.9914,16.0263,main,test
1507,VVVUSDT,2026-02-24 13:00:00+00:00,2026-02-25 13:00:00+00:00,30.369,4.0534,main,test
1508,VVVUSDT,2026-02-26 16:00:00+00:00,2026-02-27 08:00:00+00:00,29.9075,6.1987,main,test
1509,VVVUSDT,2026-03-01 20:00:00+00:00,2026-03-02 20:00:00+00:00,39.5412,5.1765,main,test
1510,VVVUSDT,2026-05-06 03:00:00+00:00,2026-05-07 03:00:00+00:00,22.4476,3.8556,main,test
1511,VVVUSDT,2026-05-08 21:00:00+00:00,2026-05-09 21:00:00+00:00,21.3874,4.0219,main,test
1512,VVVUSDT,2026-05-10 20:00:00+00:00,2026-05-11 19:00:00+00:00,25.4844,5.9428,main,test
1513,VVVUSDT,2026-05-19 11:00:00+00:00,2026-05-20 11:00:00+00:00,25.1577,3.3231,main,test
1514,VVVUSDT,2025-02-02 12:00:00+00:00,2025-02-02 13:00:00+00:00,13.3796,5.4673,fast,train
1515,VVVUSDT,2025-02-03 02:00:00+00:00,2025-02-03 03:00:00+00:00,16.7591,3.7345,fast,train
1516,VVVUSDT,2025-02-03 14:00:00+00:00,2025-02-03 15:00:00+00:00,14.9061,6.6705,fast,train
1517,VVVUSDT,2025-02-03 17:00:00+00:00,2025-02-03 18:00:00+00:00,25.3054,7.9377,fast,train
1518,VVVUSDT,2025-02-04 12:00:00+00:00,2025-02-04 13:00:00+00:00,13.5044,8.4212,fast,train
1519,VVVUSDT,2025-02-05 00:00:00+00:00,2025-02-05 01:00:00+00:00,14.5389,3.8828,fast,train
1520,VVVUSDT,2025-04-25 07:00:00+00:00,2025-04-25 08:00:00+00:00,10.1292,9.7874,fast,train
1521,VVVUSDT,2025-05-08 14:00:00+00:00,2025-05-08 15:00:00+00:00,10.0128,7.4363,fast,train
1522,VVVUSDT,2025-10-07 15:00:00+00:00,2025-10-07 16:00:00+00:00,13.1088,97.2872,fast,train
1523,VVVUSDT,2026-02-13 20:00:00+00:00,2026-02-13 21:00:00+00:00,12.2727,71.6388,fast,test
1524,VVVUSDT,2026-03-02 15:00:00+00:00,2026-03-02 16:00:00+00:00,11.132,11.2706,fast,test
1525,WLDUSDT,2024-07-16 12:00:00+00:00,2024-07-17 10:00:00+00:00,48.3071,8.2588,main,train
1526,WLDUSDT,2024-09-24 19:00:00+00:00,2024-09-25 18:00:00+00:00,22.9455,3.1182,main,train
1527,WLDUSDT,2024-11-11 05:00:00+00:00,2024-11-12 02:00:00+00:00,29.4629,3.0696,main,train
1528,WLDUSDT,2025-01-21 15:00:00+00:00,2025-01-22 15:00:00+00:00,28.4558,4.154,main,train
1529,WLDUSDT,2025-02-03 01:00:00+00:00,2025-02-03 22:00:00+00:00,23.9042,3.196,main,train
1530,WLDUSDT,2025-05-21 18:00:00+00:00,2025-05-22 18:00:00+00:00,39.6757,3.211,main,train
1531,WLDUSDT,2025-09-08 00:00:00+00:00,2025-09-09 00:00:00+00:00,68.4307,15.562,main,train
1532,WLDUSDT,2025-10-10 21:00:00+00:00,2025-10-11 08:00:00+00:00,24.5185,3.4055,main,train
1533,WLDUSDT,2026-01-28 16:00:00+00:00,2026-01-28 22:00:00+00:00,38.2089,15.6094,main,test
1534,WLDUSDT,2026-02-06 00:00:00+00:00,2026-02-06 17:00:00+00:00,20.1171,3.0319,main,test
1535,WLDUSDT,2026-05-21 14:00:00+00:00,2026-05-22 13:00:00+00:00,15.274,3.6211,main,test
1536,WLDUSDT,2026-05-25 15:00:00+00:00,2026-05-26 15:00:00+00:00,33.4652,10.6411,main,test
1537,WLDUSDT,2024-07-16 12:00:00+00:00,2024-07-16 13:00:00+00:00,12.1731,25.4881,fast,train
1538,WLDUSDT,2024-07-16 14:00:00+00:00,2024-07-16 15:00:00+00:00,11.2707,13.3852,fast,train
1539,WLDUSDT,2024-11-11 23:00:00+00:00,2024-11-12 00:00:00+00:00,10.4919,10.6871,fast,train
1540,WLDUSDT,2024-12-05 15:00:00+00:00,2024-12-05 16:00:00+00:00,12.0325,7.2346,fast,train
1541,WLDUSDT,2025-01-21 16:00:00+00:00,2025-01-21 17:00:00+00:00,17.7956,13.8137,fast,train
1542,WLDUSDT,2025-04-25 23:00:00+00:00,2025-04-26 00:00:00+00:00,10.1108,6.7539,fast,train
1543,WLDUSDT,2025-05-22 13:00:00+00:00,2025-05-22 14:00:00+00:00,10.8766,11.1258,fast,train
1544,WLDUSDT,2025-09-08 13:00:00+00:00,2025-09-08 14:00:00+00:00,14.9347,36.9129,fast,train
1545,WLDUSDT,2025-09-08 23:00:00+00:00,2025-09-09 00:00:00+00:00,11.5465,50.2765,fast,train
1546,WLDUSDT,2026-01-28 20:00:00+00:00,2026-01-28 21:00:00+00:00,19.4154,83.4487,fast,test
1547,WLFIUSDT,2025-08-31 06:00:00+00:00,2025-08-31 11:00:00+00:00,20.0432,3.226,main,train
1548,WLFIUSDT,2025-08-31 17:00:00+00:00,2025-09-01 03:00:00+00:00,17.3591,7.1944,main,train
1549,WLFIUSDT,2025-09-01 20:00:00+00:00,2025-09-02 09:00:00+00:00,19.7491,5.45,main,train
1550,WLFIUSDT,2025-09-06 04:00:00+00:00,2025-09-07 03:00:00+00:00,30.8703,3.0888,main,train
1551,WLFIUSDT,2025-11-09 13:00:00+00:00,2025-11-10 13:00:00+00:00,31.7886,5.287,main,test
1552,WLFIUSDT,2026-01-03 07:00:00+00:00,2026-01-03 18:00:00+00:00,18.8243,6.426,main,test
1553,WLFIUSDT,2026-02-08 16:00:00+00:00,2026-02-09 05:00:00+00:00,15.2041,4.1388,main,test
1554,WLFIUSDT,2026-02-17 14:00:00+00:00,2026-02-18 14:00:00+00:00,27.4177,6.4293,main,test
1555,WLFIUSDT,2025-10-23 15:00:00+00:00,2025-10-23 16:00:00+00:00,17.6194,13.7626,fast,train
1556,WLFIUSDT,2025-11-10 03:00:00+00:00,2025-11-10 04:00:00+00:00,20.3196,36.8606,fast,test
1557,XAGUSDT,2026-01-25 19:00:00+00:00,2026-01-26 17:00:00+00:00,15.9673,13.8962,main,test
1558,XAGUSDT,2026-02-02 15:00:00+00:00,2026-02-03 15:00:00+00:00,16.3424,34.5299,main,test
1559,XAGUSDT,2026-02-05 23:00:00+00:00,2026-02-06 22:00:00+00:00,16.0786,26.7217,main,test
1560,XLMUSDT,2024-07-12 19:00:00+00:00,2024-07-13 19:00:00+00:00,16.04,7.1624,main,train
1561,XLMUSDT,2024-08-05 11:00:00+00:00,2024-08-06 07:00:00+00:00,17.3969,3.0559,main,train
1562,XLMUSDT,2024-11-11 21:00:00+00:00,2024-11-12 21:00:00+00:00,23.6212,12.2071,main,train
1563,XLMUSDT,2024-11-15 21:00:00+00:00,2024-11-16 21:00:00+00:00,59.738,31.3399,main,train
1564,XLMUSDT,2024-11-17 11:00:00+00:00,2024-11-18 08:00:00+00:00,32.4978,27.2226,main,train
1565,XLMUSDT,2024-11-19 18:00:00+00:00,2024-11-20 15:00:00+00:00,15.7602,17.1785,main,train
1566,XLMUSDT,2024-11-22 15:00:00+00:00,2024-11-23 15:00:00+00:00,74.6988,30.6162,main,train
1567,XLMUSDT,2024-11-24 15:00:00+00:00,2024-11-24 21:00:00+00:00,24.5262,13.277,main,train
1568,XLMUSDT,2024-11-27 00:00:00+00:00,2024-11-27 09:00:00+00:00,22.4263,6.1232,main,train
1569,XLMUSDT,2024-12-31 22:00:00+00:00,2025-01-01 21:00:00+00:00,30.5488,4.3215,main,train
1570,XLMUSDT,2025-01-14 15:00:00+00:00,2025-01-15 15:00:00+00:00,15.0166,3.2452,main,train
1571,XLMUSDT,2025-03-01 17:00:00+00:00,2025-03-02 16:00:00+00:00,20.3641,4.3684,main,train
1572,XLMUSDT,2025-07-08 15:00:00+00:00,2025-07-09 15:00:00+00:00,16.2177,4.8938,main,train
1573,XLMUSDT,2025-07-11 01:00:00+00:00,2025-07-12 01:00:00+00:00,30.1688,12.2758,main,train
1574,XLMUSDT,2025-07-17 01:00:00+00:00,2025-07-18 00:00:00+00:00,15.2735,9.2442,main,train
1575,XLMUSDT,2026-02-05 21:00:00+00:00,2026-02-06 17:00:00+00:00,16.133,4.4073,main,test
1576,XLMUSDT,2024-11-16 13:00:00+00:00,2024-11-16 14:00:00+00:00,13.7261,60.4561,fast,train
1577,XLMUSDT,2024-11-18 00:00:00+00:00,2024-11-18 01:00:00+00:00,11.6735,43.4041,fast,train
1578,XLMUSDT,2024-11-22 23:00:00+00:00,2024-11-23 00:00:00+00:00,18.297,69.348,fast,train
1579,XLMUSDT,2024-11-23 14:00:00+00:00,2024-11-23 15:00:00+00:00,12.6644,75.3518,fast,train
1580,XLMUSDT,2024-11-24 01:00:00+00:00,2024-11-24 02:00:00+00:00,16.2488,52.5481,fast,train
1581,XLMUSDT,2024-11-24 17:00:00+00:00,2024-11-24 18:00:00+00:00,14.2058,24.9991,fast,train
1582,XLMUSDT,2025-07-12 00:00:00+00:00,2025-07-12 01:00:00+00:00,10.6651,31.9247,fast,train
1583,XMRUSDT,2024-12-03 13:00:00+00:00,2024-12-03 22:00:00+00:00,21.5423,5.6689,main,train
1584,XMRUSDT,2025-04-27 10:00:00+00:00,2025-04-28 04:00:00+00:00,34.3605,16.0258,main,train
1585,XMRUSDT,2025-11-08 16:00:00+00:00,2025-11-09 11:00:00+00:00,30.9916,6.9383,main,test
1586,XMRUSDT,2026-01-11 02:00:00+00:00,2026-01-12 01:00:00+00:00,24.1849,8.6951,main,test
1587,XMRUSDT,2026-01-13 19:00:00+00:00,2026-01-14 19:00:00+00:00,18.6053,11.7318,main,test
1588,XMRUSDT,2025-04-28 00:00:00+00:00,2025-04-28 01:00:00+00:00,11.3528,42.0093,fast,train
1589,XMRUSDT,2025-04-28 03:00:00+00:00,2025-04-28 04:00:00+00:00,16.7385,21.0697,fast,train
1590,XMRUSDT,2025-11-09 03:00:00+00:00,2025-11-09 04:00:00+00:00,10.7888,22.1598,fast,test
1591,XPLUSDT,2025-09-22 02:00:00+00:00,2025-09-22 22:00:00+00:00,21.5002,3.2795,main,train
1592,XPLUSDT,2025-09-25 13:00:00+00:00,2025-09-26 04:00:00+00:00,87.0712,62.9165,main,train
1593,XPLUSDT,2025-09-26 22:00:00+00:00,2025-09-27 21:00:00+00:00,34.6983,24.217,main,train
1594,XPLUSDT,2025-10-01 04:00:00+00:00,2025-10-01 09:00:00+00:00,18.0969,21.2383,main,train
1595,XPLUSDT,2025-10-01 19:00:00+00:00,2025-10-02 12:00:00+00:00,16.5435,14.5681,main,train
1596,XPLUSDT,2025-10-06 10:00:00+00:00,2025-10-07 01:00:00+00:00,22.51,7.3488,main,train
1597,XPLUSDT,2025-10-12 00:00:00+00:00,2025-10-12 19:00:00+00:00,29.4569,3.0448,main,train
1598,XPLUSDT,2026-04-02 03:00:00+00:00,2026-04-02 20:00:00+00:00,47.0701,12.4619,main,test
1599,XPLUSDT,2025-09-25 13:00:00+00:00,2025-09-25 14:00:00+00:00,24.9428,131.4074,fast,train
1600,XPLUSDT,2025-09-25 15:00:00+00:00,2025-09-25 16:00:00+00:00,18.6222,134.1294,fast,train
1601,XPLUSDT,2025-09-25 18:00:00+00:00,2025-09-25 19:00:00+00:00,13.2854,59.9152,fast,train
1602,XPLUSDT,2025-12-04 01:00:00+00:00,2025-12-04 02:00:00+00:00,10.7568,8.1164,fast,test
1603,XPLUSDT,2026-04-02 19:00:00+00:00,2026-04-02 20:00:00+00:00,19.516,96.155,fast,test
1604,XRPUSDT,2024-07-12 19:00:00+00:00,2024-07-13 19:00:00+00:00,19.361,5.7621,main,train
1605,XRPUSDT,2024-08-07 14:00:00+00:00,2024-08-07 21:00:00+00:00,25.6472,4.3234,main,train
1606,XRPUSDT,2024-11-12 05:00:00+00:00,2024-11-12 21:00:00+00:00,20.2793,14.2591,main,train
1607,XRPUSDT,2024-11-15 15:00:00+00:00,2024-11-16 14:00:00+00:00,37.8693,14.7767,main,train
1608,XRPUSDT,2024-11-17 05:00:00+00:00,2024-11-18 05:00:00+00:00,15.4374,7.4762,main,train
1609,XRPUSDT,2024-11-21 15:00:00+00:00,2024-11-22 12:00:00+00:00,34.0129,8.1373,main,train
1610,XRPUSDT,2024-12-01 16:00:00+00:00,2024-12-02 16:00:00+00:00,43.2927,4.7194,main,train
1611,XRPUSDT,2025-01-15 12:00:00+00:00,2025-01-16 12:00:00+00:00,20.7516,3.7015,main,train
1612,XRPUSDT,2025-02-03 01:00:00+00:00,2025-02-04 01:00:00+00:00,31.2163,4.3691,main,train
1613,XRPUSDT,2025-03-02 00:00:00+00:00,2025-03-02 23:00:00+00:00,34.1796,4.066,main,train
1614,XRPUSDT,2025-04-07 06:00:00+00:00,2025-04-07 20:00:00+00:00,16.6203,4.85,main,train
1615,XRPUSDT,2025-04-09 03:00:00+00:00,2025-04-09 21:00:00+00:00,18.8952,3.1315,main,train
1616,XRPUSDT,2025-07-10 14:00:00+00:00,2025-07-11 14:00:00+00:00,15.7362,4.0193,main,train
1617,XRPUSDT,2025-07-17 01:00:00+00:00,2025-07-18 00:00:00+00:00,20.9656,5.054,main,train
1618,XRPUSDT,2026-02-05 21:00:00+00:00,2026-02-06 15:00:00+00:00,30.1395,7.4541,main,test
1619,XRPUSDT,2024-08-07 19:00:00+00:00,2024-08-07 20:00:00+00:00,12.8705,24.0587,fast,train
1620,XRPUSDT,2024-11-12 07:00:00+00:00,2024-11-12 08:00:00+00:00,11.3581,30.1485,fast,train
1621,XRPUSDT,2024-12-03 10:00:00+00:00,2024-12-03 11:00:00+00:00,10.6638,4.3217,fast,train
1622,XRPUSDT,2025-03-02 14:00:00+00:00,2025-03-02 15:00:00+00:00,16.7071,23.4129,fast,train
1623,XRPUSDT,2025-04-09 16:00:00+00:00,2025-04-09 17:00:00+00:00,11.1338,16.7482,fast,train
1624,ZECUSDT,2024-07-08 07:00:00+00:00,2024-07-09 06:00:00+00:00,15.9529,3.56,main,train
1625,ZECUSDT,2024-08-02 03:00:00+00:00,2024-08-02 13:00:00+00:00,15.3041,3.5868,main,train
1626,ZECUSDT,2024-08-05 05:00:00+00:00,2024-08-05 16:00:00+00:00,18.4093,3.2214,main,train
1627,ZECUSDT,2024-10-10 04:00:00+00:00,2024-10-11 04:00:00+00:00,21.7802,9.557,main,train
1628,ZECUSDT,2024-10-27 15:00:00+00:00,2024-10-28 00:00:00+00:00,16.4961,4.6058,main,train
1629,ZECUSDT,2024-11-26 15:00:00+00:00,2024-11-27 13:00:00+00:00,30.1167,6.4278,main,train
1630,ZECUSDT,2024-12-02 12:00:00+00:00,2024-12-03 00:00:00+00:00,34.4911,4.5596,main,train
1631,ZECUSDT,2024-12-23 11:00:00+00:00,2024-12-24 08:00:00+00:00,19.6573,3.1618,main,train
1632,ZECUSDT,2025-02-03 01:00:00+00:00,2025-02-03 22:00:00+00:00,29.3732,3.6979,main,train
1633,ZECUSDT,2025-03-25 03:00:00+00:00,2025-03-25 21:00:00+00:00,15.5437,4.4035,main,train
1634,ZECUSDT,2025-04-07 06:00:00+00:00,2025-04-08 05:00:00+00:00,25.3979,10.9962,main,train
1635,ZECUSDT,2025-04-10 15:00:00+00:00,2025-04-11 03:00:00+00:00,21.9981,6.617,main,train
1636,ZECUSDT,2025-04-28 01:00:00+00:00,2025-04-28 06:00:00+00:00,19.9259,3.6037,main,train
1637,ZECUSDT,2025-05-22 01:00:00+00:00,2025-05-23 01:00:00+00:00,16.9578,3.096,main,train
1638,ZECUSDT,2025-05-25 10:00:00+00:00,2025-05-26 00:00:00+00:00,19.0849,6.7881,main,train
1639,ZECUSDT,2025-07-08 01:00:00+00:00,2025-07-09 00:00:00+00:00,15.9624,3.8364,main,train
1640,ZECUSDT,2025-09-06 01:00:00+00:00,2025-09-06 23:00:00+00:00,15.4295,3.4725,main,train
1641,ZECUSDT,2025-09-28 01:00:00+00:00,2025-09-29 00:00:00+00:00,21.3254,3.4571,main,train
1642,ZECUSDT,2025-10-01 06:00:00+00:00,2025-10-02 05:00:00+00:00,93.3308,56.506,main,train
1643,ZECUSDT,2025-10-03 03:00:00+00:00,2025-10-03 10:00:00+00:00,23.7943,17.9028,main,train
1644,ZECUSDT,2025-10-04 02:00:00+00:00,2025-10-04 19:00:00+00:00,35.382,16.6433,main,train
1645,ZECUSDT,2025-10-05 11:00:00+00:00,2025-10-06 11:00:00+00:00,17.9662,10.0911,main,train
1646,ZECUSDT,2025-10-09 08:00:00+00:00,2025-10-10 05:00:00+00:00,59.384,20.1591,main,train
1647,ZECUSDT,2025-10-10 21:00:00+00:00,2025-10-11 19:00:00+00:00,49.614,14.5744,main,train
1648,ZECUSDT,2025-10-14 05:00:00+00:00,2025-10-14 16:00:00+00:00,16.3405,3.0226,main,train
1649,ZECUSDT,2026-03-16 12:00:00+00:00,2026-03-16 22:00:00+00:00,22.8299,3.0663,main,test
1650,ZECUSDT,2026-04-07 13:00:00+00:00,2026-04-08 13:00:00+00:00,27.7311,3.257,main,test
1651,ZECUSDT,2026-05-05 09:00:00+00:00,2026-05-06 07:00:00+00:00,42.1917,3.96,main,test
1652,ZECUSDT,2024-12-02 19:00:00+00:00,2024-12-02 20:00:00+00:00,13.3383,19.1748,fast,train
1653,ZECUSDT,2024-12-20 14:00:00+00:00,2024-12-20 15:00:00+00:00,16.5651,11.2229,fast,train
1654,ZECUSDT,2025-09-30 13:00:00+00:00,2025-09-30 14:00:00+00:00,14.7695,31.0304,fast,train
1655,ZECUSDT,2025-10-01 06:00:00+00:00,2025-10-01 07:00:00+00:00,12.8195,55.2532,fast,train
1656,ZECUSDT,2025-10-01 17:00:00+00:00,2025-10-01 18:00:00+00:00,12.9596,135.8388,fast,train
1657,ZECUSDT,2025-10-02 03:00:00+00:00,2025-10-02 04:00:00+00:00,14.8715,71.3942,fast,train
1658,ZECUSDT,2025-10-10 04:00:00+00:00,2025-10-10 05:00:00+00:00,10.7922,35.7007,fast,train
1659,ZECUSDT,2025-10-10 21:00:00+00:00,2025-10-10 22:00:00+00:00,11.2918,21.4417,fast,train
1660,ZECUSDT,2025-10-11 06:00:00+00:00,2025-10-11 07:00:00+00:00,13.0341,18.9599,fast,train
1661,ZECUSDT,2025-11-07 13:00:00+00:00,2025-11-07 14:00:00+00:00,10.7198,3.6567,fast,test
1662,ZECUSDT,2025-11-08 16:00:00+00:00,2025-11-08 17:00:00+00:00,12.5708,7.2118,fast,test
1663,ZECUSDT,2026-04-07 20:00:00+00:00,2026-04-07 21:00:00+00:00,11.7906,11.92,fast,test
