dump_id,symbol,start_ts,end_ts,pct_chg,vol_mult,dump_type,split
0,1000LUNCUSDT,2024-06-17 01:00:00+00:00,2024-06-18 01:00:00+00:00,20.123,4.0975,standard,train
1,1000LUNCUSDT,2024-06-21 14:00:00+00:00,2024-06-22 07:00:00+00:00,20.5494,10.0188,standard,train
2,1000LUNCUSDT,2024-07-04 05:00:00+00:00,2024-07-05 03:00:00+00:00,19.1355,4.8966,standard,train
3,1000LUNCUSDT,2024-08-04 06:00:00+00:00,2024-08-05 06:00:00+00:00,19.4952,4.4938,standard,train
4,1000LUNCUSDT,2024-12-08 22:00:00+00:00,2024-12-09 21:00:00+00:00,22.2598,2.0545,standard,train
5,1000LUNCUSDT,2024-12-19 11:00:00+00:00,2024-12-20 11:00:00+00:00,19.6951,2.3127,standard,train
6,1000LUNCUSDT,2025-01-19 01:00:00+00:00,2025-01-20 00:00:00+00:00,16.7006,3.9067,standard,train
7,1000LUNCUSDT,2025-02-02 05:00:00+00:00,2025-02-03 02:00:00+00:00,28.7045,6.8944,standard,train
8,1000LUNCUSDT,2025-10-10 05:00:00+00:00,2025-10-10 21:00:00+00:00,38.9852,10.3615,standard,train
9,1000LUNCUSDT,2025-10-16 07:00:00+00:00,2025-10-17 07:00:00+00:00,15.9677,3.0952,standard,train
10,1000LUNCUSDT,2025-12-05 20:00:00+00:00,2025-12-06 02:00:00+00:00,20.1718,194.5795,standard,test
11,1000LUNCUSDT,2025-12-06 17:00:00+00:00,2025-12-07 16:00:00+00:00,35.2517,86.128,standard,test
12,1000LUNCUSDT,2025-12-11 07:00:00+00:00,2025-12-12 04:00:00+00:00,30.8759,27.208,standard,test
13,1000LUNCUSDT,2026-01-30 22:00:00+00:00,2026-01-31 18:00:00+00:00,15.2326,2.1839,standard,test
14,1000LUNCUSDT,2026-05-06 00:00:00+00:00,2026-05-07 00:00:00+00:00,23.4379,5.876,standard,test
15,1000LUNCUSDT,2025-02-03 00:00:00+00:00,2025-02-03 01:00:00+00:00,12.2666,23.438,fast,train
16,1000LUNCUSDT,2025-10-10 20:00:00+00:00,2025-10-10 21:00:00+00:00,28.2179,71.139,fast,train
17,1000LUNCUSDT,2025-12-06 18:00:00+00:00,2025-12-06 19:00:00+00:00,14.2609,268.7767,fast,test
18,1000PEPEUSDT,2024-07-04 10:00:00+00:00,2024-07-05 08:00:00+00:00,20.1925,3.4389,standard,train
19,1000PEPEUSDT,2024-08-04 12:00:00+00:00,2024-08-05 12:00:00+00:00,29.8248,5.3671,standard,train
20,1000PEPEUSDT,2024-10-01 12:00:00+00:00,2024-10-02 12:00:00+00:00,15.8831,3.6004,standard,train
21,1000PEPEUSDT,2024-11-14 05:00:00+00:00,2024-11-15 04:00:00+00:00,20.656,3.536,standard,train
22,1000PEPEUSDT,2024-12-09 18:00:00+00:00,2024-12-10 17:00:00+00:00,19.424,3.0688,standard,train
23,1000PEPEUSDT,2024-12-19 11:00:00+00:00,2024-12-20 11:00:00+00:00,25.7584,2.5224,standard,train
24,1000PEPEUSDT,2025-01-19 02:00:00+00:00,2025-01-20 00:00:00+00:00,19.3565,3.2866,standard,train
25,1000PEPEUSDT,2025-01-26 19:00:00+00:00,2025-01-27 10:00:00+00:00,18.5357,2.5315,standard,train
26,1000PEPEUSDT,2025-02-02 05:00:00+00:00,2025-02-03 04:00:00+00:00,29.3492,4.4736,standard,train
27,1000PEPEUSDT,2025-02-24 07:00:00+00:00,2025-02-25 07:00:00+00:00,16.2604,2.2204,standard,train
28,1000PEPEUSDT,2025-03-03 16:00:00+00:00,2025-03-04 16:00:00+00:00,16.9593,2.193,standard,train
29,1000PEPEUSDT,2025-03-10 11:00:00+00:00,2025-03-11 00:00:00+00:00,16.2323,2.5594,standard,train
30,1000PEPEUSDT,2025-04-02 15:00:00+00:00,2025-04-03 14:00:00+00:00,18.095,2.0005,standard,train
31,1000PEPEUSDT,2025-04-06 08:00:00+00:00,2025-04-07 06:00:00+00:00,17.6882,2.0574,standard,train
32,1000PEPEUSDT,2025-10-10 05:00:00+00:00,2025-10-10 22:00:00+00:00,29.3934,6.3245,standard,train
33,1000PEPEUSDT,2025-11-20 12:00:00+00:00,2025-11-21 11:00:00+00:00,16.3248,3.3024,standard,test
34,1000PEPEUSDT,2026-02-04 23:00:00+00:00,2026-02-05 23:00:00+00:00,18.4597,3.0908,standard,test
35,1000PEPEUSDT,2024-11-13 18:00:00+00:00,2024-11-13 19:00:00+00:00,13.1043,15.7278,fast,train
36,1000PEPEUSDT,2025-10-10 20:00:00+00:00,2025-10-10 21:00:00+00:00,16.0333,43.6224,fast,train
37,1000SHIBUSDT,2024-07-04 02:00:00+00:00,2024-07-05 02:00:00+00:00,17.931,2.442,standard,train
38,1000SHIBUSDT,2024-08-04 12:00:00+00:00,2024-08-05 12:00:00+00:00,22.1314,4.3253,standard,train
39,1000SHIBUSDT,2024-11-12 08:00:00+00:00,2024-11-13 06:00:00+00:00,19.7549,6.7031,standard,train
40,1000SHIBUSDT,2024-12-09 18:00:00+00:00,2024-12-10 17:00:00+00:00,18.4422,2.0619,standard,train
41,1000SHIBUSDT,2024-12-19 11:00:00+00:00,2024-12-20 11:00:00+00:00,23.9509,2.8672,standard,train
42,1000SHIBUSDT,2025-02-02 01:00:00+00:00,2025-02-03 01:00:00+00:00,26.5213,3.6447,standard,train
43,1000SHIBUSDT,2025-03-02 23:00:00+00:00,2025-03-03 21:00:00+00:00,15.9593,2.0631,standard,train
44,1000SHIBUSDT,2025-10-10 05:00:00+00:00,2025-10-10 21:00:00+00:00,23.6358,6.5886,standard,train
45,1000SHIBUSDT,2026-02-05 01:00:00+00:00,2026-02-06 00:00:00+00:00,15.2532,5.8876,standard,test
46,1000SHIBUSDT,2025-02-03 00:00:00+00:00,2025-02-03 01:00:00+00:00,11.2968,15.8244,fast,train
47,1000SHIBUSDT,2025-10-10 20:00:00+00:00,2025-10-10 21:00:00+00:00,13.9615,48.7171,fast,train
48,AAVEUSDT,2024-07-04 04:00:00+00:00,2024-07-05 02:00:00+00:00,15.2778,3.4328,standard,train
49,AAVEUSDT,2024-08-04 12:00:00+00:00,2024-08-05 12:00:00+00:00,28.4011,8.2245,standard,train
50,AAVEUSDT,2024-12-19 11:00:00+00:00,2024-12-20 11:00:00+00:00,22.1637,2.2926,standard,train
51,AAVEUSDT,2025-02-02 01:00:00+00:00,2025-02-03 01:00:00+00:00,27.6427,2.5247,standard,train
52,AAVEUSDT,2025-02-24 07:00:00+00:00,2025-02-25 07:00:00+00:00,17.785,2.3353,standard,train
53,AAVEUSDT,2025-03-02 22:00:00+00:00,2025-03-03 21:00:00+00:00,20.9738,2.0444,standard,train
54,AAVEUSDT,2025-03-06 02:00:00+00:00,2025-03-07 00:00:00+00:00,15.5647,2.7085,standard,train
55,AAVEUSDT,2025-04-06 06:00:00+00:00,2025-04-07 06:00:00+00:00,22.7056,2.6691,standard,train
56,AAVEUSDT,2025-10-10 13:00:00+00:00,2025-10-11 01:00:00+00:00,21.6244,6.8693,standard,train
57,AAVEUSDT,2025-10-16 11:00:00+00:00,2025-10-17 08:00:00+00:00,16.2141,3.012,standard,train
58,AAVEUSDT,2025-11-13 12:00:00+00:00,2025-11-14 12:00:00+00:00,16.902,2.7488,standard,test
59,AAVEUSDT,2026-02-05 00:00:00+00:00,2026-02-06 00:00:00+00:00,18.812,7.9716,standard,test
60,AAVEUSDT,2026-04-18 06:00:00+00:00,2026-04-19 06:00:00+00:00,20.108,6.9194,standard,test
61,AAVEUSDT,2025-02-03 00:00:00+00:00,2025-02-03 01:00:00+00:00,12.5367,12.1809,fast,train
62,AAVEUSDT,2025-10-10 20:00:00+00:00,2025-10-10 21:00:00+00:00,10.5469,45.0468,fast,train
63,ADAUSDT,2024-07-04 09:00:00+00:00,2024-07-05 08:00:00+00:00,18.769,4.3237,standard,train
64,ADAUSDT,2024-08-04 12:00:00+00:00,2024-08-05 12:00:00+00:00,20.3616,5.2554,standard,train
65,ADAUSDT,2024-11-12 08:00:00+00:00,2024-11-13 06:00:00+00:00,18.3442,4.9642,standard,train
66,ADAUSDT,2024-12-19 13:00:00+00:00,2024-12-20 11:00:00+00:00,20.7259,2.0241,standard,train
67,ADAUSDT,2025-01-07 10:00:00+00:00,2025-01-08 06:00:00+00:00,15.5641,2.4531,standard,train
68,ADAUSDT,2025-01-19 01:00:00+00:00,2025-01-20 00:00:00+00:00,15.4191,2.3478,standard,train
69,ADAUSDT,2025-02-02 01:00:00+00:00,2025-02-03 01:00:00+00:00,30.8507,2.6698,standard,train
70,ADAUSDT,2025-03-03 01:00:00+00:00,2025-03-04 01:00:00+00:00,27.5046,10.6442,standard,train
71,ADAUSDT,2025-04-06 06:00:00+00:00,2025-04-07 06:00:00+00:00,19.4128,2.3329,standard,train
72,ADAUSDT,2025-10-10 05:00:00+00:00,2025-10-10 22:00:00+00:00,24.79,7.135,standard,train
73,ADAUSDT,2025-11-20 12:00:00+00:00,2025-11-21 11:00:00+00:00,15.0863,3.4557,standard,test
74,ADAUSDT,2025-02-03 00:00:00+00:00,2025-02-03 01:00:00+00:00,18.0356,12.6194,fast,train
75,ADAUSDT,2025-10-10 20:00:00+00:00,2025-10-10 21:00:00+00:00,13.7599,50.6117,fast,train
76,ALTUSDT,2024-06-17 01:00:00+00:00,2024-06-18 01:00:00+00:00,20.0027,2.4456,standard,train
77,ALTUSDT,2024-07-04 03:00:00+00:00,2024-07-05 03:00:00+00:00,24.6208,8.1902,standard,train
78,ALTUSDT,2024-08-04 12:00:00+00:00,2024-08-05 06:00:00+00:00,25.8711,4.7442,standard,train
79,ALTUSDT,2024-10-01 04:00:00+00:00,2024-10-01 22:00:00+00:00,21.6162,3.8699,standard,train
80,ALTUSDT,2024-10-02 03:00:00+00:00,2024-10-02 21:00:00+00:00,18.0708,3.533,standard,train
81,ALTUSDT,2024-11-12 08:00:00+00:00,2024-11-13 05:00:00+00:00,17.2058,2.2163,standard,train
82,ALTUSDT,2024-11-14 04:00:00+00:00,2024-11-15 04:00:00+00:00,25.8237,3.9031,standard,train
83,ALTUSDT,2024-12-08 22:00:00+00:00,2024-12-09 22:00:00+00:00,22.0135,2.0106,standard,train
84,ALTUSDT,2025-01-19 01:00:00+00:00,2025-01-20 00:00:00+00:00,19.7247,3.8391,standard,train
85,ALTUSDT,2025-01-26 17:00:00+00:00,2025-01-27 10:00:00+00:00,15.3131,2.3211,standard,train
86,ALTUSDT,2025-02-02 09:00:00+00:00,2025-02-03 04:00:00+00:00,36.5872,5.8811,standard,train
87,ALTUSDT,2025-02-24 07:00:00+00:00,2025-02-25 07:00:00+00:00,16.5879,2.1694,standard,train
88,ALTUSDT,2025-04-06 06:00:00+00:00,2025-04-07 06:00:00+00:00,16.5807,2.9577,standard,train
89,ALTUSDT,2025-06-16 09:00:00+00:00,2025-06-17 08:00:00+00:00,29.828,113.606,standard,train
90,ALTUSDT,2025-07-11 05:00:00+00:00,2025-07-12 05:00:00+00:00,27.7811,10.1106,standard,train
91,ALTUSDT,2025-07-28 00:00:00+00:00,2025-07-29 00:00:00+00:00,20.218,3.8224,standard,train
92,ALTUSDT,2025-09-21 18:00:00+00:00,2025-09-22 16:00:00+00:00,15.5411,2.1874,standard,train
93,ALTUSDT,2025-10-10 05:00:00+00:00,2025-10-11 01:00:00+00:00,37.6541,6.3444,standard,train
94,ALTUSDT,2025-10-29 20:00:00+00:00,2025-10-30 19:00:00+00:00,17.6319,2.118,standard,train
95,ALTUSDT,2025-11-03 05:00:00+00:00,2025-11-03 15:00:00+00:00,23.8897,17.004,standard,test
96,ALTUSDT,2025-11-21 05:00:00+00:00,2025-11-22 05:00:00+00:00,18.4323,4.955,standard,test
97,ALTUSDT,2026-01-30 18:00:00+00:00,2026-01-31 18:00:00+00:00,15.9696,2.8667,standard,test
98,ALTUSDT,2026-02-05 00:00:00+00:00,2026-02-06 00:00:00+00:00,17.2826,5.2966,standard,test
99,ALTUSDT,2026-05-22 11:00:00+00:00,2026-05-23 02:00:00+00:00,26.0178,43.0729,standard,test
100,ALTUSDT,2024-06-18 00:00:00+00:00,2024-06-18 01:00:00+00:00,11.4637,17.0723,fast,train
101,ALTUSDT,2025-02-03 00:00:00+00:00,2025-02-03 01:00:00+00:00,13.573,17.6208,fast,train
102,ALTUSDT,2025-06-16 09:00:00+00:00,2025-06-16 10:00:00+00:00,12.7585,525.584,fast,train
103,ALTUSDT,2025-10-10 20:00:00+00:00,2025-10-10 21:00:00+00:00,21.0747,46.7673,fast,train
104,APTUSDT,2024-06-17 18:00:00+00:00,2024-06-18 18:00:00+00:00,15.606,3.5308,standard,train
105,APTUSDT,2024-07-04 04:00:00+00:00,2024-07-05 02:00:00+00:00,18.1366,3.7827,standard,train
106,APTUSDT,2024-08-04 12:00:00+00:00,2024-08-05 12:00:00+00:00,19.7095,7.1279,standard,train
107,APTUSDT,2024-12-09 18:00:00+00:00,2024-12-10 17:00:00+00:00,18.9198,2.1475,standard,train
108,APTUSDT,2024-12-19 11:00:00+00:00,2024-12-20 11:00:00+00:00,20.5085,2.4753,standard,train
109,APTUSDT,2024-12-21 07:00:00+00:00,2024-12-22 04:00:00+00:00,17.0804,2.4885,standard,train
110,APTUSDT,2025-02-02 08:00:00+00:00,2025-02-03 02:00:00+00:00,29.1138,4.7964,standard,train
111,APTUSDT,2025-04-06 08:00:00+00:00,2025-04-07 06:00:00+00:00,17.7439,2.673,standard,train
112,APTUSDT,2025-07-23 08:00:00+00:00,2025-07-24 06:00:00+00:00,19.8363,3.1474,standard,train
113,APTUSDT,2025-10-10 03:00:00+00:00,2025-10-11 01:00:00+00:00,30.811,6.0038,standard,train
114,APTUSDT,2025-10-16 11:00:00+00:00,2025-10-17 08:00:00+00:00,15.4282,2.4788,standard,train
115,APTUSDT,2025-11-03 00:00:00+00:00,2025-11-03 20:00:00+00:00,17.2927,2.0412,standard,test
116,APTUSDT,2025-11-20 12:00:00+00:00,2025-11-21 11:00:00+00:00,19.4214,2.0141,standard,test
117,APTUSDT,2026-01-30 18:00:00+00:00,2026-01-31 18:00:00+00:00,17.6254,2.8185,standard,test
118,APTUSDT,2026-02-05 01:00:00+00:00,2026-02-06 00:00:00+00:00,17.4063,5.0732,standard,test
119,APTUSDT,2025-02-03 00:00:00+00:00,2025-02-03 01:00:00+00:00,11.5043,12.2622,fast,train
120,APTUSDT,2025-10-10 20:00:00+00:00,2025-10-10 21:00:00+00:00,16.5971,39.8911,fast,train
121,ARBUSDT,2024-06-17 01:00:00+00:00,2024-06-18 01:00:00+00:00,16.1104,2.3943,standard,train
122,ARBUSDT,2024-07-04 04:00:00+00:00,2024-07-05 02:00:00+00:00,21.6555,5.2604,standard,train
123,ARBUSDT,2024-08-04 12:00:00+00:00,2024-08-05 12:00:00+00:00,27.9146,6.5282,standard,train
124,ARBUSDT,2024-11-12 08:00:00+00:00,2024-11-13 06:00:00+00:00,16.1985,3.1225,standard,train
125,ARBUSDT,2024-12-09 05:00:00+00:00,2024-12-10 02:00:00+00:00,18.4115,2.0429,standard,train
126,ARBUSDT,2024-12-19 11:00:00+00:00,2024-12-20 11:00:00+00:00,22.2918,2.1851,standard,train
127,ARBUSDT,2025-01-19 17:00:00+00:00,2025-01-20 00:00:00+00:00,15.0419,4.1209,standard,train
128,ARBUSDT,2025-02-02 09:00:00+00:00,2025-02-03 02:00:00+00:00,33.3507,5.7887,standard,train
129,ARBUSDT,2025-02-23 23:00:00+00:00,2025-02-24 22:00:00+00:00,15.0659,2.3718,standard,train
130,ARBUSDT,2025-03-03 01:00:00+00:00,2025-03-04 01:00:00+00:00,17.9055,2.3252,standard,train
131,ARBUSDT,2025-03-10 11:00:00+00:00,2025-03-11 00:00:00+00:00,16.8891,3.2783,standard,train
132,ARBUSDT,2025-04-06 08:00:00+00:00,2025-04-07 06:00:00+00:00,19.3888,4.0547,standard,train
133,ARBUSDT,2025-05-29 22:00:00+00:00,2025-05-30 22:00:00+00:00,16.4887,2.1936,standard,train
134,ARBUSDT,2025-06-12 03:00:00+00:00,2025-06-13 01:00:00+00:00,15.6828,2.0384,standard,train
135,ARBUSDT,2025-10-10 13:00:00+00:00,2025-10-10 22:00:00+00:00,34.1982,7.6802,standard,train
136,ARBUSDT,2025-11-02 23:00:00+00:00,2025-11-03 20:00:00+00:00,16.0755,2.6612,standard,test
137,ARBUSDT,2025-11-20 14:00:00+00:00,2025-11-21 11:00:00+00:00,17.9583,3.7088,standard,test
138,ARBUSDT,2026-02-05 00:00:00+00:00,2026-02-06 00:00:00+00:00,17.0446,6.4759,standard,test
139,ARBUSDT,2026-02-27 09:00:00+00:00,2026-02-28 09:00:00+00:00,17.0863,2.213,standard,test
140,ARBUSDT,2025-02-03 00:00:00+00:00,2025-02-03 01:00:00+00:00,14.1307,16.6063,fast,train
141,ARBUSDT,2025-10-10 20:00:00+00:00,2025-10-10 21:00:00+00:00,22.3138,43.6813,fast,train
142,ARUSDT,2024-06-12 17:00:00+00:00,2024-06-13 16:00:00+00:00,18.2614,2.804,standard,train
143,ARUSDT,2024-07-04 03:00:00+00:00,2024-07-05 02:00:00+00:00,20.1607,2.299,standard,train
144,ARUSDT,2024-08-04 12:00:00+00:00,2024-08-05 12:00:00+00:00,26.4255,4.1261,standard,train
145,ARUSDT,2024-10-01 12:00:00+00:00,2024-10-02 12:00:00+00:00,17.3308,3.6894,standard,train
146,ARUSDT,2024-11-25 10:00:00+00:00,2024-11-26 10:00:00+00:00,15.7173,2.6449,standard,train
147,ARUSDT,2024-12-09 18:00:00+00:00,2024-12-10 17:00:00+00:00,17.0581,2.0514,standard,train
148,ARUSDT,2024-12-19 11:00:00+00:00,2024-12-20 11:00:00+00:00,21.2005,2.04,standard,train
149,ARUSDT,2025-01-19 01:00:00+00:00,2025-01-20 00:00:00+00:00,15.3661,2.4833,standard,train
150,ARUSDT,2025-01-26 19:00:00+00:00,2025-01-27 10:00:00+00:00,15.8322,2.9963,standard,train
151,ARUSDT,2025-02-02 05:00:00+00:00,2025-02-03 04:00:00+00:00,31.7056,5.8622,standard,train
152,ARUSDT,2025-02-03 22:00:00+00:00,2025-02-04 21:00:00+00:00,16.883,3.3558,standard,train
153,ARUSDT,2025-03-10 12:00:00+00:00,2025-03-11 00:00:00+00:00,16.3022,2.409,standard,train
154,ARUSDT,2025-04-06 06:00:00+00:00,2025-04-07 06:00:00+00:00,15.8716,2.373,standard,train
155,ARUSDT,2025-10-10 13:00:00+00:00,2025-10-10 22:00:00+00:00,38.4056,8.7613,standard,train
156,ARUSDT,2025-11-02 06:00:00+00:00,2025-11-03 06:00:00+00:00,16.6452,3.3976,standard,test
157,ARUSDT,2025-11-08 04:00:00+00:00,2025-11-09 03:00:00+00:00,35.4015,6.0382,standard,test
158,ARUSDT,2026-01-30 18:00:00+00:00,2026-01-31 18:00:00+00:00,16.6104,3.2232,standard,test
159,ARUSDT,2026-02-04 20:00:00+00:00,2026-02-05 20:00:00+00:00,18.2774,4.5632,standard,test
160,ARUSDT,2026-02-25 09:00:00+00:00,2026-02-25 12:00:00+00:00,16.2092,9.6877,standard,test
161,ARUSDT,2026-02-25 17:00:00+00:00,2026-02-26 16:00:00+00:00,15.5878,4.3042,standard,test
162,ARUSDT,2024-06-13 14:00:00+00:00,2024-06-13 15:00:00+00:00,12.1807,18.7635,fast,train
163,ARUSDT,2025-02-03 00:00:00+00:00,2025-02-03 01:00:00+00:00,15.0368,18.3085,fast,train
164,ARUSDT,2025-10-10 20:00:00+00:00,2025-10-10 21:00:00+00:00,22.9014,53.7949,fast,train
165,ARUSDT,2025-11-07 23:00:00+00:00,2025-11-08 00:00:00+00:00,10.3527,15.2204,fast,test
166,ASTERUSDT,2025-10-10 01:00:00+00:00,2025-10-11 01:00:00+00:00,26.0107,2.0492,standard,train
167,ASTERUSDT,2025-11-02 23:00:00+00:00,2025-11-03 22:00:00+00:00,28.7275,3.2437,standard,test
168,ASTERUSDT,2025-12-15 01:00:00+00:00,2025-12-16 00:00:00+00:00,16.1623,2.5052,standard,test
169,ASTERUSDT,2026-02-05 09:00:00+00:00,2026-02-05 20:00:00+00:00,16.6039,4.6408,standard,test
170,ASTERUSDT,2025-10-10 20:00:00+00:00,2025-10-10 21:00:00+00:00,16.4735,8.1568,fast,train
171,ATOMUSDT,2024-07-04 04:00:00+00:00,2024-07-05 03:00:00+00:00,17.6713,5.0926,standard,train
172,ATOMUSDT,2024-08-04 06:00:00+00:00,2024-08-05 06:00:00+00:00,17.8482,7.0984,standard,train
173,ATOMUSDT,2024-11-12 08:00:00+00:00,2024-11-13 06:00:00+00:00,15.7377,3.5446,standard,train
174,ATOMUSDT,2024-12-09 19:00:00+00:00,2024-12-10 17:00:00+00:00,22.7359,2.1357,standard,train
175,ATOMUSDT,2024-12-19 13:00:00+00:00,2024-12-20 11:00:00+00:00,21.1243,2.1844,standard,train
176,ATOMUSDT,2025-01-19 01:00:00+00:00,2025-01-20 00:00:00+00:00,15.3079,3.1466,standard,train
177,ATOMUSDT,2025-02-02 05:00:00+00:00,2025-02-03 04:00:00+00:00,31.4505,4.9228,standard,train
178,ATOMUSDT,2025-03-03 02:00:00+00:00,2025-03-04 01:00:00+00:00,15.439,2.0867,standard,train
179,ATOMUSDT,2025-10-10 13:00:00+00:00,2025-10-10 22:00:00+00:00,30.4642,9.5733,standard,train
180,ATOMUSDT,2025-11-02 23:00:00+00:00,2025-11-03 22:00:00+00:00,18.2771,3.0475,standard,test
181,ATOMUSDT,2025-11-20 09:00:00+00:00,2025-11-21 09:00:00+00:00,16.7848,3.4018,standard,test
182,ATOMUSDT,2025-02-03 00:00:00+00:00,2025-02-03 01:00:00+00:00,11.6713,14.6572,fast,train
183,ATOMUSDT,2025-10-10 20:00:00+00:00,2025-10-10 21:00:00+00:00,20.8311,71.2675,fast,train
184,AVAXUSDT,2024-07-04 03:00:00+00:00,2024-07-05 02:00:00+00:00,15.0185,2.4368,standard,train
185,AVAXUSDT,2024-08-04 12:00:00+00:00,2024-08-05 12:00:00+00:00,21.5846,4.9787,standard,train
186,AVAXUSDT,2024-11-12 08:00:00+00:00,2024-11-13 05:00:00+00:00,15.4318,4.2041,standard,train
187,AVAXUSDT,2024-12-08 23:00:00+00:00,2024-12-09 22:00:00+00:00,17.3534,2.0032,standard,train
188,AVAXUSDT,2024-12-19 12:00:00+00:00,2024-12-20 11:00:00+00:00,20.7433,2.0523,standard,train
189,AVAXUSDT,2025-02-02 02:00:00+00:00,2025-02-03 02:00:00+00:00,27.7727,4.1459,standard,train
190,AVAXUSDT,2025-03-03 04:00:00+00:00,2025-03-04 03:00:00+00:00,19.4855,2.6513,standard,train
191,AVAXUSDT,2025-03-10 11:00:00+00:00,2025-03-11 00:00:00+00:00,17.0773,3.262,standard,train
192,AVAXUSDT,2025-09-24 18:00:00+00:00,2025-09-25 17:00:00+00:00,15.4143,2.0718,standard,train
193,AVAXUSDT,2025-10-10 05:00:00+00:00,2025-10-10 23:00:00+00:00,27.8153,3.2822,standard,train
194,AVAXUSDT,2026-02-05 01:00:00+00:00,2026-02-06 00:00:00+00:00,15.6003,6.2102,standard,test
195,AVAXUSDT,2025-02-03 00:00:00+00:00,2025-02-03 01:00:00+00:00,11.3653,13.5447,fast,train
196,AVAXUSDT,2025-10-10 20:00:00+00:00,2025-10-10 21:00:00+00:00,12.575,22.9315,fast,train
197,BASUSDT,2025-10-13 16:00:00+00:00,2025-10-13 17:00:00+00:00,37.8853,19.7194,standard,train
198,BASUSDT,2025-10-13 18:00:00+00:00,2025-10-14 06:00:00+00:00,15.7863,13.8015,standard,train
199,BASUSDT,2025-10-15 12:00:00+00:00,2025-10-16 03:00:00+00:00,33.7245,6.5438,standard,train
200,BASUSDT,2025-10-17 09:00:00+00:00,2025-10-17 23:00:00+00:00,56.1333,7.8797,standard,train
201,BASUSDT,2025-10-18 21:00:00+00:00,2025-10-19 20:00:00+00:00,83.6463,25.515,standard,train
202,BASUSDT,2025-10-22 13:00:00+00:00,2025-10-23 09:00:00+00:00,20.3252,19.2735,standard,train
203,BASUSDT,2025-10-23 20:00:00+00:00,2025-10-23 21:00:00+00:00,17.9861,12.7834,standard,train
204,BASUSDT,2025-10-24 07:00:00+00:00,2025-10-24 18:00:00+00:00,19.8352,6.8237,standard,train
205,BASUSDT,2025-11-18 18:00:00+00:00,2025-11-19 18:00:00+00:00,29.1798,4.0382,standard,test
206,BASUSDT,2025-11-21 01:00:00+00:00,2025-11-21 10:00:00+00:00,26.6059,2.8029,standard,test
207,BASUSDT,2025-12-14 01:00:00+00:00,2025-12-14 06:00:00+00:00,19.9261,61.1887,standard,test
208,BASUSDT,2025-12-14 15:00:00+00:00,2025-12-15 14:00:00+00:00,33.6156,42.1275,standard,test
209,BASUSDT,2025-12-16 04:00:00+00:00,2025-12-16 09:00:00+00:00,27.0332,18.1819,standard,test
210,BASUSDT,2025-12-17 06:00:00+00:00,2025-12-18 03:00:00+00:00,32.4559,7.0387,standard,test
211,BASUSDT,2025-12-21 06:00:00+00:00,2025-12-22 02:00:00+00:00,19.2927,2.6919,standard,test
212,BASUSDT,2026-01-01 05:00:00+00:00,2026-01-02 04:00:00+00:00,18.3309,2.1434,standard,test
213,BASUSDT,2026-01-31 05:00:00+00:00,2026-01-31 18:00:00+00:00,19.3975,2.8773,standard,test
214,BASUSDT,2026-02-05 01:00:00+00:00,2026-02-06 00:00:00+00:00,21.8012,3.1947,standard,test
215,BASUSDT,2026-02-10 18:00:00+00:00,2026-02-11 07:00:00+00:00,17.1632,6.1827,standard,test
216,BASUSDT,2026-02-15 08:00:00+00:00,2026-02-16 07:00:00+00:00,31.9749,3.035,standard,test
217,BASUSDT,2026-02-18 23:00:00+00:00,2026-02-19 08:00:00+00:00,21.9502,4.1007,standard,test
218,BASUSDT,2026-03-23 23:00:00+00:00,2026-03-24 09:00:00+00:00,25.3197,2.7571,standard,test
219,BASUSDT,2026-03-26 06:00:00+00:00,2026-03-27 05:00:00+00:00,39.8156,6.5776,standard,test
220,BASUSDT,2026-03-28 08:00:00+00:00,2026-03-28 13:00:00+00:00,15.839,3.2643,standard,test
221,BASUSDT,2026-03-29 05:00:00+00:00,2026-03-29 10:00:00+00:00,20.4551,3.5381,standard,test
222,BASUSDT,2026-03-29 13:00:00+00:00,2026-03-30 12:00:00+00:00,24.46,3.4918,standard,test
223,BASUSDT,2026-04-02 09:00:00+00:00,2026-04-03 03:00:00+00:00,19.5459,2.3634,standard,test
224,BASUSDT,2026-04-10 05:00:00+00:00,2026-04-10 11:00:00+00:00,26.7863,11.8619,standard,test
225,BASUSDT,2026-04-10 21:00:00+00:00,2026-04-11 04:00:00+00:00,19.274,3.3113,standard,test
226,BASUSDT,2026-04-22 03:00:00+00:00,2026-04-22 11:00:00+00:00,34.2291,7.2931,standard,test
227,BASUSDT,2026-04-23 23:00:00+00:00,2026-04-24 07:00:00+00:00,24.0686,3.0175,standard,test
228,BASUSDT,2025-09-14 17:00:00+00:00,2025-09-14 18:00:00+00:00,10.4989,2.3733,fast,train
229,BASUSDT,2025-10-13 12:00:00+00:00,2025-10-13 13:00:00+00:00,10.8442,84.235,fast,train
230,BASUSDT,2025-10-13 16:00:00+00:00,2025-10-13 17:00:00+00:00,37.8853,109.5097,fast,train
231,BASUSDT,2025-10-14 01:00:00+00:00,2025-10-14 02:00:00+00:00,11.8972,17.6926,fast,train
232,BASUSDT,2025-10-17 09:00:00+00:00,2025-10-17 10:00:00+00:00,14.4828,16.2409,fast,train
233,BASUSDT,2025-10-17 22:00:00+00:00,2025-10-17 23:00:00+00:00,10.9153,6.3591,fast,train
234,BASUSDT,2025-10-18 22:00:00+00:00,2025-10-18 23:00:00+00:00,20.0431,16.5891,fast,train
235,BASUSDT,2025-10-19 01:00:00+00:00,2025-10-19 02:00:00+00:00,10.0062,9.8161,fast,train
236,BASUSDT,2025-10-19 08:00:00+00:00,2025-10-19 09:00:00+00:00,46.0883,68.2254,fast,train
237,BASUSDT,2025-10-20 10:00:00+00:00,2025-10-20 11:00:00+00:00,12.6504,36.4372,fast,train
238,BASUSDT,2025-10-20 14:00:00+00:00,2025-10-20 15:00:00+00:00,11.1675,54.7144,fast,train
239,BASUSDT,2025-10-21 19:00:00+00:00,2025-10-21 20:00:00+00:00,15.9194,53.2182,fast,train
240,BASUSDT,2025-10-21 23:00:00+00:00,2025-10-22 00:00:00+00:00,14.2458,44.3584,fast,train
241,BASUSDT,2025-10-22 14:00:00+00:00,2025-10-22 15:00:00+00:00,11.92,51.7228,fast,train
242,BASUSDT,2025-10-23 02:00:00+00:00,2025-10-23 03:00:00+00:00,13.6018,54.2825,fast,train
243,BASUSDT,2025-10-23 20:00:00+00:00,2025-10-23 21:00:00+00:00,17.9861,38.9661,fast,train
244,BASUSDT,2025-11-13 17:00:00+00:00,2025-11-13 18:00:00+00:00,10.6299,2.5651,fast,test
245,BASUSDT,2025-11-19 15:00:00+00:00,2025-11-19 16:00:00+00:00,13.9384,9.9546,fast,test
246,BASUSDT,2025-11-21 01:00:00+00:00,2025-11-21 02:00:00+00:00,13.6171,7.4129,fast,test
247,BASUSDT,2025-12-13 14:00:00+00:00,2025-12-13 15:00:00+00:00,10.1442,114.5259,fast,test
248,BASUSDT,2025-12-14 15:00:00+00:00,2025-12-14 16:00:00+00:00,18.6908,189.8423,fast,test
249,BASUSDT,2025-12-15 01:00:00+00:00,2025-12-15 02:00:00+00:00,16.2301,62.3156,fast,test
250,BASUSDT,2025-12-16 05:00:00+00:00,2025-12-16 06:00:00+00:00,12.9528,39.6382,fast,test
251,BASUSDT,2025-12-21 12:00:00+00:00,2025-12-21 13:00:00+00:00,10.3604,10.7301,fast,test
252,BASUSDT,2026-01-18 23:00:00+00:00,2026-01-19 00:00:00+00:00,11.0072,16.3883,fast,test
253,BASUSDT,2026-02-15 08:00:00+00:00,2026-02-15 09:00:00+00:00,12.825,10.1509,fast,test
254,BASUSDT,2026-03-26 12:00:00+00:00,2026-03-26 13:00:00+00:00,11.4418,12.2072,fast,test
255,BASUSDT,2026-03-27 10:00:00+00:00,2026-03-27 11:00:00+00:00,11.9986,11.5023,fast,test
256,BASUSDT,2026-04-02 11:00:00+00:00,2026-04-02 12:00:00+00:00,12.6128,7.1462,fast,test
257,BASUSDT,2026-04-10 09:00:00+00:00,2026-04-10 10:00:00+00:00,19.5339,40.0309,fast,test
258,BASUSDT,2026-04-12 23:00:00+00:00,2026-04-13 00:00:00+00:00,10.794,6.58,fast,test
259,BASUSDT,2026-04-22 05:00:00+00:00,2026-04-22 06:00:00+00:00,12.5093,29.7983,fast,test
260,BASUSDT,2026-04-22 08:00:00+00:00,2026-04-22 09:00:00+00:00,10.8793,14.7761,fast,test
261,BASUSDT,2026-04-24 00:00:00+00:00,2026-04-24 01:00:00+00:00,14.0186,9.9461,fast,test
262,BASUSDT,2026-04-24 22:00:00+00:00,2026-04-24 23:00:00+00:00,12.9449,6.4647,fast,test
263,BASUSDT,2026-05-16 23:00:00+00:00,2026-05-17 00:00:00+00:00,11.9914,5.2924,fast,test
264,BCHUSDT,2024-07-04 08:00:00+00:00,2024-07-05 08:00:00+00:00,18.6817,5.5089,standard,train
265,BCHUSDT,2024-08-04 12:00:00+00:00,2024-08-05 12:00:00+00:00,20.6323,5.2678,standard,train
266,BCHUSDT,2024-12-09 19:00:00+00:00,2024-12-10 17:00:00+00:00,18.7215,2.3099,standard,train
267,BCHUSDT,2024-12-19 11:00:00+00:00,2024-12-20 11:00:00+00:00,19.8609,2.1092,standard,train
268,BCHUSDT,2025-02-02 09:00:00+00:00,2025-02-03 04:00:00+00:00,28.1493,6.1715,standard,train
269,BCHUSDT,2025-03-03 13:00:00+00:00,2025-03-04 13:00:00+00:00,16.5604,5.0936,standard,train
270,BCHUSDT,2026-02-05 02:00:00+00:00,2026-02-06 02:00:00+00:00,16.0329,4.7187,standard,test
271,BCHUSDT,2025-02-03 00:00:00+00:00,2025-02-03 01:00:00+00:00,12.0437,18.9904,fast,train
272,BEATUSDT,2025-12-07 11:00:00+00:00,2025-12-08 07:00:00+00:00,23.9742,2.0926,standard,test
273,BEATUSDT,2025-12-12 07:00:00+00:00,2025-12-12 12:00:00+00:00,28.2929,2.356,standard,test
274,BEATUSDT,2025-12-13 13:00:00+00:00,2025-12-14 13:00:00+00:00,47.3226,2.044,standard,test
275,BEATUSDT,2025-12-15 16:00:00+00:00,2025-12-16 16:00:00+00:00,46.8604,3.1855,standard,test
276,BEATUSDT,2025-12-17 02:00:00+00:00,2025-12-17 04:00:00+00:00,21.3611,2.2884,standard,test
277,BEATUSDT,2025-12-18 15:00:00+00:00,2025-12-19 15:00:00+00:00,37.0805,2.3964,standard,test
278,BEATUSDT,2025-12-23 04:00:00+00:00,2025-12-24 04:00:00+00:00,44.9482,2.5153,standard,test
279,BEATUSDT,2025-12-25 01:00:00+00:00,2025-12-26 01:00:00+00:00,39.7779,2.2122,standard,test
280,BEATUSDT,2025-12-29 09:00:00+00:00,2025-12-30 03:00:00+00:00,22.5186,2.0718,standard,test
281,BEATUSDT,2026-02-14 23:00:00+00:00,2026-02-15 19:00:00+00:00,33.0029,2.1891,standard,test
282,BEATUSDT,2026-04-02 10:00:00+00:00,2026-04-03 01:00:00+00:00,19.078,2.0649,standard,test
283,BEATUSDT,2026-04-07 16:00:00+00:00,2026-04-08 13:00:00+00:00,16.806,2.0672,standard,test
284,BEATUSDT,2026-05-24 02:00:00+00:00,2026-05-24 20:00:00+00:00,22.2399,11.6068,standard,test
285,BEATUSDT,2025-11-20 13:00:00+00:00,2025-11-20 14:00:00+00:00,16.7515,7.6865,fast,test
286,BEATUSDT,2025-11-21 03:00:00+00:00,2025-11-21 04:00:00+00:00,15.3302,2.4411,fast,test
287,BEATUSDT,2025-11-21 13:00:00+00:00,2025-11-21 14:00:00+00:00,10.8681,2.2994,fast,test
288,BEATUSDT,2025-12-08 05:00:00+00:00,2025-12-08 06:00:00+00:00,10.8,3.7603,fast,test
289,BEATUSDT,2025-12-12 11:00:00+00:00,2025-12-12 12:00:00+00:00,21.7389,3.617,fast,test
290,BEATUSDT,2025-12-12 20:00:00+00:00,2025-12-12 21:00:00+00:00,11.5921,2.5372,fast,test
291,BEATUSDT,2025-12-14 19:00:00+00:00,2025-12-14 20:00:00+00:00,12.4648,4.4593,fast,test
292,BEATUSDT,2025-12-15 16:00:00+00:00,2025-12-15 17:00:00+00:00,11.4309,6.0761,fast,test
293,BEATUSDT,2025-12-16 11:00:00+00:00,2025-12-16 12:00:00+00:00,16.4879,5.491,fast,test
294,BEATUSDT,2025-12-17 03:00:00+00:00,2025-12-17 04:00:00+00:00,18.5013,5.7415,fast,test
295,BEATUSDT,2025-12-18 16:00:00+00:00,2025-12-18 17:00:00+00:00,13.203,4.037,fast,test
296,BEATUSDT,2025-12-19 08:00:00+00:00,2025-12-19 09:00:00+00:00,13.2315,3.792,fast,test
297,BEATUSDT,2025-12-21 20:00:00+00:00,2025-12-21 21:00:00+00:00,10.2565,5.9041,fast,test
298,BEATUSDT,2025-12-24 00:00:00+00:00,2025-12-24 01:00:00+00:00,14.7296,3.4977,fast,test
299,BEATUSDT,2025-12-24 12:00:00+00:00,2025-12-24 13:00:00+00:00,15.3628,4.0393,fast,test
300,BEATUSDT,2025-12-25 23:00:00+00:00,2025-12-26 00:00:00+00:00,16.7336,3.9816,fast,test
301,BEATUSDT,2025-12-30 00:00:00+00:00,2025-12-30 01:00:00+00:00,17.7888,2.922,fast,test
302,BEATUSDT,2026-01-01 07:00:00+00:00,2026-01-01 08:00:00+00:00,14.0172,3.2023,fast,test
303,BEATUSDT,2026-01-01 11:00:00+00:00,2026-01-01 12:00:00+00:00,11.3777,3.9273,fast,test
304,BEATUSDT,2026-01-02 09:00:00+00:00,2026-01-02 10:00:00+00:00,10.7238,4.849,fast,test
305,BEATUSDT,2026-01-03 17:00:00+00:00,2026-01-03 18:00:00+00:00,11.0623,3.2086,fast,test
306,BEATUSDT,2026-01-06 07:00:00+00:00,2026-01-06 08:00:00+00:00,10.375,3.4378,fast,test
307,BEATUSDT,2026-01-14 05:00:00+00:00,2026-01-14 06:00:00+00:00,11.8929,8.5027,fast,test
308,BEATUSDT,2026-01-18 23:00:00+00:00,2026-01-19 00:00:00+00:00,17.6381,5.2111,fast,test
309,BEATUSDT,2026-02-15 00:00:00+00:00,2026-02-15 01:00:00+00:00,10.665,5.9807,fast,test
310,BEATUSDT,2026-04-17 06:00:00+00:00,2026-04-17 07:00:00+00:00,10.5362,3.1354,fast,test
311,BEATUSDT,2026-05-22 13:00:00+00:00,2026-05-22 14:00:00+00:00,14.5091,109.9066,fast,test
312,BNBUSDT,2024-08-04 12:00:00+00:00,2024-08-05 12:00:00+00:00,21.7367,8.3294,standard,train
313,BNBUSDT,2025-02-02 05:00:00+00:00,2025-02-03 02:00:00+00:00,17.6433,4.8071,standard,train
314,BSBUSDT,2026-04-22 02:00:00+00:00,2026-04-22 09:00:00+00:00,36.2986,2.9879,standard,test
315,BSBUSDT,2026-04-22 23:00:00+00:00,2026-04-23 05:00:00+00:00,18.2735,4.4509,standard,test
316,BSBUSDT,2026-04-23 17:00:00+00:00,2026-04-24 03:00:00+00:00,18.651,9.0756,standard,test
317,BSBUSDT,2026-04-24 09:00:00+00:00,2026-04-24 20:00:00+00:00,32.0412,6.251,standard,test
318,BSBUSDT,2026-04-25 18:00:00+00:00,2026-04-26 03:00:00+00:00,24.9921,12.6199,standard,test
319,BSBUSDT,2026-04-26 06:00:00+00:00,2026-04-26 10:00:00+00:00,29.9782,11.3505,standard,test
320,BSBUSDT,2026-04-27 02:00:00+00:00,2026-04-27 04:00:00+00:00,20.2148,9.3303,standard,test
321,BSBUSDT,2026-04-27 07:00:00+00:00,2026-04-27 12:00:00+00:00,19.4739,6.1071,standard,test
322,BSBUSDT,2026-04-29 05:00:00+00:00,2026-04-29 16:00:00+00:00,64.2865,16.2336,standard,test
323,BSBUSDT,2026-04-30 05:00:00+00:00,2026-04-30 07:00:00+00:00,20.6664,9.0037,standard,test
324,BSBUSDT,2026-04-30 16:00:00+00:00,2026-05-01 14:00:00+00:00,22.154,5.5951,standard,test
325,BSBUSDT,2026-05-04 04:00:00+00:00,2026-05-04 22:00:00+00:00,53.2696,7.0327,standard,test
326,BSBUSDT,2026-05-08 16:00:00+00:00,2026-05-09 03:00:00+00:00,31.5037,4.5422,standard,test
327,BSBUSDT,2026-05-19 18:00:00+00:00,2026-05-19 20:00:00+00:00,32.02,3.8011,standard,test
328,BSBUSDT,2026-05-20 18:00:00+00:00,2026-05-21 11:00:00+00:00,40.0754,4.5777,standard,test
329,BSBUSDT,2026-05-21 16:00:00+00:00,2026-05-22 15:00:00+00:00,52.9706,2.812,standard,test
330,BSBUSDT,2026-05-25 14:00:00+00:00,2026-05-26 14:00:00+00:00,48.8859,3.2051,standard,test
331,BSBUSDT,2026-04-22 02:00:00+00:00,2026-04-22 03:00:00+00:00,16.694,13.0008,fast,test
332,BSBUSDT,2026-04-23 17:00:00+00:00,2026-04-23 18:00:00+00:00,15.1792,13.856,fast,test
333,BSBUSDT,2026-04-24 09:00:00+00:00,2026-04-24 10:00:00+00:00,13.2559,26.8393,fast,test
334,BSBUSDT,2026-04-25 11:00:00+00:00,2026-04-25 12:00:00+00:00,11.1478,5.5634,fast,test
335,BSBUSDT,2026-04-26 01:00:00+00:00,2026-04-26 02:00:00+00:00,14.715,13.7133,fast,test
336,BSBUSDT,2026-04-26 06:00:00+00:00,2026-04-26 07:00:00+00:00,19.1073,34.0501,fast,test
337,BSBUSDT,2026-04-27 03:00:00+00:00,2026-04-27 04:00:00+00:00,14.3868,28.8497,fast,test
338,BSBUSDT,2026-04-27 09:00:00+00:00,2026-04-27 10:00:00+00:00,11.409,12.3129,fast,test
339,BSBUSDT,2026-04-29 14:00:00+00:00,2026-04-29 15:00:00+00:00,36.5287,32.4939,fast,test
340,BSBUSDT,2026-04-30 06:00:00+00:00,2026-04-30 07:00:00+00:00,11.9659,35.2417,fast,test
341,BSBUSDT,2026-04-30 16:00:00+00:00,2026-04-30 17:00:00+00:00,10.2828,18.7611,fast,test
342,BSBUSDT,2026-05-03 06:00:00+00:00,2026-05-03 07:00:00+00:00,14.5463,5.4901,fast,test
343,BSBUSDT,2026-05-04 07:00:00+00:00,2026-05-04 08:00:00+00:00,11.8865,6.9019,fast,test
344,BSBUSDT,2026-05-04 11:00:00+00:00,2026-05-04 12:00:00+00:00,12.8911,7.2014,fast,test
345,BSBUSDT,2026-05-04 17:00:00+00:00,2026-05-04 18:00:00+00:00,25.1736,9.2792,fast,test
346,BSBUSDT,2026-05-08 17:00:00+00:00,2026-05-08 18:00:00+00:00,16.6996,22.7716,fast,test
347,BSBUSDT,2026-05-18 01:00:00+00:00,2026-05-18 02:00:00+00:00,11.2553,10.2766,fast,test
348,BSBUSDT,2026-05-19 19:00:00+00:00,2026-05-19 20:00:00+00:00,30.7813,14.5838,fast,test
349,BSBUSDT,2026-05-20 19:00:00+00:00,2026-05-20 20:00:00+00:00,27.8874,8.973,fast,test
350,BSBUSDT,2026-05-21 02:00:00+00:00,2026-05-21 03:00:00+00:00,13.9716,4.4105,fast,test
351,BSBUSDT,2026-05-21 13:00:00+00:00,2026-05-21 14:00:00+00:00,13.2856,11.3235,fast,test
352,BSBUSDT,2026-05-22 12:00:00+00:00,2026-05-22 13:00:00+00:00,18.9138,7.3552,fast,test
353,BSBUSDT,2026-05-24 09:00:00+00:00,2026-05-24 10:00:00+00:00,17.8657,6.9847,fast,test
354,BSBUSDT,2026-05-25 14:00:00+00:00,2026-05-25 15:00:00+00:00,29.5437,21.3035,fast,test
355,BSBUSDT,2026-05-25 16:00:00+00:00,2026-05-25 17:00:00+00:00,10.8425,6.9352,fast,test
356,BSBUSDT,2026-05-27 10:00:00+00:00,2026-05-27 11:00:00+00:00,14.1433,5.4828,fast,test
357,BTCUSDT,2024-08-04 12:00:00+00:00,2024-08-05 12:00:00+00:00,18.4198,5.6083,standard,train
358,BZUSDT,2026-04-07 14:00:00+00:00,2026-04-08 12:00:00+00:00,17.9223,7.7175,standard,test
359,CHZUSDT,2024-06-06 18:00:00+00:00,2024-06-07 18:00:00+00:00,15.0198,2.3732,standard,train
360,CHZUSDT,2024-06-17 01:00:00+00:00,2024-06-18 01:00:00+00:00,18.6296,2.4833,standard,train
361,CHZUSDT,2024-07-04 02:00:00+00:00,2024-07-05 02:00:00+00:00,19.3609,2.1704,standard,train
362,CHZUSDT,2024-08-04 12:00:00+00:00,2024-08-05 12:00:00+00:00,21.3013,6.6504,standard,train
363,CHZUSDT,2024-11-12 08:00:00+00:00,2024-11-13 06:00:00+00:00,15.0982,2.4812,standard,train
364,CHZUSDT,2024-12-09 18:00:00+00:00,2024-12-10 17:00:00+00:00,23.3367,2.3301,standard,train
365,CHZUSDT,2025-02-02 01:00:00+00:00,2025-02-03 01:00:00+00:00,27.0129,3.3887,standard,train
366,CHZUSDT,2025-03-03 01:00:00+00:00,2025-03-04 01:00:00+00:00,15.6736,2.3553,standard,train
367,CHZUSDT,2025-10-10 12:00:00+00:00,2025-10-10 21:00:00+00:00,31.7998,6.9818,standard,train
368,CHZUSDT,2026-01-28 21:00:00+00:00,2026-01-29 18:00:00+00:00,19.2922,2.0405,standard,test
369,CHZUSDT,2026-02-05 01:00:00+00:00,2026-02-06 00:00:00+00:00,15.0023,3.2826,standard,test
370,CHZUSDT,2026-05-22 12:00:00+00:00,2026-05-23 12:00:00+00:00,16.2551,2.5483,standard,test
371,CHZUSDT,2025-02-03 00:00:00+00:00,2025-02-03 01:00:00+00:00,11.4002,12.1031,fast,train
372,CHZUSDT,2025-10-10 20:00:00+00:00,2025-10-10 21:00:00+00:00,22.7175,49.9134,fast,train
373,CLUSDT,2026-04-07 14:00:00+00:00,2026-04-08 12:00:00+00:00,20.7402,14.9103,standard,test
374,CRCLUSDT,2026-03-23 23:00:00+00:00,2026-03-24 22:00:00+00:00,21.714,10.0867,standard,test
375,DASHUSDT,2024-07-04 05:00:00+00:00,2024-07-05 02:00:00+00:00,17.2964,3.9913,standard,train
376,DASHUSDT,2024-12-09 05:00:00+00:00,2024-12-10 03:00:00+00:00,24.0105,2.9546,standard,train
377,DASHUSDT,2025-02-02 05:00:00+00:00,2025-02-03 02:00:00+00:00,28.2616,4.3555,standard,train
378,DASHUSDT,2025-04-06 08:00:00+00:00,2025-04-07 06:00:00+00:00,15.3593,2.2759,standard,train
379,DASHUSDT,2025-10-02 13:00:00+00:00,2025-10-03 02:00:00+00:00,17.1715,16.7011,standard,train
380,DASHUSDT,2025-10-03 10:00:00+00:00,2025-10-04 10:00:00+00:00,15.3451,7.2166,standard,train
381,DASHUSDT,2025-10-10 10:00:00+00:00,2025-10-11 01:00:00+00:00,27.4989,25.4968,standard,train
382,DASHUSDT,2025-10-13 05:00:00+00:00,2025-10-14 05:00:00+00:00,20.8859,7.0617,standard,train
383,DASHUSDT,2025-10-16 12:00:00+00:00,2025-10-17 07:00:00+00:00,19.1025,3.4762,standard,train
384,DASHUSDT,2025-11-04 10:00:00+00:00,2025-11-05 10:00:00+00:00,27.9689,5.4112,standard,test
385,DASHUSDT,2025-11-07 08:00:00+00:00,2025-11-08 08:00:00+00:00,30.5714,2.5704,standard,test
386,DASHUSDT,2025-11-16 16:00:00+00:00,2025-11-17 13:00:00+00:00,19.6617,2.4206,standard,test
387,DASHUSDT,2026-01-16 08:00:00+00:00,2026-01-17 08:00:00+00:00,19.7064,12.811,standard,test
388,DASHUSDT,2026-01-19 07:00:00+00:00,2026-01-20 07:00:00+00:00,17.4892,6.3809,standard,test
389,DASHUSDT,2025-02-03 00:00:00+00:00,2025-02-03 01:00:00+00:00,12.4267,17.6065,fast,train
390,DASHUSDT,2025-11-04 04:00:00+00:00,2025-11-04 05:00:00+00:00,13.9797,14.8413,fast,test
391,DASHUSDT,2025-11-04 14:00:00+00:00,2025-11-04 15:00:00+00:00,10.245,10.7382,fast,test
392,DOGEUSDT,2024-07-04 03:00:00+00:00,2024-07-05 03:00:00+00:00,18.4678,4.3892,standard,train
393,DOGEUSDT,2024-08-04 12:00:00+00:00,2024-08-05 12:00:00+00:00,23.3528,5.6481,standard,train
394,DOGEUSDT,2024-11-12 08:00:00+00:00,2024-11-13 05:00:00+00:00,16.3126,6.7673,standard,train
395,DOGEUSDT,2024-12-19 11:00:00+00:00,2024-12-20 11:00:00+00:00,27.2717,2.7176,standard,train
396,DOGEUSDT,2025-02-02 01:00:00+00:00,2025-02-03 01:00:00+00:00,26.8803,3.3937,standard,train
397,DOGEUSDT,2025-03-02 23:00:00+00:00,2025-03-03 21:00:00+00:00,18.831,2.4463,standard,train
398,DOGEUSDT,2025-03-10 11:00:00+00:00,2025-03-11 00:00:00+00:00,16.4627,2.8894,standard,train
399,DOGEUSDT,2025-04-06 06:00:00+00:00,2025-04-07 06:00:00+00:00,20.7841,2.9309,standard,train
400,DOGEUSDT,2025-10-10 05:00:00+00:00,2025-10-10 21:00:00+00:00,26.1601,4.6809,standard,train
401,DOGEUSDT,2026-02-05 01:00:00+00:00,2026-02-06 00:00:00+00:00,15.4515,5.751,standard,test
402,DOGEUSDT,2025-02-03 00:00:00+00:00,2025-02-03 01:00:00+00:00,10.128,11.9731,fast,train
403,DOGEUSDT,2025-10-10 20:00:00+00:00,2025-10-10 21:00:00+00:00,15.0523,27.5275,fast,train
404,DOTUSDT,2024-07-04 05:00:00+00:00,2024-07-05 02:00:00+00:00,15.1965,3.7257,standard,train
405,DOTUSDT,2024-08-04 06:00:00+00:00,2024-08-05 06:00:00+00:00,24.0645,5.8476,standard,train
406,DOTUSDT,2024-12-09 18:00:00+00:00,2024-12-10 17:00:00+00:00,20.3951,2.3431,standard,train
407,DOTUSDT,2024-12-19 11:00:00+00:00,2024-12-20 11:00:00+00:00,21.4286,2.0725,standard,train
408,DOTUSDT,2025-01-19 01:00:00+00:00,2025-01-20 00:00:00+00:00,15.985,3.2745,standard,train
409,DOTUSDT,2025-02-02 08:00:00+00:00,2025-02-03 04:00:00+00:00,29.3415,5.2866,standard,train
410,DOTUSDT,2025-03-03 05:00:00+00:00,2025-03-04 03:00:00+00:00,17.8405,2.4141,standard,train
411,DOTUSDT,2025-04-06 10:00:00+00:00,2025-04-07 06:00:00+00:00,16.138,3.3722,standard,train
412,DOTUSDT,2025-10-10 13:00:00+00:00,2025-10-10 22:00:00+00:00,32.7444,8.5322,standard,train
413,DOTUSDT,2025-11-02 23:00:00+00:00,2025-11-03 20:00:00+00:00,15.1139,2.8269,standard,test
414,DOTUSDT,2025-11-20 12:00:00+00:00,2025-11-21 11:00:00+00:00,16.2915,2.5838,standard,test
415,DOTUSDT,2026-02-05 00:00:00+00:00,2026-02-06 00:00:00+00:00,16.0739,5.7631,standard,test
416,DOTUSDT,2025-02-03 00:00:00+00:00,2025-02-03 01:00:00+00:00,13.6327,16.1218,fast,train
417,DOTUSDT,2025-10-10 20:00:00+00:00,2025-10-10 21:00:00+00:00,21.886,53.3318,fast,train
418,DRIFTUSDT,2024-12-19 11:00:00+00:00,2024-12-20 11:00:00+00:00,19.9781,2.0294,standard,train
419,DRIFTUSDT,2025-01-01 08:00:00+00:00,2025-01-02 01:00:00+00:00,16.6375,4.2179,standard,train
420,DRIFTUSDT,2025-01-19 04:00:00+00:00,2025-01-20 02:00:00+00:00,18.1078,2.4063,standard,train
421,DRIFTUSDT,2025-02-02 08:00:00+00:00,2025-02-03 02:00:00+00:00,26.1652,3.4377,standard,train
422,DRIFTUSDT,2025-03-28 02:00:00+00:00,2025-03-29 02:00:00+00:00,15.8869,2.4492,standard,train
423,DRIFTUSDT,2025-04-06 14:00:00+00:00,2025-04-07 06:00:00+00:00,16.7305,2.0656,standard,train
424,DRIFTUSDT,2025-04-30 18:00:00+00:00,2025-05-01 17:00:00+00:00,19.2839,25.0386,standard,train
425,DRIFTUSDT,2025-05-30 02:00:00+00:00,2025-05-31 02:00:00+00:00,23.7954,3.2204,standard,train
426,DRIFTUSDT,2025-06-21 15:00:00+00:00,2025-06-22 15:00:00+00:00,17.8472,3.6582,standard,train
427,DRIFTUSDT,2025-09-22 00:00:00+00:00,2025-09-22 19:00:00+00:00,19.583,4.3443,standard,train
428,DRIFTUSDT,2025-09-24 17:00:00+00:00,2025-09-25 17:00:00+00:00,16.2992,3.2559,standard,train
429,DRIFTUSDT,2025-10-10 05:00:00+00:00,2025-10-11 01:00:00+00:00,28.8705,2.9458,standard,train
430,DRIFTUSDT,2025-11-02 23:00:00+00:00,2025-11-03 15:00:00+00:00,19.0429,2.1885,standard,test
431,DRIFTUSDT,2025-11-20 12:00:00+00:00,2025-11-21 09:00:00+00:00,17.3024,2.1155,standard,test
432,DRIFTUSDT,2026-01-29 01:00:00+00:00,2026-01-30 01:00:00+00:00,17.7914,2.5796,standard,test
433,DRIFTUSDT,2026-01-30 19:00:00+00:00,2026-01-31 18:00:00+00:00,18.6495,2.6075,standard,test
434,DRIFTUSDT,2026-02-04 20:00:00+00:00,2026-02-05 20:00:00+00:00,21.5649,3.0329,standard,test
435,DRIFTUSDT,2026-04-01 11:00:00+00:00,2026-04-02 04:00:00+00:00,47.5742,235.1081,standard,test
436,DRIFTUSDT,2026-04-02 12:00:00+00:00,2026-04-03 03:00:00+00:00,31.1016,114.5729,standard,test
437,DRIFTUSDT,2026-04-03 17:00:00+00:00,2026-04-04 15:00:00+00:00,22.13,51.387,standard,test
438,DRIFTUSDT,2026-04-05 23:00:00+00:00,2026-04-06 08:00:00+00:00,15.9635,53.4779,standard,test
439,DRIFTUSDT,2026-04-06 21:00:00+00:00,2026-04-07 17:00:00+00:00,45.1413,106.6533,standard,test
440,DRIFTUSDT,2026-04-08 09:00:00+00:00,2026-04-09 09:00:00+00:00,33.7073,104.9029,standard,test
441,DRIFTUSDT,2026-04-13 06:00:00+00:00,2026-04-13 18:00:00+00:00,23.5641,17.3012,standard,test
442,DRIFTUSDT,2026-04-16 12:00:00+00:00,2026-04-17 11:00:00+00:00,21.0987,6.4786,standard,test
443,DRIFTUSDT,2026-05-26 11:00:00+00:00,2026-05-27 06:00:00+00:00,26.3051,95.8338,standard,test
444,DRIFTUSDT,2025-10-10 20:00:00+00:00,2025-10-10 21:00:00+00:00,12.8791,17.8556,fast,train
445,DRIFTUSDT,2026-04-01 16:00:00+00:00,2026-04-01 17:00:00+00:00,20.6087,1132.0005,fast,test
446,DRIFTUSDT,2026-04-02 12:00:00+00:00,2026-04-02 13:00:00+00:00,14.9481,456.3793,fast,test
447,DRIFTUSDT,2026-04-05 09:00:00+00:00,2026-04-05 10:00:00+00:00,12.1941,190.0038,fast,test
448,DRIFTUSDT,2026-04-07 08:00:00+00:00,2026-04-07 09:00:00+00:00,11.5375,138.9654,fast,test
449,DRIFTUSDT,2026-04-07 10:00:00+00:00,2026-04-07 11:00:00+00:00,10.0833,170.9075,fast,test
450,DRIFTUSDT,2026-04-08 11:00:00+00:00,2026-04-08 12:00:00+00:00,18.154,547.5889,fast,test
451,DRIFTUSDT,2026-04-30 07:00:00+00:00,2026-04-30 08:00:00+00:00,10.8737,18.6792,fast,test
452,DRIFTUSDT,2026-05-27 03:00:00+00:00,2026-05-27 04:00:00+00:00,17.9378,225.2021,fast,test
453,EDENUSDT,2025-10-25 13:00:00+00:00,2025-10-26 02:00:00+00:00,20.071,2.081,standard,train
454,EDENUSDT,2025-11-30 20:00:00+00:00,2025-12-01 15:00:00+00:00,15.6616,2.0173,standard,test
455,EDENUSDT,2025-12-16 06:00:00+00:00,2025-12-16 13:00:00+00:00,21.0145,25.4243,standard,test
456,EDENUSDT,2025-12-17 04:00:00+00:00,2025-12-18 01:00:00+00:00,17.0948,4.599,standard,test
457,EDENUSDT,2026-01-31 05:00:00+00:00,2026-01-31 18:00:00+00:00,15.0665,2.0078,standard,test
458,EDENUSDT,2026-02-05 08:00:00+00:00,2026-02-06 00:00:00+00:00,16.8339,4.2668,standard,test
459,EDENUSDT,2026-03-07 07:00:00+00:00,2026-03-08 03:00:00+00:00,17.292,3.3127,standard,test
460,EDENUSDT,2026-05-17 16:00:00+00:00,2026-05-18 16:00:00+00:00,29.7069,199.9904,standard,test
461,EDENUSDT,2026-05-22 10:00:00+00:00,2026-05-23 04:00:00+00:00,46.099,88.2346,standard,test
462,EDENUSDT,2026-05-23 10:00:00+00:00,2026-05-24 07:00:00+00:00,19.4599,34.7794,standard,test
463,EDENUSDT,2026-05-24 16:00:00+00:00,2026-05-25 16:00:00+00:00,22.649,18.5804,standard,test
464,EDENUSDT,2025-10-10 20:00:00+00:00,2025-10-10 21:00:00+00:00,32.1542,6.6118,fast,train
465,EDENUSDT,2025-10-25 13:00:00+00:00,2025-10-25 14:00:00+00:00,11.9005,15.0273,fast,train
466,EDENUSDT,2025-12-16 06:00:00+00:00,2025-12-16 07:00:00+00:00,11.4041,86.3636,fast,test
467,EDENUSDT,2026-05-17 16:00:00+00:00,2026-05-17 17:00:00+00:00,17.0219,880.5381,fast,test
468,EDENUSDT,2026-05-18 04:00:00+00:00,2026-05-18 05:00:00+00:00,12.3924,272.5847,fast,test
469,EDENUSDT,2026-05-20 04:00:00+00:00,2026-05-20 05:00:00+00:00,10.3953,274.1155,fast,test
470,EDENUSDT,2026-05-22 06:00:00+00:00,2026-05-22 07:00:00+00:00,10.1572,152.9021,fast,test
471,EDENUSDT,2026-05-22 10:00:00+00:00,2026-05-22 11:00:00+00:00,14.5462,179.9536,fast,test
472,EDENUSDT,2026-05-22 18:00:00+00:00,2026-05-22 19:00:00+00:00,19.1698,157.9932,fast,test
473,EDENUSDT,2026-05-23 03:00:00+00:00,2026-05-23 04:00:00+00:00,18.6756,167.7989,fast,test
474,ENAUSDT,2024-06-17 01:00:00+00:00,2024-06-18 01:00:00+00:00,21.7437,2.0834,standard,train
475,ENAUSDT,2024-07-04 03:00:00+00:00,2024-07-05 03:00:00+00:00,22.2247,3.3341,standard,train
476,ENAUSDT,2024-07-07 11:00:00+00:00,2024-07-08 01:00:00+00:00,17.0163,3.3253,standard,train
477,ENAUSDT,2024-07-24 12:00:00+00:00,2024-07-25 03:00:00+00:00,16.4475,3.008,standard,train
478,ENAUSDT,2024-08-04 12:00:00+00:00,2024-08-05 10:00:00+00:00,26.6584,5.6996,standard,train
479,ENAUSDT,2024-12-19 11:00:00+00:00,2024-12-20 11:00:00+00:00,26.0595,3.1838,standard,train
480,ENAUSDT,2025-01-13 00:00:00+00:00,2025-01-13 18:00:00+00:00,16.716,2.9861,standard,train
481,ENAUSDT,2025-01-26 16:00:00+00:00,2025-01-27 10:00:00+00:00,15.109,2.0086,standard,train
482,ENAUSDT,2025-02-02 01:00:00+00:00,2025-02-03 01:00:00+00:00,25.5335,2.4689,standard,train
483,ENAUSDT,2025-04-02 14:00:00+00:00,2025-04-03 12:00:00+00:00,15.9453,2.0876,standard,train
484,ENAUSDT,2025-04-06 08:00:00+00:00,2025-04-07 06:00:00+00:00,16.6881,2.2006,standard,train
485,ENAUSDT,2025-07-31 08:00:00+00:00,2025-07-31 23:00:00+00:00,15.549,2.6638,standard,train
486,ENAUSDT,2025-10-10 13:00:00+00:00,2025-10-11 12:00:00+00:00,27.5967,5.1175,standard,train
487,ENAUSDT,2025-11-20 12:00:00+00:00,2025-11-21 11:00:00+00:00,17.3168,2.2563,standard,test
488,ENAUSDT,2026-01-30 18:00:00+00:00,2026-01-31 18:00:00+00:00,16.8698,3.3761,standard,test
489,ENAUSDT,2026-02-05 01:00:00+00:00,2026-02-06 00:00:00+00:00,17.0387,5.0905,standard,test
490,ENAUSDT,2025-10-10 20:00:00+00:00,2025-10-10 21:00:00+00:00,11.9252,31.6653,fast,train
491,ESPORTSUSDT,2025-07-31 00:00:00+00:00,2025-07-31 23:00:00+00:00,17.9987,3.0135,standard,train
492,ESPORTSUSDT,2025-08-04 09:00:00+00:00,2025-08-05 05:00:00+00:00,35.6948,2.3816,standard,train
493,ESPORTSUSDT,2025-10-09 22:00:00+00:00,2025-10-10 21:00:00+00:00,30.6164,2.4596,standard,train
494,ESPORTSUSDT,2025-10-12 21:00:00+00:00,2025-10-13 14:00:00+00:00,22.7926,2.6811,standard,train
495,ESPORTSUSDT,2025-11-07 05:00:00+00:00,2025-11-07 13:00:00+00:00,22.696,3.2954,standard,test
496,ESPORTSUSDT,2025-11-13 05:00:00+00:00,2025-11-13 11:00:00+00:00,35.9821,87.8527,standard,test
497,ESPORTSUSDT,2025-11-13 21:00:00+00:00,2025-11-14 03:00:00+00:00,23.1562,48.6321,standard,test
498,ESPORTSUSDT,2025-12-03 14:00:00+00:00,2025-12-04 11:00:00+00:00,15.2084,3.7497,standard,test
499,ESPORTSUSDT,2026-01-04 11:00:00+00:00,2026-01-05 11:00:00+00:00,18.6627,29.8578,standard,test
500,ESPORTSUSDT,2026-02-10 06:00:00+00:00,2026-02-11 05:00:00+00:00,17.763,2.2571,standard,test
501,ESPORTSUSDT,2026-04-19 21:00:00+00:00,2026-04-20 17:00:00+00:00,16.5165,2.0551,standard,test
502,ESPORTSUSDT,2026-04-24 17:00:00+00:00,2026-04-25 14:00:00+00:00,28.2988,13.9779,standard,test
503,ESPORTSUSDT,2026-05-19 11:00:00+00:00,2026-05-19 23:00:00+00:00,16.3776,24.6732,standard,test
504,ESPORTSUSDT,2026-05-20 23:00:00+00:00,2026-05-21 11:00:00+00:00,18.191,6.8626,standard,test
505,ESPORTSUSDT,2026-05-25 07:00:00+00:00,2026-05-26 00:00:00+00:00,93.3315,665.2653,standard,test
506,ESPORTSUSDT,2025-08-04 12:00:00+00:00,2025-08-04 13:00:00+00:00,13.9955,7.0435,fast,train
507,ESPORTSUSDT,2025-08-05 10:00:00+00:00,2025-08-05 11:00:00+00:00,10.6865,3.3542,fast,train
508,ESPORTSUSDT,2025-08-08 02:00:00+00:00,2025-08-08 03:00:00+00:00,29.8327,6.2591,fast,train
509,ESPORTSUSDT,2025-08-30 07:00:00+00:00,2025-08-30 08:00:00+00:00,16.7741,19.9073,fast,train
510,ESPORTSUSDT,2025-09-04 08:00:00+00:00,2025-09-04 09:00:00+00:00,10.5055,23.3928,fast,train
511,ESPORTSUSDT,2025-10-10 20:00:00+00:00,2025-10-10 21:00:00+00:00,23.4462,31.5524,fast,train
512,ESPORTSUSDT,2025-10-13 13:00:00+00:00,2025-10-13 14:00:00+00:00,10.2451,3.576,fast,train
513,ESPORTSUSDT,2025-11-04 16:00:00+00:00,2025-11-04 17:00:00+00:00,11.91,23.22,fast,test
514,ESPORTSUSDT,2025-11-13 06:00:00+00:00,2025-11-13 07:00:00+00:00,17.8449,209.2396,fast,test
515,ESPORTSUSDT,2026-05-25 10:00:00+00:00,2026-05-25 11:00:00+00:00,82.4533,821.7653,fast,test
516,ETHUSDT,2024-08-04 12:00:00+00:00,2024-08-05 12:00:00+00:00,23.7689,6.967,standard,train
517,ETHUSDT,2024-12-19 11:00:00+00:00,2024-12-20 11:00:00+00:00,16.184,3.3242,standard,train
518,ETHUSDT,2025-02-02 05:00:00+00:00,2025-02-03 04:00:00+00:00,21.3852,5.2578,standard,train
519,ETHUSDT,2025-03-02 22:00:00+00:00,2025-03-03 19:00:00+00:00,16.9119,2.6507,standard,train
520,ETHUSDT,2025-04-06 06:00:00+00:00,2025-04-07 06:00:00+00:00,20.4272,4.6105,standard,train
521,ETHUSDT,2026-02-05 00:00:00+00:00,2026-02-05 23:00:00+00:00,15.0803,6.6025,standard,test
522,ETHUSDT,2025-02-03 00:00:00+00:00,2025-02-03 01:00:00+00:00,11.5775,18.4562,fast,train
523,FETUSDT,2024-06-17 18:00:00+00:00,2024-06-18 13:00:00+00:00,18.138,3.025,standard,train
524,FETUSDT,2024-06-26 19:00:00+00:00,2024-06-27 18:00:00+00:00,16.0029,3.3648,standard,train
525,FETUSDT,2024-07-04 22:00:00+00:00,2024-07-05 08:00:00+00:00,16.1581,2.5192,standard,train
526,FETUSDT,2024-08-04 12:00:00+00:00,2024-08-05 12:00:00+00:00,27.9452,4.9865,standard,train
527,FETUSDT,2024-11-12 03:00:00+00:00,2024-11-13 03:00:00+00:00,22.0142,4.0545,standard,train
528,FETUSDT,2024-12-19 11:00:00+00:00,2024-12-20 11:00:00+00:00,21.3152,2.0094,standard,train
529,FETUSDT,2025-01-19 01:00:00+00:00,2025-01-20 00:00:00+00:00,15.0882,2.5799,standard,train
530,FETUSDT,2025-02-02 05:00:00+00:00,2025-02-03 04:00:00+00:00,33.6725,4.4285,standard,train
531,FETUSDT,2025-03-03 05:00:00+00:00,2025-03-04 02:00:00+00:00,21.5662,2.0014,standard,train
532,FETUSDT,2025-03-08 23:00:00+00:00,2025-03-09 21:00:00+00:00,15.8218,2.6564,standard,train
533,FETUSDT,2025-03-10 11:00:00+00:00,2025-03-11 00:00:00+00:00,21.6079,3.5805,standard,train
534,FETUSDT,2025-04-06 08:00:00+00:00,2025-04-07 06:00:00+00:00,18.2097,3.5604,standard,train
535,FETUSDT,2025-10-10 05:00:00+00:00,2025-10-10 22:00:00+00:00,37.4925,8.989,standard,train
536,FETUSDT,2025-10-13 22:00:00+00:00,2025-10-14 22:00:00+00:00,15.3743,6.3121,standard,train
537,FETUSDT,2025-11-02 23:00:00+00:00,2025-11-03 20:00:00+00:00,16.9988,2.1413,standard,test
538,FETUSDT,2025-11-08 08:00:00+00:00,2025-11-09 06:00:00+00:00,28.5714,3.2897,standard,test
539,FETUSDT,2025-11-20 14:00:00+00:00,2025-11-21 11:00:00+00:00,17.5365,2.3637,standard,test
540,FETUSDT,2026-02-04 23:00:00+00:00,2026-02-05 23:00:00+00:00,16.9101,2.8041,standard,test
541,FETUSDT,2025-02-03 00:00:00+00:00,2025-02-03 01:00:00+00:00,11.9701,11.2585,fast,train
542,FETUSDT,2025-10-10 20:00:00+00:00,2025-10-10 21:00:00+00:00,19.4085,56.2576,fast,train
543,FETUSDT,2025-11-08 08:00:00+00:00,2025-11-08 09:00:00+00:00,10.9055,8.1973,fast,test
544,FETUSDT,2025-11-08 14:00:00+00:00,2025-11-08 15:00:00+00:00,11.7219,8.1586,fast,test
545,FFUSDT,2026-04-10 18:00:00+00:00,2026-04-11 12:00:00+00:00,36.313,134.6857,standard,test
546,FFUSDT,2025-10-10 20:00:00+00:00,2025-10-10 21:00:00+00:00,18.1893,7.2515,fast,train
547,FFUSDT,2026-04-10 19:00:00+00:00,2026-04-10 20:00:00+00:00,11.5333,397.0431,fast,test
548,FILUSDT,2024-06-17 18:00:00+00:00,2024-06-18 17:00:00+00:00,17.0717,3.5771,standard,train
549,FILUSDT,2024-07-04 08:00:00+00:00,2024-07-05 08:00:00+00:00,17.6206,3.9727,standard,train
550,FILUSDT,2024-08-04 12:00:00+00:00,2024-08-05 12:00:00+00:00,19.9731,5.4618,standard,train
551,FILUSDT,2024-11-12 08:00:00+00:00,2024-11-13 06:00:00+00:00,15.139,3.8468,standard,train
552,FILUSDT,2024-12-09 00:00:00+00:00,2024-12-09 21:00:00+00:00,20.703,2.0518,standard,train
553,FILUSDT,2024-12-19 11:00:00+00:00,2024-12-20 11:00:00+00:00,22.6634,2.2133,standard,train
554,FILUSDT,2025-02-02 05:00:00+00:00,2025-02-03 04:00:00+00:00,33.3796,5.8349,standard,train
555,FILUSDT,2025-03-03 01:00:00+00:00,2025-03-04 01:00:00+00:00,16.1558,2.585,standard,train
556,FILUSDT,2025-04-06 06:00:00+00:00,2025-04-07 06:00:00+00:00,19.6918,4.8471,standard,train
557,FILUSDT,2025-10-10 12:00:00+00:00,2025-10-10 21:00:00+00:00,35.0914,8.0444,standard,train
558,FILUSDT,2025-11-02 23:00:00+00:00,2025-11-03 20:00:00+00:00,15.2461,2.963,standard,test
559,FILUSDT,2025-11-08 12:00:00+00:00,2025-11-09 06:00:00+00:00,24.7401,6.582,standard,test
560,FILUSDT,2025-11-11 03:00:00+00:00,2025-11-12 00:00:00+00:00,15.3398,2.4761,standard,test
561,FILUSDT,2026-01-30 18:00:00+00:00,2026-01-31 18:00:00+00:00,15.4752,2.4667,standard,test
562,FILUSDT,2026-02-05 00:00:00+00:00,2026-02-06 00:00:00+00:00,17.7312,4.1845,standard,test
563,FILUSDT,2025-02-03 00:00:00+00:00,2025-02-03 01:00:00+00:00,14.1707,18.0626,fast,train
564,FILUSDT,2025-10-10 20:00:00+00:00,2025-10-10 21:00:00+00:00,25.2868,30.4765,fast,train
565,FILUSDT,2025-11-07 23:00:00+00:00,2025-11-08 00:00:00+00:00,12.7445,16.5848,fast,test
566,GENIUSUSDT,2026-04-18 06:00:00+00:00,2026-04-19 06:00:00+00:00,30.0922,2.4356,standard,test
567,GENIUSUSDT,2026-05-24 12:00:00+00:00,2026-05-25 12:00:00+00:00,18.1267,6.9648,standard,test
568,GENIUSUSDT,2026-04-19 09:00:00+00:00,2026-04-19 10:00:00+00:00,12.3743,2.6429,fast,test
569,GRASSUSDT,2025-01-19 07:00:00+00:00,2025-01-20 02:00:00+00:00,16.8389,2.0448,standard,train
570,GRASSUSDT,2025-02-02 10:00:00+00:00,2025-02-03 02:00:00+00:00,31.4831,2.9398,standard,train
571,GRASSUSDT,2025-02-21 13:00:00+00:00,2025-02-21 15:00:00+00:00,16.0239,2.8766,standard,train
572,GRASSUSDT,2025-04-02 18:00:00+00:00,2025-04-03 14:00:00+00:00,24.491,2.5095,standard,train
573,GRASSUSDT,2025-04-05 18:00:00+00:00,2025-04-06 18:00:00+00:00,16.9084,2.5308,standard,train
574,GRASSUSDT,2025-04-08 13:00:00+00:00,2025-04-09 13:00:00+00:00,17.7849,2.3777,standard,train
575,GRASSUSDT,2025-05-14 11:00:00+00:00,2025-05-15 07:00:00+00:00,18.2639,14.9397,standard,train
576,GRASSUSDT,2025-05-18 14:00:00+00:00,2025-05-19 12:00:00+00:00,15.8467,3.6412,standard,train
577,GRASSUSDT,2025-06-11 15:00:00+00:00,2025-06-12 07:00:00+00:00,17.5366,2.0557,standard,train
578,GRASSUSDT,2025-06-30 11:00:00+00:00,2025-07-01 11:00:00+00:00,17.016,3.0899,standard,train
579,GRASSUSDT,2025-07-23 08:00:00+00:00,2025-07-24 06:00:00+00:00,19.8481,2.9583,standard,train
580,GRASSUSDT,2025-09-21 20:00:00+00:00,2025-09-22 14:00:00+00:00,23.3277,3.423,standard,train
581,GRASSUSDT,2025-09-29 20:00:00+00:00,2025-09-30 17:00:00+00:00,15.3983,2.2534,standard,train
582,GRASSUSDT,2025-10-10 13:00:00+00:00,2025-10-10 21:00:00+00:00,41.2746,4.1489,standard,train
583,GRASSUSDT,2025-11-20 16:00:00+00:00,2025-11-21 16:00:00+00:00,41.0221,27.8231,standard,test
584,GRASSUSDT,2026-01-14 20:00:00+00:00,2026-01-15 18:00:00+00:00,15.114,2.4138,standard,test
585,GRASSUSDT,2026-01-30 18:00:00+00:00,2026-01-31 18:00:00+00:00,15.6198,3.384,standard,test
586,GRASSUSDT,2026-02-05 00:00:00+00:00,2026-02-06 00:00:00+00:00,18.7868,4.3758,standard,test
587,GRASSUSDT,2026-02-27 09:00:00+00:00,2026-02-28 09:00:00+00:00,15.345,2.2522,standard,test
588,GRASSUSDT,2026-03-22 09:00:00+00:00,2026-03-22 16:00:00+00:00,17.4727,2.6826,standard,test
589,GRASSUSDT,2026-04-24 01:00:00+00:00,2026-04-25 00:00:00+00:00,22.04,4.5778,standard,test
590,GRASSUSDT,2026-05-26 16:00:00+00:00,2026-05-27 14:00:00+00:00,17.4761,9.647,standard,test
591,GRASSUSDT,2025-02-03 00:00:00+00:00,2025-02-03 01:00:00+00:00,13.0607,6.6973,fast,train
592,GRASSUSDT,2025-02-15 01:00:00+00:00,2025-02-15 02:00:00+00:00,12.1147,6.9778,fast,train
593,GRASSUSDT,2025-02-21 14:00:00+00:00,2025-02-21 15:00:00+00:00,13.3564,13.2218,fast,train
594,GRASSUSDT,2025-03-10 16:00:00+00:00,2025-03-10 17:00:00+00:00,10.4405,3.8645,fast,train
595,GRASSUSDT,2025-10-02 23:00:00+00:00,2025-10-03 00:00:00+00:00,10.9688,13.7113,fast,train
596,GRASSUSDT,2025-10-10 20:00:00+00:00,2025-10-10 21:00:00+00:00,28.7627,29.1507,fast,train
597,GRASSUSDT,2025-11-20 08:00:00+00:00,2025-11-20 09:00:00+00:00,11.9575,196.4084,fast,test
598,GRASSUSDT,2026-03-02 15:00:00+00:00,2026-03-02 16:00:00+00:00,10.8448,52.4376,fast,test
599,GUAUSDT,2026-01-16 01:00:00+00:00,2026-01-17 01:00:00+00:00,16.1821,2.2396,standard,test
600,GUAUSDT,2026-02-27 03:00:00+00:00,2026-02-27 17:00:00+00:00,23.1364,9.4442,standard,test
601,GUAUSDT,2026-04-30 15:00:00+00:00,2026-05-01 15:00:00+00:00,20.6371,4.134,standard,test
602,GUAUSDT,2026-05-13 05:00:00+00:00,2026-05-13 10:00:00+00:00,24.8881,6.4828,standard,test
603,GUAUSDT,2026-05-19 06:00:00+00:00,2026-05-20 05:00:00+00:00,20.4824,3.4581,standard,test
604,GUAUSDT,2026-05-22 17:00:00+00:00,2026-05-23 13:00:00+00:00,24.9854,3.9014,standard,test
605,GUAUSDT,2026-05-24 11:00:00+00:00,2026-05-25 11:00:00+00:00,20.1286,2.1219,standard,test
606,GUAUSDT,2026-05-26 17:00:00+00:00,2026-05-27 16:00:00+00:00,40.0526,18.3378,standard,test
607,GUAUSDT,2026-05-13 05:00:00+00:00,2026-05-13 06:00:00+00:00,10.1304,33.5752,fast,test
608,GUAUSDT,2026-05-20 13:00:00+00:00,2026-05-20 14:00:00+00:00,10.1701,7.0083,fast,test
609,GUAUSDT,2026-05-23 12:00:00+00:00,2026-05-23 13:00:00+00:00,11.2081,5.5516,fast,test
610,GUAUSDT,2026-05-26 08:00:00+00:00,2026-05-26 09:00:00+00:00,12.1985,14.3697,fast,test
611,GUAUSDT,2026-05-27 11:00:00+00:00,2026-05-27 12:00:00+00:00,10.6494,22.4416,fast,test
612,GUAUSDT,2026-05-27 15:00:00+00:00,2026-05-27 16:00:00+00:00,25.8007,139.2358,fast,test
613,HIGHUSDT,2024-06-08 03:00:00+00:00,2024-06-09 03:00:00+00:00,46.6739,14.5979,standard,train
614,HIGHUSDT,2024-06-17 01:00:00+00:00,2024-06-18 01:00:00+00:00,22.4351,5.1125,standard,train
615,HIGHUSDT,2024-07-04 05:00:00+00:00,2024-07-05 02:00:00+00:00,26.0088,2.14,standard,train
616,HIGHUSDT,2024-08-04 12:00:00+00:00,2024-08-05 12:00:00+00:00,24.9734,3.6772,standard,train
617,HIGHUSDT,2024-11-12 08:00:00+00:00,2024-11-13 05:00:00+00:00,15.1099,4.0956,standard,train
618,HIGHUSDT,2024-12-09 16:00:00+00:00,2024-12-10 15:00:00+00:00,22.46,2.4912,standard,train
619,HIGHUSDT,2024-12-19 11:00:00+00:00,2024-12-20 11:00:00+00:00,21.4986,2.1952,standard,train
620,HIGHUSDT,2025-01-19 02:00:00+00:00,2025-01-20 00:00:00+00:00,15.0736,2.5933,standard,train
621,HIGHUSDT,2025-02-02 08:00:00+00:00,2025-02-03 04:00:00+00:00,34.2059,6.9488,standard,train
622,HIGHUSDT,2025-03-03 05:00:00+00:00,2025-03-04 01:00:00+00:00,18.6712,2.6871,standard,train
623,HIGHUSDT,2025-03-08 19:00:00+00:00,2025-03-09 18:00:00+00:00,15.4772,2.1716,standard,train
624,HIGHUSDT,2025-03-10 12:00:00+00:00,2025-03-11 00:00:00+00:00,16.5989,2.8753,standard,train
625,HIGHUSDT,2025-04-06 08:00:00+00:00,2025-04-07 06:00:00+00:00,20.1255,5.3987,standard,train
626,HIGHUSDT,2025-04-19 15:00:00+00:00,2025-04-20 10:00:00+00:00,16.9286,48.8114,standard,train
627,HIGHUSDT,2025-10-10 05:00:00+00:00,2025-10-11 01:00:00+00:00,37.3638,7.6705,standard,train
628,HIGHUSDT,2025-10-16 12:00:00+00:00,2025-10-17 08:00:00+00:00,16.1355,2.8575,standard,train
629,HIGHUSDT,2025-11-08 16:00:00+00:00,2025-11-09 14:00:00+00:00,22.1805,41.7135,standard,test
630,HIGHUSDT,2025-11-20 12:00:00+00:00,2025-11-21 11:00:00+00:00,17.3191,2.8781,standard,test
631,HIGHUSDT,2026-04-18 09:00:00+00:00,2026-04-19 05:00:00+00:00,49.7581,394.5395,standard,test
632,HIGHUSDT,2026-04-19 08:00:00+00:00,2026-04-19 23:00:00+00:00,38.1848,155.3685,standard,test
633,HIGHUSDT,2026-04-20 05:00:00+00:00,2026-04-20 14:00:00+00:00,19.3453,70.9898,standard,test
634,HIGHUSDT,2026-04-22 07:00:00+00:00,2026-04-23 07:00:00+00:00,18.7737,17.8617,standard,test
635,HIGHUSDT,2026-04-25 07:00:00+00:00,2026-04-26 04:00:00+00:00,16.015,10.4959,standard,test
636,HIGHUSDT,2026-04-26 08:00:00+00:00,2026-04-27 05:00:00+00:00,24.876,19.9832,standard,test
637,HIGHUSDT,2026-05-05 23:00:00+00:00,2026-05-06 16:00:00+00:00,20.0887,2.6234,standard,test
638,HIGHUSDT,2026-05-25 17:00:00+00:00,2026-05-26 17:00:00+00:00,24.2247,4.4026,standard,test
639,HIGHUSDT,2024-06-08 03:00:00+00:00,2024-06-08 04:00:00+00:00,10.5247,14.8448,fast,train
640,HIGHUSDT,2025-02-03 00:00:00+00:00,2025-02-03 01:00:00+00:00,13.1092,23.9612,fast,train
641,HIGHUSDT,2025-10-10 20:00:00+00:00,2025-10-10 21:00:00+00:00,17.1196,69.8138,fast,train
642,HIGHUSDT,2025-11-30 23:00:00+00:00,2025-12-01 00:00:00+00:00,10.9557,26.7331,fast,test
643,HIGHUSDT,2026-04-18 13:00:00+00:00,2026-04-18 14:00:00+00:00,11.1015,566.9634,fast,test
644,HIGHUSDT,2026-04-18 17:00:00+00:00,2026-04-18 18:00:00+00:00,17.0822,603.2899,fast,test
645,HIGHUSDT,2026-04-19 00:00:00+00:00,2026-04-19 01:00:00+00:00,11.344,412.7232,fast,test
646,HIGHUSDT,2026-04-19 08:00:00+00:00,2026-04-19 09:00:00+00:00,25.5121,655.3559,fast,test
647,HIGHUSDT,2026-04-26 08:00:00+00:00,2026-04-26 09:00:00+00:00,12.8987,129.7141,fast,test
648,HIGHUSDT,2026-05-06 03:00:00+00:00,2026-05-06 04:00:00+00:00,11.6924,14.6316,fast,test
649,HYPEUSDT,2025-10-10 13:00:00+00:00,2025-10-11 01:00:00+00:00,17.903,3.9239,standard,train
650,HYPEUSDT,2025-11-20 11:00:00+00:00,2025-11-21 11:00:00+00:00,17.3136,2.159,standard,test
651,HYPEUSDT,2026-01-29 13:00:00+00:00,2026-01-30 02:00:00+00:00,15.7646,4.8681,standard,test
652,ICPUSDT,2024-06-17 01:00:00+00:00,2024-06-18 01:00:00+00:00,15.0873,2.6293,standard,train
653,ICPUSDT,2024-07-04 04:00:00+00:00,2024-07-05 03:00:00+00:00,16.5893,3.7522,standard,train
654,ICPUSDT,2024-08-04 12:00:00+00:00,2024-08-05 12:00:00+00:00,18.557,3.802,standard,train
655,ICPUSDT,2024-11-12 08:00:00+00:00,2024-11-13 06:00:00+00:00,15.2769,4.1075,standard,train
656,ICPUSDT,2024-12-09 18:00:00+00:00,2024-12-10 17:00:00+00:00,18.0901,2.476,standard,train
657,ICPUSDT,2024-12-19 13:00:00+00:00,2024-12-20 11:00:00+00:00,19.4532,2.0894,standard,train
658,ICPUSDT,2025-02-02 05:00:00+00:00,2025-02-03 04:00:00+00:00,27.3298,4.5881,standard,train
659,ICPUSDT,2025-03-03 01:00:00+00:00,2025-03-04 01:00:00+00:00,17.0153,2.1731,standard,train
660,ICPUSDT,2025-04-06 06:00:00+00:00,2025-04-07 06:00:00+00:00,15.9547,3.6309,standard,train
661,ICPUSDT,2025-10-10 12:00:00+00:00,2025-10-10 22:00:00+00:00,36.0243,7.6497,standard,train
662,ICPUSDT,2025-11-04 19:00:00+00:00,2025-11-05 10:00:00+00:00,19.5114,11.4307,standard,test
663,ICPUSDT,2025-11-08 20:00:00+00:00,2025-11-09 12:00:00+00:00,24.0655,9.5552,standard,test
664,ICPUSDT,2025-11-09 19:00:00+00:00,2025-11-10 15:00:00+00:00,16.1924,5.5974,standard,test
665,ICPUSDT,2025-11-11 03:00:00+00:00,2025-11-12 00:00:00+00:00,19.1695,3.9625,standard,test
666,ICPUSDT,2026-02-05 00:00:00+00:00,2026-02-06 00:00:00+00:00,15.3552,3.0581,standard,test
667,ICPUSDT,2025-02-03 00:00:00+00:00,2025-02-03 01:00:00+00:00,13.3996,15.8826,fast,train
668,ICPUSDT,2025-10-10 20:00:00+00:00,2025-10-10 21:00:00+00:00,22.4844,51.4831,fast,train
669,ICPUSDT,2025-11-09 01:00:00+00:00,2025-11-09 02:00:00+00:00,11.5544,22.2601,fast,test
670,INJUSDT,2024-06-17 01:00:00+00:00,2024-06-18 01:00:00+00:00,19.7895,4.3656,standard,train
671,INJUSDT,2024-08-04 12:00:00+00:00,2024-08-05 12:00:00+00:00,25.7932,4.9535,standard,train
672,INJUSDT,2024-10-01 03:00:00+00:00,2024-10-02 00:00:00+00:00,17.1124,2.529,standard,train
673,INJUSDT,2024-12-09 18:00:00+00:00,2024-12-10 17:00:00+00:00,17.6071,2.2812,standard,train
674,INJUSDT,2024-12-19 11:00:00+00:00,2024-12-20 11:00:00+00:00,24.3077,2.2229,standard,train
675,INJUSDT,2025-01-19 02:00:00+00:00,2025-01-20 00:00:00+00:00,16.936,3.1004,standard,train
676,INJUSDT,2025-02-02 05:00:00+00:00,2025-02-03 02:00:00+00:00,32.7844,4.2648,standard,train
677,INJUSDT,2025-02-24 11:00:00+00:00,2025-02-25 09:00:00+00:00,15.3268,2.4993,standard,train
678,INJUSDT,2025-03-03 05:00:00+00:00,2025-03-04 02:00:00+00:00,22.532,2.0449,standard,train
679,INJUSDT,2025-03-09 04:00:00+00:00,2025-03-09 22:00:00+00:00,15.9986,2.1778,standard,train
680,INJUSDT,2025-03-10 11:00:00+00:00,2025-03-11 00:00:00+00:00,18.3644,2.63,standard,train
681,INJUSDT,2025-04-06 08:00:00+00:00,2025-04-07 06:00:00+00:00,21.1898,3.6497,standard,train
682,INJUSDT,2025-05-30 09:00:00+00:00,2025-05-31 02:00:00+00:00,18.9182,2.4118,standard,train
683,INJUSDT,2025-10-10 13:00:00+00:00,2025-10-10 21:00:00+00:00,37.2223,7.8242,standard,train
684,INJUSDT,2025-10-16 10:00:00+00:00,2025-10-17 08:00:00+00:00,15.5286,2.7779,standard,train
685,INJUSDT,2025-11-20 12:00:00+00:00,2025-11-21 11:00:00+00:00,20.8643,2.675,standard,test
686,INJUSDT,2026-01-30 18:00:00+00:00,2026-01-31 18:00:00+00:00,15.9449,2.6544,standard,test
687,INJUSDT,2026-02-05 01:00:00+00:00,2026-02-06 00:00:00+00:00,16.3388,5.7786,standard,test
688,INJUSDT,2026-05-13 10:00:00+00:00,2026-05-14 02:00:00+00:00,16.0869,14.589,standard,test
689,INJUSDT,2025-02-03 00:00:00+00:00,2025-02-03 01:00:00+00:00,12.7444,11.6747,fast,train
690,INJUSDT,2025-10-10 20:00:00+00:00,2025-10-10 21:00:00+00:00,25.7052,59.0629,fast,train
691,IOUSDT,2024-08-04 12:00:00+00:00,2024-08-05 12:00:00+00:00,25.4923,3.4479,standard,train
692,IOUSDT,2024-08-07 08:00:00+00:00,2024-08-08 00:00:00+00:00,17.1867,2.314,standard,train
693,IOUSDT,2024-10-01 03:00:00+00:00,2024-10-01 22:00:00+00:00,19.2691,2.4286,standard,train
694,IOUSDT,2024-10-25 11:00:00+00:00,2024-10-26 01:00:00+00:00,15.3963,2.064,standard,train
695,IOUSDT,2024-11-12 03:00:00+00:00,2024-11-13 03:00:00+00:00,15.289,3.6719,standard,train
696,IOUSDT,2024-12-19 11:00:00+00:00,2024-12-20 11:00:00+00:00,26.3106,2.6631,standard,train
697,IOUSDT,2025-01-19 02:00:00+00:00,2025-01-20 00:00:00+00:00,15.4971,2.1005,standard,train
698,IOUSDT,2025-02-01 03:00:00+00:00,2025-02-02 03:00:00+00:00,33.6209,4.172,standard,train
699,IOUSDT,2025-02-03 22:00:00+00:00,2025-02-04 21:00:00+00:00,15.331,2.912,standard,train
700,IOUSDT,2025-03-10 11:00:00+00:00,2025-03-11 00:00:00+00:00,17.602,2.3945,standard,train
701,IOUSDT,2025-04-06 08:00:00+00:00,2025-04-07 06:00:00+00:00,16.6267,2.9305,standard,train
702,IOUSDT,2025-07-23 08:00:00+00:00,2025-07-24 06:00:00+00:00,15.0847,2.0739,standard,train
703,IOUSDT,2025-09-15 06:00:00+00:00,2025-09-16 01:00:00+00:00,15.1528,4.7288,standard,train
704,IOUSDT,2025-10-10 12:00:00+00:00,2025-10-11 01:00:00+00:00,42.4693,6.7071,standard,train
705,IOUSDT,2025-11-20 12:00:00+00:00,2025-11-21 11:00:00+00:00,19.0893,2.4638,standard,test
706,IOUSDT,2026-02-05 01:00:00+00:00,2026-02-06 00:00:00+00:00,18.1818,2.2028,standard,test
707,IOUSDT,2026-05-06 07:00:00+00:00,2026-05-07 00:00:00+00:00,29.2412,93.143,standard,test
708,IOUSDT,2025-02-01 22:00:00+00:00,2025-02-01 23:00:00+00:00,11.1514,21.0908,fast,train
709,IOUSDT,2025-02-03 00:00:00+00:00,2025-02-03 01:00:00+00:00,12.1983,14.3599,fast,train
710,IOUSDT,2025-10-10 20:00:00+00:00,2025-10-10 21:00:00+00:00,29.9168,32.0276,fast,train
711,IOUSDT,2026-05-06 07:00:00+00:00,2026-05-06 08:00:00+00:00,17.0614,456.4417,fast,test
712,JTOUSDT,2024-07-04 03:00:00+00:00,2024-07-05 03:00:00+00:00,20.3514,3.5861,standard,train
713,JTOUSDT,2024-08-04 06:00:00+00:00,2024-08-05 06:00:00+00:00,15.0211,2.2879,standard,train
714,JTOUSDT,2025-01-19 04:00:00+00:00,2025-01-20 02:00:00+00:00,17.1774,7.0439,standard,train
715,JTOUSDT,2025-01-26 17:00:00+00:00,2025-01-27 10:00:00+00:00,17.5809,2.1779,standard,train
716,JTOUSDT,2025-02-02 08:00:00+00:00,2025-02-03 02:00:00+00:00,19.23,2.1586,standard,train
717,JTOUSDT,2025-02-04 17:00:00+00:00,2025-02-05 17:00:00+00:00,18.4371,2.0413,standard,train
718,JTOUSDT,2025-02-06 04:00:00+00:00,2025-02-06 15:00:00+00:00,16.462,2.3286,standard,train
719,JTOUSDT,2025-02-21 10:00:00+00:00,2025-02-22 07:00:00+00:00,17.2558,5.5947,standard,train
720,JTOUSDT,2025-03-03 17:00:00+00:00,2025-03-04 13:00:00+00:00,20.6699,2.2921,standard,train
721,JTOUSDT,2025-04-06 06:00:00+00:00,2025-04-07 06:00:00+00:00,18.9418,3.1797,standard,train
722,JTOUSDT,2025-10-10 13:00:00+00:00,2025-10-10 22:00:00+00:00,38.0841,7.638,standard,train
723,JTOUSDT,2025-10-30 02:00:00+00:00,2025-10-30 18:00:00+00:00,15.8996,2.1276,standard,train
724,JTOUSDT,2025-11-02 23:00:00+00:00,2025-11-03 20:00:00+00:00,16.8473,2.2332,standard,test
725,JTOUSDT,2025-11-13 14:00:00+00:00,2025-11-14 13:00:00+00:00,17.201,2.0645,standard,test
726,JTOUSDT,2025-11-20 12:00:00+00:00,2025-11-21 11:00:00+00:00,16.5023,2.6457,standard,test
727,JTOUSDT,2026-01-28 18:00:00+00:00,2026-01-29 15:00:00+00:00,23.0502,24.9975,standard,test
728,JTOUSDT,2026-01-30 19:00:00+00:00,2026-01-31 18:00:00+00:00,19.8363,5.1957,standard,test
729,JTOUSDT,2026-02-05 00:00:00+00:00,2026-02-06 00:00:00+00:00,18.6161,4.3016,standard,test
730,JTOUSDT,2026-05-07 17:00:00+00:00,2026-05-08 13:00:00+00:00,18.3667,33.7313,standard,test
731,JTOUSDT,2025-02-03 00:00:00+00:00,2025-02-03 01:00:00+00:00,10.8048,7.0954,fast,train
732,JTOUSDT,2025-10-10 20:00:00+00:00,2025-10-10 21:00:00+00:00,25.9628,51.2677,fast,train
733,LABUSDT,2025-10-30 06:00:00+00:00,2025-10-30 14:00:00+00:00,18.0461,15.1958,standard,train
734,LABUSDT,2025-10-31 02:00:00+00:00,2025-11-01 02:00:00+00:00,45.7556,13.6363,standard,train
735,LABUSDT,2025-11-02 20:00:00+00:00,2025-11-03 19:00:00+00:00,36.1308,4.3329,standard,test
736,LABUSDT,2025-11-07 12:00:00+00:00,2025-11-08 10:00:00+00:00,28.6877,2.4631,standard,test
737,LABUSDT,2025-11-29 00:00:00+00:00,2025-11-30 00:00:00+00:00,19.7829,2.1977,standard,test
738,LABUSDT,2025-12-08 08:00:00+00:00,2025-12-08 14:00:00+00:00,21.4777,8.5034,standard,test
739,LABUSDT,2025-12-11 11:00:00+00:00,2025-12-12 08:00:00+00:00,20.419,2.7669,standard,test
740,LABUSDT,2025-12-21 07:00:00+00:00,2025-12-21 14:00:00+00:00,21.8613,5.6836,standard,test
741,LABUSDT,2025-12-24 03:00:00+00:00,2025-12-24 15:00:00+00:00,21.4552,2.0916,standard,test
742,LABUSDT,2025-12-25 05:00:00+00:00,2025-12-26 05:00:00+00:00,25.8143,2.5999,standard,test
743,LABUSDT,2026-01-18 21:00:00+00:00,2026-01-19 21:00:00+00:00,28.2514,5.4025,standard,test
744,LABUSDT,2026-03-04 23:00:00+00:00,2026-03-05 23:00:00+00:00,25.7196,7.5262,standard,test
745,LABUSDT,2026-04-08 00:00:00+00:00,2026-04-08 15:00:00+00:00,19.9318,24.3472,standard,test
746,LABUSDT,2026-04-08 17:00:00+00:00,2026-04-08 18:00:00+00:00,15.806,15.2382,standard,test
747,LABUSDT,2026-04-11 02:00:00+00:00,2026-04-11 23:00:00+00:00,22.1166,6.7084,standard,test
748,LABUSDT,2026-04-14 02:00:00+00:00,2026-04-15 02:00:00+00:00,41.0926,6.1549,standard,test
749,LABUSDT,2026-04-18 00:00:00+00:00,2026-04-18 18:00:00+00:00,22.6961,2.0054,standard,test
750,LABUSDT,2026-04-19 13:00:00+00:00,2026-04-20 02:00:00+00:00,23.7517,2.0318,standard,test
751,LABUSDT,2026-04-24 04:00:00+00:00,2026-04-24 08:00:00+00:00,31.4756,7.2917,standard,test
752,LABUSDT,2026-04-24 09:00:00+00:00,2026-04-24 14:00:00+00:00,19.3328,2.7388,standard,test
753,LABUSDT,2026-04-25 20:00:00+00:00,2026-04-25 21:00:00+00:00,17.2712,5.1005,standard,test
754,LABUSDT,2026-04-26 09:00:00+00:00,2026-04-27 01:00:00+00:00,22.7649,2.1712,standard,test
755,LABUSDT,2026-05-02 21:00:00+00:00,2026-05-03 02:00:00+00:00,74.4146,32.8519,standard,test
756,LABUSDT,2026-05-03 03:00:00+00:00,2026-05-03 07:00:00+00:00,18.5345,22.8193,standard,test
757,LABUSDT,2026-05-03 09:00:00+00:00,2026-05-03 12:00:00+00:00,16.3335,17.7865,standard,test
758,LABUSDT,2026-05-03 21:00:00+00:00,2026-05-04 11:00:00+00:00,43.3901,12.3583,standard,test
759,LABUSDT,2026-05-05 09:00:00+00:00,2026-05-05 10:00:00+00:00,17.4575,5.8769,standard,test
760,LABUSDT,2026-05-06 10:00:00+00:00,2026-05-06 13:00:00+00:00,30.5684,7.6188,standard,test
761,LABUSDT,2026-05-07 06:00:00+00:00,2026-05-07 11:00:00+00:00,27.7748,3.8827,standard,test
762,LABUSDT,2026-05-11 18:00:00+00:00,2026-05-12 15:00:00+00:00,33.773,2.36,standard,test
763,LABUSDT,2026-05-14 17:00:00+00:00,2026-05-15 05:00:00+00:00,44.8116,3.2924,standard,test
764,LABUSDT,2025-10-22 10:00:00+00:00,2025-10-22 11:00:00+00:00,10.1506,2.0903,fast,train
765,LABUSDT,2025-10-23 09:00:00+00:00,2025-10-23 10:00:00+00:00,16.4788,3.8504,fast,train
766,LABUSDT,2025-10-30 21:00:00+00:00,2025-10-30 22:00:00+00:00,29.732,58.4259,fast,train
767,LABUSDT,2025-10-30 23:00:00+00:00,2025-10-31 00:00:00+00:00,15.5472,41.7338,fast,train
768,LABUSDT,2025-10-31 02:00:00+00:00,2025-10-31 03:00:00+00:00,10.5295,11.6702,fast,train
769,LABUSDT,2025-10-31 05:00:00+00:00,2025-10-31 06:00:00+00:00,14.9297,13.956,fast,train
770,LABUSDT,2025-10-31 07:00:00+00:00,2025-10-31 08:00:00+00:00,12.5038,18.0939,fast,train
771,LABUSDT,2025-11-07 12:00:00+00:00,2025-11-07 13:00:00+00:00,24.4471,21.2501,fast,test
772,LABUSDT,2025-11-07 15:00:00+00:00,2025-11-07 16:00:00+00:00,15.8588,3.9397,fast,test
773,LABUSDT,2025-12-08 08:00:00+00:00,2025-12-08 09:00:00+00:00,16.079,66.9243,fast,test
774,LABUSDT,2025-12-21 12:00:00+00:00,2025-12-21 13:00:00+00:00,10.5131,16.3466,fast,test
775,LABUSDT,2025-12-24 13:00:00+00:00,2025-12-24 14:00:00+00:00,11.0629,8.5954,fast,test
776,LABUSDT,2026-01-19 18:00:00+00:00,2026-01-19 19:00:00+00:00,13.7718,11.4786,fast,test
777,LABUSDT,2026-01-20 06:00:00+00:00,2026-01-20 07:00:00+00:00,17.3566,23.6036,fast,test
778,LABUSDT,2026-03-05 17:00:00+00:00,2026-03-05 18:00:00+00:00,13.673,36.4694,fast,test
779,LABUSDT,2026-04-08 14:00:00+00:00,2026-04-08 15:00:00+00:00,10.3674,41.647,fast,test
780,LABUSDT,2026-04-08 17:00:00+00:00,2026-04-08 18:00:00+00:00,15.806,87.3747,fast,test
781,LABUSDT,2026-04-14 02:00:00+00:00,2026-04-14 03:00:00+00:00,10.4085,14.5803,fast,test
782,LABUSDT,2026-04-14 05:00:00+00:00,2026-04-14 06:00:00+00:00,11.5268,8.5095,fast,test
783,LABUSDT,2026-04-14 16:00:00+00:00,2026-04-14 17:00:00+00:00,10.6714,19.9385,fast,test
784,LABUSDT,2026-04-24 04:00:00+00:00,2026-04-24 05:00:00+00:00,23.0887,47.1529,fast,test
785,LABUSDT,2026-04-24 07:00:00+00:00,2026-04-24 08:00:00+00:00,11.0812,13.5894,fast,test
786,LABUSDT,2026-04-25 20:00:00+00:00,2026-04-25 21:00:00+00:00,17.2712,13.1312,fast,test
787,LABUSDT,2026-05-02 05:00:00+00:00,2026-05-02 06:00:00+00:00,17.9421,64.0182,fast,test
788,LABUSDT,2026-05-02 16:00:00+00:00,2026-05-02 17:00:00+00:00,30.3962,41.796,fast,test
789,LABUSDT,2026-05-02 21:00:00+00:00,2026-05-02 22:00:00+00:00,27.325,46.6146,fast,test
790,LABUSDT,2026-05-03 01:00:00+00:00,2026-05-03 02:00:00+00:00,38.8769,62.4649,fast,test
791,LABUSDT,2026-05-03 22:00:00+00:00,2026-05-03 23:00:00+00:00,11.7011,14.4487,fast,test
792,LABUSDT,2026-05-04 01:00:00+00:00,2026-05-04 02:00:00+00:00,16.935,15.9552,fast,test
793,LABUSDT,2026-05-04 06:00:00+00:00,2026-05-04 07:00:00+00:00,12.6015,14.1085,fast,test
794,LABUSDT,2026-05-05 09:00:00+00:00,2026-05-05 10:00:00+00:00,17.4575,19.2396,fast,test
795,LABUSDT,2026-05-06 12:00:00+00:00,2026-05-06 13:00:00+00:00,28.8491,35.7098,fast,test
796,LABUSDT,2026-05-07 10:00:00+00:00,2026-05-07 11:00:00+00:00,24.025,23.3436,fast,test
797,LABUSDT,2026-05-11 18:00:00+00:00,2026-05-11 19:00:00+00:00,18.2341,10.7694,fast,test
798,LABUSDT,2026-05-15 04:00:00+00:00,2026-05-15 05:00:00+00:00,38.6603,26.7748,fast,test
799,LINKUSDT,2024-07-04 08:00:00+00:00,2024-07-05 08:00:00+00:00,15.6552,3.8804,standard,train
800,LINKUSDT,2024-08-04 12:00:00+00:00,2024-08-05 12:00:00+00:00,28.585,8.6779,standard,train
801,LINKUSDT,2024-12-09 05:00:00+00:00,2024-12-10 02:00:00+00:00,20.6009,2.988,standard,train
802,LINKUSDT,2024-12-19 14:00:00+00:00,2024-12-20 11:00:00+00:00,18.2953,2.012,standard,train
803,LINKUSDT,2025-01-26 19:00:00+00:00,2025-01-27 10:00:00+00:00,15.202,2.0337,standard,train
804,LINKUSDT,2025-02-02 08:00:00+00:00,2025-02-03 04:00:00+00:00,25.4459,3.9591,standard,train
805,LINKUSDT,2025-03-03 13:00:00+00:00,2025-03-04 13:00:00+00:00,19.6543,2.6134,standard,train
806,LINKUSDT,2025-04-06 06:00:00+00:00,2025-04-07 06:00:00+00:00,19.4567,2.7341,standard,train
807,LINKUSDT,2025-10-10 13:00:00+00:00,2025-10-10 22:00:00+00:00,25.8033,5.8703,standard,train
808,LINKUSDT,2025-02-03 00:00:00+00:00,2025-02-03 01:00:00+00:00,11.4918,9.7698,fast,train
809,LINKUSDT,2025-10-10 20:00:00+00:00,2025-10-10 21:00:00+00:00,12.8887,35.3157,fast,train
810,LITUSDT,2025-12-29 09:00:00+00:00,2025-12-30 07:00:00+00:00,31.234,13.7196,standard,test
811,LITUSDT,2025-12-31 10:00:00+00:00,2026-01-01 00:00:00+00:00,15.3021,4.4008,standard,test
812,LITUSDT,2026-01-12 05:00:00+00:00,2026-01-13 03:00:00+00:00,22.2761,3.3107,standard,test
813,LITUSDT,2026-01-14 19:00:00+00:00,2026-01-15 17:00:00+00:00,20.6912,4.8025,standard,test
814,LITUSDT,2026-05-22 06:00:00+00:00,2026-05-23 06:00:00+00:00,19.7384,6.4752,standard,test
815,LITUSDT,2026-05-25 23:00:00+00:00,2026-05-26 21:00:00+00:00,15.1429,3.8559,standard,test
816,LITUSDT,2025-12-30 04:00:00+00:00,2025-12-30 05:00:00+00:00,13.602,26.0752,fast,test
817,LTCUSDT,2024-07-04 09:00:00+00:00,2024-07-05 08:00:00+00:00,17.6142,5.9926,standard,train
818,LTCUSDT,2024-08-04 12:00:00+00:00,2024-08-05 12:00:00+00:00,21.5538,6.1904,standard,train
819,LTCUSDT,2024-12-08 23:00:00+00:00,2024-12-09 21:00:00+00:00,19.1615,2.1739,standard,train
820,LTCUSDT,2024-12-18 01:00:00+00:00,2024-12-19 01:00:00+00:00,16.0686,2.3601,standard,train
821,LTCUSDT,2024-12-19 11:00:00+00:00,2024-12-20 11:00:00+00:00,21.9585,2.3096,standard,train
822,LTCUSDT,2025-02-02 02:00:00+00:00,2025-02-03 02:00:00+00:00,24.1601,3.3616,standard,train
823,LTCUSDT,2025-04-06 08:00:00+00:00,2025-04-07 06:00:00+00:00,22.0755,3.8629,standard,train
824,LTCUSDT,2025-10-10 13:00:00+00:00,2025-10-11 01:00:00+00:00,28.1913,9.4525,standard,train
825,LTCUSDT,2026-02-05 00:00:00+00:00,2026-02-06 00:00:00+00:00,15.8848,4.5234,standard,test
826,LTCUSDT,2025-02-03 00:00:00+00:00,2025-02-03 01:00:00+00:00,11.8993,11.205,fast,train
827,LTCUSDT,2025-10-10 20:00:00+00:00,2025-10-10 21:00:00+00:00,18.3643,56.0114,fast,train
828,NEARUSDT,2024-06-17 01:00:00+00:00,2024-06-18 01:00:00+00:00,16.4743,2.6061,standard,train
829,NEARUSDT,2024-07-04 09:00:00+00:00,2024-07-05 08:00:00+00:00,18.5468,3.4559,standard,train
830,NEARUSDT,2024-08-04 12:00:00+00:00,2024-08-05 12:00:00+00:00,28.0054,5.7227,standard,train
831,NEARUSDT,2024-12-09 05:00:00+00:00,2024-12-10 02:00:00+00:00,16.8636,2.0306,standard,train
832,NEARUSDT,2024-12-19 11:00:00+00:00,2024-12-20 11:00:00+00:00,21.7279,2.1982,standard,train
833,NEARUSDT,2025-01-19 01:00:00+00:00,2025-01-20 00:00:00+00:00,15.2434,3.4974,standard,train
834,NEARUSDT,2025-02-02 02:00:00+00:00,2025-02-03 02:00:00+00:00,29.5821,5.326,standard,train
835,NEARUSDT,2025-02-24 07:00:00+00:00,2025-02-25 07:00:00+00:00,15.0955,2.3958,standard,train
836,NEARUSDT,2025-03-03 16:00:00+00:00,2025-03-04 16:00:00+00:00,18.5242,3.2807,standard,train
837,NEARUSDT,2025-03-10 12:00:00+00:00,2025-03-11 00:00:00+00:00,16.5658,2.6782,standard,train
838,NEARUSDT,2025-04-06 08:00:00+00:00,2025-04-07 07:00:00+00:00,17.5104,3.586,standard,train
839,NEARUSDT,2025-10-10 12:00:00+00:00,2025-10-11 01:00:00+00:00,26.1006,6.0488,standard,train
840,NEARUSDT,2025-11-20 12:00:00+00:00,2025-11-21 11:00:00+00:00,19.4232,2.2448,standard,test
841,NEARUSDT,2026-02-05 00:00:00+00:00,2026-02-06 00:00:00+00:00,17.9221,6.2403,standard,test
842,NEARUSDT,2025-02-03 00:00:00+00:00,2025-02-03 01:00:00+00:00,13.2684,20.1404,fast,train
843,NEARUSDT,2025-10-10 20:00:00+00:00,2025-10-10 21:00:00+00:00,15.3017,36.1627,fast,train
844,NILUSDT,2025-05-12 04:00:00+00:00,2025-05-13 03:00:00+00:00,21.6869,2.6523,standard,train
845,NILUSDT,2025-05-26 15:00:00+00:00,2025-05-27 01:00:00+00:00,15.8297,2.1975,standard,train
846,NILUSDT,2025-07-31 09:00:00+00:00,2025-08-01 09:00:00+00:00,15.0437,2.6769,standard,train
847,NILUSDT,2025-10-10 12:00:00+00:00,2025-10-11 06:00:00+00:00,38.3057,8.7315,standard,train
848,NILUSDT,2025-10-11 16:00:00+00:00,2025-10-12 01:00:00+00:00,16.1519,3.0972,standard,train
849,NILUSDT,2025-10-16 12:00:00+00:00,2025-10-17 10:00:00+00:00,15.3636,3.909,standard,train
850,NILUSDT,2025-11-02 23:00:00+00:00,2025-11-03 23:00:00+00:00,21.5944,2.1233,standard,test
851,NILUSDT,2025-11-18 19:00:00+00:00,2025-11-19 18:00:00+00:00,50.9363,38.9061,standard,test
852,NILUSDT,2025-11-20 23:00:00+00:00,2025-11-21 22:00:00+00:00,25.2549,19.7842,standard,test
853,NILUSDT,2025-11-30 18:00:00+00:00,2025-12-01 16:00:00+00:00,16.4229,2.3031,standard,test
854,NILUSDT,2025-12-10 04:00:00+00:00,2025-12-11 03:00:00+00:00,16.5648,3.6381,standard,test
855,NILUSDT,2025-12-23 12:00:00+00:00,2025-12-24 07:00:00+00:00,20.9698,2.8951,standard,test
856,NILUSDT,2026-02-05 09:00:00+00:00,2026-02-06 00:00:00+00:00,15.5283,2.2499,standard,test
857,NILUSDT,2026-02-11 10:00:00+00:00,2026-02-11 22:00:00+00:00,20.1965,59.4763,standard,test
858,NILUSDT,2026-02-27 11:00:00+00:00,2026-02-28 09:00:00+00:00,16.3667,2.1665,standard,test
859,NILUSDT,2026-03-23 13:00:00+00:00,2026-03-24 04:00:00+00:00,15.5459,2.7969,standard,test
860,NILUSDT,2026-05-07 22:00:00+00:00,2026-05-08 01:00:00+00:00,36.8115,117.4833,standard,test
861,NILUSDT,2026-05-21 00:00:00+00:00,2026-05-21 09:00:00+00:00,19.431,6.926,standard,test
862,NILUSDT,2026-05-21 21:00:00+00:00,2026-05-22 19:00:00+00:00,19.7947,4.0556,standard,test
863,NILUSDT,2026-05-25 17:00:00+00:00,2026-05-26 07:00:00+00:00,20.8954,8.8566,standard,test
864,NILUSDT,2026-05-26 16:00:00+00:00,2026-05-27 11:00:00+00:00,17.2239,3.5802,standard,test
865,NILUSDT,2025-11-19 17:00:00+00:00,2025-11-19 18:00:00+00:00,36.9519,517.2858,fast,test
866,NILUSDT,2026-05-08 00:00:00+00:00,2026-05-08 01:00:00+00:00,16.9152,313.9963,fast,test
867,ONDOUSDT,2024-07-04 04:00:00+00:00,2024-07-05 02:00:00+00:00,18.297,2.9194,standard,train
868,ONDOUSDT,2024-08-04 12:00:00+00:00,2024-08-05 12:00:00+00:00,30.7765,7.4506,standard,train
869,ONDOUSDT,2024-12-19 11:00:00+00:00,2024-12-20 11:00:00+00:00,22.6978,2.5417,standard,train
870,ONDOUSDT,2025-01-18 00:00:00+00:00,2025-01-18 16:00:00+00:00,18.1162,5.1959,standard,train
871,ONDOUSDT,2025-02-02 01:00:00+00:00,2025-02-03 01:00:00+00:00,23.643,2.4586,standard,train
872,ONDOUSDT,2025-03-03 13:00:00+00:00,2025-03-04 13:00:00+00:00,23.5501,2.0989,standard,train
873,ONDOUSDT,2025-03-06 03:00:00+00:00,2025-03-07 00:00:00+00:00,15.5343,2.2875,standard,train
874,ONDOUSDT,2025-03-10 11:00:00+00:00,2025-03-11 00:00:00+00:00,15.382,2.0161,standard,train
875,ONDOUSDT,2025-04-06 06:00:00+00:00,2025-04-07 06:00:00+00:00,15.605,2.2615,standard,train
876,ONDOUSDT,2025-10-10 13:00:00+00:00,2025-10-10 21:00:00+00:00,30.6175,7.6228,standard,train
877,ONDOUSDT,2025-11-20 12:00:00+00:00,2025-11-21 11:00:00+00:00,16.6789,2.4919,standard,test
878,ONDOUSDT,2026-02-04 20:00:00+00:00,2026-02-05 20:00:00+00:00,17.6363,3.3844,standard,test
879,ONDOUSDT,2026-05-22 13:00:00+00:00,2026-05-23 07:00:00+00:00,17.3278,4.1488,standard,test
880,ONDOUSDT,2024-07-05 01:00:00+00:00,2024-07-05 02:00:00+00:00,11.8092,10.3944,fast,train
881,ONDOUSDT,2025-02-03 00:00:00+00:00,2025-02-03 01:00:00+00:00,14.3375,9.8709,fast,train
882,ONDOUSDT,2025-10-10 20:00:00+00:00,2025-10-10 21:00:00+00:00,18.998,57.7392,fast,train
883,OPGUSDT,2026-05-22 07:00:00+00:00,2026-05-23 06:00:00+00:00,29.5524,3.1913,standard,test
884,OPGUSDT,2026-05-26 21:00:00+00:00,2026-05-27 21:00:00+00:00,15.707,3.0789,standard,test
885,OPGUSDT,2026-04-24 10:00:00+00:00,2026-04-24 11:00:00+00:00,12.1906,3.794,fast,test
886,OPGUSDT,2026-05-22 01:00:00+00:00,2026-05-22 02:00:00+00:00,11.0083,16.1006,fast,test
887,PENDLEUSDT,2024-07-02 09:00:00+00:00,2024-07-03 09:00:00+00:00,18.5587,6.5997,standard,train
888,PENDLEUSDT,2024-07-04 17:00:00+00:00,2024-07-05 03:00:00+00:00,19.8391,5.6963,standard,train
889,PENDLEUSDT,2024-08-04 12:00:00+00:00,2024-08-05 10:00:00+00:00,32.6748,4.7871,standard,train
890,PENDLEUSDT,2024-11-11 14:00:00+00:00,2024-11-12 12:00:00+00:00,15.1119,3.0961,standard,train
891,PENDLEUSDT,2024-12-19 11:00:00+00:00,2024-12-20 11:00:00+00:00,28.2764,3.1467,standard,train
892,PENDLEUSDT,2025-01-13 00:00:00+00:00,2025-01-13 11:00:00+00:00,16.3013,3.1423,standard,train
893,PENDLEUSDT,2025-02-02 01:00:00+00:00,2025-02-03 01:00:00+00:00,32.1065,3.5458,standard,train
894,PENDLEUSDT,2025-02-07 14:00:00+00:00,2025-02-08 10:00:00+00:00,16.994,5.0854,standard,train
895,PENDLEUSDT,2025-04-02 18:00:00+00:00,2025-04-03 12:00:00+00:00,16.6703,4.1914,standard,train
896,PENDLEUSDT,2025-04-06 06:00:00+00:00,2025-04-07 06:00:00+00:00,21.3279,2.9291,standard,train
897,PENDLEUSDT,2025-10-10 05:00:00+00:00,2025-10-10 21:00:00+00:00,29.3738,5.8407,standard,train
898,PENDLEUSDT,2025-11-13 23:00:00+00:00,2025-11-14 23:00:00+00:00,15.69,2.1764,standard,test
899,PENDLEUSDT,2026-01-30 18:00:00+00:00,2026-01-31 17:00:00+00:00,15.7955,2.9777,standard,test
900,PENDLEUSDT,2026-02-04 20:00:00+00:00,2026-02-05 20:00:00+00:00,22.768,4.1956,standard,test
901,PENDLEUSDT,2025-02-03 00:00:00+00:00,2025-02-03 01:00:00+00:00,10.3552,14.1007,fast,train
902,PENDLEUSDT,2025-10-10 20:00:00+00:00,2025-10-10 21:00:00+00:00,16.89,40.4704,fast,train
903,PENGUUSDT,2025-01-19 19:00:00+00:00,2025-01-20 00:00:00+00:00,18.4492,2.1487,standard,train
904,PENGUUSDT,2025-01-27 22:00:00+00:00,2025-01-28 22:00:00+00:00,27.8763,3.4753,standard,train
905,PENGUUSDT,2025-02-02 06:00:00+00:00,2025-02-03 04:00:00+00:00,28.7454,3.0716,standard,train
906,PENGUUSDT,2025-04-28 05:00:00+00:00,2025-04-29 04:00:00+00:00,18.3115,4.7321,standard,train
907,PENGUUSDT,2025-05-14 19:00:00+00:00,2025-05-15 14:00:00+00:00,21.5482,2.5106,standard,train
908,PENGUUSDT,2025-10-10 12:00:00+00:00,2025-10-10 21:00:00+00:00,35.4923,4.6694,standard,train
909,PENGUUSDT,2025-11-20 12:00:00+00:00,2025-11-21 11:00:00+00:00,19.6168,2.5057,standard,test
910,PENGUUSDT,2026-01-30 23:00:00+00:00,2026-01-31 18:00:00+00:00,17.2239,2.0424,standard,test
911,PENGUUSDT,2026-02-04 20:00:00+00:00,2026-02-05 20:00:00+00:00,18.8977,2.9845,standard,test
912,PENGUUSDT,2025-02-03 00:00:00+00:00,2025-02-03 01:00:00+00:00,12.7012,8.1061,fast,train
913,PENGUUSDT,2025-07-02 06:00:00+00:00,2025-07-02 07:00:00+00:00,11.6783,38.8779,fast,train
914,PENGUUSDT,2025-10-10 20:00:00+00:00,2025-10-10 21:00:00+00:00,20.3472,26.7496,fast,train
915,PLAYUSDT,2025-08-07 07:00:00+00:00,2025-08-08 06:00:00+00:00,42.1359,8.6036,standard,train
916,PLAYUSDT,2025-08-31 22:00:00+00:00,2025-09-01 22:00:00+00:00,25.0087,2.2118,standard,train
917,PLAYUSDT,2025-10-10 14:00:00+00:00,2025-10-10 21:00:00+00:00,39.8379,6.1572,standard,train
918,PLAYUSDT,2025-10-14 05:00:00+00:00,2025-10-15 03:00:00+00:00,17.7717,5.1788,standard,train
919,PLAYUSDT,2025-12-29 06:00:00+00:00,2025-12-30 06:00:00+00:00,16.5725,13.2905,standard,test
920,PLAYUSDT,2026-01-29 11:00:00+00:00,2026-01-30 09:00:00+00:00,23.7855,16.203,standard,test
921,PLAYUSDT,2026-02-03 13:00:00+00:00,2026-02-04 05:00:00+00:00,21.503,6.0756,standard,test
922,PLAYUSDT,2026-02-11 16:00:00+00:00,2026-02-12 16:00:00+00:00,34.9823,2.3078,standard,test
923,PLAYUSDT,2026-02-14 18:00:00+00:00,2026-02-15 14:00:00+00:00,32.1622,7.5397,standard,test
924,PLAYUSDT,2026-02-18 15:00:00+00:00,2026-02-19 14:00:00+00:00,20.3287,3.8913,standard,test
925,PLAYUSDT,2026-02-22 05:00:00+00:00,2026-02-23 04:00:00+00:00,21.9184,8.3764,standard,test
926,PLAYUSDT,2026-03-12 01:00:00+00:00,2026-03-12 22:00:00+00:00,19.3383,11.2827,standard,test
927,PLAYUSDT,2026-03-13 01:00:00+00:00,2026-03-14 00:00:00+00:00,19.9088,3.8838,standard,test
928,PLAYUSDT,2026-03-20 09:00:00+00:00,2026-03-20 12:00:00+00:00,19.5206,4.3311,standard,test
929,PLAYUSDT,2026-03-30 04:00:00+00:00,2026-03-30 22:00:00+00:00,18.368,11.9906,standard,test
930,PLAYUSDT,2026-04-05 00:00:00+00:00,2026-04-05 20:00:00+00:00,16.7227,6.0679,standard,test
931,PLAYUSDT,2026-04-15 19:00:00+00:00,2026-04-16 19:00:00+00:00,42.9697,9.5313,standard,test
932,PLAYUSDT,2026-04-24 08:00:00+00:00,2026-04-25 08:00:00+00:00,18.5088,2.1549,standard,test
933,PLAYUSDT,2026-05-06 23:00:00+00:00,2026-05-07 22:00:00+00:00,59.0262,12.1069,standard,test
934,PLAYUSDT,2026-05-10 08:00:00+00:00,2026-05-10 21:00:00+00:00,25.1032,7.3138,standard,test
935,PLAYUSDT,2026-05-12 03:00:00+00:00,2026-05-13 02:00:00+00:00,20.1214,3.2438,standard,test
936,PLAYUSDT,2026-05-15 11:00:00+00:00,2026-05-16 09:00:00+00:00,24.8541,5.1367,standard,test
937,PLAYUSDT,2026-05-20 12:00:00+00:00,2026-05-20 22:00:00+00:00,46.1023,16.3797,standard,test
938,PLAYUSDT,2026-05-23 03:00:00+00:00,2026-05-24 03:00:00+00:00,33.7615,5.8778,standard,test
939,PLAYUSDT,2026-05-24 12:00:00+00:00,2026-05-24 21:00:00+00:00,19.3506,10.9234,standard,test
940,PLAYUSDT,2025-08-07 07:00:00+00:00,2025-08-07 08:00:00+00:00,13.8731,52.1191,fast,train
941,PLAYUSDT,2025-08-07 10:00:00+00:00,2025-08-07 11:00:00+00:00,13.065,14.1671,fast,train
942,PLAYUSDT,2025-08-11 05:00:00+00:00,2025-08-11 06:00:00+00:00,15.3491,4.5446,fast,train
943,PLAYUSDT,2025-10-10 20:00:00+00:00,2025-10-10 21:00:00+00:00,32.2852,65.0825,fast,train
944,PLAYUSDT,2025-11-25 16:00:00+00:00,2025-11-25 17:00:00+00:00,10.6331,20.8361,fast,test
945,PLAYUSDT,2026-01-29 11:00:00+00:00,2026-01-29 12:00:00+00:00,14.8109,148.7079,fast,test
946,PLAYUSDT,2026-02-12 12:00:00+00:00,2026-02-12 13:00:00+00:00,13.1317,14.3544,fast,test
947,PLAYUSDT,2026-02-13 14:00:00+00:00,2026-02-13 15:00:00+00:00,17.1609,28.8573,fast,test
948,PLAYUSDT,2026-02-15 11:00:00+00:00,2026-02-15 12:00:00+00:00,16.9587,40.6261,fast,test
949,PLAYUSDT,2026-03-03 13:00:00+00:00,2026-03-03 14:00:00+00:00,10.8825,7.2057,fast,test
950,PLAYUSDT,2026-03-12 07:00:00+00:00,2026-03-12 08:00:00+00:00,13.056,23.262,fast,test
951,PLAYUSDT,2026-03-20 09:00:00+00:00,2026-03-20 10:00:00+00:00,19.281,26.056,fast,test
952,PLAYUSDT,2026-03-28 19:00:00+00:00,2026-03-28 20:00:00+00:00,10.3047,4.741,fast,test
953,PLAYUSDT,2026-04-15 19:00:00+00:00,2026-04-15 20:00:00+00:00,15.1355,60.7761,fast,test
954,PLAYUSDT,2026-04-16 08:00:00+00:00,2026-04-16 09:00:00+00:00,15.0227,16.1953,fast,test
955,PLAYUSDT,2026-04-25 01:00:00+00:00,2026-04-25 02:00:00+00:00,19.6719,10.5855,fast,test
956,PLAYUSDT,2026-05-02 05:00:00+00:00,2026-05-02 06:00:00+00:00,15.3468,12.4885,fast,test
957,PLAYUSDT,2026-05-06 23:00:00+00:00,2026-05-07 00:00:00+00:00,18.944,35.624,fast,test
958,PLAYUSDT,2026-05-07 05:00:00+00:00,2026-05-07 06:00:00+00:00,15.4066,12.6273,fast,test
959,PLAYUSDT,2026-05-07 08:00:00+00:00,2026-05-07 09:00:00+00:00,12.5947,24.5402,fast,test
960,PLAYUSDT,2026-05-09 11:00:00+00:00,2026-05-09 12:00:00+00:00,10.9184,59.7518,fast,test
961,PLAYUSDT,2026-05-15 11:00:00+00:00,2026-05-15 12:00:00+00:00,17.7629,39.0844,fast,test
962,PLAYUSDT,2026-05-20 14:00:00+00:00,2026-05-20 15:00:00+00:00,14.5415,88.9047,fast,test
963,PLAYUSDT,2026-05-20 19:00:00+00:00,2026-05-20 20:00:00+00:00,10.6448,24.5312,fast,test
964,PLAYUSDT,2026-05-21 00:00:00+00:00,2026-05-21 01:00:00+00:00,10.3621,19.093,fast,test
965,PLAYUSDT,2026-05-22 03:00:00+00:00,2026-05-22 04:00:00+00:00,17.5375,24.2076,fast,test
966,PLAYUSDT,2026-05-22 13:00:00+00:00,2026-05-22 14:00:00+00:00,12.9678,14.7595,fast,test
967,PLAYUSDT,2026-05-23 07:00:00+00:00,2026-05-23 08:00:00+00:00,13.3238,15.5645,fast,test
968,PLAYUSDT,2026-05-27 12:00:00+00:00,2026-05-27 13:00:00+00:00,12.3318,33.0775,fast,test
969,PUMPUSDT,2025-07-12 23:00:00+00:00,2025-07-13 15:00:00+00:00,16.0501,3.0146,standard,train
970,PUMPUSDT,2025-07-14 09:00:00+00:00,2025-07-14 20:00:00+00:00,17.0557,5.5526,standard,train
971,PUMPUSDT,2025-07-17 16:00:00+00:00,2025-07-18 14:00:00+00:00,24.0675,2.4445,standard,train
972,PUMPUSDT,2025-07-23 18:00:00+00:00,2025-07-24 16:00:00+00:00,29.1583,2.2049,standard,train
973,PUMPUSDT,2025-07-31 08:00:00+00:00,2025-07-31 23:00:00+00:00,22.0392,2.3332,standard,train
974,PUMPUSDT,2025-10-10 01:00:00+00:00,2025-10-11 01:00:00+00:00,31.8435,2.0766,standard,train
975,PUMPUSDT,2025-11-17 03:00:00+00:00,2025-11-18 01:00:00+00:00,16.2838,2.0766,standard,test
976,PUMPUSDT,2025-11-20 12:00:00+00:00,2025-11-21 11:00:00+00:00,16.5725,2.0815,standard,test
977,PUMPUSDT,2026-02-05 09:00:00+00:00,2026-02-06 00:00:00+00:00,18.5477,2.5419,standard,test
978,PUMPUSDT,2025-07-23 19:00:00+00:00,2025-07-23 20:00:00+00:00,13.9211,10.77,fast,train
979,PUMPUSDT,2025-10-10 19:00:00+00:00,2025-10-10 20:00:00+00:00,11.8751,2.491,fast,train
980,RENDERUSDT,2024-08-04 12:00:00+00:00,2024-08-05 12:00:00+00:00,27.771,6.7661,standard,train
981,RENDERUSDT,2024-10-01 12:00:00+00:00,2024-10-02 12:00:00+00:00,15.1849,2.4725,standard,train
982,RENDERUSDT,2024-12-19 11:00:00+00:00,2024-12-20 11:00:00+00:00,23.7379,2.028,standard,train
983,RENDERUSDT,2025-01-26 13:00:00+00:00,2025-01-27 11:00:00+00:00,16.8267,2.1131,standard,train
984,RENDERUSDT,2025-02-02 01:00:00+00:00,2025-02-03 01:00:00+00:00,29.9119,3.4397,standard,train
985,RENDERUSDT,2025-03-03 13:00:00+00:00,2025-03-04 13:00:00+00:00,20.4626,2.9152,standard,train
986,RENDERUSDT,2025-03-10 11:00:00+00:00,2025-03-11 00:00:00+00:00,17.4411,3.7507,standard,train
987,RENDERUSDT,2025-04-02 16:00:00+00:00,2025-04-03 12:00:00+00:00,17.5827,2.7387,standard,train
988,RENDERUSDT,2025-04-06 06:00:00+00:00,2025-04-07 06:00:00+00:00,18.2258,2.9261,standard,train
989,RENDERUSDT,2025-10-10 12:00:00+00:00,2025-10-10 21:00:00+00:00,40.8502,12.6101,standard,train
990,RENDERUSDT,2025-11-07 18:00:00+00:00,2025-11-08 16:00:00+00:00,15.2409,3.9538,standard,test
991,RENDERUSDT,2025-11-20 12:00:00+00:00,2025-11-21 11:00:00+00:00,19.725,2.4163,standard,test
992,RENDERUSDT,2026-02-04 23:00:00+00:00,2026-02-05 23:00:00+00:00,16.9323,2.1263,standard,test
993,RENDERUSDT,2024-12-05 03:00:00+00:00,2024-12-05 04:00:00+00:00,10.847,23.8565,fast,train
994,RENDERUSDT,2025-02-03 00:00:00+00:00,2025-02-03 01:00:00+00:00,14.0315,15.7614,fast,train
995,RENDERUSDT,2025-10-10 20:00:00+00:00,2025-10-10 21:00:00+00:00,29.3228,84.2647,fast,train
996,RIFUSDT,2024-06-07 11:00:00+00:00,2024-06-08 11:00:00+00:00,17.3696,2.4044,standard,train
997,RIFUSDT,2024-06-15 06:00:00+00:00,2024-06-15 20:00:00+00:00,17.7027,26.869,standard,train
998,RIFUSDT,2024-07-04 04:00:00+00:00,2024-07-05 02:00:00+00:00,24.2725,3.3078,standard,train
999,RIFUSDT,2024-07-31 13:00:00+00:00,2024-08-01 08:00:00+00:00,19.5882,47.1622,standard,train
1000,RIFUSDT,2024-08-04 12:00:00+00:00,2024-08-05 12:00:00+00:00,32.562,12.7773,standard,train
1001,RIFUSDT,2024-11-12 08:00:00+00:00,2024-11-13 05:00:00+00:00,15.4881,2.9358,standard,train
1002,RIFUSDT,2024-12-09 18:00:00+00:00,2024-12-10 17:00:00+00:00,23.4575,2.2101,standard,train
1003,RIFUSDT,2025-01-19 02:00:00+00:00,2025-01-20 00:00:00+00:00,15.0429,2.6701,standard,train
1004,RIFUSDT,2025-02-02 08:00:00+00:00,2025-02-03 04:00:00+00:00,30.701,5.1734,standard,train
1005,RIFUSDT,2025-03-03 13:00:00+00:00,2025-03-04 13:00:00+00:00,16.9988,2.2005,standard,train
1006,RIFUSDT,2025-04-06 08:00:00+00:00,2025-04-07 06:00:00+00:00,17.0547,3.6224,standard,train
1007,RIFUSDT,2025-10-10 13:00:00+00:00,2025-10-11 07:00:00+00:00,17.9567,7.0382,standard,train
1008,RIFUSDT,2026-02-07 06:00:00+00:00,2026-02-08 06:00:00+00:00,15.2272,2.4305,standard,test
1009,RIFUSDT,2026-02-11 18:00:00+00:00,2026-02-12 18:00:00+00:00,15.1358,2.3146,standard,test
1010,RIFUSDT,2026-03-25 20:00:00+00:00,2026-03-26 16:00:00+00:00,15.5863,2.5825,standard,test
1011,RIFUSDT,2026-04-15 16:00:00+00:00,2026-04-16 16:00:00+00:00,17.6518,6.3084,standard,test
1012,RIFUSDT,2026-04-21 00:00:00+00:00,2026-04-21 15:00:00+00:00,15.0889,3.2174,standard,test
1013,RIFUSDT,2026-05-22 02:00:00+00:00,2026-05-23 02:00:00+00:00,35.7321,21.0254,standard,test
1014,RIFUSDT,2024-06-07 17:00:00+00:00,2024-06-07 18:00:00+00:00,10.2531,20.6922,fast,train
1015,RIFUSDT,2024-07-31 13:00:00+00:00,2024-07-31 14:00:00+00:00,11.6496,172.6847,fast,train
1016,RIFUSDT,2025-02-03 00:00:00+00:00,2025-02-03 01:00:00+00:00,10.5073,12.3185,fast,train
1017,RIFUSDT,2026-04-21 00:00:00+00:00,2026-04-21 01:00:00+00:00,10.0248,29.097,fast,test
1018,RIVERUSDT,2025-10-21 16:00:00+00:00,2025-10-22 05:00:00+00:00,34.77,3.1474,standard,train
1019,RIVERUSDT,2025-11-14 05:00:00+00:00,2025-11-15 05:00:00+00:00,47.8093,3.2845,standard,test
1020,RIVERUSDT,2025-11-15 16:00:00+00:00,2025-11-16 13:00:00+00:00,20.7811,2.074,standard,test
1021,RIVERUSDT,2025-11-28 22:00:00+00:00,2025-11-29 22:00:00+00:00,20.1533,10.5229,standard,test
1022,RIVERUSDT,2025-12-12 10:00:00+00:00,2025-12-12 20:00:00+00:00,22.0208,4.4545,standard,test
1023,RIVERUSDT,2025-12-16 08:00:00+00:00,2025-12-17 08:00:00+00:00,50.9815,12.1373,standard,test
1024,RIVERUSDT,2025-12-24 02:00:00+00:00,2025-12-24 19:00:00+00:00,36.4734,3.701,standard,test
1025,RIVERUSDT,2025-12-29 13:00:00+00:00,2025-12-30 07:00:00+00:00,28.5788,3.0866,standard,test
1026,RIVERUSDT,2025-12-31 21:00:00+00:00,2026-01-01 05:00:00+00:00,33.5328,12.7891,standard,test
1027,RIVERUSDT,2026-01-02 01:00:00+00:00,2026-01-02 05:00:00+00:00,19.4163,9.611,standard,test
1028,RIVERUSDT,2026-01-03 00:00:00+00:00,2026-01-03 23:00:00+00:00,28.8944,4.8744,standard,test
1029,RIVERUSDT,2026-01-05 17:00:00+00:00,2026-01-06 03:00:00+00:00,22.523,6.8162,standard,test
1030,RIVERUSDT,2026-01-06 16:00:00+00:00,2026-01-07 16:00:00+00:00,25.1536,2.7027,standard,test
1031,RIVERUSDT,2026-01-14 14:00:00+00:00,2026-01-15 08:00:00+00:00,33.0249,2.0451,standard,test
1032,RIVERUSDT,2026-01-31 21:00:00+00:00,2026-02-01 21:00:00+00:00,60.7221,2.7962,standard,test
1033,RIVERUSDT,2026-02-02 13:00:00+00:00,2026-02-03 13:00:00+00:00,42.1667,2.203,standard,test
1034,RIVERUSDT,2026-02-17 12:00:00+00:00,2026-02-18 08:00:00+00:00,30.4525,2.1082,standard,test
1035,RIVERUSDT,2025-10-21 16:00:00+00:00,2025-10-21 17:00:00+00:00,13.9384,10.4183,fast,train
1036,RIVERUSDT,2025-11-14 14:00:00+00:00,2025-11-14 15:00:00+00:00,12.6184,5.5047,fast,test
1037,RIVERUSDT,2025-11-28 22:00:00+00:00,2025-11-28 23:00:00+00:00,18.9811,79.036,fast,test
1038,RIVERUSDT,2025-11-29 02:00:00+00:00,2025-11-29 03:00:00+00:00,11.0925,15.673,fast,test
1039,RIVERUSDT,2025-11-30 15:00:00+00:00,2025-11-30 16:00:00+00:00,10.7466,27.9432,fast,test
1040,RIVERUSDT,2025-12-12 18:00:00+00:00,2025-12-12 19:00:00+00:00,10.163,5.6694,fast,test
1041,RIVERUSDT,2025-12-14 06:00:00+00:00,2025-12-14 07:00:00+00:00,14.3069,9.2332,fast,test
1042,RIVERUSDT,2025-12-15 06:00:00+00:00,2025-12-15 07:00:00+00:00,13.4937,8.652,fast,test
1043,RIVERUSDT,2025-12-17 06:00:00+00:00,2025-12-17 07:00:00+00:00,12.3035,43.9748,fast,test
1044,RIVERUSDT,2025-12-17 16:00:00+00:00,2025-12-17 17:00:00+00:00,10.568,47.0028,fast,test
1045,RIVERUSDT,2025-12-18 11:00:00+00:00,2025-12-18 12:00:00+00:00,10.5919,36.5036,fast,test
1046,RIVERUSDT,2025-12-20 15:00:00+00:00,2025-12-20 16:00:00+00:00,10.2716,24.2014,fast,test
1047,RIVERUSDT,2026-01-01 04:00:00+00:00,2026-01-01 05:00:00+00:00,18.6189,16.5037,fast,test
1048,RIVERUSDT,2026-01-04 10:00:00+00:00,2026-01-04 11:00:00+00:00,14.073,9.3749,fast,test
1049,RIVERUSDT,2026-01-05 17:00:00+00:00,2026-01-05 18:00:00+00:00,15.9806,25.7499,fast,test
1050,RIVERUSDT,2026-01-06 16:00:00+00:00,2026-01-06 17:00:00+00:00,10.7086,7.8371,fast,test
1051,RIVERUSDT,2026-01-14 19:00:00+00:00,2026-01-14 20:00:00+00:00,10.7255,3.3993,fast,test
1052,RIVERUSDT,2026-01-14 22:00:00+00:00,2026-01-14 23:00:00+00:00,13.3845,2.2315,fast,test
1053,RIVERUSDT,2026-01-16 09:00:00+00:00,2026-01-16 10:00:00+00:00,14.7994,4.5813,fast,test
1054,RIVERUSDT,2026-01-23 14:00:00+00:00,2026-01-23 15:00:00+00:00,12.7377,2.0674,fast,test
1055,RIVERUSDT,2026-02-01 05:00:00+00:00,2026-02-01 06:00:00+00:00,15.8965,3.792,fast,test
1056,RIVERUSDT,2026-02-01 11:00:00+00:00,2026-02-01 12:00:00+00:00,13.3799,7.7396,fast,test
1057,RIVERUSDT,2026-02-01 17:00:00+00:00,2026-02-01 18:00:00+00:00,14.3013,3.2075,fast,test
1058,RIVERUSDT,2026-02-01 19:00:00+00:00,2026-02-01 20:00:00+00:00,14.3599,3.6606,fast,test
1059,RIVERUSDT,2026-02-02 16:00:00+00:00,2026-02-02 17:00:00+00:00,16.5657,4.332,fast,test
1060,RIVERUSDT,2026-02-04 06:00:00+00:00,2026-02-04 07:00:00+00:00,13.8783,3.5332,fast,test
1061,RIVERUSDT,2026-02-06 07:00:00+00:00,2026-02-06 08:00:00+00:00,13.3671,3.3211,fast,test
1062,RIVERUSDT,2026-02-14 03:00:00+00:00,2026-02-14 04:00:00+00:00,12.138,3.1066,fast,test
1063,RIVERUSDT,2026-02-17 19:00:00+00:00,2026-02-17 20:00:00+00:00,13.676,6.3587,fast,test
1064,RIVERUSDT,2026-03-04 22:00:00+00:00,2026-03-04 23:00:00+00:00,10.8343,2.964,fast,test
1065,RIVERUSDT,2026-03-05 10:00:00+00:00,2026-03-05 11:00:00+00:00,17.2552,4.2886,fast,test
1066,RIVERUSDT,2026-03-24 07:00:00+00:00,2026-03-24 08:00:00+00:00,10.5729,3.7821,fast,test
1067,RIVERUSDT,2026-04-13 11:00:00+00:00,2026-04-13 12:00:00+00:00,10.1448,3.7706,fast,test
1068,RIVERUSDT,2026-04-15 04:00:00+00:00,2026-04-15 05:00:00+00:00,15.4738,5.3822,fast,test
1069,RIVERUSDT,2026-04-20 06:00:00+00:00,2026-04-20 07:00:00+00:00,12.0215,4.7401,fast,test
1070,RIVERUSDT,2026-04-30 14:00:00+00:00,2026-04-30 15:00:00+00:00,10.8467,12.3527,fast,test
1071,RONINUSDT,2024-07-04 04:00:00+00:00,2024-07-05 04:00:00+00:00,15.0656,3.6462,standard,train
1072,RONINUSDT,2024-08-04 12:00:00+00:00,2024-08-05 12:00:00+00:00,26.4313,4.9929,standard,train
1073,RONINUSDT,2024-12-08 23:00:00+00:00,2024-12-09 21:00:00+00:00,16.7024,2.2379,standard,train
1074,RONINUSDT,2024-12-18 18:00:00+00:00,2024-12-19 18:00:00+00:00,23.0527,3.9105,standard,train
1075,RONINUSDT,2025-02-02 06:00:00+00:00,2025-02-03 04:00:00+00:00,25.2112,5.0389,standard,train
1076,RONINUSDT,2025-03-10 11:00:00+00:00,2025-03-11 00:00:00+00:00,16.3233,2.7701,standard,train
1077,RONINUSDT,2025-04-06 06:00:00+00:00,2025-04-07 06:00:00+00:00,19.5005,3.004,standard,train
1078,RONINUSDT,2025-10-10 13:00:00+00:00,2025-10-11 01:00:00+00:00,23.6271,6.5829,standard,train
1079,RONINUSDT,2025-11-20 12:00:00+00:00,2025-11-21 11:00:00+00:00,15.2657,3.216,standard,test
1080,RONINUSDT,2026-01-17 16:00:00+00:00,2026-01-18 14:00:00+00:00,19.0595,51.9658,standard,test
1081,RONINUSDT,2026-01-18 22:00:00+00:00,2026-01-19 22:00:00+00:00,18.3811,11.6426,standard,test
1082,RONINUSDT,2026-05-18 23:00:00+00:00,2026-05-19 22:00:00+00:00,18.5271,282.1484,standard,test
1083,RONINUSDT,2025-02-03 00:00:00+00:00,2025-02-03 01:00:00+00:00,11.0923,20.6112,fast,train
1084,SEIUSDT,2024-06-17 01:00:00+00:00,2024-06-18 01:00:00+00:00,15.4885,2.6626,standard,train
1085,SEIUSDT,2024-07-04 03:00:00+00:00,2024-07-05 03:00:00+00:00,18.2781,3.0358,standard,train
1086,SEIUSDT,2024-08-04 12:00:00+00:00,2024-08-05 12:00:00+00:00,22.3802,4.5028,standard,train
1087,SEIUSDT,2024-12-09 19:00:00+00:00,2024-12-10 17:00:00+00:00,18.0421,2.0093,standard,train
1088,SEIUSDT,2024-12-19 11:00:00+00:00,2024-12-20 11:00:00+00:00,22.176,2.1345,standard,train
1089,SEIUSDT,2025-01-07 06:00:00+00:00,2025-01-08 06:00:00+00:00,15.8676,2.0022,standard,train
1090,SEIUSDT,2025-01-19 01:00:00+00:00,2025-01-20 00:00:00+00:00,17.0452,3.1422,standard,train
1091,SEIUSDT,2025-01-26 19:00:00+00:00,2025-01-27 10:00:00+00:00,16.8661,2.6387,standard,train
1092,SEIUSDT,2025-02-02 02:00:00+00:00,2025-02-03 02:00:00+00:00,30.2153,3.9534,standard,train
1093,SEIUSDT,2025-03-03 02:00:00+00:00,2025-03-04 02:00:00+00:00,18.2751,2.3515,standard,train
1094,SEIUSDT,2025-04-06 08:00:00+00:00,2025-04-07 06:00:00+00:00,18.5759,2.3584,standard,train
1095,SEIUSDT,2025-06-25 02:00:00+00:00,2025-06-26 00:00:00+00:00,16.1428,11.9079,standard,train
1096,SEIUSDT,2025-10-10 13:00:00+00:00,2025-10-10 21:00:00+00:00,30.2863,6.3284,standard,train
1097,SEIUSDT,2025-11-02 23:00:00+00:00,2025-11-03 22:00:00+00:00,15.6893,2.6691,standard,test
1098,SEIUSDT,2025-11-20 12:00:00+00:00,2025-11-21 11:00:00+00:00,15.6977,2.3872,standard,test
1099,SEIUSDT,2026-02-04 20:00:00+00:00,2026-02-05 20:00:00+00:00,15.0059,3.0652,standard,test
1100,SEIUSDT,2025-02-03 00:00:00+00:00,2025-02-03 01:00:00+00:00,12.2365,14.7627,fast,train
1101,SEIUSDT,2025-10-10 20:00:00+00:00,2025-10-10 21:00:00+00:00,17.24,39.2512,fast,train
1102,SKYAIUSDT,2025-06-21 06:00:00+00:00,2025-06-22 03:00:00+00:00,16.232,3.1901,standard,train
1103,SKYAIUSDT,2025-07-02 17:00:00+00:00,2025-07-03 15:00:00+00:00,15.5256,32.2897,standard,train
1104,SKYAIUSDT,2025-07-04 03:00:00+00:00,2025-07-04 16:00:00+00:00,17.2282,6.3795,standard,train
1105,SKYAIUSDT,2025-08-23 05:00:00+00:00,2025-08-24 05:00:00+00:00,17.741,4.9869,standard,train
1106,SKYAIUSDT,2025-09-21 19:00:00+00:00,2025-09-22 16:00:00+00:00,19.949,2.7572,standard,train
1107,SKYAIUSDT,2025-09-24 23:00:00+00:00,2025-09-25 23:00:00+00:00,16.5837,2.9877,standard,train
1108,SKYAIUSDT,2025-10-07 06:00:00+00:00,2025-10-08 05:00:00+00:00,22.6748,12.8813,standard,train
1109,SKYAIUSDT,2025-10-10 11:00:00+00:00,2025-10-11 01:00:00+00:00,52.4062,16.6647,standard,train
1110,SKYAIUSDT,2025-10-13 02:00:00+00:00,2025-10-14 00:00:00+00:00,50.4666,173.9608,standard,train
1111,SKYAIUSDT,2025-10-16 01:00:00+00:00,2025-10-16 20:00:00+00:00,19.9501,12.873,standard,train
1112,SKYAIUSDT,2025-10-18 07:00:00+00:00,2025-10-19 00:00:00+00:00,16.6782,4.9516,standard,train
1113,SKYAIUSDT,2025-11-07 04:00:00+00:00,2025-11-07 10:00:00+00:00,20.4595,2.231,standard,test
1114,SKYAIUSDT,2025-11-14 06:00:00+00:00,2025-11-14 10:00:00+00:00,21.353,4.268,standard,test
1115,SKYAIUSDT,2025-11-18 15:00:00+00:00,2025-11-18 16:00:00+00:00,16.634,37.479,standard,test
1116,SKYAIUSDT,2025-11-30 11:00:00+00:00,2025-12-01 03:00:00+00:00,28.9011,3.9391,standard,test
1117,SKYAIUSDT,2025-12-04 16:00:00+00:00,2025-12-04 18:00:00+00:00,30.6652,22.7345,standard,test
1118,SKYAIUSDT,2026-02-02 01:00:00+00:00,2026-02-02 21:00:00+00:00,17.899,3.675,standard,test
1119,SKYAIUSDT,2026-02-05 10:00:00+00:00,2026-02-06 03:00:00+00:00,16.737,2.3723,standard,test
1120,SKYAIUSDT,2026-02-28 22:00:00+00:00,2026-03-01 17:00:00+00:00,36.679,32.3283,standard,test
1121,SKYAIUSDT,2026-03-03 23:00:00+00:00,2026-03-04 22:00:00+00:00,24.8279,6.5632,standard,test
1122,SKYAIUSDT,2026-04-04 08:00:00+00:00,2026-04-04 12:00:00+00:00,27.6365,28.5254,standard,test
1123,SKYAIUSDT,2026-04-05 08:00:00+00:00,2026-04-06 08:00:00+00:00,18.5425,3.8951,standard,test
1124,SKYAIUSDT,2026-04-11 14:00:00+00:00,2026-04-11 20:00:00+00:00,17.8306,42.1184,standard,test
1125,SKYAIUSDT,2026-04-12 20:00:00+00:00,2026-04-13 12:00:00+00:00,18.9625,5.6674,standard,test
1126,SKYAIUSDT,2026-04-16 17:00:00+00:00,2026-04-17 07:00:00+00:00,16.7129,8.6342,standard,test
1127,SKYAIUSDT,2026-04-22 13:00:00+00:00,2026-04-23 01:00:00+00:00,16.954,2.3058,standard,test
1128,SKYAIUSDT,2026-04-23 20:00:00+00:00,2026-04-24 19:00:00+00:00,22.788,2.8816,standard,test
1129,SKYAIUSDT,2026-04-29 11:00:00+00:00,2026-04-29 13:00:00+00:00,15.0903,28.0689,standard,test
1130,SKYAIUSDT,2026-05-02 22:00:00+00:00,2026-05-03 11:00:00+00:00,35.9814,7.2094,standard,test
1131,SKYAIUSDT,2026-05-04 20:00:00+00:00,2026-05-05 10:00:00+00:00,32.4278,5.3841,standard,test
1132,SKYAIUSDT,2026-05-07 03:00:00+00:00,2026-05-08 01:00:00+00:00,28.8225,2.4725,standard,test
1133,SKYAIUSDT,2026-05-10 21:00:00+00:00,2026-05-11 17:00:00+00:00,33.9558,2.2533,standard,test
1134,SKYAIUSDT,2026-05-21 10:00:00+00:00,2026-05-22 06:00:00+00:00,28.9976,2.8389,standard,test
1135,SKYAIUSDT,2025-07-04 03:00:00+00:00,2025-07-04 04:00:00+00:00,10.4236,47.0657,fast,train
1136,SKYAIUSDT,2025-10-06 09:00:00+00:00,2025-10-06 10:00:00+00:00,10.4167,149.7785,fast,train
1137,SKYAIUSDT,2025-10-07 06:00:00+00:00,2025-10-07 07:00:00+00:00,13.9632,60.253,fast,train
1138,SKYAIUSDT,2025-10-10 20:00:00+00:00,2025-10-10 21:00:00+00:00,33.44,42.964,fast,train
1139,SKYAIUSDT,2025-10-13 02:00:00+00:00,2025-10-13 03:00:00+00:00,32.7483,807.4322,fast,train
1140,SKYAIUSDT,2025-10-13 09:00:00+00:00,2025-10-13 10:00:00+00:00,13.657,234.7287,fast,train
1141,SKYAIUSDT,2025-10-13 12:00:00+00:00,2025-10-13 13:00:00+00:00,12.4102,264.5925,fast,train
1142,SKYAIUSDT,2025-11-14 06:00:00+00:00,2025-11-14 07:00:00+00:00,12.2872,39.5054,fast,test
1143,SKYAIUSDT,2025-11-18 15:00:00+00:00,2025-11-18 16:00:00+00:00,16.634,297.3441,fast,test
1144,SKYAIUSDT,2025-11-30 11:00:00+00:00,2025-11-30 12:00:00+00:00,10.7157,15.9525,fast,test
1145,SKYAIUSDT,2025-12-04 17:00:00+00:00,2025-12-04 18:00:00+00:00,24.3211,96.2558,fast,test
1146,SKYAIUSDT,2026-03-01 01:00:00+00:00,2026-03-01 02:00:00+00:00,13.6126,98.263,fast,test
1147,SKYAIUSDT,2026-04-04 09:00:00+00:00,2026-04-04 10:00:00+00:00,16.2001,136.4031,fast,test
1148,SKYAIUSDT,2026-04-11 15:00:00+00:00,2026-04-11 16:00:00+00:00,12.562,160.0506,fast,test
1149,SKYAIUSDT,2026-04-23 20:00:00+00:00,2026-04-23 21:00:00+00:00,12.9074,18.8283,fast,test
1150,SKYAIUSDT,2026-04-29 11:00:00+00:00,2026-04-29 12:00:00+00:00,11.0903,82.3415,fast,test
1151,SKYAIUSDT,2026-05-03 06:00:00+00:00,2026-05-03 07:00:00+00:00,19.8058,10.9087,fast,test
1152,SKYAIUSDT,2026-05-04 20:00:00+00:00,2026-05-04 21:00:00+00:00,10.0748,6.7032,fast,test
1153,SKYAIUSDT,2026-05-07 05:00:00+00:00,2026-05-07 06:00:00+00:00,11.5162,5.3646,fast,test
1154,SKYAIUSDT,2026-05-07 09:00:00+00:00,2026-05-07 10:00:00+00:00,11.8106,5.0656,fast,test
1155,SKYAIUSDT,2026-05-14 06:00:00+00:00,2026-05-14 07:00:00+00:00,22.248,7.8672,fast,test
1156,SKYAIUSDT,2026-05-22 01:00:00+00:00,2026-05-22 02:00:00+00:00,18.643,7.3482,fast,test
1157,SOLUSDT,2024-08-04 12:00:00+00:00,2024-08-05 12:00:00+00:00,22.8187,6.684,standard,train
1158,SOLUSDT,2024-12-19 11:00:00+00:00,2024-12-20 11:00:00+00:00,16.3172,3.4849,standard,train
1159,SOLUSDT,2025-01-19 11:00:00+00:00,2025-01-20 02:00:00+00:00,18.8996,6.2611,standard,train
1160,SOLUSDT,2025-02-02 01:00:00+00:00,2025-02-03 01:00:00+00:00,15.0301,2.945,standard,train
1161,SOLUSDT,2025-02-23 23:00:00+00:00,2025-02-24 22:00:00+00:00,16.4919,2.9251,standard,train
1162,SOLUSDT,2025-03-02 23:00:00+00:00,2025-03-03 21:00:00+00:00,21.7644,3.255,standard,train
1163,SOLUSDT,2025-04-06 09:00:00+00:00,2025-04-07 07:00:00+00:00,18.8905,3.8408,standard,train
1164,SOLUSDT,2025-10-10 13:00:00+00:00,2025-10-11 05:00:00+00:00,18.5975,3.8652,standard,train
1165,SOLUSDT,2026-02-05 09:00:00+00:00,2026-02-06 00:00:00+00:00,18.4384,6.6647,standard,test
1166,SUIUSDT,2024-06-17 18:00:00+00:00,2024-06-18 17:00:00+00:00,17.4919,2.4385,standard,train
1167,SUIUSDT,2024-07-04 05:00:00+00:00,2024-07-05 02:00:00+00:00,21.9606,3.4713,standard,train
1168,SUIUSDT,2024-08-04 12:00:00+00:00,2024-08-05 12:00:00+00:00,24.6386,5.1643,standard,train
1169,SUIUSDT,2024-10-03 01:00:00+00:00,2024-10-04 00:00:00+00:00,17.2971,2.5505,standard,train
1170,SUIUSDT,2024-12-19 11:00:00+00:00,2024-12-20 11:00:00+00:00,22.9488,2.2431,standard,train
1171,SUIUSDT,2025-02-02 01:00:00+00:00,2025-02-03 01:00:00+00:00,28.5127,2.6039,standard,train
1172,SUIUSDT,2025-02-24 09:00:00+00:00,2025-02-25 09:00:00+00:00,17.7817,2.6892,standard,train
1173,SUIUSDT,2025-03-03 16:00:00+00:00,2025-03-04 13:00:00+00:00,18.363,2.0729,standard,train
1174,SUIUSDT,2025-03-10 11:00:00+00:00,2025-03-11 00:00:00+00:00,15.2272,2.0593,standard,train
1175,SUIUSDT,2025-04-06 08:00:00+00:00,2025-04-07 07:00:00+00:00,19.6125,3.2037,standard,train
1176,SUIUSDT,2025-10-10 12:00:00+00:00,2025-10-10 21:00:00+00:00,27.2691,6.2274,standard,train
1177,SUIUSDT,2025-11-20 12:00:00+00:00,2025-11-21 11:00:00+00:00,18.9558,3.0898,standard,test
1178,SUIUSDT,2026-02-05 00:00:00+00:00,2026-02-06 00:00:00+00:00,19.2621,5.7201,standard,test
1179,SUIUSDT,2025-02-03 00:00:00+00:00,2025-02-03 01:00:00+00:00,14.3941,11.5204,fast,train
1180,SUIUSDT,2025-10-10 20:00:00+00:00,2025-10-10 21:00:00+00:00,17.9882,43.3864,fast,train
1181,TAOUSDT,2024-07-02 02:00:00+00:00,2024-07-03 02:00:00+00:00,16.4349,4.3167,standard,train
1182,TAOUSDT,2024-07-04 02:00:00+00:00,2024-07-05 02:00:00+00:00,16.2908,4.4678,standard,train
1183,TAOUSDT,2024-08-04 06:00:00+00:00,2024-08-05 06:00:00+00:00,30.1646,5.2033,standard,train
1184,TAOUSDT,2024-12-09 16:00:00+00:00,2024-12-10 15:00:00+00:00,19.019,2.1752,standard,train
1185,TAOUSDT,2024-12-19 11:00:00+00:00,2024-12-20 11:00:00+00:00,18.0389,2.0025,standard,train
1186,TAOUSDT,2025-01-20 09:00:00+00:00,2025-01-21 05:00:00+00:00,16.623,2.0632,standard,train
1187,TAOUSDT,2025-01-26 17:00:00+00:00,2025-01-27 10:00:00+00:00,15.1925,5.4368,standard,train
1188,TAOUSDT,2025-02-02 01:00:00+00:00,2025-02-03 01:00:00+00:00,30.4388,3.4961,standard,train
1189,TAOUSDT,2025-02-24 16:00:00+00:00,2025-02-25 14:00:00+00:00,17.2192,2.5832,standard,train
1190,TAOUSDT,2025-02-27 07:00:00+00:00,2025-02-28 06:00:00+00:00,18.5659,2.1247,standard,train
1191,TAOUSDT,2025-03-03 16:00:00+00:00,2025-03-04 13:00:00+00:00,16.9038,2.1856,standard,train
1192,TAOUSDT,2025-03-10 04:00:00+00:00,2025-03-10 18:00:00+00:00,16.3666,2.19,standard,train
1193,TAOUSDT,2025-04-06 08:00:00+00:00,2025-04-07 06:00:00+00:00,21.3285,2.6967,standard,train
1194,TAOUSDT,2025-10-10 12:00:00+00:00,2025-10-11 01:00:00+00:00,29.3356,9.501,standard,train
1195,TAOUSDT,2025-10-16 16:00:00+00:00,2025-10-17 07:00:00+00:00,15.0278,5.0047,standard,train
1196,TAOUSDT,2025-11-03 17:00:00+00:00,2025-11-04 16:00:00+00:00,18.9678,2.0635,standard,test
1197,TAOUSDT,2026-02-05 01:00:00+00:00,2026-02-06 00:00:00+00:00,15.9458,3.6975,standard,test
1198,TAOUSDT,2026-04-09 22:00:00+00:00,2026-04-10 22:00:00+00:00,22.7211,3.2365,standard,test
1199,TAOUSDT,2025-02-03 00:00:00+00:00,2025-02-03 01:00:00+00:00,15.319,14.8226,fast,train
1200,TAOUSDT,2025-10-10 20:00:00+00:00,2025-10-10 21:00:00+00:00,12.067,48.333,fast,train
1201,TIAUSDT,2024-06-17 01:00:00+00:00,2024-06-18 01:00:00+00:00,20.1575,2.6986,standard,train
1202,TIAUSDT,2024-07-04 03:00:00+00:00,2024-07-05 02:00:00+00:00,17.8674,3.4592,standard,train
1203,TIAUSDT,2024-08-04 06:00:00+00:00,2024-08-05 06:00:00+00:00,19.9117,3.0557,standard,train
1204,TIAUSDT,2024-12-09 05:00:00+00:00,2024-12-10 02:00:00+00:00,19.9149,2.0217,standard,train
1205,TIAUSDT,2024-12-19 13:00:00+00:00,2024-12-20 11:00:00+00:00,21.6661,2.1047,standard,train
1206,TIAUSDT,2025-01-19 18:00:00+00:00,2025-01-20 02:00:00+00:00,16.213,4.108,standard,train
1207,TIAUSDT,2025-01-26 19:00:00+00:00,2025-01-27 18:00:00+00:00,16.8295,2.4099,standard,train
1208,TIAUSDT,2025-02-02 05:00:00+00:00,2025-02-03 02:00:00+00:00,34.0859,4.2203,standard,train
1209,TIAUSDT,2025-03-03 13:00:00+00:00,2025-03-04 03:00:00+00:00,15.0935,2.0547,standard,train
1210,TIAUSDT,2025-04-06 09:00:00+00:00,2025-04-07 06:00:00+00:00,16.8239,2.9484,standard,train
1211,TIAUSDT,2025-05-23 09:00:00+00:00,2025-05-23 23:00:00+00:00,18.2339,2.7938,standard,train
1212,TIAUSDT,2025-06-12 01:00:00+00:00,2025-06-13 01:00:00+00:00,16.321,2.7579,standard,train
1213,TIAUSDT,2025-07-23 11:00:00+00:00,2025-07-24 06:00:00+00:00,15.2521,2.0376,standard,train
1214,TIAUSDT,2025-10-10 13:00:00+00:00,2025-10-10 21:00:00+00:00,41.2396,7.3882,standard,train
1215,TIAUSDT,2025-11-02 23:00:00+00:00,2025-11-03 20:00:00+00:00,16.5091,2.2079,standard,test
1216,TIAUSDT,2025-11-07 22:00:00+00:00,2025-11-08 15:00:00+00:00,15.1407,2.7904,standard,test
1217,TIAUSDT,2025-11-20 14:00:00+00:00,2025-11-21 11:00:00+00:00,18.1102,2.5968,standard,test
1218,TIAUSDT,2025-11-30 13:00:00+00:00,2025-12-01 11:00:00+00:00,18.4211,2.2996,standard,test
1219,TIAUSDT,2026-01-30 18:00:00+00:00,2026-01-31 18:00:00+00:00,15.7958,2.6598,standard,test
1220,TIAUSDT,2026-02-05 00:00:00+00:00,2026-02-06 00:00:00+00:00,18.3584,4.0949,standard,test
1221,TIAUSDT,2024-07-05 01:00:00+00:00,2024-07-05 02:00:00+00:00,10.1021,7.4934,fast,train
1222,TIAUSDT,2025-02-03 00:00:00+00:00,2025-02-03 01:00:00+00:00,14.2345,12.1461,fast,train
1223,TIAUSDT,2025-10-10 20:00:00+00:00,2025-10-10 21:00:00+00:00,28.6339,49.0779,fast,train
1224,TONUSDT,2024-08-04 13:00:00+00:00,2024-08-05 12:00:00+00:00,20.3613,6.7944,standard,train
1225,TONUSDT,2024-08-24 16:00:00+00:00,2024-08-25 07:00:00+00:00,21.6113,23.4505,standard,train
1226,TONUSDT,2025-02-02 15:00:00+00:00,2025-02-03 02:00:00+00:00,29.2155,9.4918,standard,train
1227,TONUSDT,2025-03-03 05:00:00+00:00,2025-03-04 02:00:00+00:00,15.1721,3.2478,standard,train
1228,TONUSDT,2025-10-10 13:00:00+00:00,2025-10-10 22:00:00+00:00,30.8326,12.7665,standard,train
1229,TONUSDT,2026-05-07 06:00:00+00:00,2026-05-07 12:00:00+00:00,17.917,27.6209,standard,test
1230,TONUSDT,2025-02-03 00:00:00+00:00,2025-02-03 01:00:00+00:00,13.9709,27.8265,fast,train
1231,TONUSDT,2025-10-10 20:00:00+00:00,2025-10-10 21:00:00+00:00,19.5456,101.1678,fast,train
1232,TRUMPUSDT,2025-03-02 22:00:00+00:00,2025-03-03 21:00:00+00:00,27.5449,2.0672,standard,train
1233,TRUMPUSDT,2025-04-02 14:00:00+00:00,2025-04-03 12:00:00+00:00,16.1981,2.0256,standard,train
1234,TRUMPUSDT,2025-04-06 06:00:00+00:00,2025-04-07 06:00:00+00:00,19.7677,2.9348,standard,train
1235,TRUMPUSDT,2025-04-23 21:00:00+00:00,2025-04-24 08:00:00+00:00,18.6606,5.6587,standard,train
1236,TRUMPUSDT,2025-05-03 13:00:00+00:00,2025-05-04 09:00:00+00:00,15.0455,2.1521,standard,train
1237,TRUMPUSDT,2025-05-22 17:00:00+00:00,2025-05-23 12:00:00+00:00,15.7296,2.0986,standard,train
1238,TRUMPUSDT,2025-10-10 05:00:00+00:00,2025-10-10 21:00:00+00:00,30.6626,9.8725,standard,train
1239,TRUMPUSDT,2025-10-30 02:00:00+00:00,2025-10-30 18:00:00+00:00,15.5683,8.3531,standard,train
1240,TRUMPUSDT,2026-02-05 08:00:00+00:00,2026-02-06 08:00:00+00:00,21.5801,10.5521,standard,test
1241,TRUMPUSDT,2026-04-24 17:00:00+00:00,2026-04-25 12:00:00+00:00,18.8424,8.7702,standard,test
1242,TRUMPUSDT,2025-01-19 20:00:00+00:00,2025-01-19 21:00:00+00:00,34.0434,3.3782,fast,train
1243,TRUMPUSDT,2025-01-20 16:00:00+00:00,2025-01-20 17:00:00+00:00,17.1967,3.1287,fast,train
1244,TRUMPUSDT,2025-02-03 00:00:00+00:00,2025-02-03 01:00:00+00:00,12.054,4.6816,fast,train
1245,TRUMPUSDT,2025-02-24 21:00:00+00:00,2025-02-24 22:00:00+00:00,12.0812,6.1128,fast,train
1246,TRUMPUSDT,2025-04-02 21:00:00+00:00,2025-04-02 22:00:00+00:00,10.9039,9.8088,fast,train
1247,TRUMPUSDT,2025-10-10 20:00:00+00:00,2025-10-10 21:00:00+00:00,19.6543,62.4449,fast,train
1248,TRUMPUSDT,2026-04-25 11:00:00+00:00,2026-04-25 12:00:00+00:00,12.0557,68.3541,fast,test
1249,TRXUSDT,2024-12-03 23:00:00+00:00,2024-12-04 22:00:00+00:00,23.8586,18.8545,standard,train
1250,TRXUSDT,2024-12-09 02:00:00+00:00,2024-12-10 02:00:00+00:00,19.2668,4.1869,standard,train
1251,TRXUSDT,2024-12-19 11:00:00+00:00,2024-12-20 11:00:00+00:00,15.6408,2.3838,standard,train
1252,TRXUSDT,2025-02-02 09:00:00+00:00,2025-02-03 02:00:00+00:00,15.6667,4.0153,standard,train
1253,UBUSDT,2025-10-21 23:00:00+00:00,2025-10-22 12:00:00+00:00,20.5737,2.1007,standard,train
1254,UBUSDT,2025-12-23 13:00:00+00:00,2025-12-24 12:00:00+00:00,22.4886,15.7786,standard,test
1255,UBUSDT,2026-01-09 02:00:00+00:00,2026-01-10 02:00:00+00:00,19.0866,8.0509,standard,test
1256,UBUSDT,2026-02-01 12:00:00+00:00,2026-02-02 08:00:00+00:00,18.3733,3.4388,standard,test
1257,UBUSDT,2026-02-18 02:00:00+00:00,2026-02-18 18:00:00+00:00,17.9348,3.5842,standard,test
1258,UBUSDT,2026-02-26 12:00:00+00:00,2026-02-27 10:00:00+00:00,26.8675,3.3027,standard,test
1259,UBUSDT,2026-03-25 17:00:00+00:00,2026-03-26 16:00:00+00:00,28.6737,13.1783,standard,test
1260,UBUSDT,2026-03-30 05:00:00+00:00,2026-03-31 02:00:00+00:00,23.6495,9.697,standard,test
1261,UBUSDT,2026-04-02 00:00:00+00:00,2026-04-02 18:00:00+00:00,18.1102,3.6375,standard,test
1262,UBUSDT,2026-04-03 19:00:00+00:00,2026-04-04 17:00:00+00:00,19.2912,3.8034,standard,test
1263,UBUSDT,2026-04-06 03:00:00+00:00,2026-04-06 23:00:00+00:00,17.8897,3.8001,standard,test
1264,UBUSDT,2026-04-08 15:00:00+00:00,2026-04-09 13:00:00+00:00,18.6161,3.806,standard,test
1265,UBUSDT,2026-04-22 21:00:00+00:00,2026-04-23 15:00:00+00:00,40.6194,16.0775,standard,test
1266,UBUSDT,2026-04-30 07:00:00+00:00,2026-04-30 12:00:00+00:00,17.9821,9.1685,standard,test
1267,UBUSDT,2026-05-01 15:00:00+00:00,2026-05-01 19:00:00+00:00,32.5116,28.7954,standard,test
1268,UBUSDT,2026-05-02 21:00:00+00:00,2026-05-03 11:00:00+00:00,37.0645,7.2958,standard,test
1269,UBUSDT,2026-05-16 08:00:00+00:00,2026-05-17 08:00:00+00:00,34.7726,2.6723,standard,test
1270,UBUSDT,2025-09-13 11:00:00+00:00,2025-09-13 12:00:00+00:00,22.3114,3.4966,fast,train
1271,UBUSDT,2025-10-17 04:00:00+00:00,2025-10-17 05:00:00+00:00,11.248,2.0978,fast,train
1272,UBUSDT,2025-10-22 11:00:00+00:00,2025-10-22 12:00:00+00:00,12.4232,4.404,fast,train
1273,UBUSDT,2025-10-23 13:00:00+00:00,2025-10-23 14:00:00+00:00,13.3022,8.3595,fast,train
1274,UBUSDT,2025-10-27 12:00:00+00:00,2025-10-27 13:00:00+00:00,11.8681,9.1331,fast,train
1275,UBUSDT,2025-11-14 05:00:00+00:00,2025-11-14 06:00:00+00:00,12.2183,3.5518,fast,test
1276,UBUSDT,2026-01-08 13:00:00+00:00,2026-01-08 14:00:00+00:00,12.1803,189.0577,fast,test
1277,UBUSDT,2026-03-26 07:00:00+00:00,2026-03-26 08:00:00+00:00,12.4096,19.5444,fast,test
1278,UBUSDT,2026-03-26 11:00:00+00:00,2026-03-26 12:00:00+00:00,12.7707,32.4677,fast,test
1279,UBUSDT,2026-03-27 01:00:00+00:00,2026-03-27 02:00:00+00:00,16.5595,33.6155,fast,test
1280,UBUSDT,2026-04-22 18:00:00+00:00,2026-04-22 19:00:00+00:00,12.0176,58.0387,fast,test
1281,UBUSDT,2026-04-23 00:00:00+00:00,2026-04-23 01:00:00+00:00,16.3416,31.9592,fast,test
1282,UBUSDT,2026-04-23 09:00:00+00:00,2026-04-23 10:00:00+00:00,13.9907,15.5624,fast,test
1283,UBUSDT,2026-04-23 14:00:00+00:00,2026-04-23 15:00:00+00:00,13.4158,21.1339,fast,test
1284,UBUSDT,2026-04-23 23:00:00+00:00,2026-04-24 00:00:00+00:00,14.6584,9.7826,fast,test
1285,UBUSDT,2026-05-01 17:00:00+00:00,2026-05-01 18:00:00+00:00,19.3768,80.5304,fast,test
1286,UBUSDT,2026-05-02 10:00:00+00:00,2026-05-02 11:00:00+00:00,13.6819,36.9371,fast,test
1287,UBUSDT,2026-05-03 05:00:00+00:00,2026-05-03 06:00:00+00:00,11.9971,6.0105,fast,test
1288,UBUSDT,2026-05-03 09:00:00+00:00,2026-05-03 10:00:00+00:00,13.957,10.5566,fast,test
1289,UBUSDT,2026-05-04 04:00:00+00:00,2026-05-04 05:00:00+00:00,10.8075,5.4409,fast,test
1290,UBUSDT,2026-05-14 01:00:00+00:00,2026-05-14 02:00:00+00:00,11.283,9.4931,fast,test
1291,UBUSDT,2026-05-14 16:00:00+00:00,2026-05-14 17:00:00+00:00,11.2439,5.2353,fast,test
1292,UBUSDT,2026-05-16 05:00:00+00:00,2026-05-16 06:00:00+00:00,13.2631,3.52,fast,test
1293,UBUSDT,2026-05-16 12:00:00+00:00,2026-05-16 13:00:00+00:00,11.9965,4.9326,fast,test
1294,UNIUSDT,2024-06-10 15:00:00+00:00,2024-06-11 15:00:00+00:00,16.4447,2.6719,standard,train
1295,UNIUSDT,2024-08-04 12:00:00+00:00,2024-08-05 12:00:00+00:00,25.3262,8.3112,standard,train
1296,UNIUSDT,2024-11-12 08:00:00+00:00,2024-11-13 06:00:00+00:00,15.2128,3.1994,standard,train
1297,UNIUSDT,2024-12-09 18:00:00+00:00,2024-12-10 17:00:00+00:00,16.6825,2.5595,standard,train
1298,UNIUSDT,2024-12-19 11:00:00+00:00,2024-12-20 11:00:00+00:00,25.3458,2.6432,standard,train
1299,UNIUSDT,2025-02-02 01:00:00+00:00,2025-02-03 01:00:00+00:00,29.3082,3.4531,standard,train
1300,UNIUSDT,2025-03-03 13:00:00+00:00,2025-03-04 13:00:00+00:00,16.4015,2.2887,standard,train
1301,UNIUSDT,2025-03-10 11:00:00+00:00,2025-03-11 00:00:00+00:00,16.9764,2.702,standard,train
1302,UNIUSDT,2025-04-06 08:00:00+00:00,2025-04-07 06:00:00+00:00,20.746,2.9559,standard,train
1303,UNIUSDT,2025-05-29 02:00:00+00:00,2025-05-30 00:00:00+00:00,15.2367,3.9719,standard,train
1304,UNIUSDT,2025-06-12 01:00:00+00:00,2025-06-13 01:00:00+00:00,15.9893,2.5082,standard,train
1305,UNIUSDT,2025-10-10 03:00:00+00:00,2025-10-10 21:00:00+00:00,34.2756,8.2863,standard,train
1306,UNIUSDT,2025-11-20 12:00:00+00:00,2025-11-21 11:00:00+00:00,16.3156,2.4069,standard,test
1307,UNIUSDT,2026-02-05 03:00:00+00:00,2026-02-06 03:00:00+00:00,17.8543,6.4851,standard,test
1308,UNIUSDT,2026-02-11 14:00:00+00:00,2026-02-12 08:00:00+00:00,15.2662,7.9448,standard,test
1309,UNIUSDT,2025-02-03 00:00:00+00:00,2025-02-03 01:00:00+00:00,12.0921,15.6379,fast,train
1310,UNIUSDT,2025-10-10 20:00:00+00:00,2025-10-10 21:00:00+00:00,20.3069,54.5771,fast,train
1311,USUSDT,2026-02-05 19:00:00+00:00,2026-02-06 19:00:00+00:00,24.4361,2.8891,standard,test
1312,USUSDT,2026-02-16 23:00:00+00:00,2026-02-17 14:00:00+00:00,17.1156,3.9685,standard,test
1313,USUSDT,2026-02-28 03:00:00+00:00,2026-02-28 16:00:00+00:00,15.1388,2.1591,standard,test
1314,USUSDT,2026-03-12 07:00:00+00:00,2026-03-13 06:00:00+00:00,18.0991,4.7758,standard,test
1315,USUSDT,2026-03-17 14:00:00+00:00,2026-03-18 13:00:00+00:00,17.1714,5.1303,standard,test
1316,USUSDT,2026-03-22 02:00:00+00:00,2026-03-22 08:00:00+00:00,18.2559,5.1211,standard,test
1317,USUSDT,2026-04-02 16:00:00+00:00,2026-04-03 05:00:00+00:00,16.8158,4.0762,standard,test
1318,USUSDT,2026-04-13 02:00:00+00:00,2026-04-13 20:00:00+00:00,23.584,4.9649,standard,test
1319,USUSDT,2026-04-18 09:00:00+00:00,2026-04-19 08:00:00+00:00,21.5259,2.2072,standard,test
1320,USUSDT,2026-05-05 13:00:00+00:00,2026-05-06 03:00:00+00:00,15.7103,2.3631,standard,test
1321,USUSDT,2026-05-10 22:00:00+00:00,2026-05-11 19:00:00+00:00,23.8691,71.3246,standard,test
1322,USUSDT,2026-05-13 09:00:00+00:00,2026-05-14 09:00:00+00:00,15.672,3.7343,standard,test
1323,USUSDT,2025-12-15 13:00:00+00:00,2025-12-15 14:00:00+00:00,11.8911,3.9054,fast,test
1324,USUSDT,2025-12-15 16:00:00+00:00,2025-12-15 17:00:00+00:00,18.6554,3.6898,fast,test
1325,USUSDT,2025-12-21 18:00:00+00:00,2025-12-21 19:00:00+00:00,10.1097,3.6634,fast,test
1326,USUSDT,2026-02-06 14:00:00+00:00,2026-02-06 15:00:00+00:00,10.6212,10.7031,fast,test
1327,USUSDT,2026-02-17 13:00:00+00:00,2026-02-17 14:00:00+00:00,14.967,23.7552,fast,test
1328,USUSDT,2026-03-12 10:00:00+00:00,2026-03-12 11:00:00+00:00,10.3868,25.1028,fast,test
1329,USUSDT,2026-04-13 03:00:00+00:00,2026-04-13 04:00:00+00:00,15.6936,17.7282,fast,test
1330,VIRTUALUSDT,2025-01-12 15:00:00+00:00,2025-01-13 11:00:00+00:00,18.8856,2.521,standard,train
1331,VIRTUALUSDT,2025-02-02 06:00:00+00:00,2025-02-03 02:00:00+00:00,27.6356,3.1027,standard,train
1332,VIRTUALUSDT,2025-04-23 12:00:00+00:00,2025-04-24 08:00:00+00:00,15.353,3.3804,standard,train
1333,VIRTUALUSDT,2025-04-29 14:00:00+00:00,2025-04-30 13:00:00+00:00,17.8869,4.6126,standard,train
1334,VIRTUALUSDT,2025-05-05 22:00:00+00:00,2025-05-06 20:00:00+00:00,16.5903,3.8085,standard,train
1335,VIRTUALUSDT,2025-10-10 05:00:00+00:00,2025-10-10 21:00:00+00:00,39.2791,6.0087,standard,train
1336,VIRTUALUSDT,2025-10-16 12:00:00+00:00,2025-10-17 08:00:00+00:00,17.1466,3.0564,standard,train
1337,VIRTUALUSDT,2025-10-29 21:00:00+00:00,2025-10-30 18:00:00+00:00,22.1344,4.3526,standard,train
1338,VIRTUALUSDT,2025-11-02 16:00:00+00:00,2025-11-03 15:00:00+00:00,17.8339,3.9781,standard,test
1339,VIRTUALUSDT,2026-01-31 01:00:00+00:00,2026-01-31 18:00:00+00:00,17.0069,2.0127,standard,test
1340,VIRTUALUSDT,2026-02-04 20:00:00+00:00,2026-02-05 20:00:00+00:00,18.5197,2.1911,standard,test
1341,VIRTUALUSDT,2026-05-22 12:00:00+00:00,2026-05-23 07:00:00+00:00,15.4725,2.779,standard,test
1342,VIRTUALUSDT,2025-02-03 00:00:00+00:00,2025-02-03 01:00:00+00:00,13.4279,8.2792,fast,train
1343,VIRTUALUSDT,2025-10-10 20:00:00+00:00,2025-10-10 21:00:00+00:00,25.1917,38.9112,fast,train
1344,VVVUSDT,2025-02-01 14:00:00+00:00,2025-02-02 12:00:00+00:00,40.6332,2.0063,standard,train
1345,VVVUSDT,2025-02-03 18:00:00+00:00,2025-02-04 09:00:00+00:00,34.8538,3.2815,standard,train
1346,VVVUSDT,2025-04-06 09:00:00+00:00,2025-04-07 06:00:00+00:00,23.5813,2.4084,standard,train
1347,VVVUSDT,2025-06-13 20:00:00+00:00,2025-06-14 20:00:00+00:00,15.7078,4.3216,standard,train
1348,VVVUSDT,2025-06-20 23:00:00+00:00,2025-06-21 21:00:00+00:00,18.1908,3.2547,standard,train
1349,VVVUSDT,2025-08-20 20:00:00+00:00,2025-08-21 19:00:00+00:00,22.6931,7.202,standard,train
1350,VVVUSDT,2025-10-10 11:00:00+00:00,2025-10-11 03:00:00+00:00,33.2183,6.6299,standard,train
1351,VVVUSDT,2025-11-20 12:00:00+00:00,2025-11-21 09:00:00+00:00,16.9039,3.1282,standard,test
1352,VVVUSDT,2026-01-11 19:00:00+00:00,2026-01-12 13:00:00+00:00,17.5035,27.4334,standard,test
1353,VVVUSDT,2026-01-14 01:00:00+00:00,2026-01-15 01:00:00+00:00,16.031,3.6378,standard,test
1354,VVVUSDT,2026-01-31 00:00:00+00:00,2026-01-31 17:00:00+00:00,19.4761,2.1503,standard,test
1355,VVVUSDT,2026-02-16 03:00:00+00:00,2026-02-16 18:00:00+00:00,24.2108,28.9578,standard,test
1356,VVVUSDT,2026-02-17 18:00:00+00:00,2026-02-18 16:00:00+00:00,17.311,14.7801,standard,test
1357,VVVUSDT,2026-02-22 02:00:00+00:00,2026-02-23 02:00:00+00:00,16.6441,4.3821,standard,test
1358,VVVUSDT,2026-02-23 11:00:00+00:00,2026-02-24 11:00:00+00:00,18.4473,3.6508,standard,test
1359,VVVUSDT,2026-03-02 20:00:00+00:00,2026-03-03 20:00:00+00:00,27.058,3.1439,standard,test
1360,VVVUSDT,2026-05-12 05:00:00+00:00,2026-05-13 05:00:00+00:00,16.9218,4.0836,standard,test
1361,VVVUSDT,2025-02-03 00:00:00+00:00,2025-02-03 01:00:00+00:00,14.9418,2.9387,fast,train
1362,VVVUSDT,2025-10-10 20:00:00+00:00,2025-10-10 21:00:00+00:00,11.8552,31.3414,fast,train
1363,VVVUSDT,2026-02-16 06:00:00+00:00,2026-02-16 07:00:00+00:00,10.3178,63.8489,fast,test
1364,VVVUSDT,2026-02-17 08:00:00+00:00,2026-02-17 09:00:00+00:00,10.3645,35.832,fast,test
1365,WLDUSDT,2024-05-13 16:00:00+00:00,2024-05-14 16:00:00+00:00,23.2727,2.4089,standard,train
1366,WLDUSDT,2024-06-17 01:00:00+00:00,2024-06-18 01:00:00+00:00,20.5561,3.1535,standard,train
1367,WLDUSDT,2024-07-04 07:00:00+00:00,2024-07-05 02:00:00+00:00,24.9361,6.5688,standard,train
1368,WLDUSDT,2024-07-17 17:00:00+00:00,2024-07-18 17:00:00+00:00,15.0006,3.2367,standard,train
1369,WLDUSDT,2024-08-04 12:00:00+00:00,2024-08-05 06:00:00+00:00,19.7168,2.5798,standard,train
1370,WLDUSDT,2024-10-01 04:00:00+00:00,2024-10-01 22:00:00+00:00,15.4652,2.1695,standard,train
1371,WLDUSDT,2024-11-12 06:00:00+00:00,2024-11-13 06:00:00+00:00,21.8913,2.841,standard,train
1372,WLDUSDT,2024-12-09 18:00:00+00:00,2024-12-10 17:00:00+00:00,23.3017,2.396,standard,train
1373,WLDUSDT,2024-12-19 14:00:00+00:00,2024-12-20 11:00:00+00:00,18.2996,2.0019,standard,train
1374,WLDUSDT,2025-01-07 13:00:00+00:00,2025-01-08 12:00:00+00:00,16.3557,2.5796,standard,train
1375,WLDUSDT,2025-01-19 01:00:00+00:00,2025-01-20 00:00:00+00:00,17.4653,2.6688,standard,train
1376,WLDUSDT,2025-02-02 09:00:00+00:00,2025-02-03 02:00:00+00:00,32.2569,3.8181,standard,train
1377,WLDUSDT,2025-03-03 16:00:00+00:00,2025-03-04 16:00:00+00:00,21.0508,2.5617,standard,train
1378,WLDUSDT,2025-03-10 11:00:00+00:00,2025-03-11 00:00:00+00:00,15.7919,2.8822,standard,train
1379,WLDUSDT,2025-04-06 10:00:00+00:00,2025-04-07 06:00:00+00:00,20.348,2.0198,standard,train
1380,WLDUSDT,2025-07-23 05:00:00+00:00,2025-07-24 05:00:00+00:00,17.3981,2.3573,standard,train
1381,WLDUSDT,2025-10-10 12:00:00+00:00,2025-10-10 21:00:00+00:00,38.6696,5.5925,standard,train
1382,WLDUSDT,2025-11-20 12:00:00+00:00,2025-11-21 11:00:00+00:00,16.9339,2.3251,standard,test
1383,WLDUSDT,2026-01-28 22:00:00+00:00,2026-01-29 20:00:00+00:00,25.0951,10.9779,standard,test
1384,WLDUSDT,2026-01-30 21:00:00+00:00,2026-01-31 18:00:00+00:00,19.2557,3.4713,standard,test
1385,WLDUSDT,2026-02-05 00:00:00+00:00,2026-02-06 00:00:00+00:00,16.5445,4.5276,standard,test
1386,WLDUSDT,2026-03-27 02:00:00+00:00,2026-03-28 02:00:00+00:00,15.8273,3.2371,standard,test
1387,WLDUSDT,2024-05-13 16:00:00+00:00,2024-05-13 17:00:00+00:00,10.5911,9.4072,fast,train
1388,WLDUSDT,2025-02-03 00:00:00+00:00,2025-02-03 01:00:00+00:00,13.2323,10.0653,fast,train
1389,WLDUSDT,2025-10-10 20:00:00+00:00,2025-10-10 21:00:00+00:00,24.9025,37.9085,fast,train
1390,WLFIUSDT,2025-09-01 03:00:00+00:00,2025-09-01 20:00:00+00:00,40.944,9.6209,standard,train
1391,WLFIUSDT,2025-09-02 09:00:00+00:00,2025-09-02 14:00:00+00:00,15.3279,3.557,standard,train
1392,WLFIUSDT,2025-09-03 17:00:00+00:00,2025-09-04 14:00:00+00:00,24.9661,5.4827,standard,train
1393,WLFIUSDT,2025-10-10 05:00:00+00:00,2025-10-10 23:00:00+00:00,30.6622,3.5993,standard,train
1394,WLFIUSDT,2025-11-02 23:00:00+00:00,2025-11-03 15:00:00+00:00,15.2706,2.0221,standard,test
1395,WLFIUSDT,2026-01-31 05:00:00+00:00,2026-02-01 05:00:00+00:00,19.1011,4.1276,standard,test
1396,WLFIUSDT,2026-02-05 09:00:00+00:00,2026-02-06 08:00:00+00:00,16.847,4.7733,standard,test
1397,WLFIUSDT,2026-04-09 19:00:00+00:00,2026-04-10 17:00:00+00:00,15.7839,9.5198,standard,test
1398,WLFIUSDT,2026-04-29 09:00:00+00:00,2026-04-30 09:00:00+00:00,17.5989,6.6644,standard,test
1399,WLFIUSDT,2026-05-01 05:00:00+00:00,2026-05-02 05:00:00+00:00,15.6098,5.7427,standard,test
1400,WLFIUSDT,2025-10-10 14:00:00+00:00,2025-10-10 15:00:00+00:00,16.3616,21.1492,fast,train
1401,WLFIUSDT,2025-10-10 20:00:00+00:00,2025-10-10 21:00:00+00:00,10.9912,18.1732,fast,train
1402,WLFIUSDT,2026-02-06 19:00:00+00:00,2026-02-06 20:00:00+00:00,11.7391,49.7536,fast,test
1403,XAGUSDT,2026-01-29 23:00:00+00:00,2026-01-30 20:00:00+00:00,28.8339,83.809,standard,test
1404,XAGUSDT,2026-02-05 00:00:00+00:00,2026-02-05 23:00:00+00:00,25.0084,61.5607,standard,test
1405,XAGUSDT,2026-02-05 01:00:00+00:00,2026-02-05 02:00:00+00:00,13.5219,164.3905,fast,test
1406,XLMUSDT,2024-08-04 12:00:00+00:00,2024-08-05 12:00:00+00:00,16.6014,4.7646,standard,train
1407,XLMUSDT,2024-11-16 21:00:00+00:00,2024-11-17 11:00:00+00:00,16.0905,30.4262,standard,train
1408,XLMUSDT,2024-11-24 03:00:00+00:00,2024-11-24 15:00:00+00:00,24.0004,23.5259,standard,train
1409,XLMUSDT,2024-11-25 16:00:00+00:00,2024-11-26 12:00:00+00:00,17.5643,8.2049,standard,train
1410,XLMUSDT,2025-02-02 02:00:00+00:00,2025-02-03 01:00:00+00:00,25.0263,2.4231,standard,train
1411,XLMUSDT,2025-03-03 02:00:00+00:00,2025-03-04 02:00:00+00:00,18.9356,2.6336,standard,train
1412,XLMUSDT,2025-04-06 16:00:00+00:00,2025-04-07 06:00:00+00:00,19.9103,4.1906,standard,train
1413,XLMUSDT,2025-10-10 13:00:00+00:00,2025-10-10 21:00:00+00:00,23.2912,7.1571,standard,train
1414,XLMUSDT,2026-02-04 21:00:00+00:00,2026-02-05 21:00:00+00:00,15.4788,3.8667,standard,test
1415,XLMUSDT,2024-11-16 14:00:00+00:00,2024-11-16 15:00:00+00:00,11.427,95.71,fast,train
1416,XLMUSDT,2025-02-03 00:00:00+00:00,2025-02-03 01:00:00+00:00,12.4955,9.6163,fast,train
1417,XLMUSDT,2025-10-10 20:00:00+00:00,2025-10-10 21:00:00+00:00,13.405,49.8216,fast,train
1418,XMRUSDT,2024-07-04 10:00:00+00:00,2024-07-05 06:00:00+00:00,15.3558,2.1164,standard,train
1419,XMRUSDT,2024-12-08 23:00:00+00:00,2024-12-09 22:00:00+00:00,21.8679,4.1503,standard,train
1420,XMRUSDT,2024-12-19 14:00:00+00:00,2024-12-20 11:00:00+00:00,20.1112,2.4814,standard,train
1421,XMRUSDT,2025-04-28 04:00:00+00:00,2025-04-28 21:00:00+00:00,17.6478,18.4306,standard,train
1422,XMRUSDT,2025-05-27 08:00:00+00:00,2025-05-28 06:00:00+00:00,17.2032,2.7709,standard,train
1423,XMRUSDT,2025-10-10 01:00:00+00:00,2025-10-10 21:00:00+00:00,19.7943,3.3514,standard,train
1424,XMRUSDT,2026-01-20 05:00:00+00:00,2026-01-21 03:00:00+00:00,20.6463,8.4181,standard,test
1425,XMRUSDT,2024-12-20 07:00:00+00:00,2024-12-20 08:00:00+00:00,10.1949,6.714,fast,train
1426,XMRUSDT,2025-10-10 20:00:00+00:00,2025-10-10 21:00:00+00:00,11.6929,22.7016,fast,train
1427,XPLUSDT,2025-09-23 03:00:00+00:00,2025-09-24 03:00:00+00:00,18.3568,2.6892,standard,train
1428,XPLUSDT,2025-09-26 04:00:00+00:00,2025-09-26 12:00:00+00:00,16.4186,31.9308,standard,train
1429,XPLUSDT,2025-09-29 14:00:00+00:00,2025-09-30 14:00:00+00:00,23.3788,19.347,standard,train
1430,XPLUSDT,2025-10-07 05:00:00+00:00,2025-10-08 03:00:00+00:00,17.7523,5.3328,standard,train
1431,XPLUSDT,2025-10-08 17:00:00+00:00,2025-10-09 08:00:00+00:00,16.999,4.0245,standard,train
1432,XPLUSDT,2025-10-10 19:00:00+00:00,2025-10-11 19:00:00+00:00,39.7189,4.5733,standard,train
1433,XPLUSDT,2025-11-20 14:00:00+00:00,2025-11-21 09:00:00+00:00,19.8638,2.1821,standard,test
1434,XPLUSDT,2025-12-15 01:00:00+00:00,2025-12-16 00:00:00+00:00,15.0649,2.0019,standard,test
1435,XPLUSDT,2026-01-30 18:00:00+00:00,2026-01-31 18:00:00+00:00,20.5067,2.3445,standard,test
1436,XPLUSDT,2026-02-05 04:00:00+00:00,2026-02-06 03:00:00+00:00,18.4127,3.9991,standard,test
1437,XPLUSDT,2026-04-02 20:00:00+00:00,2026-04-03 18:00:00+00:00,27.0411,7.898,standard,test
1438,XPLUSDT,2025-09-01 15:00:00+00:00,2025-09-01 16:00:00+00:00,15.3717,6.1325,fast,train
1439,XPLUSDT,2025-09-26 04:00:00+00:00,2025-09-26 05:00:00+00:00,12.7508,62.6645,fast,train
1440,XPLUSDT,2025-10-10 20:00:00+00:00,2025-10-10 21:00:00+00:00,18.8648,27.6482,fast,train
1441,XPLUSDT,2026-04-02 20:00:00+00:00,2026-04-02 21:00:00+00:00,23.5794,83.0845,fast,test
1442,XRPUSDT,2024-08-04 12:00:00+00:00,2024-08-05 12:00:00+00:00,19.7229,3.3272,standard,train
1443,XRPUSDT,2024-11-16 14:00:00+00:00,2024-11-17 05:00:00+00:00,15.7807,13.8515,standard,train
1444,XRPUSDT,2024-11-23 15:00:00+00:00,2024-11-24 15:00:00+00:00,15.8541,3.2287,standard,train
1445,XRPUSDT,2025-02-02 01:00:00+00:00,2025-02-03 01:00:00+00:00,28.5734,3.4212,standard,train
1446,XRPUSDT,2025-03-02 23:00:00+00:00,2025-03-03 21:00:00+00:00,21.0455,3.3575,standard,train
1447,XRPUSDT,2025-04-06 06:00:00+00:00,2025-04-07 06:00:00+00:00,21.5569,3.7353,standard,train
1448,XRPUSDT,2025-10-10 05:00:00+00:00,2025-10-10 21:00:00+00:00,17.6512,6.9172,standard,train
1449,XRPUSDT,2026-02-04 21:00:00+00:00,2026-02-05 21:00:00+00:00,23.4127,6.7772,standard,test
1450,XRPUSDT,2024-12-03 12:00:00+00:00,2024-12-03 13:00:00+00:00,10.3086,8.8733,fast,train
1451,XRPUSDT,2025-02-03 00:00:00+00:00,2025-02-03 01:00:00+00:00,12.3971,13.3518,fast,train
1452,ZECUSDT,2024-07-04 04:00:00+00:00,2024-07-05 02:00:00+00:00,19.1542,4.9114,standard,train
1453,ZECUSDT,2024-08-04 06:00:00+00:00,2024-08-05 05:00:00+00:00,17.1667,3.3314,standard,train
1454,ZECUSDT,2024-12-08 22:00:00+00:00,2024-12-09 22:00:00+00:00,23.456,2.1544,standard,train
1455,ZECUSDT,2024-12-19 14:00:00+00:00,2024-12-20 11:00:00+00:00,21.0867,2.0082,standard,train
1456,ZECUSDT,2025-02-02 06:00:00+00:00,2025-02-03 02:00:00+00:00,30.8591,5.0267,standard,train
1457,ZECUSDT,2025-04-06 12:00:00+00:00,2025-04-07 06:00:00+00:00,26.6096,11.1684,standard,train
1458,ZECUSDT,2025-10-02 13:00:00+00:00,2025-10-03 03:00:00+00:00,18.8019,26.7889,standard,train
1459,ZECUSDT,2025-10-03 10:00:00+00:00,2025-10-04 02:00:00+00:00,18.879,13.2748,standard,train
1460,ZECUSDT,2025-10-07 01:00:00+00:00,2025-10-07 23:00:00+00:00,20.188,9.7977,standard,train
1461,ZECUSDT,2025-10-10 05:00:00+00:00,2025-10-10 21:00:00+00:00,26.5268,18.9348,standard,train
1462,ZECUSDT,2025-10-13 05:00:00+00:00,2025-10-14 05:00:00+00:00,19.5743,3.4696,standard,train
1463,ZECUSDT,2025-10-16 07:00:00+00:00,2025-10-17 07:00:00+00:00,20.2181,2.0956,standard,train
1464,ZECUSDT,2025-11-04 04:00:00+00:00,2025-11-04 16:00:00+00:00,18.4699,2.214,standard,test
1465,ZECUSDT,2025-11-07 17:00:00+00:00,2025-11-08 15:00:00+00:00,29.0539,2.4366,standard,test
1466,ZECUSDT,2025-11-10 07:00:00+00:00,2025-11-11 07:00:00+00:00,30.2876,2.628,standard,test
1467,ZECUSDT,2026-01-07 11:00:00+00:00,2026-01-08 09:00:00+00:00,20.9753,2.4656,standard,test
1468,ZECUSDT,2026-02-04 19:00:00+00:00,2026-02-05 19:00:00+00:00,21.7391,2.7071,standard,test
1469,ZECUSDT,2025-02-03 00:00:00+00:00,2025-02-03 01:00:00+00:00,12.8889,16.9672,fast,train
1470,ZECUSDT,2025-04-07 04:00:00+00:00,2025-04-07 05:00:00+00:00,17.7803,70.4599,fast,train
1471,ZECUSDT,2025-10-10 20:00:00+00:00,2025-10-10 21:00:00+00:00,13.725,45.0312,fast,train
1472,ZECUSDT,2025-11-04 10:00:00+00:00,2025-11-04 11:00:00+00:00,13.1211,6.1386,fast,test
