window_id,symbol,start_ms,label,split,dump_type,pct_chg,vol_ratio_1h,vol_spike_count,price_momentum_4h,cvd_divergence,upper_wick_ratio,support_break,vol_trend_slope,hour_of_day,oi_chg_4h,funding_rate,long_liq_ratio_4h,btc_regime
d_0,1000PEPEUSDT,1720087200000,1,train,standard,20.1925,1.8579855076236231,0,0.3814617864435947,0,0.20919747520288556,0,-0.010817471288500982,10,-0.016392095030324006,0.0001,0.5,-1
d_1,1000PEPEUSDT,1722772800000,1,train,standard,29.8248,0.8342253178714244,1,2.9667000591408774,1,0.4492307692307705,0,0.0659597172388833,12,-0.0170837034805163,2.343e-05,0.5,-1
d_2,1000PEPEUSDT,1727784000000,1,train,standard,15.8831,0.710298918931257,0,-0.3175111395715054,0,0.5426008968609893,0,-0.010919994959735469,12,0.00600168725023346,0.0001,0.5,0
d_3,1000PEPEUSDT,1731560400000,1,train,standard,20.656,0.430270280754847,0,8.111418881240349,1,0.21360595496089663,0,-0.06556381562931779,5,0.008160951265915385,0.00030904,0.5,1
d_4,1000PEPEUSDT,1733767200000,1,train,standard,19.424,1.2580937732806146,2,4.956152671050748,1,0.7908615594453283,0,0.0898363854865861,18,0.020328008971422663,0.00014353,0.5,-1
d_5,1000PEPEUSDT,1734606000000,1,train,standard,25.7584,0.9208351417212015,0,1.9305100191689284,0,0.30627971798655657,0,-0.1694259998386022,11,0.00885773162705355,-2.246e-05,0.5,-1
d_6,1000PEPEUSDT,1737252000000,1,train,standard,19.3565,0.967451175751569,0,2.6824422956613225,0,0.05783212161269051,0,-0.08389737172163965,2,0.061561497110896826,0.0001,0.5,0
d_7,1000PEPEUSDT,1737918000000,1,train,standard,18.5357,1.131149210834875,1,0.606064664755835,0,0.36797536566589173,0,0.038672596164563984,19,0.009153911151433903,0.0001,0.5,0
d_8,1000PEPEUSDT,1738472400000,1,train,standard,29.3492,0.8921094185263597,0,-2.2486077545445076,0,0.5044108380592324,0,-0.009661873867418866,5,-0.003221632801833485,0.0001,0.5,-1
d_9,1000PEPEUSDT,1740380400000,1,train,standard,16.2604,1.0510920756907236,2,-1.1639946377775183,0,0.08309455587391311,0,0.13572880143411684,7,0.08902297988457833,-8.689e-05,0.5,0
d_10,1000PEPEUSDT,1741017600000,1,train,standard,16.9593,1.7140973201314214,0,-3.3529091239329185,0,0.7314112291350516,0,0.06669451258694815,16,-0.016987949462792428,9.9e-07,0.5,1
d_11,1000PEPEUSDT,1741604400000,1,train,standard,16.2323,0.9707412939059802,1,4.398106439089919,0,0.11287988422575485,0,0.07436755021759618,11,-0.018026715063297907,-2.3e-07,0.5,-1
d_12,1000PEPEUSDT,1743606000000,1,train,standard,18.095,1.4447563315933794,0,1.3678944728386877,0,0.12222222222222265,0,0.04327401138468741,15,0.04476451061332975,8.602e-05,0.5,1
d_13,1000PEPEUSDT,1743926400000,1,train,standard,17.6882,0.8387805800630047,0,-0.2070156903616315,0,0.4030172413793149,0,0.008760473050123934,8,0.014300913285204364,4.744e-05,0.5,0
d_14,1000PEPEUSDT,1760072400000,1,train,standard,29.3934,0.9920235337911413,0,0.4579229307067536,0,0.5537542662116033,0,0.01717611301781021,5,-0.004712845668366227,9.52e-06,0.5,0
d_15,1000PEPEUSDT,1763640000000,1,test,standard,16.3248,0.7921602887785292,0,-0.3541380933860025,0,0.25,0,0.013149420244571197,12,0.02895495661227362,0.0001,0.5,0
d_16,1000PEPEUSDT,1770246000000,1,test,standard,18.4597,1.4122233008169793,0,-0.9250035577059905,0,0.43333333333332985,0,0.01086184498537496,23,-0.03310717580542378,-5.633e-05,0.5,-1
d_17,1000PEPEUSDT,1731520800000,1,train,fast,13.1043,2.393539076944809,4,9.263034759358298,0,0.16671971987903697,0,0.5303553162223122,18,0.03728540158955294,0.00077288,0.5,1
d_18,1000PEPEUSDT,1760126400000,1,train,fast,16.0333,3.889409663734817,4,-2.394991047295372,0,0.07673975214489845,0,0.3348282404804042,20,-0.022689290867026857,0.0001,0.5,-1
c_0,1000PEPEUSDT,1716616800000,0,train,control,,2.2571054764669247,1,5.849266465801261,0,0.23587652882935303,0,0.08083955705203597,6,0.018244046076534234,0.0001,0.5,1
c_1,1000PEPEUSDT,1726754400000,0,train,control,,1.5308299000390082,0,1.370264994450051,1,0.4547123623010996,0,0.018114302123136913,14,0.06515559067181437,0.0001,0.5,1
c_2,1000PEPEUSDT,1742266800000,0,train,control,,0.7419006832493228,0,-1.7037067132545092,0,0.4910790144435018,0,-0.03179334398866752,3,-0.032863733274438645,0.0001,0.5,0
c_3,1000PEPEUSDT,1753120800000,0,train,control,,0.9046857559382948,1,-2.0859507148522285,0,0.35089605734767365,0,0.060023789357691176,18,0.00016959150684751044,0.0001,0.5,0
c_4,1000PEPEUSDT,1761868800000,0,train,control,,0.7850988061465548,0,2.564225154586605,1,0.03708281829419525,0,-0.07958337933750671,0,-0.021892913877429396,-0.00029579,0.5,-1
c_5,1000PEPEUSDT,1714608000000,0,train,control,,0.5118295772691998,0,4.27055821657192,1,0.6528854435831176,0,-0.012038705406005013,0,0.025524328668051054,0.0001,0.5,0
c_6,1000PEPEUSDT,1725336000000,0,train,control,,0.4925588126229826,0,0.5846570231103789,0,0.6589785831960442,0,-0.025816273383717458,4,-0.009217517652010546,2.413e-05,0.5,1
c_7,1000PEPEUSDT,1736856000000,0,train,control,,0.8808315161703689,1,0.9614879419954829,1,0.015521064301552243,0,0.10164347391057699,12,-0.0009690138128662559,7.472e-05,0.5,1
c_8,1000PEPEUSDT,1749492000000,0,train,control,,1.4743159906362342,0,2.3012748007857953,1,0.48501228501228455,0,0.055126094757382844,18,-0.002693106354202599,0.0001,0.5,1
c_9,1000PEPEUSDT,1761868800000,0,train,control,,0.7850988061465548,0,2.564225154586605,1,0.03708281829419525,0,-0.07958337933750671,0,-0.021892913877429396,-0.00029579,0.5,-1
c_10,1000PEPEUSDT,1715698800000,0,train,control,,3.1431968546554736,3,3.0080085833620727,1,0.5075182142303529,0,0.13241672246164357,15,-0.010354021966227093,6.315e-05,0.5,-1
c_11,1000PEPEUSDT,1724126400000,0,train,control,,0.4741855981427121,0,0.3580915672691253,1,0.27999999999999114,0,-0.08528815063090892,4,0.012889848123216727,0.0001,0.5,1
c_12,1000PEPEUSDT,1739700000000,0,train,control,,0.8994573923395974,0,-0.12841477973855867,0,0.15098039215687278,0,-0.013343636945124719,10,0.0011680901597708113,5.899e-05,0.5,0
c_13,1000PEPEUSDT,1750413600000,0,train,control,,1.2042845820005479,2,1.7109835694385649,0,0.4422348484848543,0,0.1039105803935398,10,0.006799342564987812,0.0001,0.5,0
c_14,1000PEPEUSDT,1761868800000,0,train,control,,0.7850988061465548,0,2.564225154586605,1,0.03708281829419525,0,-0.07958337933750671,0,-0.021892913877429396,-0.00029579,0.5,-1
c_15,1000PEPEUSDT,1714608000000,0,train,control,,0.5118295772691998,0,4.27055821657192,1,0.6528854435831176,0,-0.012038705406005013,0,0.025524328668051054,0.0001,0.5,0
c_16,1000PEPEUSDT,1727096400000,0,train,control,,0.8419396201181663,0,-0.18188160255132585,0,0.27172717271728114,0,-0.06259641297472684,13,0.010147141151387389,0.0001,0.5,0
c_17,1000PEPEUSDT,1736661600000,0,train,control,,0.4393428492821874,0,-0.3224151010754619,0,0.5222419928825687,0,-0.08416309802988255,6,0.006891297854745373,-3.236e-05,0.5,0
c_18,1000PEPEUSDT,1750831200000,0,train,control,,0.7844220488069998,0,-0.16914581364110892,0,0.28209606986898683,0,-0.03071933384905924,6,0.008985732055568251,4.942e-05,0.5,0
c_19,1000PEPEUSDT,1759489200000,0,train,control,,0.42647355640218554,0,0.14209269280768638,0,0.28179551122195,0,-0.02590804423296137,11,0.0027718433759486975,0.0001,0.5,1
c_20,1000PEPEUSDT,1714608000000,0,train,control,,0.5118295772691998,0,4.27055821657192,1,0.6528854435831176,0,-0.012038705406005013,0,0.025524328668051054,0.0001,0.5,0
c_21,1000PEPEUSDT,1726347600000,0,train,control,,1.3044132900296759,1,-0.114522479862059,0,0.06577595066802981,0,0.023549068642488673,21,0.009153376054401233,0.0001,0.5,0
c_22,1000PEPEUSDT,1740013200000,0,train,control,,0.8519586070868794,0,1.6791988037994352,0,0.21017156862745645,0,-0.06374632048939537,1,-0.0003801616028839759,-1.18e-05,0.5,1
c_23,1000PEPEUSDT,1750885200000,0,train,control,,0.7301300874062918,0,1.2385325899348243,1,0.17245370370370278,0,-0.020067736881900222,21,0.024324084413046114,3.56e-05,0.5,1
c_24,1000PEPEUSDT,1761868800000,0,train,control,,0.7850988061465548,0,2.564225154586605,1,0.03708281829419525,0,-0.07958337933750671,0,-0.021892913877429396,-0.00029579,0.5,-1
c_25,1000PEPEUSDT,1714608000000,0,train,control,,0.5118295772691998,0,4.27055821657192,1,0.6528854435831176,0,-0.012038705406005013,0,0.025524328668051054,0.0001,0.5,0
c_26,1000PEPEUSDT,1726174800000,0,train,control,,0.5347611505242587,0,0.41946422977923786,0,0.13026052104209201,0,-0.038508764006981035,21,0.013088641887310334,0.0001,0.5,1
c_27,1000PEPEUSDT,1741312800000,0,train,control,,2.136781216283549,2,-1.902615364350841,0,0.1931013242993547,0,0.0904168346303648,2,-0.0009570088502171927,-0.0001117,0.5,-1
c_28,1000PEPEUSDT,1749859200000,0,train,control,,0.37220730578305145,0,3.6917499745683613,1,0.17550626808099778,0,-0.07344727690874697,0,-0.015748408271827833,6.253e-05,0.5,0
c_29,1000PEPEUSDT,1761868800000,0,train,control,,0.7850988061465548,0,2.564225154586605,1,0.03708281829419525,0,-0.07958337933750671,0,-0.021892913877429396,-0.00029579,0.5,-1
c_30,1000PEPEUSDT,1715032800000,0,train,control,,0.3232359070438337,0,0.28480640225962417,1,0.34333733493397667,0,-0.13438497461702925,22,-0.018374622899252072,0.0001,0.5,0
c_31,1000PEPEUSDT,1727103600000,0,train,control,,2.151575582065735,1,0.5213376033365653,0,0.6680244399185373,0,-0.00915335218600664,15,0.004329188148629962,0.0001,0.5,1
c_32,1000PEPEUSDT,1738954800000,0,train,control,,1.1124217462551527,1,-3.2851767166688903,0,0.19271758436945258,0,0.055201384717124456,19,-0.02438257726209706,-0.00010814,0.5,1
c_33,1000PEPEUSDT,1752170400000,0,train,control,,3.4804277001907917,2,5.091947930610075,0,0.11921749136939251,0,0.2060789477118847,18,0.005434901510030855,0.0001,0.5,1
c_34,1000PEPEUSDT,1761868800000,0,train,control,,0.7850988061465548,0,2.564225154586605,1,0.03708281829419525,0,-0.07958337933750671,0,-0.021892913877429396,-0.00029579,0.5,-1
c_35,1000PEPEUSDT,1714608000000,0,train,control,,0.5118295772691998,0,4.27055821657192,1,0.6528854435831176,0,-0.012038705406005013,0,0.025524328668051054,0.0001,0.5,0
c_36,1000PEPEUSDT,1726682400000,0,train,control,,1.7560882616858993,3,0.058529243718560886,0,0.17416452442159572,0,0.0824830454218957,18,-0.0030205857638984993,3.101e-05,0.5,-1
c_37,1000PEPEUSDT,1736265600000,0,train,control,,14.7110143825661,2,-5.768263207221433,0,0.061244979919680725,1,0.6512246148143184,16,0.055621659278473914,0.0001,0.5,-1
c_38,1000PEPEUSDT,1750572000000,0,train,control,,0.49747991213908693,0,0.2816384668508409,0,0.4693877551020319,0,-0.07335459297776106,6,-0.011241762923247398,9.575e-05,0.5,0
c_39,1000PEPEUSDT,1761868800000,0,train,control,,0.7850988061465548,0,2.564225154586605,1,0.03708281829419525,0,-0.07958337933750671,0,-0.021892913877429396,-0.00029579,0.5,-1
c_40,1000PEPEUSDT,1714608000000,0,train,control,,0.5118295772691998,0,4.27055821657192,1,0.6528854435831176,0,-0.012038705406005013,0,0.025524328668051054,0.0001,0.5,0
c_41,1000PEPEUSDT,1723705200000,0,train,control,,2.078812385434326,1,-2.1465106634326525,0,0.2543021032504718,1,0.10411622106648503,7,-0.004948652827906106,7.2e-05,0.5,-1
c_42,1000PEPEUSDT,1736535600000,0,train,control,,1.9187427071620369,3,1.4861336370015006,0,0.18538565629228917,0,0.07984490572134793,19,0.025054994315973408,6.884e-05,0.5,1
c_43,1000PEPEUSDT,1751972400000,0,train,control,,1.1876436589274026,0,1.382805466481888,0,0.26418152350080354,0,-0.0066412509531544655,11,0.008082901378000697,5.802e-05,0.5,0
c_44,1000PEPEUSDT,1761854400000,0,train,control,,1.6525311436471282,0,-2.673780204100618,0,0.2358870967741921,1,0.06469218302520663,20,-0.010139985565612915,-0.00027633,0.5,-1
c_45,1000PEPEUSDT,1715792400000,0,train,control,,2.292141928124781,1,-4.728314469543975,0,0.16015530211113815,1,0.055502772590802926,17,0.0202449857079527,-4.624e-05,0.5,1
c_46,1000PEPEUSDT,1723986000000,0,train,control,,1.2411298965900814,0,0.9807341418911607,0,0.7095400340715468,0,0.03150454054665659,13,0.0026116471062320166,0.0001,0.5,1
c_47,1000PEPEUSDT,1740805200000,0,train,control,,1.1074395695614025,0,2.2353739928006777,1,0.1209850107066434,0,-0.002199597116229416,5,0.010503906705392406,0.0001,0.5,1
c_48,1000PEPEUSDT,1751007600000,0,train,control,,0.8225090000369796,0,-0.5916968790679106,0,0.28063610851263326,0,-0.05095325421511234,7,0.010084794506451005,7.467e-05,0.5,0
c_49,1000PEPEUSDT,1761868800000,0,train,control,,0.7850988061465548,0,2.564225154586605,1,0.03708281829419525,0,-0.07958337933750671,0,-0.021892913877429396,-0.00029579,0.5,-1
c_50,1000PEPEUSDT,1714608000000,0,train,control,,0.5118295772691998,0,4.27055821657192,1,0.6528854435831176,0,-0.012038705406005013,0,0.025524328668051054,0.0001,0.5,0
c_51,1000PEPEUSDT,1724396400000,0,train,control,,2.272417041233141,1,2.6479225242111966,0,0.3485327313769737,0,0.16341382789372533,7,-0.010804571314320282,0.0001,0.5,0
c_52,1000PEPEUSDT,1742173200000,0,train,control,,1.0985874669353994,0,2.0499718661131134,0,0.022911051212936382,0,-0.0268123901480856,1,-0.009428847126424328,-3.252e-05,0.5,-1
c_53,1000PEPEUSDT,1752868800000,0,train,control,,1.0552566314786445,0,-0.8453543117582363,0,0.1914438502673798,1,-0.01462954777793809,20,-0.006115582062666459,0.0001,0.5,-1
c_54,1000PEPEUSDT,1761868800000,0,train,control,,0.7850988061465548,0,2.564225154586605,1,0.03708281829419525,0,-0.07958337933750671,0,-0.021892913877429396,-0.00029579,0.5,-1
c_55,1000PEPEUSDT,1714608000000,0,train,control,,0.5118295772691998,0,4.27055821657192,1,0.6528854435831176,0,-0.012038705406005013,0,0.025524328668051054,0.0001,0.5,0
c_56,1000PEPEUSDT,1728158400000,0,train,control,,0.9290934687138976,0,-1.9258353020587218,0,0.5042134831460667,0,0.028445932509440813,20,-0.005875466304312694,2.457e-05,0.5,0
c_57,1000PEPEUSDT,1739458800000,0,train,control,,1.808176690688182,0,-1.8544151772991766,0,0.0,1,0.03123383012430906,15,-0.04298238478895279,0.0001,0.5,0
c_58,1000PEPEUSDT,1750622400000,0,train,control,,0.7681250330307974,0,-0.8090390785495005,0,0.12309820193637701,1,0.001027134561801597,20,-0.02853832384007363,0.0001,0.5,-1
c_59,1000PEPEUSDT,1761868800000,0,train,control,,0.7850988061465548,0,2.564225154586605,1,0.03708281829419525,0,-0.07958337933750671,0,-0.021892913877429396,-0.00029579,0.5,-1
c_60,1000PEPEUSDT,1714608000000,0,train,control,,0.5118295772691998,0,4.27055821657192,1,0.6528854435831176,0,-0.012038705406005013,0,0.025524328668051054,0.0001,0.5,0
c_61,1000PEPEUSDT,1724382000000,0,train,control,,0.5157978518314934,0,0.36244607203770407,0,0.27967806841047865,0,-0.11996464264635277,3,0.02712466629907617,0.0001,0.5,0
c_62,1000PEPEUSDT,1741384800000,0,train,control,,1.747009251554779,0,-0.2876034456020557,0,0.08337904552934695,1,0.0055034771015484785,22,-0.01239063235146182,3.354e-05,0.5,-1
c_63,1000PEPEUSDT,1750147200000,0,train,control,,0.6263622760252108,0,-1.4275065225493935,0,0.5574866310160493,0,-0.08157401710588316,8,-0.020115841366630517,0.0001,0.5,0
c_64,1000PEPEUSDT,1761868800000,0,train,control,,0.7850988061465548,0,2.564225154586605,1,0.03708281829419525,0,-0.07958337933750671,0,-0.021892913877429396,-0.00029579,0.5,-1
c_65,1000PEPEUSDT,1714608000000,0,train,control,,0.5118295772691998,0,4.27055821657192,1,0.6528854435831176,0,-0.012038705406005013,0,0.025524328668051054,0.0001,0.5,0
c_66,1000PEPEUSDT,1727316000000,0,train,control,,1.3458895921998884,0,-3.308814998723802,0,0.0,0,-0.0051293496253115205,2,-0.12654785039601762,0.0001,0.5,-1
c_67,1000PEPEUSDT,1736730000000,0,train,control,,3.348283572196507,1,1.0067901096691934,1,0.3285335981463109,0,0.07562405342105276,1,-0.001001299676804258,0.0001,0.5,0
c_68,1000PEPEUSDT,1751767200000,0,train,control,,0.69835472494662,0,-0.32744212951006696,0,0.13325608342990689,0,-0.07154167043067296,2,-0.0019283606793212213,-6.93e-05,0.5,0
c_69,1000PEPEUSDT,1761037200000,0,train,control,,1.0943040789373844,0,1.0107934655775899,0,0.023468057366358826,0,0.07585543217396606,9,0.0627945558053123,6.426e-05,0.5,-1
c_70,1000PEPEUSDT,1715724000000,0,train,control,,0.4147121929878792,0,3.5279651009593405,1,0.04475209272375727,0,-0.1439808496586796,22,-0.0012471723584994898,6.262e-05,0.5,-1
c_71,1000PEPEUSDT,1727532000000,0,train,control,,1.0763548312586066,0,-0.4747297692083123,0,0.11209766925638022,0,-0.051599402974633994,14,0.016443452460964993,0.0001,0.5,0
c_72,1000PEPEUSDT,1739779200000,0,train,control,,1.3951547555953128,1,-2.3916308245558398,0,0.21672661870503654,0,0.04815304562172226,8,0.025629830813004864,-1.6e-07,0.5,-1
c_73,1000PEPEUSDT,1749956400000,0,train,control,,0.5734644238742304,0,0.8001097293343158,1,0.456344586728751,0,-0.1307950236514481,3,0.01435027906025117,6.615e-05,0.5,0
c_74,1000PEPEUSDT,1761868800000,0,train,control,,0.7850988061465548,0,2.564225154586605,1,0.03708281829419525,0,-0.07958337933750671,0,-0.021892913877429396,-0.00029579,0.5,-1
c_75,1000PEPEUSDT,1761958800000,0,test,control,,0.8872001379451455,0,0.5036245707745142,1,0.10666666666666898,0,-0.09139412899690962,1,-0.005083125829365261,3.61e-05,0.5,0
c_76,1000PEPEUSDT,1767150000000,0,test,control,,0.6578335584385904,0,-0.004835706859442433,0,0.08130081300813925,0,-0.1683554448004434,3,0.012631856701227554,8.555e-05,0.5,1
c_77,1000PEPEUSDT,1770613200000,0,test,control,,0.7766602281206155,0,1.179089054344089,0,0.11428571428571074,0,-0.016324698311476423,5,-0.005616958567669306,2.222e-05,0.5,1
c_78,1000PEPEUSDT,1775278800000,0,test,control,,0.8230362726499121,0,-0.11802543448113355,0,0.4929577464788769,0,0.045305978851465284,5,0.012686648443624694,0.0001,0.5,0
c_79,1000PEPEUSDT,1779015600000,0,test,control,,1.7255006709206742,0,0.37908912570913733,0,0.6333333333333382,0,-0.0068623173862919044,11,-0.009170171141656188,-1.841e-05,0.5,0
c_80,1000PEPEUSDT,1762189200000,0,test,control,,3.6659490590441663,2,-4.138678579053696,0,0.09892729439809468,0,0.3167752741931665,17,0.03461924305461892,-0.00019317,0.5,-1
c_81,1000PEPEUSDT,1766016000000,0,test,control,,0.6963783224625822,0,-0.5050505050505034,0,0.0,0,-0.12968871380581307,0,0.01615003177721311,-4.152e-05,0.5,-1
c_82,1000PEPEUSDT,1771707600000,0,test,control,,1.1016968682310666,0,-0.9276482090904684,0,0.05498281786940264,1,-0.08983935254546946,21,-0.038681654692746134,-0.0001578,0.5,0
c_83,1000PEPEUSDT,1775890800000,0,test,control,,0.5598310743225577,0,-0.9093177344681304,0,0.35114503816794373,0,-0.10346791890360231,7,-0.021039518672941123,0.0001,0.5,1
c_84,1000PEPEUSDT,1778994000000,0,test,control,,1.2451491289195327,1,0.8980595499011053,0,0.3037974683544225,0,0.10256799452916418,5,-0.018784507264543227,7.049e-05,0.5,-1
c_85,1000PEPEUSDT,1714892400000,0,train,control,,0.7256217792575453,0,-0.20400901435177876,0,0.5666982024597895,0,-0.0006456560096977053,7,-0.02131545687376836,0.0001,0.5,0
c_86,1000PEPEUSDT,1727568000000,0,train,control,,0.9267231279741976,0,1.5073673695101413,0,0.16252274105518766,0,-0.040865958318299825,0,-0.0025749120602231476,0.0001,0.5,0
c_87,1000PEPEUSDT,1739062800000,0,train,control,,0.5639481843122539,0,0.0991380209963798,1,0.20786516853933756,0,-0.09281947404285146,1,-0.009425400513892472,-2.7e-06,0.5,0
c_88,1000PEPEUSDT,1750586400000,0,train,control,,1.1739836853267256,0,-3.5294244240474337,0,0.12324723247232233,1,-0.10745241501671976,10,0.015514318130144785,0.0001,0.5,-1
c_89,1000PEPEUSDT,1761328800000,0,train,control,,0.8279109560935688,1,-0.49368477313005404,0,0.48018292682927355,0,0.025545185117274095,18,0.06982273570991791,0.0001,0.5,0
c_90,1000PEPEUSDT,1714608000000,0,train,control,,0.5118295772691998,0,4.27055821657192,1,0.6528854435831176,0,-0.012038705406005013,0,0.025524328668051054,0.0001,0.5,0
c_91,1000PEPEUSDT,1725019200000,0,train,control,,0.8376120931776063,0,0.15920269220812594,1,0.26310679611650073,0,-0.016702908999428962,12,0.005410385859787947,1.41e-05,0.5,-1
c_92,1000PEPEUSDT,1736496000000,0,train,control,,1.571425713191439,0,2.5676488970162623,0,0.38254100639422084,0,-0.08419961933350009,8,0.00025494485979186705,-3.094e-05,0.5,1
c_93,1000PEPEUSDT,1752840000000,0,train,control,,0.812262633631977,0,-2.277079766706315,0,0.06752315506423501,1,-0.017246484312340694,12,-0.015452548564634693,0.0001,0.5,1
c_94,1000PEPEUSDT,1759557600000,0,train,control,,0.8682795308763438,0,0.6577425551387412,0,0.24968152866241675,0,-0.03668985008610189,6,0.002371929812666997,0.0001,0.5,1
d_19,ADAUSDT,1720083600000,1,train,standard,18.769,2.0833213469784346,1,-0.05069708491762572,0,0.20779220779220695,0,0.024895951789575353,9,0.004631433366780226,0.0001,0.5,-1
d_20,ADAUSDT,1722772800000,1,train,standard,20.3616,0.5072290449243982,0,0.05595970900950699,1,0.19230769230769312,0,-0.04469428276202691,12,0.001456690478591236,6.968e-05,0.5,-1
d_21,ADAUSDT,1731398400000,1,train,standard,18.3442,1.6689118592953611,0,3.030813268226977,0,0.40716612377850087,0,-0.012973453852499605,8,0.028085628075292877,0.00044771,0.5,1
d_22,ADAUSDT,1734613200000,1,train,standard,20.7259,0.8019969542202933,0,0.207318337306935,1,0.051162790697678935,0,-0.2248158258225981,13,0.002853313626992173,6.127e-05,0.5,-1
d_23,ADAUSDT,1736244000000,1,train,standard,15.5641,3.0970858186596386,2,4.743519029233302,1,0.3661202185792314,0,0.2579699914972822,10,0.03424827001942038,0.0001,0.5,1
d_24,ADAUSDT,1737248400000,1,train,standard,15.4191,1.8425960472923322,0,5.536723163841804,0,0.3669250645994834,0,-0.020163160772778722,1,-0.0015524958033069263,0.0001,0.5,0
d_25,ADAUSDT,1738458000000,1,train,standard,30.8507,1.6351853859661885,1,-0.43888523151196,0,0.1878453038674071,0,0.08731345573521615,1,-0.008078666818516681,-3.462e-05,0.5,-1
d_26,ADAUSDT,1740963600000,1,train,standard,27.5046,17.19256866525101,4,5.386257763975165,1,0.4436170212765961,0,-0.11353914500268372,1,-0.030582464045127253,0.0001,0.5,1
d_27,ADAUSDT,1743919200000,1,train,standard,19.4128,0.8881430331635427,0,-0.4305043050430542,0,0.21621621621622675,0,-0.005146225521261375,6,-0.019373180907698653,3.423e-05,0.5,0
d_28,ADAUSDT,1760072400000,1,train,standard,24.79,0.5683722403679146,0,0.09814746656850838,0,0.7272727272727346,0,-0.040426313845861296,5,-0.004602471359137366,0.0001,0.5,0
d_29,ADAUSDT,1763640000000,1,test,standard,15.0863,0.3834032284618118,0,-0.871969374734154,0,0.241379310344819,0,-0.07819652199143763,12,0.0009530345925380829,0.0001,0.5,0
d_30,ADAUSDT,1738540800000,1,train,fast,18.0356,3.7223271280761616,2,-1.349362119725222,0,0.0,0,0.09562528874128705,0,-0.0443360843954367,-8.452e-05,0.5,-1
d_31,ADAUSDT,1760126400000,1,train,fast,13.7599,6.019593927519167,3,-1.993355481727568,0,0.09883720930232119,1,0.23176658245038428,20,-0.02638263706112481,0.0001,0.5,-1
c_95,ADAUSDT,1716246000000,0,train,control,,2.185128459008607,3,5.877342419080059,1,0.4181818181818222,0,0.19233939226067504,23,-0.020020359270594854,0.0001,0.5,1
c_96,ADAUSDT,1724551200000,0,train,control,,2.122773408143112,1,-1.028013364173735,0,0.2592592592592633,1,0.0417680795338701,2,0.0156768073252399,0.0001,0.5,0
c_97,ADAUSDT,1736809200000,0,train,control,,0.8343625333377084,0,4.779735682819383,1,0.2074074074074082,0,-0.10320093430146207,23,-0.01596145992622857,4.449e-05,0.5,0
c_98,ADAUSDT,1751374800000,0,train,control,,2.389883601004082,1,-1.62037037037037,0,0.06122448979592276,1,0.05005121445977234,13,0.014543303848641312,-5.567e-05,0.5,-1
c_99,ADAUSDT,1761868800000,0,train,control,,0.7605384520373926,0,2.348936170212753,1,0.03636363636365215,0,-0.09235166120393498,0,0.000482872028278607,-0.00011848,0.5,-1
c_100,ADAUSDT,1716264000000,0,train,control,,0.7390506058546783,1,-0.6970722963553083,0,0.6190476190476196,0,-0.04194872448170911,4,0.013858261606524938,0.0001,0.5,1
c_101,ADAUSDT,1727924400000,0,train,control,,0.5298498390984048,0,0.7242178447276948,0,0.4848484848484782,0,-0.09503321295041947,3,-0.0072093040345358435,-1.982e-05,0.5,0
c_102,ADAUSDT,1738764000000,0,train,control,,0.7861894055168062,0,2.885386053967399,0,0.11570247933883941,0,0.016722778373849032,14,-0.011428871402751773,-6.85e-05,0.5,0
c_103,ADAUSDT,1750032000000,0,train,control,,0.6389954607659943,0,0.619834710743804,0,0.45454545454546064,0,-0.029744170910122276,0,-0.012367135143228895,1.583e-05,0.5,0
c_104,ADAUSDT,1761868800000,0,train,control,,0.7605384520373926,0,2.348936170212753,1,0.03636363636365215,0,-0.09235166120393498,0,0.000482872028278607,-0.00011848,0.5,-1
c_105,ADAUSDT,1714608000000,0,train,control,,0.48795644233381924,0,1.879528985507253,0,0.28124999999998807,0,-0.039123017993361105,0,-0.00933897452910032,9.616e-05,0.5,0
c_106,ADAUSDT,1726527600000,0,train,control,,0.5739643443422903,0,-0.5769814758578674,0,0.08695652173914407,0,-0.0667537947960112,23,-0.0023146023970893022,-3.739e-05,0.5,-1
c_107,ADAUSDT,1739566800000,0,train,control,,0.98723633139103,0,-0.691443388072594,0,0.1789473684210503,0,-0.0008618804087194223,21,0.005637797436340807,-6.214e-05,0.5,0
c_108,ADAUSDT,1752026400000,0,train,control,,0.7589439947322469,0,-0.3907577302072662,0,0.6249999999999861,0,-0.14896840057491767,2,0.010239822820535389,0.0001,0.5,1
c_109,ADAUSDT,1761868800000,0,train,control,,0.7605384520373926,0,2.348936170212753,1,0.03636363636365215,0,-0.09235166120393498,0,0.000482872028278607,-0.00011848,0.5,-1
c_110,ADAUSDT,1714773600000,0,train,control,,0.8839270727701656,0,0.32188841201716767,0,0.2203389830508508,0,-0.07971151496277354,22,-0.005614600370397926,4.932e-05,0.5,1
c_111,ADAUSDT,1727769600000,0,train,control,,0.9049432606472466,0,0.5501702908042941,1,0.4999999999999874,0,-0.05912146156528581,8,0.0031144498670242367,0.0001,0.5,0
c_112,ADAUSDT,1738764000000,0,train,control,,0.7861894055168062,0,2.885386053967399,0,0.11570247933883941,0,0.016722778373849032,14,-0.011428871402751773,-6.85e-05,0.5,0
c_113,ADAUSDT,1751328000000,0,train,control,,0.6449091254463456,0,-2.96912114014253,0,0.23076923076923295,1,-0.00872284978355769,0,-0.022019867066113332,-2.251e-05,0.5,-1
c_114,ADAUSDT,1761152400000,0,train,control,,1.5956863645784853,1,-0.6593406593406564,0,0.25531914893617547,0,0.10442676535036774,17,0.0073300462038976165,-4.232e-05,0.5,-1
c_115,ADAUSDT,1715594400000,0,train,control,,2.4351207814050224,4,5.773292654306504,1,0.5945945945945983,0,0.11471676572213484,10,0.02004633266539885,-5.096e-05,0.5,1
c_116,ADAUSDT,1726927200000,0,train,control,,1.047312652480862,0,0.45070422535211,0,0.2903225806451659,0,-0.03599930627349973,14,-0.02238598388348838,0.0001,0.5,0
c_117,ADAUSDT,1737932400000,0,train,control,,2.524848522376682,1,-2.3917194251833918,0,0.023076923076929056,1,0.09734077242848758,23,-0.01751005451887593,0.0001,0.5,0
c_118,ADAUSDT,1749312000000,0,train,control,,1.1424040410241119,0,-0.2545672356992998,0,0.441176470588243,1,-0.007683965113224932,16,0.002184997250669721,-4.94e-06,0.5,0
c_119,ADAUSDT,1761868800000,0,train,control,,0.7605384520373926,0,2.348936170212753,1,0.03636363636365215,0,-0.09235166120393498,0,0.000482872028278607,-0.00011848,0.5,-1
c_120,ADAUSDT,1715670000000,0,train,control,,3.498946605304128,1,-0.2300966405890476,0,0.0,0,0.15034376374076575,7,0.018377931483906967,1.931e-05,0.5,0
c_121,ADAUSDT,1727175600000,0,train,control,,0.8844089593274085,0,1.428179071683614,1,0.6086956521739025,0,0.008970821651538301,11,0.03521901125946486,0.0001,0.5,0
c_122,ADAUSDT,1739628000000,0,train,control,,0.8554666123031494,0,-0.7526342197691928,0,0.4561403508771875,0,-0.021743960633756373,14,0.02830764347861218,3.624e-05,0.5,0
c_123,ADAUSDT,1750597200000,0,train,control,,1.1359495203533438,0,-0.018248175182479738,0,0.08433734939758133,0,0.0131744613640304,13,0.007781190774738241,7.729e-05,0.5,-1
c_124,ADAUSDT,1761868800000,0,train,control,,0.7605384520373926,0,2.348936170212753,1,0.03636363636365215,0,-0.09235166120393498,0,0.000482872028278607,-0.00011848,0.5,-1
c_125,ADAUSDT,1714608000000,0,train,control,,0.48795644233381924,0,1.879528985507253,0,0.28124999999998807,0,-0.039123017993361105,0,-0.00933897452910032,9.616e-05,0.5,0
c_126,ADAUSDT,1725811200000,0,train,control,,1.773010600402811,1,-1.9775678866587911,0,0.3421052631578986,1,0.06214732898439516,16,-0.004041619504453043,8.211e-05,0.5,-1
c_127,ADAUSDT,1736917200000,0,train,control,,0.9204872528858592,1,2.280490255173805,1,0.5350877192982467,0,0.03323403215600754,5,0.044937139710424366,0.0001,0.5,1
c_128,ADAUSDT,1751263200000,0,train,control,,0.8192182967016318,0,-0.5765199161425524,0,0.13953488372091583,0,0.014156553621043231,6,-0.0012964285130570023,0.0001,0.5,0
c_129,ADAUSDT,1761667200000,0,train,control,,1.7879344008409217,1,0.28705242483757387,1,0.41772151898733695,0,0.11406623578248018,16,-0.02110321241235498,5.407e-05,0.5,0
c_130,ADAUSDT,1716274800000,0,train,control,,1.0659830289329766,0,0.060048038430749094,0,0.37499999999999567,0,-0.1634126616809917,7,0.0025008288449733847,0.0001,0.5,1
c_131,ADAUSDT,1725955200000,0,train,control,,0.9673419172928496,0,0.9442313366774967,1,0.18749999999999784,0,-0.021358286714713015,8,0.006693182585866402,7.988e-05,0.5,1
c_132,ADAUSDT,1741651200000,0,train,control,,0.604761024460032,0,-2.571179546775138,0,0.28729281767955694,1,-0.09725326446212063,0,-0.008509410059804863,4.761e-05,0.5,-1
c_133,ADAUSDT,1752562800000,0,train,control,,0.5215816837820526,0,0.12458471760797506,0,0.303030303030301,0,0.00830683637266497,7,-0.0003679203076617924,0.0001,0.5,-1
c_134,ADAUSDT,1761800400000,0,train,control,,3.719774163078657,1,-2.3310023310023333,0,0.004115226337448108,1,-0.23813969789259018,5,-0.004105893444465064,0.0001,0.5,-1
c_135,ADAUSDT,1714914000000,0,train,control,,1.029578739157364,0,-0.9778357235984364,0,0.11428571428571746,1,-0.08206098435582002,13,0.009223156159603157,4.551e-05,0.5,0
c_136,ADAUSDT,1726070400000,0,train,control,,2.1723711157667727,3,0.26745913818720846,1,0.25,0,0.13747843584746502,16,-0.0006929041233510021,3.813e-05,0.5,0
c_137,ADAUSDT,1740600000000,0,train,control,,1.6536678061637917,1,-5.466095435071639,0,0.5478260869565215,0,0.11354738516255816,20,-0.013116854130053245,0.0001,0.5,-1
c_138,ADAUSDT,1750892400000,0,train,control,,0.9002675963672556,0,-0.33497884344146905,0,0.0,1,-0.12396511250093062,23,-0.009071047460697482,1.878e-05,0.5,1
c_139,ADAUSDT,1761868800000,0,train,control,,0.7605384520373926,0,2.348936170212753,1,0.03636363636365215,0,-0.09235166120393498,0,0.000482872028278607,-0.00011848,0.5,-1
c_140,ADAUSDT,1716246000000,0,train,control,,2.185128459008607,3,5.877342419080059,1,0.4181818181818222,0,0.19233939226067504,23,-0.020020359270594854,0.0001,0.5,1
c_141,ADAUSDT,1724749200000,0,train,control,,1.4523492346775515,0,-0.7871878393051068,0,0.21153846153846032,1,0.0010414160868284826,9,-0.02814966666863113,-1.07e-06,0.5,-1
c_142,ADAUSDT,1739232000000,0,train,control,,0.9340732892367075,1,1.701215153681204,0,0.05154639175257201,0,0.005789272017463186,0,0.0028869304799175608,8e-07,0.5,0
c_143,ADAUSDT,1750827600000,0,train,control,,0.5733689925254208,0,-1.2222033610592402,0,0.12499999999998698,1,-0.07411812415422249,5,-0.0004432401937001005,7.77e-06,0.5,1
c_144,ADAUSDT,1761868800000,0,train,control,,0.7605384520373926,0,2.348936170212753,1,0.03636363636365215,0,-0.09235166120393498,0,0.000482872028278607,-0.00011848,0.5,-1
c_145,ADAUSDT,1761958800000,0,test,control,,0.42550634406168614,0,0.19772614928323923,1,0.10810810810809837,0,-0.09302784475351582,1,-0.00038539564917857035,9.727e-05,0.5,0
c_146,ADAUSDT,1766804400000,0,test,control,,0.793008887971698,0,0.6565800742221023,1,0.22222222222221538,0,-0.22746527652611803,3,0.005722920235090153,2.087e-05,0.5,-1
c_147,ADAUSDT,1771520400000,0,test,control,,2.7066311553047573,4,-1.0290334435869255,0,0.1388888888888893,0,0.12840500237272898,17,-0.0027530950794674427,-3.38e-06,0.5,-1
c_148,ADAUSDT,1775296800000,0,test,control,,0.8860269011581521,0,-0.3274662300450247,0,0.33333333333332305,0,0.019573128373667835,10,-0.0019243852628535794,0.0001,0.5,0
c_149,ADAUSDT,1779814800000,0,test,control,,2.3308039617127965,3,-1.5114379084967244,0,0.047619047619042586,0,0.15862426892580345,17,-0.014313757721500916,0.0001,0.05484821427509075,-1
c_150,ADAUSDT,1714795200000,0,train,control,,0.5848045923887653,0,-0.08567144998928164,0,0.38888888888887174,0,-0.01660843581839828,4,0.0026481481002363296,8.668e-05,0.5,1
c_151,ADAUSDT,1725210000000,0,train,control,,1.6365204143669059,3,-0.32438808611028896,0,0.32500000000000556,0,0.0942200964278053,17,-0.0016941415798873624,2.464e-05,0.5,-1
c_152,ADAUSDT,1739415600000,0,train,control,,0.951364938327414,0,-0.8168907879854155,0,0.03703703703703308,0,-0.1283923221509144,3,0.0012986876120722683,-3.432e-05,0.5,1
c_153,ADAUSDT,1750957200000,0,train,control,,0.8805216567853045,1,-0.9334051337282523,0,0.1800000000000022,0,0.11215091378181316,17,0.01229479596985585,4.775e-05,0.5,0
c_154,ADAUSDT,1761868800000,0,train,control,,0.7605384520373926,0,2.348936170212753,1,0.03636363636365215,0,-0.09235166120393498,0,0.000482872028278607,-0.00011848,0.5,-1
c_155,ADAUSDT,1714608000000,0,train,control,,0.48795644233381924,0,1.879528985507253,0,0.28124999999998807,0,-0.039123017993361105,0,-0.00933897452910032,9.616e-05,0.5,0
c_156,ADAUSDT,1726095600000,0,train,control,,3.4717166208356085,1,3.5454809648358,0,0.02020202020201805,0,0.01133642489295573,23,0.013761739230086119,3.813e-05,0.5,0
c_157,ADAUSDT,1741482000000,0,train,control,,0.9651636949797169,0,-0.09847365829640854,0,0.2727272727272733,0,-0.060814894952047165,1,-0.008510722963940452,-6.223e-05,0.5,0
c_158,ADAUSDT,1751994000000,0,train,control,,0.9969873916101569,1,-0.9707084468664915,0,0.40540540540539893,0,-0.0487279192748968,17,-0.0018701044001251511,0.0001,0.5,0
c_159,ADAUSDT,1761868800000,0,train,control,,0.7605384520373926,0,2.348936170212753,1,0.03636363636365215,0,-0.09235166120393498,0,0.000482872028278607,-0.00011848,0.5,-1
d_32,ALTUSDT,1718586000000,1,train,standard,20.0027,1.1631970011269468,1,-0.36159275071882785,0,0.6511627906976805,0,0.01981869982448362,1,-0.004557717851106319,5e-05,0.5,0
d_33,ALTUSDT,1720062000000,1,train,standard,24.6208,4.970392516368107,2,1.7217819076250493,1,0.3200757575757566,0,0.19852040318305045,3,0.04143456648978589,-4.048e-05,0.5,-1
d_34,ALTUSDT,1722772800000,1,train,standard,25.8711,0.5148198443432362,0,0.21319688732543635,1,0.14999999999999722,0,-0.04173584888028631,12,-0.007335429741449322,5e-05,0.5,-1
d_35,ALTUSDT,1727755200000,1,train,standard,21.6162,1.0628272570988204,0,6.034417405806986,0,0.28608923884514575,0,0.011965069862088536,4,0.061024054874538235,5e-05,0.5,-1
d_36,ALTUSDT,1727838000000,1,train,standard,18.0708,1.1965789165311957,0,8.491314698880169,1,0.0663507109004745,0,-0.2119530114706697,3,-0.018467168306897975,4.462e-05,0.5,-1
d_37,ALTUSDT,1731398400000,1,train,standard,17.2058,0.836314824893681,1,-1.3374485596707797,0,0.5020408163265242,0,0.072672742581228,8,0.0034573725068601253,0.00015314,0.5,1
d_38,ALTUSDT,1731556800000,1,train,standard,25.8237,10.927452720688876,2,22.197537721003414,1,0.09617097061442775,0,0.8416222038068891,4,0.06867216276920962,5e-05,0.5,1
d_39,ALTUSDT,1733695200000,1,train,standard,22.0135,0.5177521491249134,0,0.04714263265413375,1,0.2227722772277233,0,-0.05611291493354715,22,-0.0015616360445756229,0.0001257,0.5,0
d_40,ALTUSDT,1737248400000,1,train,standard,19.7247,0.8332997404212032,0,3.4973692355307997,0,0.2476190476190436,0,-0.01029748208042746,1,-0.00971721868059294,5e-05,0.5,0
d_41,ALTUSDT,1737910800000,1,train,standard,15.3131,1.1466760365390183,0,0.6632653061224574,0,0.14285714285714096,0,-0.0398031658398069,17,0.004210316233838022,5e-05,0.5,0
d_42,ALTUSDT,1738486800000,1,train,standard,36.5872,2.830139103773761,1,3.5594256034219347,0,0.22857142857142548,0,0.05898584448822457,9,0.003613223699488378,-0.00052996,0.5,-1
d_43,ALTUSDT,1740380400000,1,train,standard,16.5879,1.0134856721332477,2,-2.1739130434782563,0,0.13636363636363205,0,0.10350561616024627,7,0.00944191549358005,-0.00025299,0.5,0
d_44,ALTUSDT,1743919200000,1,train,standard,16.5807,1.0986150354021356,0,0.9893733968486732,0,0.04878048780487598,0,0.002226890504918299,6,0.0030513259644208137,-8.595e-05,0.5,0
d_45,ALTUSDT,1750064400000,1,train,standard,29.828,4.041913750669059,1,4.059913283405596,0,0.17241379310344704,0,0.1406812746377045,9,-0.004266678247569597,5e-05,0.5,1
d_46,ALTUSDT,1752210000000,1,train,standard,27.7811,5.9973097370309345,1,7.42385786802031,0,0.6300813008130072,0,0.17405255112252915,5,0.05826052860237123,5e-05,0.5,1
d_47,ALTUSDT,1753660800000,1,train,standard,20.218,2.1466420318812065,3,4.000000000000003,1,0.28444444444444494,0,0.030700631914778,0,0.0013826751253726076,5e-05,0.5,1
d_48,ALTUSDT,1758477600000,1,train,standard,15.5411,2.723647588517023,2,-0.6764705882352972,0,0.0,0,0.10770901827722325,18,0.0106929242651189,5e-05,0.5,0
d_49,ALTUSDT,1760072400000,1,train,standard,37.6541,0.7447305803516645,0,0.4989308624376257,1,0.5588235294117725,0,-0.06032505547698639,5,0.014662185737067943,5e-05,0.5,0
d_50,ALTUSDT,1761768000000,1,train,standard,17.6319,2.7179770514551627,2,2.288451303885044,0,0.3428571428571392,0,0.3018177303074764,20,-0.043145978132966493,4.27e-06,0.5,-1
d_51,ALTUSDT,1762146000000,1,test,standard,23.8897,2.0392729548121844,1,0.38461538461538564,1,0.29565217391304394,0,0.4007306448044663,5,0.10956743024669148,-0.00312477,0.5,-1
d_52,ALTUSDT,1763701200000,1,test,standard,18.4323,0.950614255631491,0,3.2601880877742926,1,0.26315789473684165,0,0.020790750471571983,5,0.15589574647937804,-0.00056992,0.5,-1
d_53,ALTUSDT,1769796000000,1,test,standard,15.9696,1.5958576180648205,2,2.6838966202783414,1,0.5,0,0.10254579909351358,18,-0.04831848889422221,-1.542e-05,0.5,-1
d_54,ALTUSDT,1770249600000,1,test,standard,17.2826,1.3144926337672358,0,-1.494130202774808,0,0.44999999999999785,0,-0.03304731893811715,0,-0.04279704850714844,5e-05,0.5,-1
d_55,ALTUSDT,1779447600000,1,test,standard,26.0178,16.908281111016652,4,23.320802005012553,0,0.35397196261682146,0,1.001875270521613,11,0.9267904835107998,-0.00344765,0.5,0
d_56,ALTUSDT,1718668800000,1,train,fast,11.4637,0.5293537836909756,0,-3.102658754263823,0,0.16578947368420843,0,-0.08267805364553772,0,0.048519121797465,5e-05,0.5,0
d_57,ALTUSDT,1738540800000,1,train,fast,13.573,3.6193118614366235,2,-4.5667650633790595,0,0.0,0,0.09420543169170113,0,-0.07424257812990354,3.924e-05,0.5,-1
d_58,ALTUSDT,1750064400000,1,train,fast,12.7585,4.041913750669059,1,4.059913283405596,0,0.17241379310344704,0,0.1406812746377045,9,-0.004266678247569597,5e-05,0.5,1
d_59,ALTUSDT,1760126400000,1,train,fast,21.0747,4.727109909273475,3,-2.1953065859197602,0,0.0853658536585372,1,0.2762688051307812,20,0.2425330996207282,5e-05,0.5,-1
c_160,ALTUSDT,1715126400000,0,train,control,,1.577764994270189,0,-3.287557220141482,0,0.05208333333332771,1,0.02802244070828837,0,0.025478428495306404,5e-05,0.5,-1
c_161,ALTUSDT,1724274000000,0,train,control,,1.3050921424047028,1,0.7128969539857505,0,0.2558139534883698,0,0.03503152161080495,21,0.017414142401762884,5e-05,0.5,1
c_162,ALTUSDT,1735372800000,0,train,control,,0.7594188524390831,0,-2.2397777584859786,0,0.582191780821919,1,-0.043242174597483175,8,-0.013204795855745202,-2.5e-05,0.5,0
c_163,ALTUSDT,1749780000000,0,train,control,,4.45113299868569,2,-7.778205621871394,0,0.01052631578947326,1,0.2145066439852855,2,-0.04505124704239941,1.644e-05,0.5,-1
c_164,ALTUSDT,1760385600000,0,train,control,,0.7091160651398803,1,6.153846153846146,1,0.09803921568627731,0,-0.01221530236145501,20,-0.09199482552930763,4.874e-05,0.5,1
c_165,ALTUSDT,1715688000000,0,train,control,,1.1438985809363227,0,2.7281729094820215,0,0.3217922606924603,0,0.02976828958090163,12,0.0019673587754032652,5e-05,0.5,-1
c_166,ALTUSDT,1725253200000,0,train,control,,0.7841391332394716,0,-0.47923322683707814,0,0.22222222222221766,0,-0.047546716456459547,5,0.04193168798465943,-0.00027546,0.5,-1
c_167,ALTUSDT,1740938400000,0,train,control,,4.840534104829289,3,8.307908941563,0,0.32947976878612867,0,0.5043889938585501,18,0.019899049705272773,-3.86e-05,0.5,1
c_168,ALTUSDT,1750528800000,0,train,control,,1.400282563758838,1,-1.7077175697865452,0,0.10169491525423899,1,0.06213475644430743,18,-0.03057577272025398,5e-05,0.5,0
c_169,ALTUSDT,1760482800000,0,train,control,,0.24419909262528156,0,-0.09293680297399003,0,0.5454545454545435,0,-0.10106745517904832,23,0.005563823097507469,1.747e-05,0.5,-1
c_170,ALTUSDT,1715619600000,0,train,control,,1.4907142336469446,0,-0.3043548648211094,0,0.16960352422907377,0,-0.052024564477197756,17,0.02160207156972331,5e-05,0.5,1
c_171,ALTUSDT,1724598000000,0,train,control,,0.9122604651560232,0,1.7976166431024077,1,0.6118421052631551,0,0.012783935125678563,15,-0.0021631694389771016,5e-05,0.5,0
c_172,ALTUSDT,1735808400000,0,train,control,,1.2010257442264123,0,0.6856852619994964,0,0.33783783783783605,0,-0.14401582594793694,9,-0.0034938817085497895,5e-05,0.5,1
c_173,ALTUSDT,1748912400000,0,train,control,,1.597105910508059,0,2.955125866472084,0,0.0,0,-0.027064391220255807,1,0.00835315556154617,5e-05,0.5,0
c_174,ALTUSDT,1761591600000,0,train,control,,1.1342390240800595,0,1.782985226693834,0,0.5999999999999965,0,-0.04059733385845258,19,0.00439055936708584,5e-05,0.5,1
c_175,ALTUSDT,1714608000000,0,train,control,,1.1920304575380274,0,0.9423929098965939,0,0.31799163179916334,0,0.02689847649352354,0,0.015071502484947508,5e-05,0.5,0
c_176,ALTUSDT,1724875200000,0,train,control,,0.8420353495324019,1,-0.4077597924131929,0,0.3220338983050833,0,0.048289215260400184,20,0.02259113220930212,5e-05,0.5,-1
c_177,ALTUSDT,1739808000000,0,train,control,,2.4103107368365904,1,-1.895251681271653,0,0.11961722488038319,1,0.032648177627584735,16,0.0006237465492330193,5e-05,0.5,-1
c_178,ALTUSDT,1748181600000,0,train,control,,0.7169480950536089,1,-1.7313241423533146,0,0.38709677419355343,0,0.006413790408487096,14,-0.0009569484249055399,-7.794e-05,0.5,-1
c_179,ALTUSDT,1761591600000,0,train,control,,1.1342390240800595,0,1.782985226693834,0,0.5999999999999965,0,-0.04059733385845258,19,0.00439055936708584,5e-05,0.5,1
c_180,ALTUSDT,1715317200000,0,train,control,,0.8906375480805266,0,1.4204545454545532,0,0.3246376811594115,0,-0.0028550439384091688,5,-0.00901581636433984,5e-05,0.5,1
c_181,ALTUSDT,1724385600000,0,train,control,,0.687904256723138,0,0.06446067898582349,1,0.30303030303030815,0,0.01861638101884454,4,0.0250043699330677,5e-05,0.5,0
c_182,ALTUSDT,1738818000000,0,train,control,,0.7005853873394344,0,1.4895330112721368,0,0.4098360655737712,0,-0.10375923182327118,5,-0.0028507853806095306,-0.00041952,0.5,0
c_183,ALTUSDT,1748142000000,0,train,control,,1.535819167573472,1,-0.6012658227848185,0,0.0704225352112694,0,0.1252698832219598,3,0.0005530518009402239,5e-05,0.5,0
c_184,ALTUSDT,1761264000000,0,train,control,,0.42744001663773235,0,-0.1041124414367655,0,0.052631578947366496,0,-0.0580966098614351,0,0.009638257936348132,5e-05,0.5,1
c_185,ALTUSDT,1714986000000,0,train,control,,2.322275098190445,1,3.164556962025322,1,0.37017167381974364,0,0.1270812411826276,9,0.025291633387560537,5e-05,0.5,1
c_186,ALTUSDT,1726617600000,0,train,control,,0.46900210022510264,0,-0.050175614651277435,0,0.07352941176469778,0,-0.13366382201214108,0,-0.014661495290624639,5e-05,0.5,1
c_187,ALTUSDT,1740063600000,0,train,control,,1.975708499590282,0,-0.7052186177715154,0,0.6893939393939429,0,0.06333091821655482,15,-0.008947087456503647,5e-05,0.5,1
c_188,ALTUSDT,1748919600000,0,train,control,,0.7821750629629594,0,2.3372887450557274,1,0.2,0,0.02960137175779904,3,0.002758894702150627,5e-05,0.5,0
c_189,ALTUSDT,1759701600000,0,train,control,,0.40439891096955277,0,-0.7565337001375565,0,0.13333333333332717,0,-0.05682148764592949,22,-0.011899738741759284,-8.35e-06,0.5,0
c_190,ALTUSDT,1715720400000,0,train,control,,0.5798389495208787,1,0.33147660868674655,0,0.43809523809522877,0,0.020696524071278376,21,-0.0050963253370021775,5e-05,0.5,-1
c_191,ALTUSDT,1725627600000,0,train,control,,4.203577339873879,1,3.1621063500258235,1,0.24444444444444274,0,0.14006091860326758,13,-0.012904763450649412,5e-05,0.5,0
c_192,ALTUSDT,1739970000000,0,train,control,,0.7759409597699624,0,-0.6634232640424627,0,0.05882352941177251,1,0.01484671352688653,13,0.004049065152539457,5e-05,0.5,0
c_193,ALTUSDT,1749452400000,0,train,control,,2.1485683430273257,2,-0.6846709775580053,0,0.1935483870967677,0,0.06557609300292165,7,0.003432699312145808,5e-05,0.5,0
c_194,ALTUSDT,1760810400000,0,train,control,,1.6312201298683577,0,0.4206098843322829,0,0.08823529411765366,0,0.02552553548541578,18,-0.0005284813376407373,-0.00035204,0.5,0
c_195,ALTUSDT,1715749200000,0,train,control,,0.8188715056252344,0,3.900048319182708,1,0.24713958810069314,0,-0.11053055583177505,5,-0.02125271503267961,5e-05,0.5,-1
c_196,ALTUSDT,1726174800000,0,train,control,,0.5660833152740645,0,0.6403817177297797,1,0.046875000000003386,0,-0.011918876266917481,21,-0.004495571046704897,5e-05,0.5,1
c_197,ALTUSDT,1737068400000,0,train,control,,0.718092118751717,0,-1.725685785536169,0,0.06060606060605827,1,-0.13658157857502798,23,-0.002147309856873711,5e-05,0.5,0
c_198,ALTUSDT,1748012400000,0,train,control,,1.2103899836884549,2,-4.440834010289726,0,0.4210526315789416,0,0.15062527312567192,15,-0.04436557477005583,5e-05,0.5,-1
c_199,ALTUSDT,1760540400000,0,train,control,,2.341915659630145,2,-2.4697110904007418,0,0.5217391304347817,0,0.09224291474820102,15,-0.0031247022382172103,-0.0006335,0.5,0
c_200,ALTUSDT,1714608000000,0,train,control,,1.1920304575380274,0,0.9423929098965939,0,0.31799163179916334,0,0.02689847649352354,0,0.015071502484947508,5e-05,0.5,0
c_201,ALTUSDT,1725112800000,0,train,control,,1.1273912879553527,0,-0.32043065880543475,0,0.20353982300884577,1,0.06843137434122229,14,-0.001199021467772288,5e-05,0.5,-1
c_202,ALTUSDT,1738872000000,0,train,control,,0.9664428403322596,0,-1.9532908704883314,0,0.6946564885496198,1,0.013456479022508693,20,-2.1012443968094213e-05,5e-05,0.5,-1
c_203,ALTUSDT,1751562000000,0,train,control,,0.7979255520494354,0,-1.2105649303008086,0,0.3043478260869578,0,0.02524929869787496,17,-0.007960812474112802,5e-05,0.5,0
c_204,ALTUSDT,1761591600000,0,train,control,,1.1342390240800595,0,1.782985226693834,0,0.5999999999999965,0,-0.04059733385845258,19,0.00439055936708584,5e-05,0.5,1
c_205,ALTUSDT,1714608000000,0,train,control,,1.1920304575380274,0,0.9423929098965939,0,0.31799163179916334,0,0.02689847649352354,0,0.015071502484947508,5e-05,0.5,0
c_206,ALTUSDT,1727096400000,0,train,control,,1.3820594939622075,0,-4.22713466081674,0,0.32378854625550624,1,0.02620390990332565,13,0.06641575400864078,5e-05,0.5,0
c_207,ALTUSDT,1736280000000,0,train,control,,1.957471108142675,3,-3.8339986693280133,0,0.21800947867298154,1,0.1329418619814256,20,0.00221342982871829,5e-05,0.5,-1
c_208,ALTUSDT,1749099600000,0,train,control,,0.849705764748364,2,0.36805299963194477,0,0.476190476190477,0,0.19807339252506745,5,-0.007115999230983671,5e-05,0.5,0
c_209,ALTUSDT,1761591600000,0,train,control,,1.1342390240800595,0,1.782985226693834,0,0.5999999999999965,0,-0.04059733385845258,19,0.00439055936708584,5e-05,0.5,1
c_210,ALTUSDT,1716264000000,0,train,control,,0.4726659165578401,0,1.184612130186466,0,0.30260521042083316,0,-0.07865418356179069,4,0.05798451125671667,5e-05,0.5,1
c_211,ALTUSDT,1723899600000,0,train,control,,1.1648777213053603,1,-1.5586945932781335,0,0.2569269521410596,0,0.18479125433554366,13,0.11636715368969208,-0.0007675,0.5,1
c_212,ALTUSDT,1739563200000,0,train,control,,1.2156647642699303,0,1.4357780364765185,0,0.3535353535353549,0,-0.002236463772025488,20,-0.0019368201821558285,-0.00070104,0.5,1
c_213,ALTUSDT,1748217600000,0,train,control,,1.8018271072511527,0,5.773672055427245,0,0.2833333333333376,0,-0.03159663625141008,0,-0.027353300888675124,5e-05,0.5,1
c_214,ALTUSDT,1761048000000,0,train,control,,0.7304850128359761,0,1.2079831932772982,0,0.17391304347826808,0,-0.011374165373308858,12,-0.011487435163444026,5e-05,0.5,-1
c_215,ALTUSDT,1714608000000,0,train,control,,1.1920304575380274,0,0.9423929098965939,0,0.31799163179916334,0,0.02689847649352354,0,0.015071502484947508,5e-05,0.5,0
c_216,ALTUSDT,1724061600000,0,train,control,,1.4615697494681545,0,-1.2409972299168932,0,0.27215189873417744,0,0.024703812685701897,10,0.018875605897025576,5e-05,0.5,-1
c_217,ALTUSDT,1738886400000,0,train,control,,0.49102343421475225,0,0.3681247293200595,1,0.12173913043477784,0,-0.10444792460204605,0,-0.004522269491841454,5e-05,0.5,0
c_218,ALTUSDT,1749582000000,0,train,control,,0.897005707407667,0,1.7418032786885247,0,0.04285714285714116,0,-0.27046526321733194,19,0.03696741196633975,5e-05,0.5,0
c_219,ALTUSDT,1759546800000,0,train,control,,0.628082394223848,0,-2.285341168788778,0,0.5151515151515145,0,-0.23096822885857551,3,0.015006079192146252,5e-05,0.5,1
c_220,ALTUSDT,1714608000000,0,train,control,,1.1920304575380274,0,0.9423929098965939,0,0.31799163179916334,0,0.02689847649352354,0,0.015071502484947508,5e-05,0.5,0
c_221,ALTUSDT,1725703200000,0,train,control,,0.7665526092054602,0,1.9043967280163487,1,0.07526881720430172,0,0.1307801257638452,10,0.009626409525707457,5e-05,0.5,-1
c_222,ALTUSDT,1735722000000,0,train,control,,1.5600480654316486,0,-1.0461202583462188,0,0.10734463276835954,1,0.0008324613073087833,9,0.0017325898833140442,5e-05,0.5,0
c_223,ALTUSDT,1748019600000,0,train,control,,0.8762431974718846,0,0.49375544583211306,1,0.2857142857142839,0,0.07579174729140807,17,-0.015022687903488804,5e-05,0.5,-1
c_224,ALTUSDT,1761591600000,0,train,control,,1.1342390240800595,0,1.782985226693834,0,0.5999999999999965,0,-0.04059733385845258,19,0.00439055936708584,5e-05,0.5,1
c_225,ALTUSDT,1715770800000,0,train,control,,0.9052411229767306,0,-0.9975144987572536,0,0.5263157894736874,0,0.04638423178467294,11,7.75737902031762e-06,5e-05,0.5,1
c_226,ALTUSDT,1725084000000,0,train,control,,0.31596087308873533,0,-0.868798791236477,0,0.055555555555553415,1,-0.20932874715760277,6,0.0006514104305592407,5e-05,0.5,0
c_227,ALTUSDT,1739584800000,0,train,control,,0.5481959335574854,0,-1.8507918336195357,0,0.08571428571428232,0,-0.04109892275972189,2,0.008652167665253332,-2.338e-05,0.5,1
c_228,ALTUSDT,1751346000000,0,train,control,,0.9486390599454398,0,-1.263399693721288,0,0.17391304347825562,0,0.016814093098009457,5,-0.010739264870018883,5e-05,0.5,-1
c_229,ALTUSDT,1759752000000,0,train,control,,0.5576633573974503,0,1.1728182131769576,1,0.5526315789473706,0,-0.028099878515391356,12,-0.011122087444659345,5e-05,0.5,0
c_230,ALTUSDT,1715493600000,0,train,control,,0.6174396909546707,0,0.7032611401543565,1,0.0,0,-0.022528505561790795,6,-0.007983542724230493,5e-05,0.5,0
c_231,ALTUSDT,1725300000000,0,train,control,,0.727446294963567,0,2.651319192964299,1,0.021897810218979803,0,0.0038592618170806585,18,0.0033423409905847944,-1.167e-05,0.5,0
c_232,ALTUSDT,1739563200000,0,train,control,,1.2156647642699303,0,1.4357780364765185,0,0.3535353535353549,0,-0.002236463772025488,20,-0.0019368201821558285,-0.00070104,0.5,1
c_233,ALTUSDT,1748912400000,0,train,control,,1.597105910508059,0,2.955125866472084,0,0.0,0,-0.027064391220255807,1,0.00835315556154617,5e-05,0.5,0
c_234,ALTUSDT,1761591600000,0,train,control,,1.1342390240800595,0,1.782985226693834,0,0.5999999999999965,0,-0.04059733385845258,19,0.00439055936708584,5e-05,0.5,1
c_235,ALTUSDT,1716415200000,0,train,control,,0.8339243614725602,0,-0.6779349059787079,0,0.06073752711496796,0,-0.06388251700548228,22,0.026490169471017788,5e-05,0.5,0
c_236,ALTUSDT,1726344000000,0,train,control,,0.44280743278401996,0,-0.6624141315014707,0,0.07547169811320606,0,0.017087138582951314,20,0.015412369051830684,3.189e-05,0.5,0
c_237,ALTUSDT,1737021600000,0,train,control,,1.0516882373942005,0,-0.8204922953772277,0,0.11940298507462253,0,0.0629337150573061,10,-0.0016306657084651515,5e-05,0.5,1
c_238,ALTUSDT,1751338800000,0,train,control,,1.4370542750818462,0,-0.9931245225362866,0,0.18918918918919148,1,-0.05048379627839419,3,-0.02291714961712121,5e-05,0.5,-1
c_239,ALTUSDT,1761285600000,0,train,control,,1.0662091777986167,0,1.7763845350052248,0,0.07142857142856789,0,0.0026776798455122506,6,0.012713226599113834,5e-05,0.5,1
c_240,ALTUSDT,1716375600000,0,train,control,,1.1584649373656148,0,-0.9721010021970117,0,0.02215189873418183,0,-0.06511895704185872,11,0.021606821728067216,5e-05,0.5,-1
c_241,ALTUSDT,1726567200000,0,train,control,,1.148929997817031,0,-0.7075156854892574,0,0.27835051546391015,0,-0.019969872301481558,10,-0.004917883101903916,-3.685e-05,0.5,0
c_242,ALTUSDT,1735502400000,0,train,control,,0.5027473452638105,0,-1.4703338522746991,0,0.491228070175442,0,0.004023606014049792,20,0.001807737145084829,-9.405e-05,0.5,-1
c_243,ALTUSDT,1748296800000,0,train,control,,0.3128642493507631,0,1.1512631915574008,1,0.3043478260869578,0,-0.07092834965320895,22,-0.007397423498459005,2.718e-05,0.5,1
c_244,ALTUSDT,1761591600000,0,train,control,,1.1342390240800595,0,1.782985226693834,0,0.5999999999999965,0,-0.04059733385845258,19,0.00439055936708584,5e-05,0.5,1
c_245,ALTUSDT,1714608000000,0,train,control,,1.1920304575380274,0,0.9423929098965939,0,0.31799163179916334,0,0.02689847649352354,0,0.015071502484947508,5e-05,0.5,0
c_246,ALTUSDT,1723964400000,0,train,control,,0.6248256684225397,0,-0.6590647557275779,0,0.15652173913043468,0,-0.03674150277788576,7,-0.010568987672469209,5e-05,0.5,0
c_247,ALTUSDT,1736179200000,0,train,control,,2.199648602417517,2,1.7927213972455174,1,0.28750000000000053,0,0.0865132721997247,16,0.010675280407362826,5e-05,0.5,1
c_248,ALTUSDT,1750773600000,0,train,control,,1.1718508820460376,0,0.5645730416372633,1,0.31428571428572166,0,-0.002244729207110489,14,-0.039139666431675255,-4.617e-05,0.5,1
c_249,ALTUSDT,1760616000000,0,train,control,,0.8804139891450443,1,0.8754863813229723,0,0.23999999999999,0,0.14303736533343203,12,0.04143444105588445,5e-05,0.5,0
c_250,ALTUSDT,1715774400000,0,train,control,,1.082097667268008,0,-1.70301762772633,0,0.12434325744308895,0,0.026228210284878952,12,0.0006041136193710735,5e-05,0.5,1
c_251,ALTUSDT,1727323200000,0,train,control,,0.6149177312601544,0,-0.7270693512304204,0,0.38059701492536835,0,-0.01652089042442538,4,-0.024001306022018404,1.484e-05,0.5,-1
c_252,ALTUSDT,1736996400000,0,train,control,,0.5531572065655396,0,-2.0643535568908638,0,0.0,0,-0.10733760387980082,3,0.007779804612076289,5e-05,0.5,1
c_253,ALTUSDT,1751572800000,0,train,control,,0.4952074228321707,0,1.6424038820455373,1,0.0869565217391265,0,-0.06352290207880437,20,0.0022526232219766194,5e-05,0.5,0
c_254,ALTUSDT,1761591600000,0,train,control,,1.1342390240800595,0,1.782985226693834,0,0.5999999999999965,0,-0.04059733385845258,19,0.00439055936708584,5e-05,0.5,1
c_255,ALTUSDT,1762358400000,0,test,control,,1.0270492948209347,1,4.522292993630588,0,0.03333333333333179,0,0.07213056874945567,16,0.019698190122256813,5e-05,0.5,0
c_256,ALTUSDT,1765954800000,0,test,control,,0.8493228092205579,0,-0.5042016806722776,0,0.5555555555555534,0,0.08355717912569019,7,-0.028505083833147937,1.495e-05,0.5,0
c_257,ALTUSDT,1770876000000,0,test,control,,1.0630747442472515,0,1.1441647597254134,1,0.4117647058823463,0,-0.03767728014464063,6,0.03523919917150149,5e-05,0.5,0
c_258,ALTUSDT,1775376000000,0,test,control,,0.9044405143100697,0,-1.3989387361312011,0,0.6964285714285647,0,0.011641192042501667,8,-0.01642276175454073,-1.211e-05,0.5,0
c_259,ALTUSDT,1778799600000,0,test,control,,0.30821329863407326,0,-1.5263157894736814,0,0.45161290322580105,0,-0.040827601993644304,23,-0.00632336127291464,4.662e-05,0.5,1
c_260,ALTUSDT,1762358400000,0,test,control,,1.0270492948209347,1,4.522292993630588,0,0.03333333333333179,0,0.07213056874945567,16,0.019698190122256813,5e-05,0.5,0
c_261,ALTUSDT,1766559600000,0,test,control,,1.5588785502055633,0,-0.08896797153024548,0,0.24999999999999278,0,0.01951168668936667,7,0.013438250575891838,5e-05,0.5,0
c_262,ALTUSDT,1771542000000,0,test,control,,0.39995485255934166,0,0.37926675094815143,0,0.16666666666668595,0,-0.1374005202913245,23,0.00040192954674008835,5e-05,0.5,0
c_263,ALTUSDT,1775253600000,0,test,control,,10.896046493230232,4,-11.06079319335804,0,0.3888888888888891,1,0.30339972608663074,22,-0.028520660953845468,-0.00856234,0.5,0
c_264,ALTUSDT,1778788800000,0,test,control,,0.8518591605447275,0,-0.07959671000266379,0,0.14000000000000087,0,-0.004792892740253058,20,-0.028188610759840332,4.662e-05,0.5,1
c_265,ALTUSDT,1762912800000,0,test,control,,0.6563857169192626,0,2.241594022415935,1,0.1707317073170744,0,-0.021425741063278138,2,-0.013746402826977403,5e-05,0.5,-1
c_266,ALTUSDT,1765962000000,0,test,control,,0.8144308508558036,0,0.08510638297871993,1,0.0,0,0.05530307265925377,9,-0.034757035683271056,5e-05,0.5,0
c_267,ALTUSDT,1771106400000,0,test,control,,1.4025738331073627,0,0.44198895027624424,1,0.42857142857143743,0,-0.04332496121859801,22,-0.017369624155608887,5e-05,0.5,1
c_268,ALTUSDT,1776052800000,0,test,control,,0.6492244415129361,0,1.5126304643775565,1,0.1029411764705886,0,-0.03442273573660508,4,-0.027124769794359873,-5.139e-05,0.5,0
c_269,ALTUSDT,1779814800000,0,test,control,,0.9187821465464203,0,0.5509252719310633,1,0.029411764705879914,0,-0.0044818534611715454,17,0.0031421227629181846,-0.0009242,0.5,-1
c_270,ALTUSDT,1762358400000,0,test,control,,1.0270492948209347,1,4.522292993630588,0,0.03333333333333179,0,0.07213056874945567,16,0.019698190122256813,5e-05,0.5,0
c_271,ALTUSDT,1766948400000,0,test,control,,2.9988182886800154,1,-1.4975041597337737,0,0.1333333333333287,1,0.05736769773344681,19,0.018536190713372685,5e-05,0.5,0
c_272,ALTUSDT,1772006400000,0,test,control,,0.7865584696147971,0,-0.3999999999999953,0,0.40000000000000346,0,0.0003356957269956355,8,-0.015381045671549761,-4.964e-05,0.5,1
c_273,ALTUSDT,1775772000000,0,test,control,,0.44631353392265344,0,-0.6616674018526673,0,0.058823529411772206,0,-0.11514025476601658,22,-0.028456490906612276,-0.00012922,0.5,1
c_274,ALTUSDT,1779678000000,0,test,control,,0.5760542854925244,0,-0.3832430289414499,0,0.6413043478260834,0,-0.2671973505328376,3,0.0032360219600613793,-0.0002293,0.5,0
c_275,ALTUSDT,1762358400000,0,test,control,,1.0270492948209347,1,4.522292993630588,0,0.03333333333333179,0,0.07213056874945567,16,0.019698190122256813,5e-05,0.5,0
c_276,ALTUSDT,1766296800000,0,test,control,,0.8914683916892461,1,-0.08650519031143016,0,0.7500000000000109,0,0.10469647849233982,6,-0.012827977949066626,5e-05,0.5,0
c_277,ALTUSDT,1771426800000,0,test,control,,1.0113134832310737,0,-0.5834305717619569,0,0.0,0,-0.062347146620667246,15,-0.008393215425425747,-0.00019412,0.5,0
c_278,ALTUSDT,1775102400000,0,test,control,,1.65614301289402,1,-4.080987029421076,0,0.675000000000001,0,0.0941296276190138,4,0.02976818963235876,5e-05,0.5,-1
c_279,ALTUSDT,1779714000000,0,test,control,,2.4716895433958297,1,-2.641955835962142,0,0.007692307692308719,1,0.04938480927250195,13,-0.04261936765812079,-4.942e-05,0.5,0
c_280,ALTUSDT,1714608000000,0,train,control,,1.1920304575380274,0,0.9423929098965939,0,0.31799163179916334,0,0.02689847649352354,0,0.015071502484947508,5e-05,0.5,0
c_281,ALTUSDT,1727398800000,0,train,control,,0.8326585941638547,0,2.54583299975984,0,0.8971193415637866,0,-0.10378635095400181,1,-0.007374538600249124,5e-05,0.5,1
c_282,ALTUSDT,1739966400000,0,train,control,,0.6935075277483169,0,0.3525782282944038,0,0.18750000000001354,0,0.02578442742681084,12,0.007204193893876249,5e-05,0.5,0
c_283,ALTUSDT,1747929600000,0,train,control,,2.3658799510819843,2,1.1705685618729005,0,0.675324675324675,0,0.07713079816075655,16,0.05495485116046084,5e-05,0.5,1
c_284,ALTUSDT,1759237200000,0,train,control,,0.8866211981618245,0,-0.4807692307692368,0,0.3636363636363622,0,-0.062348929866608054,13,0.00315299359094812,5e-05,0.5,0
c_285,ALTUSDT,1714647600000,0,train,control,,1.4699390642130223,1,4.22633495145631,1,0.3888888888888868,0,0.013953609062930451,11,0.009253934497294001,-6.341e-05,0.5,0
c_286,ALTUSDT,1725919200000,0,train,control,,1.6569757937131255,0,0.5086593193653746,0,0.6918604651162854,0,-0.008536965889004726,22,-0.003185308509487534,5e-05,0.5,1
c_287,ALTUSDT,1739095200000,0,train,control,,0.7601685071334267,0,0.5192730177751075,1,0.0649350649350578,0,-0.01556395206056457,10,0.0023438649811203436,5e-05,0.5,0
c_288,ALTUSDT,1749722400000,0,train,control,,0.51562659339862,0,-1.311591634172275,0,0.44444444444444015,0,-0.06477203836615354,10,-0.000695266112397383,5e-05,0.5,-1
c_289,ALTUSDT,1761591600000,0,train,control,,1.1342390240800595,0,1.782985226693834,0,0.5999999999999965,0,-0.04059733385845258,19,0.00439055936708584,5e-05,0.5,1
c_290,ALTUSDT,1716073200000,0,train,control,,0.39197481574556337,0,-1.1548556430446257,0,0.36480686695279735,0,-0.13376375115540334,23,-0.009836276253944468,5e-05,0.5,0
c_291,ALTUSDT,1724425200000,0,train,control,,3.9142689092789062,1,0.45377796538623877,0,0.6236933797909413,0,0.039308652189825724,15,-0.019002388877933634,5e-05,0.5,0
c_292,ALTUSDT,1737561600000,0,train,control,,2.425651447746889,2,-1.5651973759926348,0,0.36781609195402576,0,0.07801656293640508,16,0.0039822318045638445,5e-05,0.5,0
c_293,ALTUSDT,1750726800000,0,train,control,,1.3288273408195947,1,1.9000703729767725,1,0.03448275862068821,0,-0.03367804978102345,1,-0.014462551090827672,5e-05,0.5,1
c_294,ALTUSDT,1760479200000,0,train,control,,0.300594433825113,0,0.0,0,0.06896551724137684,0,-0.07544845009665026,22,0.008942070989005204,1.747e-05,0.5,-1
c_295,ALTUSDT,1716436800000,0,train,control,,1.3563453124419897,0,1.4932337844143633,0,0.10832232496698027,0,-0.03915286421231605,4,-0.008306185056806588,5e-05,0.5,0
c_296,ALTUSDT,1726599600000,0,train,control,,1.9301339103884507,2,3.7235432453619093,1,0.5497076023391781,0,0.16629143991771392,19,-0.01233455576616117,-7.954e-05,0.5,1
c_297,ALTUSDT,1737734400000,0,train,control,,0.8911423649436636,0,-0.9390801830002276,0,0.22857142857142687,0,-0.02686561159821338,16,0.01834401494336275,5e-05,0.5,0
c_298,ALTUSDT,1751216400000,0,train,control,,1.048773051037165,2,-1.7311233885819584,0,0.0,0,0.05939428232378052,17,0.01212073240736905,4.321e-05,0.5,0
c_299,ALTUSDT,1761062400000,0,train,control,,3.28346878946208,2,5.8609958506224205,0,0.47058823529411886,0,0.11498719773109803,16,0.0034075595490165107,5e-05,0.5,1
d_60,BEATUSDT,1765105200000,1,test,standard,23.9742,2.5494606116499026,4,18.28571428571428,1,0.42644873699851316,0,0.35663539953248236,11,0.5106431473298076,-0.00142375,0.5,0
d_61,BEATUSDT,1765522800000,1,test,standard,28.2929,8.921908894011018,2,17.555651476845295,0,0.8902054897255135,0,0.5786872103421553,7,-0.033132737585888715,-0.00107333,0.5,1
d_62,BEATUSDT,1765630800000,1,test,standard,47.3226,2.0637848288573664,2,11.724166736279338,1,0.48507119889756456,0,0.08918126293946195,13,0.1520498919861302,-0.01460208,0.5,-1
d_63,BEATUSDT,1765814400000,1,test,standard,46.8604,0.982972238586414,1,4.820524195039011,0,0.3102444703143176,0,0.04363823927531651,16,-0.025939474135622954,-0.00050824,0.5,-1
d_64,BEATUSDT,1765936800000,1,test,standard,21.3611,2.0479826955032094,1,27.652944070854534,1,0.6247604446147944,0,-0.034883480076130784,2,-0.0022876216620438044,-0.00023215,0.5,1
d_65,BEATUSDT,1766070000000,1,test,standard,37.0805,1.3240437214380336,0,1.977997960075769,0,0.5377926421404677,0,-0.0013990019174345283,15,0.08495766029277964,-0.00344854,0.5,-1
d_66,BEATUSDT,1766462400000,1,test,standard,44.9482,0.738195450034021,0,-4.635743884507418,0,0.09254498714652916,0,-0.1875214022065499,4,-0.0051483617193708985,-0.00171212,0.5,0
d_67,BEATUSDT,1766624400000,1,test,standard,39.7779,0.6171561969806041,0,1.4383742412245855,1,0.503606853020739,0,-0.17593416288328168,1,0.009957664212983362,-0.00069901,0.5,0
d_68,BEATUSDT,1766998800000,1,test,standard,22.5186,1.3534133710262912,0,2.2293725580326456,0,0.30671506352086597,0,0.029553256851144103,9,0.006948746446741261,-0.00029196,0.5,1
d_69,BEATUSDT,1771110000000,1,test,standard,33.0029,6.102675670128741,4,18.124118476727784,1,0.5309734513274328,0,0.3817302525226166,23,0.03623768212939417,5e-05,0.5,1
d_70,BEATUSDT,1775124000000,1,test,standard,19.078,1.4133387315996533,0,-9.298167188198486,0,0.6256983240223478,1,0.07830799051080453,10,-0.06756421840578958,0.00012138,0.5,-1
d_71,BEATUSDT,1775577600000,1,test,standard,16.806,9.478495924377283,3,17.73333333333334,0,0.1588785046728969,0,0.5031297118060538,16,0.10152079426272825,0.00064534,0.5,-1
d_72,BEATUSDT,1779588000000,1,test,standard,22.2399,0.7922353641877349,0,11.528580603725109,0,0.23408488063660543,0,-0.07498316688961446,2,-0.04554049155571604,0.00025549,0.9258428784468243,1
d_73,BEATUSDT,1763643600000,1,test,fast,16.7515,5.791271158017127,3,18.10269279796049,0,0.16806324110671975,0,0.3918956116270951,13,,5e-05,0.5,0
d_74,BEATUSDT,1763694000000,1,test,fast,15.3302,0.8916232663325563,0,7.700750174879992,1,0.3956528347773223,0,-0.10169733361618676,3,,0.00031236,0.5,-1
d_75,BEATUSDT,1763730000000,1,test,fast,10.8681,1.3330557952828332,0,12.811768413470196,0,0.15267765190525215,0,-0.00016664625074499275,13,,0.00018785,0.5,-1
d_76,BEATUSDT,1765170000000,1,test,fast,10.8,0.654282737201185,0,2.2509848058525628,1,0.013915243516761404,0,-0.10226293739089093,5,0.14490227629687635,-0.00711413,0.5,1
d_77,BEATUSDT,1765537200000,1,test,fast,21.7389,1.7723137009538417,3,-5.120940238207666,0,0.19274376417233588,0,0.157004083160409,11,0.003998039968847442,-0.00040261,0.5,1
d_78,BEATUSDT,1765569600000,1,test,fast,11.5921,1.4512063972182412,0,23.593586423494415,0,0.10781990521326963,0,-0.00570573940645019,20,0.16647271852670412,-0.00312085,0.5,0
d_79,BEATUSDT,1765738800000,1,test,fast,12.4648,1.617056417095581,2,26.474296119904757,0,0.0295666261644385,0,0.12283281579118936,19,-0.02985970838146549,-0.00049107,0.5,-1
d_80,BEATUSDT,1765814400000,1,test,fast,11.4309,0.982972238586414,1,4.820524195039011,0,0.3102444703143176,0,0.04363823927531651,16,-0.025939474135622954,-0.00050824,0.5,-1
d_81,BEATUSDT,1765882800000,1,test,fast,16.4879,2.2342972970513726,1,-12.901404474557138,0,0.13782635094110463,1,0.020128333556368224,11,0.07952572269287977,1.25e-05,0.5,-1
d_82,BEATUSDT,1765940400000,1,test,fast,18.5013,0.9543496134124271,0,37.041811456114786,1,0.14201474201474273,0,-0.0010380307623985075,3,-0.04383997662502572,-0.00023215,0.5,1
d_83,BEATUSDT,1766073600000,1,test,fast,13.203,1.575208450765566,0,8.277244195719582,0,0.13438485804416214,0,-0.008233126318494098,16,0.16058843023818678,-0.00344854,0.5,1
d_84,BEATUSDT,1766131200000,1,test,fast,13.2315,0.95073176702883,0,-1.673013043830516,0,0.438325991189428,0,-0.04443531831100286,8,0.09565439728295806,-0.00628532,0.5,1
d_85,BEATUSDT,1766347200000,1,test,fast,10.2565,1.0334090666578313,1,14.129509146029894,0,0.3078802687843631,0,0.024383909031756794,20,-0.09126590858435682,-0.00097848,0.5,0
d_86,BEATUSDT,1766534400000,1,test,fast,14.7296,1.3402859737352923,0,-3.0777405378893126,0,0.5350459879479853,0,-0.031797571687337704,0,-0.03808733697676096,-1.308e-05,0.5,-1
d_87,BEATUSDT,1766577600000,1,test,fast,15.3628,1.8079482569394363,0,10.609171800136895,1,0.011552492906364087,0,0.050582185044571695,12,-0.034173977747414507,-0.00119917,0.5,0
d_88,BEATUSDT,1766703600000,1,test,fast,16.7336,0.3993617079327109,0,3.690260133091346,0,0.36958934517203196,0,-0.09671457838213618,23,-0.04083952445059154,5.593e-05,0.5,0
d_89,BEATUSDT,1767052800000,1,test,fast,17.7888,0.8409792927118683,0,-12.443496184862406,0,0.23747980613893246,0,-0.07986283524478328,0,-0.07118101047890077,-0.00043284,0.5,0
d_90,BEATUSDT,1767250800000,1,test,fast,14.0172,0.38413450273487554,0,-0.6236559139784896,0,0.5543478260869549,0,-0.056296353427142176,7,0.00274189417564606,3.64e-06,0.5,0
d_91,BEATUSDT,1767265200000,1,test,fast,11.3777,6.819475581156017,3,-21.400750144258524,0,0.8901345291479826,0,0.384068740456192,11,0.10793222513965839,1.25e-05,0.5,-1
d_92,BEATUSDT,1767344400000,1,test,fast,10.7238,1.0851134081310752,0,-1.3798464677873863,0,0.15800415800415896,0,0.014836061662629067,9,-0.006153521090740664,-0.00010264,0.5,1
d_93,BEATUSDT,1767459600000,1,test,fast,11.0623,1.3665149121300502,0,-1.4397266959492476,0,0.7757936507936513,0,-0.04912338979865525,17,0.004701221726472981,0.00135979,0.5,0
d_94,BEATUSDT,1767682800000,1,test,fast,10.375,0.9214167739467976,0,-0.8351893095768382,0,0.2540540540540506,0,0.04547737213982113,7,0.027734843078304865,0.00069538,0.5,1
d_95,BEATUSDT,1768366800000,1,test,fast,11.8929,4.758840894147185,1,17.774600905408626,0,0.08850931677018606,0,0.1386390447730827,5,0.008029577299791153,0.00031072,0.5,1
d_96,BEATUSDT,1768777200000,1,test,fast,17.6381,0.984700226087759,0,2.4251805985552166,0,0.19834710743801304,0,-0.05299345374679904,23,0.00023098163046845192,0.00020925,0.5,0
d_97,BEATUSDT,1771113600000,1,test,fast,10.665,3.6025332766330904,4,11.799217731421125,0,0.4184397163120539,0,0.3063665880233654,0,-0.01043427813273267,5e-05,0.5,1
d_98,BEATUSDT,1776405600000,1,test,fast,10.5362,1.2399059948739366,0,7.869275424639867,1,0.23124999999999596,0,0.05752767580731438,6,0.005558977098634659,0.00046413,0.5,0
d_99,BEATUSDT,1779454800000,1,test,fast,14.5091,4.53666070325873,4,15.823817292006522,0,0.1963109354413718,0,0.5281650145274528,13,0.012976370326446579,0.00021336,0.9305328084615073,0
c_300,BEATUSDT,1763035200000,0,test,control,,1.478913608457468,0,7.918706592280529,1,0.17588083643655053,0,0.1073626117550864,12,,0.00044492,0.5,-1
c_301,BEATUSDT,1769349600000,0,test,control,,0.6743954508031936,0,-1.6025641025641042,0,0.6538461538461481,0,0.019806906659198386,14,-0.060966427257786074,0.00019977,0.5,0
c_302,BEATUSDT,1772906400000,0,test,control,,0.5023080959847627,0,-2.7607361963190087,0,0.12068965517241008,0,-0.12165195237492707,18,-0.027249612865761202,5e-05,0.5,0
c_303,BEATUSDT,1775401200000,0,test,control,,1.0579827054742657,0,-1.6716417910447743,0,0.4054054054054003,0,-0.025947559986553924,15,0.0037150704244748377,5e-05,0.5,0
c_304,BEATUSDT,1779278400000,0,test,control,,2.0693322698197365,2,4.763610315186239,0,0.10194174757281532,0,0.18125755881581232,12,-0.03824688947118527,5e-05,0.5,0
c_305,BEATUSDT,1763035200000,0,test,control,,1.478913608457468,0,7.918706592280529,1,0.17588083643655053,0,0.1073626117550864,12,,0.00044492,0.5,-1
c_306,BEATUSDT,1769734800000,0,test,control,,0.971295063556819,0,-0.4196391103650864,0,0.3086419753086424,0,-0.07749326871560476,1,-0.024459988547986186,5e-05,0.5,-1
c_307,BEATUSDT,1772614800000,0,test,control,,1.413850640854191,0,2.4353690520794116,0,0.23076923076923275,0,-0.03705142964203512,9,-0.006622012183891391,5e-05,0.5,1
c_308,BEATUSDT,1777143600000,0,test,control,,1.0661956522321976,0,1.7703960576747453,0,0.3532338308457708,0,-0.15486630840107707,19,-0.01961124515283944,0.00010195,0.9979136575979665,0
c_309,BEATUSDT,1779278400000,0,test,control,,2.0693322698197365,2,4.763610315186239,0,0.10194174757281532,0,0.18125755881581232,12,-0.03824688947118527,5e-05,0.5,0
c_310,BEATUSDT,1763035200000,0,test,control,,1.478913608457468,0,7.918706592280529,1,0.17588083643655053,0,0.1073626117550864,12,,0.00044492,0.5,-1
c_311,BEATUSDT,1769770800000,0,test,control,,0.571754404395868,0,4.538939321548008,1,0.17647058823529124,0,-0.11260114063367503,11,0.015941619096571873,5e-05,0.5,-1
c_312,BEATUSDT,1772953200000,0,test,control,,0.8759752086207269,0,-4.087875417130142,0,0.04716981132075477,1,0.054422605629703205,7,0.022781496015930075,7.63e-05,0.5,0
c_313,BEATUSDT,1775980800000,0,test,control,,2.177168600460301,2,3.4285714285714244,0,0.3084112149532737,0,0.13048688035470518,8,0.001516269975859386,0.00206406,0.5,-1
c_314,BEATUSDT,1779278400000,0,test,control,,2.0693322698197365,2,4.763610315186239,0,0.10194174757281532,0,0.18125755881581232,12,-0.03824688947118527,5e-05,0.5,0
c_315,BEATUSDT,1763035200000,0,test,control,,1.478913608457468,0,7.918706592280529,1,0.17588083643655053,0,0.1073626117550864,12,,0.00044492,0.5,-1
c_316,BEATUSDT,1769760000000,0,test,control,,0.974211593653788,0,2.4090694378837947,0,0.318181818181819,0,0.024023226021986484,8,0.049468187260443254,5e-05,0.5,-1
c_317,BEATUSDT,1772492400000,0,test,control,,1.2043613547640442,0,4.35111615588347,1,0.3243243243243237,0,-0.05149260471257233,23,0.06275944724344312,5e-05,0.5,1
c_318,BEATUSDT,1776754800000,0,test,control,,1.2383232806576074,0,3.016591251885372,1,0.611650485436894,0,0.03269407715351617,7,0.009493690059945385,9.708e-05,0.5,1
c_319,BEATUSDT,1779278400000,0,test,control,,2.0693322698197365,2,4.763610315186239,0,0.10194174757281532,0,0.18125755881581232,12,-0.03824688947118527,5e-05,0.5,0
c_320,BEATUSDT,1763920800000,0,test,control,,0.45063771538474506,0,5.626205928784427,0,0.4851330203442861,0,-0.03402293575878772,18,0.05658647913980091,5e-05,0.5,1
c_321,BEATUSDT,1769414400000,0,test,control,,0.985163318484525,0,-0.08285004142502309,0,0.05263157894736996,0,-0.040057371701991154,8,-0.003967790767421316,0.00025493,0.5,0
c_322,BEATUSDT,1772647200000,0,test,control,,1.139921719079605,1,-1.1283497884344273,0,0.42857142857142855,0,0.06541508655758482,18,-0.019303317879367655,5e-05,0.5,1
c_323,BEATUSDT,1777057200000,0,test,control,,0.5689390206663668,0,-2.3875715453802218,0,0.3474576271186425,0,-0.01521757297717921,19,-0.04053111463723694,0.00028313,0.5,0
c_324,BEATUSDT,1778940000000,0,test,control,,1.5698191577769725,0,-0.9488581537471883,0,0.052631578947367,1,0.002764156701358802,14,0.01530995370012512,5e-05,0.5,0
c_325,BEATUSDT,1763035200000,0,test,control,,1.478913608457468,0,7.918706592280529,1,0.17588083643655053,0,0.1073626117550864,12,,0.00044492,0.5,-1
c_326,BEATUSDT,1769608800000,0,test,control,,1.368584384249954,0,-5.23774145616642,0,0.04081632653060785,1,-0.00782883464956594,14,-0.0975371940919991,5e-05,0.5,1
c_327,BEATUSDT,1772301600000,0,test,control,,0.8675341073808108,0,0.3964757709251031,0,0.28301886792452857,0,-0.07457869710193588,18,0.0921904952374063,6.997e-05,0.5,0
c_328,BEATUSDT,1776124800000,0,test,control,,0.44278911909224455,0,2.0910534674430816,1,0.06329113924050624,0,-0.07010893478877389,0,-0.040199668973582334,0.00022019,0.5,1
c_329,BEATUSDT,1779278400000,0,test,control,,2.0693322698197365,2,4.763610315186239,0,0.10194174757281532,0,0.18125755881581232,12,-0.03824688947118527,5e-05,0.5,0
c_330,BEATUSDT,1763449200000,0,test,control,,1.1936317711010136,1,0.42210192449860345,1,0.4254492472073845,0,0.07411477269154657,7,,0.00012367,0.5,-1
c_331,BEATUSDT,1769389200000,0,test,control,,1.2949859578920317,0,0.6930289441500234,1,0.31999999999999956,0,0.03208125076074481,1,-0.020708233975187975,0.00024227,0.5,-1
c_332,BEATUSDT,1772802000000,0,test,control,,6.723324120834038,3,17.10620099786172,0,0.2302839116719238,0,0.302883275522958,13,0.15755139754927056,9.209e-05,0.5,-1
c_333,BEATUSDT,1777075200000,0,test,control,,0.505403829262953,0,-1.4492753623188492,0,0.7874015748031475,0,-0.13879375851771955,0,0.00899072912539071,5e-05,1.0,-1
c_334,BEATUSDT,1779195600000,0,test,control,,0.735200230301363,1,-2.637397346809845,0,0.2156862745098022,0,0.004352798500656806,13,-0.00875903588861093,5e-05,0.5,0
c_335,BEATUSDT,1763035200000,0,test,control,,1.478913608457468,0,7.918706592280529,1,0.17588083643655053,0,0.1073626117550864,12,,0.00044492,0.5,-1
c_336,BEATUSDT,1769788800000,0,test,control,,1.0236527721417898,1,-0.4061371841155163,0,0.21818181818181526,0,-0.01405454412185195,16,-0.1509036993479694,0.00011524,0.5,-1
c_337,BEATUSDT,1772812800000,0,test,control,,9.933501094201615,4,5.530832803560084,1,0.4834605597964381,0,0.36064368415923204,16,0.35308723272389214,9.209e-05,0.5,-1
c_338,BEATUSDT,1776628800000,0,test,control,,0.5213220948558971,0,-2.393669634025706,0,0.2916666666666693,0,-0.07148023820132887,20,-0.024218745394856665,0.0001299,0.5,0
c_339,BEATUSDT,1779181200000,0,test,control,,4.083349523443516,2,2.8757108042241977,1,0.1501501501501503,0,0.19663910560790474,9,0.0171884243539146,5e-05,0.5,0
c_340,BEATUSDT,1763935200000,0,test,control,,1.1040713183768665,0,-11.2226154277234,0,0.18955196807545924,1,-0.07560693953931762,22,-0.02858675686022457,5e-05,0.5,1
c_341,BEATUSDT,1769551200000,0,test,control,,0.7685401342971199,0,3.4559643255295334,0,0.5333333333333333,0,-0.017454521545533206,22,0.01621344732533351,6.466e-05,0.5,1
c_342,BEATUSDT,1772492400000,0,test,control,,1.2043613547640442,0,4.35111615588347,1,0.3243243243243237,0,-0.05149260471257233,23,0.06275944724344312,5e-05,0.5,1
c_343,BEATUSDT,1776931200000,0,test,control,,0.8104617334447101,1,-4.891570194032271,0,0.23853211009174696,0,0.09377516265193886,8,9.58788232413786e-05,0.00020604,0.6670512359097702,0
c_344,BEATUSDT,1779170400000,0,test,control,,1.575890964216784,1,-3.4760625691262472,0,0.6225490196078407,0,0.20904228458202245,6,-0.0021308767454332115,5e-05,0.5,0
c_345,BEATUSDT,1763949600000,0,test,control,,0.8070079409651904,0,-2.3428371114746454,0,0.8061440677966104,0,-0.0459862826125182,2,0.052765592812974826,5e-05,0.5,1
c_346,BEATUSDT,1769677200000,0,test,control,,0.9305321634643845,0,2.149681528662427,1,0.7500000000000053,0,-0.000808581095383057,9,-0.012133223132766636,0.00013133,0.5,0
c_347,BEATUSDT,1772748000000,0,test,control,,1.4588778604846055,3,6.72389127324749,0,0.5576923076923063,0,0.16224754103451833,22,-0.031847280147742484,5e-05,0.5,-1
c_348,BEATUSDT,1775962800000,0,test,control,,1.0055196548715994,0,-2.999999999999992,0,0.04819277108433856,0,0.010735358072280552,3,0.022805106532798075,0.00033362,0.5,-1
c_349,BEATUSDT,1779188400000,0,test,control,,1.1018402837358172,3,-1.9291587602783031,0,0.18888888888888758,1,0.12061178753869245,11,-0.008938814006863737,5e-05,0.5,0
c_350,BEATUSDT,1763035200000,0,test,control,,1.478913608457468,0,7.918706592280529,1,0.17588083643655053,0,0.1073626117550864,12,,0.00044492,0.5,-1
c_351,BEATUSDT,1770080400000,0,test,control,,0.6384279760699857,0,0.21287919105906528,1,0.3589743589743608,0,-0.13318624856199698,1,-0.017182454889262545,5e-05,0.5,1
c_352,BEATUSDT,1773327600000,0,test,control,,1.4391432483408801,0,1.188455008488968,0,0.3798449612403079,0,0.018109407454310247,15,0.014101863570228433,5e-05,0.5,-1
c_353,BEATUSDT,1776099600000,0,test,control,,0.9578473056489012,0,0.9585492227979225,0,0.271428571428573,0,0.01373635894153639,17,0.10108860902172957,0.00058933,0.5,1
c_354,BEATUSDT,1779202800000,0,test,control,,0.7511754152094049,0,-2.9008863819500426,0,0.15306122448980122,0,-0.10387251286526676,15,0.04318681194005015,5e-05,0.5,0
c_355,BEATUSDT,1763035200000,0,test,control,,1.478913608457468,0,7.918706592280529,1,0.17588083643655053,0,0.1073626117550864,12,,0.00044492,0.5,-1
c_356,BEATUSDT,1769392800000,0,test,control,,1.1024065136900674,0,-0.4407051282051242,0,0.245614035087721,0,-0.012152002097905235,2,-0.0028155372548854286,0.00024227,0.5,-1
c_357,BEATUSDT,1772604000000,0,test,control,,0.6499807575283326,0,1.9577735124760052,0,0.3333333333333295,0,0.0030992019484572704,6,-0.007415131045982879,5.23e-05,0.5,0
c_358,BEATUSDT,1776960000000,0,test,control,,1.3005264305412931,0,-1.751040221914008,0,0.02631578947368542,1,-0.10084058286755229,16,-0.024998370543930677,5e-05,0.0749700077130173,-1
c_359,BEATUSDT,1779278400000,0,test,control,,2.0693322698197365,2,4.763610315186239,0,0.10194174757281532,0,0.18125755881581232,12,-0.03824688947118527,5e-05,0.5,0
c_360,BEATUSDT,1763186400000,0,test,control,,0.5544229780972665,0,-1.9407536484426113,0,0.15492021276595738,0,-0.06677898098121766,6,,0.00014408,0.5,-1
c_361,BEATUSDT,1769911200000,0,test,control,,0.817005443526207,0,-1.0718113612004299,0,0.15909090909090995,0,-0.15312437961125527,2,-0.0016776320096976408,5e-05,0.5,-1
c_362,BEATUSDT,1772532000000,0,test,control,,0.9545377697939305,0,-0.40846639435573334,0,0.42990654205607465,0,-0.01847181164213785,10,0.013404286830554502,5e-05,0.5,0
c_363,BEATUSDT,1777107600000,0,test,control,,2.0706726550820482,2,1.7577781683951503,1,0.097222222222222,0,0.1392071672484627,9,-0.03113835551507491,5e-05,0.5,0
c_364,BEATUSDT,1779278400000,0,test,control,,2.0693322698197365,2,4.763610315186239,0,0.10194174757281532,0,0.18125755881581232,12,-0.03824688947118527,5e-05,0.5,0
c_365,BEATUSDT,1763035200000,0,test,control,,1.478913608457468,0,7.918706592280529,1,0.17588083643655053,0,0.1073626117550864,12,,0.00044492,0.5,-1
c_366,BEATUSDT,1769774400000,0,test,control,,0.7730838547870829,0,2.2611905860636767,0,0.2619047619047655,0,-0.1631173452055771,12,0.0683365527401926,5e-05,0.5,-1
c_367,BEATUSDT,1772802000000,0,test,control,,6.723324120834038,3,17.10620099786172,0,0.2302839116719238,0,0.302883275522958,13,0.15755139754927056,9.209e-05,0.5,-1
c_368,BEATUSDT,1776063600000,0,test,control,,1.1079131490776764,2,-2.623211446740864,0,0.07017543859649311,0,0.0063002784365782955,7,0.0027501527116007597,0.00050236,0.5,0
c_369,BEATUSDT,1779278400000,0,test,control,,2.0693322698197365,2,4.763610315186239,0,0.10194174757281532,0,0.18125755881581232,12,-0.03824688947118527,5e-05,0.5,0
c_370,BEATUSDT,1763971200000,0,test,control,,0.6606909299301396,0,0.7713868475598332,1,0.34496590453268905,0,-0.04519281456157571,8,0.10540484790998038,5e-05,0.5,1
c_371,BEATUSDT,1770012000000,0,test,control,,0.6755714121066384,0,0.7034632034632011,1,0.09433962264150954,0,-0.03392461817888075,6,-0.006130106061011761,5e-05,0.5,-1
c_372,BEATUSDT,1772532000000,0,test,control,,0.9545377697939305,0,-0.40846639435573334,0,0.42990654205607465,0,-0.01847181164213785,10,0.013404286830554502,5e-05,0.5,0
c_373,BEATUSDT,1775923200000,0,test,control,,0.7466080535650139,0,0.0,0,0.34831460674157133,0,-0.04377877379299027,16,0.0005569476033079151,0.00088994,0.5,0
c_374,BEATUSDT,1779087600000,0,test,control,,1.0507048144353375,1,-1.7092700954727438,0,0.21973094170403173,1,0.026611627031330326,7,-0.016395926847436418,5e-05,0.5,-1
c_375,BEATUSDT,1763362800000,0,test,control,,1.3893976828656616,0,5.511051942984364,0,0.1896880967536625,0,0.028705494291563088,7,,5e-05,0.5,0
c_376,BEATUSDT,1769954400000,0,test,control,,1.436013314844396,0,1.6685205784204689,0,0.34328358208955256,0,0.019027939277720774,14,0.002095262102160934,5e-05,0.5,-1
c_377,BEATUSDT,1773068400000,0,test,control,,1.4183180038030487,0,-2.2307904158633978,0,0.04065040650406497,1,-0.0043467181515407655,15,-0.018128706751620132,5e-05,0.5,1
c_378,BEATUSDT,1775894400000,0,test,control,,2.3191903793750157,2,3.2605042016806682,0,0.8776978417266204,0,0.27238135351333925,8,0.03681543979653921,0.00108453,0.5,1
c_379,BEATUSDT,1779109200000,0,test,control,,1.1789453087693715,0,1.5660985720865943,0,0.01809954751131524,0,-0.0004509061636690644,13,-0.00838695334501603,5e-05,0.5,0
c_380,BEATUSDT,1763985600000,0,test,control,,0.8264284468074131,0,1.0973856743838173,0,0.2585461689587397,0,-0.02295733464564236,12,-0.12476334679969937,5.627e-05,0.5,0
c_381,BEATUSDT,1770134400000,0,test,control,,1.7683635726074283,0,0.0,0,0.19230769230769312,0,0.030484467750545072,16,0.09633777819476859,5e-05,0.5,0
c_382,BEATUSDT,1773082800000,0,test,control,,0.9674962971146976,0,2.761341222879693,1,0.697916666666671,0,-0.05792543781654404,19,0.005097281926161184,5e-05,0.5,1
c_383,BEATUSDT,1775836800000,0,test,control,,1.1397209488467954,0,-0.5767382249278976,0,0.2654320987654304,0,0.02362602594415217,16,0.009183345744251961,0.00071785,0.5,0
c_384,BEATUSDT,1779278400000,0,test,control,,2.0693322698197365,2,4.763610315186239,0,0.10194174757281532,0,0.18125755881581232,12,-0.03824688947118527,5e-05,0.5,0
c_385,BEATUSDT,1763035200000,0,test,control,,1.478913608457468,0,7.918706592280529,1,0.17588083643655053,0,0.1073626117550864,12,,0.00044492,0.5,-1
c_386,BEATUSDT,1770105600000,0,test,control,,1.3758764074292884,0,1.6077170418006448,1,0.7258064516129058,0,0.025301649255531272,8,-0.03623410065138427,5e-05,0.5,1
c_387,BEATUSDT,1772643600000,0,test,control,,2.2917310785988154,2,2.5556772544724375,1,0.39751552795031153,0,0.09404356859339454,17,-0.010685032611571577,5e-05,0.5,1
c_388,BEATUSDT,1777150800000,0,test,control,,1.1852713102217889,0,2.4206858609939466,0,0.5346534653465308,0,-0.05615163322670787,21,-0.042588258704241946,5e-05,0.5717864543044374,0
c_389,BEATUSDT,1779278400000,0,test,control,,2.0693322698197365,2,4.763610315186239,0,0.10194174757281532,0,0.18125755881581232,12,-0.03824688947118527,5e-05,0.5,0
c_390,BEATUSDT,1763308800000,0,test,control,,0.7693598555864042,0,-0.34581004371560503,0,0.31846153846153874,1,0.021040766934828762,16,,5e-05,0.5,-1
c_391,BEATUSDT,1770120000000,0,test,control,,1.2949387394096925,0,0.8443271767809976,0,0.45945945945946026,0,0.016016962690189613,12,0.02478688582384351,5e-05,0.5,0
c_392,BEATUSDT,1772812800000,0,test,control,,9.933501094201615,4,5.530832803560084,1,0.4834605597964381,0,0.36064368415923204,16,0.35308723272389214,9.209e-05,0.5,-1
c_393,BEATUSDT,1776099600000,0,test,control,,0.9578473056489012,0,0.9585492227979225,0,0.271428571428573,0,0.01373635894153639,17,0.10108860902172957,0.00058933,0.5,1
c_394,BEATUSDT,1779278400000,0,test,control,,2.0693322698197365,2,4.763610315186239,0,0.10194174757281532,0,0.18125755881581232,12,-0.03824688947118527,5e-05,0.5,0
c_395,BEATUSDT,1763035200000,0,test,control,,1.478913608457468,0,7.918706592280529,1,0.17588083643655053,0,0.1073626117550864,12,,0.00044492,0.5,-1
c_396,BEATUSDT,1769277600000,0,test,control,,0.646398014647559,1,1.2903225806451584,1,0.3870967741935536,0,0.000265639229621973,18,-0.028191472261811637,0.00018318,0.5,-1
c_397,BEATUSDT,1773291600000,0,test,control,,0.9950248609505993,0,1.867529880478089,1,0.6147540983606569,0,0.009970535207423825,5,-0.005425125427210854,5e-05,0.5,-1
c_398,BEATUSDT,1776996000000,0,test,control,,1.1394211396782439,0,1.8072289156626398,1,0.41081081081081444,0,-0.03316946339523854,2,-0.027189763527485988,8.667e-05,0.5,0
c_399,BEATUSDT,1779278400000,0,test,control,,2.0693322698197365,2,4.763610315186239,0,0.10194174757281532,0,0.18125755881581232,12,-0.03824688947118527,5e-05,0.5,0
c_400,BEATUSDT,1763082000000,0,test,control,,0.7313181064631359,0,-2.4275175844913357,0,0.6534210526315789,0,-0.13748494116911547,1,,8.441e-05,0.5,-1
c_401,BEATUSDT,1769767200000,0,test,control,,0.6898837871530851,0,2.5937934228809607,0,0.12698412698412623,0,-0.07113399781802082,10,0.07073043583046701,5e-05,0.5,-1
c_402,BEATUSDT,1772924400000,0,test,control,,0.3556747309367166,0,1.0127314814814823,1,0.5140186915887834,0,-0.18099288488360238,23,-0.030892186853721786,0.00013834,0.5,-1
c_403,BEATUSDT,1776693600000,0,test,control,,1.7383278588057682,0,0.7128969539857475,0,0.7052023121387284,0,-0.21796691579313782,14,-0.04181213019737194,0.00011775,0.5,0
c_404,BEATUSDT,1778868000000,0,test,control,,1.1723052670371108,0,5.489220563847433,0,0.05,0,0.0355315174921336,18,-0.0025919930679627907,5e-05,0.5,-1
c_405,BEATUSDT,1763150400000,0,test,control,,0.42420869301217806,0,7.033173133278638,1,0.18569636135508258,0,-0.05435019690554687,20,,0.00035263,0.5,-1
c_406,BEATUSDT,1769583600000,0,test,control,,1.572957206766781,0,1.8433179723502242,1,0.2124999999999987,0,0.06817388017895255,7,-0.012358452805682535,0.00019476,0.5,1
c_407,BEATUSDT,1773248400000,0,test,control,,0.9445123373291665,0,0.5116959064327463,0,0.5402298850574733,0,-0.09776311067734783,17,-0.04886269324907915,5e-05,0.5,0
c_408,BEATUSDT,1775988000000,0,test,control,,1.5498003225101566,2,7.612814330003448,1,0.06741573033707732,0,0.11755976322606308,10,-0.022680013862600303,0.00206406,0.5,-1
c_409,BEATUSDT,1779278400000,0,test,control,,2.0693322698197365,2,4.763610315186239,0,0.10194174757281532,0,0.18125755881581232,12,-0.03824688947118527,5e-05,0.5,0
c_410,BEATUSDT,1763035200000,0,test,control,,1.478913608457468,0,7.918706592280529,1,0.17588083643655053,0,0.1073626117550864,12,,0.00044492,0.5,-1
c_411,BEATUSDT,1769378400000,0,test,control,,1.4565395866925626,2,-6.659184436962208,0,0.058823529411766384,0,0.09075055574501402,22,-0.04229117253451423,0.0001343,0.5,-1
c_412,BEATUSDT,1773309600000,0,test,control,,0.9644113097049271,0,-1.2752646775745973,0,0.2857142857142833,0,0.014152292412457577,10,0.008784653592116033,5e-05,0.5,0
c_413,BEATUSDT,1775372400000,0,test,control,,1.8075061563346397,0,-2.7972027972028095,0,0.5815602836879421,1,0.04961027502334909,7,-0.05017293126813492,5e-05,0.5,0
c_414,BEATUSDT,1779091200000,0,test,control,,0.8928659271017875,1,-1.8467643467643469,0,0.4733333333333326,0,0.013279034518611654,8,-0.004083287875199833,5e-05,0.5,-1
c_415,BEATUSDT,1763416800000,0,test,control,,0.4030027147450413,0,1.8093385214007787,0,0.45986984815618426,0,-0.1006010521944427,22,,0.00018607,0.5,-1
c_416,BEATUSDT,1770091200000,0,test,control,,1.2049478777811438,0,-0.6918573709420028,0,0.12962962962963107,0,-0.24233012717946717,4,-0.039985851751786275,5e-05,0.5,1
c_417,BEATUSDT,1772409600000,0,test,control,,0.5028556561838331,0,-2.7653517690117932,0,0.2622950819672118,0,0.024552331157613592,0,-0.03797872269791097,5e-05,0.5,-1
c_418,BEATUSDT,1776880800000,0,test,control,,0.3058167095551082,0,-1.424551530073865,0,0.21904761904761472,0,-0.3371561932103016,18,-0.0002879728507591573,0.00021163,0.5,1
c_419,BEATUSDT,1779073200000,0,test,control,,0.5863103044251003,2,-2.184063865039926,0,0.32867132867133175,0,0.04193343536182246,3,-0.0007738987298233545,0.00014062,0.5,-1
c_420,BEATUSDT,1763456400000,0,test,control,,4.869376815422767,1,0.5738014345035873,0,0.05163903303379353,0,0.2633724154311595,9,,0.00016625,0.5,-1
c_421,BEATUSDT,1769554800000,0,test,control,,0.6418662487599038,0,2.7215888194189106,0,0.6041666666666662,0,-0.05424855577604391,23,0.016190909765785362,6.466e-05,0.5,1
c_422,BEATUSDT,1772607600000,0,test,control,,0.39574763068054125,0,0.7570022710068137,1,0.4642857142857185,0,-0.028281667123482065,7,-0.005265678515451151,5.23e-05,0.5,0
c_423,BEATUSDT,1776168000000,0,test,control,,1.2116039298335148,0,-1.7307202850598187,0,0.12608695652173962,0,0.0524325876864503,12,-0.023562691945375747,0.00027085,0.1478402100781342,1
c_424,BEATUSDT,1779127200000,0,test,control,,0.33508166549432733,0,-2.459268367660606,0,0.0,0,-0.06977894889065056,18,-0.008581954546831807,5e-05,0.5,-1
c_425,BEATUSDT,1763211600000,0,test,control,,1.0521718256069421,2,6.3122992868165255,0,0.09787234042553342,0,0.08873379196826256,13,,0.0003357,0.5,0
c_426,BEATUSDT,1769630400000,0,test,control,,1.1163441079944914,1,-3.0727343446129876,0,0.3582089552238793,0,0.04884845376635706,20,-0.0018719758692693027,5e-05,0.5,1
c_427,BEATUSDT,1772553600000,0,test,control,,1.1366181004408273,0,-1.8058690744920884,0,0.30769230769230826,0,-0.004189028376845017,16,-0.020250861218234464,0.00011016,0.5,-1
c_428,BEATUSDT,1776888000000,0,test,control,,0.42193193458358585,0,2.5277877375403377,0,0.07407407407407915,0,-0.21489948402761852,20,-0.0027287840038084724,0.00021163,0.5,1
c_429,BEATUSDT,1779278400000,0,test,control,,2.0693322698197365,2,4.763610315186239,0,0.10194174757281532,0,0.18125755881581232,12,-0.03824688947118527,5e-05,0.5,0
c_430,BEATUSDT,1763402400000,0,test,control,,0.5722894375999935,0,5.816168898043253,1,0.523946360153254,0,-0.04492187061576801,18,,0.0002916,0.5,-1
c_431,BEATUSDT,1769810400000,0,test,control,,0.9277336982831719,0,5.32319391634981,0,0.18348623853211246,0,0.08461184729555786,22,-0.0766072753964316,0.0001077,0.5,0
c_432,BEATUSDT,1772974800000,0,test,control,,2.318442804401346,2,2.4304538799414273,0,0.35744680851063876,0,0.10154739109679731,13,0.017712968429245135,0.0001206,0.5,0
c_433,BEATUSDT,1776924000000,0,test,control,,1.5138974125237847,1,1.0165403170227456,1,0.18181818181818182,0,0.16501027395590961,6,0.010944420715691907,0.00015027,0.8412981060003427,0
c_434,BEATUSDT,1779278400000,0,test,control,,2.0693322698197365,2,4.763610315186239,0,0.10194174757281532,0,0.18125755881581232,12,-0.03824688947118527,5e-05,0.5,0
c_435,BEATUSDT,1763035200000,0,test,control,,1.478913608457468,0,7.918706592280529,1,0.17588083643655053,0,0.1073626117550864,12,,0.00044492,0.5,-1
c_436,BEATUSDT,1769349600000,0,test,control,,0.6743954508031936,0,-1.6025641025641042,0,0.6538461538461481,0,0.019806906659198386,14,-0.060966427257786074,0.00019977,0.5,0
c_437,BEATUSDT,1772629200000,0,test,control,,0.9279050885753344,1,0.14625228519194,0,0.0,0,0.01212346349672881,13,0.01376815398786362,5e-05,0.5,1
c_438,BEATUSDT,1776654000000,0,test,control,,6.359897521698212,1,-11.959390862944163,0,0.018789144050104633,1,0.248448853099663,3,0.01661454845972088,0.0001848,0.01138420806010315,-1
c_439,BEATUSDT,1779278400000,0,test,control,,2.0693322698197365,2,4.763610315186239,0,0.10194174757281532,0,0.18125755881581232,12,-0.03824688947118527,5e-05,0.5,0
c_440,BEATUSDT,1763190000000,0,test,control,,0.6859548749577287,0,0.7313858994069843,1,0.3123486682808746,0,-0.08927051249789827,7,,0.00014408,0.5,-1
c_441,BEATUSDT,1770026400000,0,test,control,,0.575133367526522,0,-0.3224073078989734,0,0.6153846153846165,0,-0.056654016438279074,10,-0.042544535024522996,5e-05,0.5,-1
c_442,BEATUSDT,1772416800000,0,test,control,,1.8348518226365689,0,4.001684919966305,1,0.26605504587155854,0,0.024229483543283713,2,-0.03294822651416548,5e-05,0.5,-1
c_443,BEATUSDT,1777071600000,0,test,control,,0.5115958334317844,0,-2.0941531244764544,0,0.03472222222221848,1,-0.11498012740703163,23,-0.0034958443966925197,5e-05,1.0,-1
c_444,BEATUSDT,1779278400000,0,test,control,,2.0693322698197365,2,4.763610315186239,0,0.10194174757281532,0,0.18125755881581232,12,-0.03824688947118527,5e-05,0.5,0
c_445,BEATUSDT,1763035200000,0,test,control,,1.478913608457468,0,7.918706592280529,1,0.17588083643655053,0,0.1073626117550864,12,,0.00044492,0.5,-1
c_446,BEATUSDT,1770224400000,0,test,control,,1.9801046565296132,1,-3.850210970464136,0,0.2682926829268298,1,0.12439843033966183,17,-0.020013022439835652,5e-05,0.5,-1
c_447,BEATUSDT,1773064800000,0,test,control,,0.986169350690838,0,0.3031138054560457,1,0.26760563380281105,0,-0.0788583269082517,14,-0.024455141426787078,5e-05,0.5,1
c_448,BEATUSDT,1777136400000,0,test,control,,0.6854975921102937,0,-3.451938396176308,0,0.017857142857150822,0,-0.08724723787565236,17,0.0342178659884591,0.00010195,0.0,0
c_449,BEATUSDT,1779278400000,0,test,control,,2.0693322698197365,2,4.763610315186239,0,0.10194174757281532,0,0.18125755881581232,12,-0.03824688947118527,5e-05,0.5,0
c_450,BEATUSDT,1763035200000,0,test,control,,1.478913608457468,0,7.918706592280529,1,0.17588083643655053,0,0.1073626117550864,12,,0.00044492,0.5,-1
c_451,BEATUSDT,1769522400000,0,test,control,,0.7015931317616181,0,-0.15088645794040417,0,0.7580645161290314,0,-0.033310712289650435,14,0.062007304516664453,8.353e-05,0.5,0
c_452,BEATUSDT,1773064800000,0,test,control,,0.986169350690838,0,0.3031138054560457,1,0.26760563380281105,0,-0.0788583269082517,14,-0.024455141426787078,5e-05,0.5,1
c_453,BEATUSDT,1776780000000,0,test,control,,3.7320987452576078,1,5.580912863070546,0,0.13846153846153977,0,0.10753728035856312,14,0.011046324350016666,0.00015025,0.5,0
c_454,BEATUSDT,1778817600000,0,test,control,,0.3989228902846945,0,-0.3223617237869041,0,0.11267605633803147,0,-0.08992008547103261,4,-0.0008809792929407868,5e-05,0.5,1
c_455,BEATUSDT,1763143200000,0,test,control,,0.6514803759013703,0,-0.26914931168372724,0,0.18609022556390978,0,-0.023360942335303173,18,,0.0001254,0.5,-1
c_456,BEATUSDT,1769580000000,0,test,control,,1.5912146904916251,0,4.095686843059091,1,0.4128440366972473,0,0.06386869275812933,6,-0.019080130610464364,0.00019476,0.5,0
c_457,BEATUSDT,1773122400000,0,test,control,,1.3542884067960295,0,4.212923427270134,0,0.3648648648648664,0,0.05861518327440634,6,-0.01922699404806301,5e-05,0.5,1
c_458,BEATUSDT,1776027600000,0,test,control,,0.984353365019088,0,4.029304029304026,1,0.14965986394558015,0,-0.07698498067463684,21,-0.0029232404512367248,0.00085049,0.5,-1
c_459,BEATUSDT,1779278400000,0,test,control,,2.0693322698197365,2,4.763610315186239,0,0.10194174757281532,0,0.18125755881581232,12,-0.03824688947118527,5e-05,0.5,0
c_460,BEATUSDT,1763967600000,0,test,control,,1.136047662101682,0,2.5764317496770497,0,0.772321428571429,0,-0.01982825628496231,7,0.0635095808795336,5e-05,0.5,1
c_461,BEATUSDT,1769961600000,0,test,control,,3.107091780601784,1,5.2661381653454145,1,0.4857142857142873,0,0.11517159770100713,16,-0.06155473975728468,5e-05,0.5,-1
c_462,BEATUSDT,1773086400000,0,test,control,,0.4868440786373215,0,2.6989035704245143,1,0.7358490566037699,0,-0.09176832470463299,20,-0.0036395868105521217,5e-05,0.5,1
c_463,BEATUSDT,1775941200000,0,test,control,,0.6889163267088135,0,1.7082785808147118,1,0.5737704918032798,0,-0.2038042259070575,21,-0.054259287441893275,0.00018927,0.5,0
c_464,BEATUSDT,1779267600000,0,test,control,,1.6182066719498926,1,-0.5164737310774735,0,0.40860215053763826,0,0.14167151933362696,9,-0.011836861806390942,5e-05,0.5,0
c_465,BEATUSDT,1763035200000,0,test,control,,1.478913608457468,0,7.918706592280529,1,0.17588083643655053,0,0.1073626117550864,12,,0.00044492,0.5,-1
c_466,BEATUSDT,1769576400000,0,test,control,,1.1551943676845027,0,1.8745493871665602,0,0.5280898876404463,0,0.030919835328978806,5,-0.027437622174396843,0.00019476,0.5,0
c_467,BEATUSDT,1772373600000,0,test,control,,0.9078704241536184,0,-0.214408233276158,0,0.758620689655175,0,-0.06896183760575401,14,-0.013718817852297217,5e-05,0.5,1
c_468,BEATUSDT,1775944800000,0,test,control,,0.47428485524367214,0,0.9433962264150988,1,0.456790123456788,0,-0.16160130047868743,22,-0.03001602877685861,0.00018927,0.5,0
c_469,BEATUSDT,1779278400000,0,test,control,,2.0693322698197365,2,4.763610315186239,0,0.10194174757281532,0,0.18125755881581232,12,-0.03824688947118527,5e-05,0.5,0
c_470,BEATUSDT,1763035200000,0,test,control,,1.478913608457468,0,7.918706592280529,1,0.17588083643655053,0,0.1073626117550864,12,,0.00044492,0.5,-1
c_471,BEATUSDT,1769425200000,0,test,control,,1.5215155294332798,0,-0.9472817133443149,0,0.4375000000000011,0,0.05431912640627818,11,0.025864253122077803,0.00017911,0.5,0
c_472,BEATUSDT,1772424000000,0,test,control,,1.8221349473104826,1,5.6903765690376575,0,0.14285714285714474,0,0.06247530330028842,4,-0.01694685769105382,5e-05,0.5,-1
c_473,BEATUSDT,1776146400000,0,test,control,,0.9680987131735477,0,-1.4668689934243733,0,0.763636363636363,0,-0.05170430433866127,6,-0.010810556080681332,0.00041824,0.5,1
c_474,BEATUSDT,1779278400000,0,test,control,,2.0693322698197365,2,4.763610315186239,0,0.10194174757281532,0,0.18125755881581232,12,-0.03824688947118527,5e-05,0.5,0
c_475,BEATUSDT,1763035200000,0,test,control,,1.478913608457468,0,7.918706592280529,1,0.17588083643655053,0,0.1073626117550864,12,,0.00044492,0.5,-1
c_476,BEATUSDT,1769889600000,0,test,control,,1.388790534099178,2,-10.086872586872587,0,0.38461538461538625,0,0.15292655777530634,20,-0.004644482442421309,5e-05,0.5,-1
c_477,BEATUSDT,1773086400000,0,test,control,,0.4868440786373215,0,2.6989035704245143,1,0.7358490566037699,0,-0.09176832470463299,20,-0.0036395868105521217,5e-05,0.5,1
c_478,BEATUSDT,1776193200000,0,test,control,,0.6759954497535069,0,-3.703703703703699,0,0.314049586776857,0,-0.09475957195308947,19,-0.0052147388705821515,0.00031298,0.0,1
c_479,BEATUSDT,1779228000000,0,test,control,,0.35756679012496645,0,-1.0390052801907672,0,0.3483146067415757,0,-0.08340584315877352,22,0.02674039781163405,5e-05,0.5,0
c_480,BEATUSDT,1763092800000,0,test,control,,0.4315708329151638,0,-12.633734992264623,0,0.6825764596848948,0,-0.08107836138619336,4,,5e-05,0.5,-1
c_481,BEATUSDT,1769994000000,0,test,control,,0.6235695796256994,0,2.0273972602739776,0,0.37037037037036963,0,-0.10900739797424566,1,-0.07337967987560556,5e-05,0.5,-1
c_482,BEATUSDT,1773079200000,0,test,control,,0.5997108997154249,0,0.7962657880285442,0,0.24418604651162693,0,-0.045808394159853834,18,-0.008242809568487672,5e-05,0.5,1
c_483,BEATUSDT,1776952800000,0,test,control,,0.8237645561814025,0,-0.9299121749612468,0,0.1290322580645112,0,-0.098953112567374,14,-0.0095655872050133,5e-05,0.5,-1
c_484,BEATUSDT,1779274800000,0,test,control,,1.6372474973162467,2,3.0265042979942742,1,0.10240963855421928,0,0.2215046011219335,11,-0.04994271006654812,5e-05,0.5,0
c_485,BEATUSDT,1763366400000,0,test,control,,2.3873094746478363,1,1.6564388870945332,1,0.4088301322025445,0,0.11500947480161139,8,,5e-05,0.5,0
c_486,BEATUSDT,1769493600000,0,test,control,,0.8792419908453496,0,0.11123470522803947,1,0.012499999999998613,0,-0.049637282170642415,6,0.004312380403923266,0.00021878,0.5,0
c_487,BEATUSDT,1772316000000,0,test,control,,0.5657824813444915,0,2.3245614035087714,0,0.3116883116883104,0,9.885226771294863e-05,22,-0.036134544960817035,6.953e-05,0.5,1
c_488,BEATUSDT,1776020400000,0,test,control,,0.669350055946096,0,3.0866141732283388,0,0.19512195121950912,0,-0.06284846557489776,19,-0.028903096248027706,0.00076714,0.5,-1
c_489,BEATUSDT,1779278400000,0,test,control,,2.0693322698197365,2,4.763610315186239,0,0.10194174757281532,0,0.18125755881581232,12,-0.03824688947118527,5e-05,0.5,0
c_490,BEATUSDT,1763334000000,0,test,control,,0.5691888839838883,0,0.6863997081090845,1,0.04233095107202016,0,-0.07807114826945337,23,,5e-05,0.5,-1
c_491,BEATUSDT,1769245200000,0,test,control,,1.8561904083309646,0,2.6535805161759263,1,0.6067415730337083,0,0.06863219493822528,9,-0.038620986712309235,0.00019681,0.5,0
c_492,BEATUSDT,1772910000000,0,test,control,,0.49604149618146554,0,-3.78619153674833,0,0.11702127659574336,0,-0.12743174838592483,19,-0.03909729407292333,5e-05,0.5,0
c_493,BEATUSDT,1776614400000,0,test,control,,1.086895343099111,0,1.7921868707208948,0,0.25477707006369554,0,-0.027969170247809354,16,-0.020646369018842002,0.00022214,0.5,0
c_494,BEATUSDT,1779278400000,0,test,control,,2.0693322698197365,2,4.763610315186239,0,0.10194174757281532,0,0.18125755881581232,12,-0.03824688947118527,5e-05,0.5,0
c_495,BEATUSDT,1763118000000,0,test,control,,0.3915507518642136,0,-3.9809474888510143,0,0.554129911788295,0,-0.05355924953787735,11,,0.00019652,0.5,-1
c_496,BEATUSDT,1770238800000,0,test,control,,1.0001416242430166,1,1.206801974766872,0,0.45945945945946026,0,0.04561424789058744,21,0.008301141778870914,0.00012087,0.5,-1
c_497,BEATUSDT,1772722800000,0,test,control,,0.8729679143200674,0,1.1695906432748466,0,0.06666666666667777,0,0.018605330994370037,15,-0.04680688992588526,5e-05,0.5,1
c_498,BEATUSDT,1776805200000,0,test,control,,3.9330206441465556,3,4.320415353235674,0,0.06318681318681235,0,0.08939001008448015,21,0.055325363717646375,0.00017061,0.5,0
c_499,BEATUSDT,1778767200000,0,test,control,,0.9598115981894301,0,0.886011245527344,0,0.6290322580645146,0,-0.0119551126015234,14,0.032777194600495066,5e-05,0.5,0
d_100,BNBUSDT,1722772800000,1,train,standard,21.7367,0.8703629664491739,0,0.35131264916468385,1,0.33532934131737485,0,0.01165299166214069,12,-0.008745367656807517,0.0,0.5,-1
d_101,BNBUSDT,1738472400000,1,train,standard,17.6433,2.705215557468089,2,-0.9735638797202045,0,0.4242068155111654,0,0.09785418100637948,5,0.003272704910434127,0.0,0.5,-1
c_500,BNBUSDT,1714608000000,0,train,control,,0.7462789385224703,0,2.156113537117908,1,0.3322259136212572,0,-0.022067847275285733,0,0.0314380095119961,-0.00025289,0.5,0
c_501,BNBUSDT,1728601200000,0,train,control,,0.659337443160164,0,0.5072048175496321,1,0.13600000000001272,0,-0.029506811571266167,23,0.018996829059665942,-0.0001291,0.5,-1
c_502,BNBUSDT,1737140400000,0,train,control,,0.6101506266188723,0,0.0678266406433854,1,0.5220588235293915,0,0.002504915862812278,19,-0.008098978193305812,0.0,0.5,1
c_503,BNBUSDT,1749744000000,0,train,control,,1.6060601222672253,1,-0.5621364198089065,0,0.08571428571428862,1,0.08375775800978008,16,-0.011338093000826699,0.0,0.5,-1
c_504,BNBUSDT,1761386400000,0,train,control,,1.090676610005103,0,-0.3929290669053569,0,0.12989045383413797,0,0.013366112225070373,10,0.011979707267784068,-9.134e-05,0.5,0
c_505,BNBUSDT,1714608000000,0,train,control,,0.7462789385224703,0,2.156113537117908,1,0.3322259136212572,0,-0.022067847275285733,0,0.0314380095119961,-0.00025289,0.5,0
c_506,BNBUSDT,1728482400000,0,train,control,,1.1279896387372357,0,-1.2470878443195788,0,0.08616780045351433,1,-0.040588582130616696,14,0.006532493228605548,-0.00055575,0.5,-1
c_507,BNBUSDT,1740283200000,0,train,control,,1.085960634324037,0,-0.40261625731518424,0,0.3559322033898202,1,-0.5062049715643698,4,0.008916286764753477,-7.381e-05,0.5,0
c_508,BNBUSDT,1752537600000,0,train,control,,0.3782692014275858,0,-0.14490443552477142,0,0.197080291970789,0,-0.125088296598301,0,-0.03075553739772309,0.0,0.5,0
c_509,BNBUSDT,1761148800000,0,train,control,,1.9639618120879552,2,1.1032095068775112,0,0.19734513274336524,0,0.2247751761669805,16,0.005130292177113568,-7.842e-05,0.5,-1
d_102,BSBUSDT,1776823200000,1,test,standard,36.2986,3.5961637191271034,3,7.620624118692905,1,0.17133595739754484,0,0.26798358413194734,2,0.004909203170210377,0.00034859,0.8551441120605854,0
d_103,BSBUSDT,1776898800000,1,test,standard,18.2735,0.6772887757062578,0,10.94377510040159,1,0.6851032448377575,0,-0.035921060803837085,23,0.04483826485508481,0.00026234,0.2031249440110652,1
d_104,BSBUSDT,1776963600000,1,test,standard,18.651,1.9179871918057596,3,8.601905341035785,1,0.20427916454406553,0,0.38706098775073466,17,-0.048088387374420706,0.00031018,0.8015465285104894,0
d_105,BSBUSDT,1777021200000,1,test,standard,32.0412,6.7986883808731235,3,50.35324834894792,0,0.06730224655465432,0,1.001467738110446,9,0.42715364339416534,0.00023215,0.9766354728276851,0
d_106,BSBUSDT,1777140000000,1,test,standard,24.9921,5.86822535039866,4,14.82413283773475,0,0.09004438807863009,0,0.36767703327239293,18,0.12518954432419108,0.00132851,0.678041457677953,0
d_107,BSBUSDT,1777183200000,1,test,standard,29.9782,1.242413140771487,1,-18.221556806181244,0,0.43975830815710015,0,0.0365134949163152,6,-0.05600819846599557,0.00034177,0.3818908548420766,0
d_108,BSBUSDT,1777255200000,1,test,standard,20.2148,0.693914570482329,0,10.826305568118327,0,0.27947916666666694,0,-0.11366740509373958,2,0.007666373699790958,0.00084263,0.6233572114220491,1
d_109,BSBUSDT,1777273200000,1,test,standard,19.4739,2.009111080795255,4,-0.7548224769359847,0,0.13630153499959805,0,0.34941041356533803,7,-0.07572755271671527,0.00064995,0.5220016581937871,0
d_110,BSBUSDT,1777438800000,1,test,standard,64.2865,1.5488631263649921,0,6.595201755222738,0,0.36295194720698953,0,-0.004002538332192392,5,-0.008083736919540467,0.00047783,0.9441117972247589,0
d_111,BSBUSDT,1777525200000,1,test,standard,20.6664,1.5939165899214822,0,17.57103064066852,0,0.11924439197166437,0,-0.22537629378183738,5,-0.06744877999825474,5e-05,0.6268242419757596,-1
d_112,BSBUSDT,1777564800000,1,test,standard,22.154,0.5938458379508007,0,6.313100805964473,0,0.3129053902930004,0,-0.1078914101922284,16,-0.03368476522502566,0.00032024,0.8792760859833217,0
d_113,BSBUSDT,1777867200000,1,test,standard,53.2696,3.9787227358860973,1,27.208864889764676,0,0.13353094274146965,0,0.1775006861719417,4,-0.0006027898314884983,5e-05,0.0,1
d_114,BSBUSDT,1778256000000,1,test,standard,31.5037,3.469755310318613,3,11.482929763874255,0,0.09585289514867072,0,0.07979534469582396,16,0.048950898632787364,0.00044018,0.7398513978314082,0
d_115,BSBUSDT,1779213600000,1,test,standard,32.02,7.965640224412112,3,55.557338078084214,0,0.2581416634680679,0,0.4719340707380805,18,-0.06587265000363889,6.677e-05,0.9195051320224338,0
d_116,BSBUSDT,1779300000000,1,test,standard,40.0754,5.07482227396145,3,53.85664224275247,0,0.06740431900791113,0,0.27456262519844626,18,0.13308127723540344,-1.48e-05,0.8876439638497698,0
d_117,BSBUSDT,1779379200000,1,test,standard,52.9706,1.7910225755617553,2,20.44111672180624,1,0.3453497942386833,0,0.2294200119987508,16,0.02096253840302727,0.00011304,0.4695128753437872,0
d_118,BSBUSDT,1779717600000,1,test,standard,48.8859,2.4922733120540843,1,23.544260575832574,0,0.11170745670531076,0,0.09135061793194064,14,0.004237575955124128,0.00026654,0.8484676220281056,0
d_119,BSBUSDT,1776823200000,1,test,fast,16.694,3.5961637191271034,3,7.620624118692905,1,0.17133595739754484,0,0.26798358413194734,2,0.004909203170210377,0.00034859,0.8551441120605854,0
d_120,BSBUSDT,1776963600000,1,test,fast,15.1792,1.9179871918057596,3,8.601905341035785,1,0.20427916454406553,0,0.38706098775073466,17,-0.048088387374420706,0.00031018,0.8015465285104894,0
d_121,BSBUSDT,1777021200000,1,test,fast,13.2559,6.7986883808731235,3,50.35324834894792,0,0.06730224655465432,0,1.001467738110446,9,0.42715364339416534,0.00023215,0.9766354728276851,0
d_122,BSBUSDT,1777114800000,1,test,fast,11.1478,0.5690609026087707,0,4.213014999418623,0,0.23111111111111177,0,-0.07234989976599711,11,-0.04882033357395236,0.00023526,0.5,0
d_123,BSBUSDT,1777165200000,1,test,fast,14.715,1.8888125100703521,0,6.728339416867392,0,0.4497028148480435,0,-0.04920427894253586,1,0.10862366725817163,0.00120927,0.6375602904504191,0
d_124,BSBUSDT,1777183200000,1,test,fast,19.1073,1.242413140771487,1,-18.221556806181244,0,0.43975830815710015,0,0.0365134949163152,6,-0.05600819846599557,0.00034177,0.3818908548420766,0
d_125,BSBUSDT,1777258800000,1,test,fast,14.3868,1.5422178932027504,0,16.80953547228345,0,0.5822258385317786,0,-0.05278629650201141,3,0.1893612883290968,0.00084263,1.0,1
d_126,BSBUSDT,1777280400000,1,test,fast,11.409,1.7861856155078113,3,21.559291337432633,1,0.49416530041469797,0,0.1357737867247398,9,0.12154545895310909,0.00092975,0.5220016581937871,0
d_127,BSBUSDT,1777471200000,1,test,fast,36.5287,2.823986700316039,1,-13.661528705916782,0,0.0102430820975395,1,0.0432736076326596,14,-0.006772051014210021,5e-05,0.12489438680870771,0
d_128,BSBUSDT,1777528800000,1,test,fast,11.9659,1.4542759963207632,0,36.731037691949744,0,0.08064300066979259,0,-0.1446608075132321,6,-0.05947766203524517,5e-05,0.7357578045142908,-1
d_129,BSBUSDT,1777564800000,1,test,fast,10.2828,0.5938458379508007,0,6.313100805964473,0,0.3129053902930004,0,-0.1078914101922284,16,-0.03368476522502566,0.00032024,0.8792760859833217,0
d_130,BSBUSDT,1777788000000,1,test,fast,14.5463,0.9018082916932574,0,6.693450351350553,0,0.16846986089644486,0,-0.2697079528315622,6,0.004351553129667777,0.00054423,0.5,0
d_131,BSBUSDT,1777878000000,1,test,fast,11.8865,3.313906549740918,4,18.654123133901837,1,0.24876505094164827,0,0.31479109928832205,7,0.027113500302229095,0.00036297,0.0,1
d_132,BSBUSDT,1777892400000,1,test,fast,12.8911,3.6662713246156637,4,-15.499658131181329,0,0.20547563805104452,1,0.08066540422617816,11,-0.1781777937861641,0.00184359,1.0,0
d_133,BSBUSDT,1777914000000,1,test,fast,25.1736,1.3609339416749746,0,7.96999352652222,0,0.10797749567224416,0,-0.017661251323582466,17,-0.03236177102023284,5e-05,0.4652790926431137,1
d_134,BSBUSDT,1778259600000,1,test,fast,16.6996,3.8239197562761413,2,18.52771140060126,0,0.22908605737158108,0,0.10002496535374285,17,0.04587902080120032,0.00059432,0.8029388727208783,0
d_135,BSBUSDT,1779066000000,1,test,fast,11.2553,2.1096347649227982,1,2.5957439464282728,0,0.6600630346690675,0,-0.17081418780788035,1,-0.060687709954234774,0.00038049,0.8899509414532855,0
d_136,BSBUSDT,1779217200000,1,test,fast,30.7813,6.214998229727834,4,65.22890204360887,0,0.4410710199099856,0,0.550692049142983,19,-0.024841210980958477,6.677e-05,0.8778357972694176,0
d_137,BSBUSDT,1779303600000,1,test,fast,27.8874,5.560810596013284,4,74.11642159831399,0,0.023076151299287334,0,0.30891257609879413,19,0.16213240878089863,-1.48e-05,0.9126450715915976,0
d_138,BSBUSDT,1779328800000,1,test,fast,13.9716,1.9410545624950286,0,11.260472871508611,1,0.5492519706150467,0,-0.024389316345820262,2,0.023872240091638856,-7.726e-05,0.529625798697507,1
d_139,BSBUSDT,1779368400000,1,test,fast,13.2856,0.7571673543832935,0,5.578245915735161,0,0.04471991212929576,0,-0.11070637355331175,13,0.005735719447711716,5e-05,0.17612782597430088,0
d_140,BSBUSDT,1779451200000,1,test,fast,18.9138,3.7687255082434445,1,5.231530180613691,1,0.4676432521473111,0,0.20283568546687725,12,-0.01505962313954743,5e-05,1.0,0
d_141,BSBUSDT,1779613200000,1,test,fast,17.8657,1.2991992189252062,0,10.444955423776687,1,0.5785456420835474,0,0.07930799035181613,9,0.03057197237980646,0.00070316,0.7321450944119222,1
d_142,BSBUSDT,1779717600000,1,test,fast,29.5437,2.4922733120540843,1,23.544260575832574,0,0.11170745670531076,0,0.09135061793194064,14,0.004237575955124128,0.00026654,0.8484676220281056,0
d_143,BSBUSDT,1779724800000,1,test,fast,10.8425,17.804908489897414,3,-8.383015251466935,0,0.030848912159990725,1,0.5542823547602704,16,-0.18047468604211583,0.00026654,0.4259427187976205,1
d_144,BSBUSDT,1779876000000,1,test,fast,14.1433,1.1987930579197283,0,7.469809293091199,0,0.16939464796050882,0,0.1067005089526063,10,0.015989798651280574,5e-05,0.002313877242652888,0
c_510,BSBUSDT,1774587600000,0,test,control,,0.5922517034591186,0,-2.3366686286050626,0,0.11594202898550825,0,-0.21727946207190363,5,0.06217916425541127,5e-05,0.5,-1
c_511,BSBUSDT,1775167200000,0,test,control,,0.26358547330033993,0,0.2103567112742238,0,0.6395759717314511,0,-0.17926577875677197,22,-0.026135915211225297,-0.00175216,0.5,-1
c_512,BSBUSDT,1775732400000,0,test,control,,2.4320716136389775,2,-1.575906146033974,0,0.0,1,0.13237751892692323,11,-0.026985806956945763,5e-05,0.5,0
c_513,BSBUSDT,1776441600000,0,test,control,,1.1054552588742168,1,-11.45569620253165,0,0.16965226554267657,0,-0.1147652459106393,16,-0.08253858066859485,5e-05,0.5,1
c_514,BSBUSDT,1778889600000,0,test,control,,0.5615862155507955,0,1.097614517781356,1,0.5857142857142841,0,-0.18965349366555262,0,-0.02366744262664584,5e-05,0.0,-1
c_515,BSBUSDT,1774555200000,0,test,control,,0.8912835429428422,1,4.657203261854422,1,0.32765151515151647,0,0.012105275935243819,20,0.2735426230171297,5e-05,0.5,-1
c_516,BSBUSDT,1775073600000,0,test,control,,1.0211824739762945,0,1.2167603203398092,1,0.46789989118607145,0,0.009710986727066582,20,-0.029616112364967875,-0.00032278,0.5,0
c_517,BSBUSDT,1775872800000,0,test,control,,1.0395331796094645,0,-0.7360728659182388,0,0.28555555555555495,0,-0.021526151274888626,2,-0.09348407478914265,5e-05,0.5,1
c_518,BSBUSDT,1776373200000,0,test,control,,1.2193568653261484,0,0.5201667836353925,0,0.14215686274509734,0,0.01275323309624392,21,0.009559368756867397,0.00044017,0.5,0
c_519,BSBUSDT,1778889600000,0,test,control,,0.5615862155507955,0,1.097614517781356,1,0.5857142857142841,0,-0.18965349366555262,0,-0.02366744262664584,5e-05,0.0,-1
c_520,BSBUSDT,1774533600000,0,test,control,,0.7082880099720861,0,-1.57149044113097,0,0.5255623721881362,0,-0.056234746583894456,14,0.2601308731505438,5e-05,0.5,-1
c_521,BSBUSDT,1775030400000,0,test,control,,0.6155436552096387,0,-4.493880103636207,0,0.2014314928425355,0,0.024231183572256742,8,-0.05563232965500306,5e-05,0.5,1
c_522,BSBUSDT,1775674800000,0,test,control,,0.5426201080799312,0,4.46114391363988,0,0.20984455958549345,0,0.0015747876029745948,19,-0.04359556669019936,5e-05,0.5,1
c_523,BSBUSDT,1776524400000,0,test,control,,1.0737208385082182,2,-8.182173573103999,0,0.43850267379679153,0,0.183089045691322,15,-0.01658754596323649,6.173e-05,0.5,-1
c_524,BSBUSDT,1778889600000,0,test,control,,0.5615862155507955,0,1.097614517781356,1,0.5857142857142841,0,-0.18965349366555262,0,-0.02366744262664584,5e-05,0.0,-1
c_525,BSBUSDT,1774522800000,0,test,control,,1.002144275479691,2,6.483180428134553,0,0.27218344965104757,0,0.05825084328398234,11,1.5859285920022472,5e-05,0.5,-1
c_526,BSBUSDT,1775228400000,0,test,control,,1.1157860199813168,1,-1.8658039354724425,0,0.28704566635601325,0,0.03246443157696089,15,-0.07694472786556154,4.488e-05,0.5,0
c_527,BSBUSDT,1775782800000,0,test,control,,2.1571057361675523,1,8.265519646593821,0,0.03746654772524556,0,-0.002641019490214387,1,0.029077034942144073,5e-05,0.5,1
c_528,BSBUSDT,1776438000000,0,test,control,,1.9998503682451216,1,-11.83267400415181,0,0.3282548476454288,1,-0.06040729010637958,15,-0.08056324177720155,5e-05,0.5,1
c_529,BSBUSDT,1778781600000,0,test,control,,0.584981460231457,0,-0.5403099672970293,0,0.44524236983841536,0,-0.13385911174894663,18,0.014824021601314184,5e-05,1.0,1
c_530,BSBUSDT,1774602000000,0,test,control,,1.5432672118358222,0,8.222315992525157,0,0.1571298819255232,0,-0.08344005813501308,9,0.38039744755573673,5e-05,0.5,-1
c_531,BSBUSDT,1775185200000,0,test,control,,0.9878418584912002,0,3.3573248692386737,0,0.1591908531222522,0,-0.015610274498079073,3,-0.08089034965438827,-0.00349903,0.5,0
c_532,BSBUSDT,1775826000000,0,test,control,,0.9928990560206918,1,-3.0965016229584292,0,0.02767527675276956,0,-0.0025266445511335635,13,-0.06230048900078569,0.0001826,0.5,1
c_533,BSBUSDT,1776416400000,0,test,control,,1.600999020159693,2,-3.0384700583327238,0,0.36876640419947654,0,0.21031110649938442,9,0.051125310386132376,0.000148,0.5,1
c_534,BSBUSDT,1778889600000,0,test,control,,0.5615862155507955,0,1.097614517781356,1,0.5857142857142841,0,-0.18965349366555262,0,-0.02366744262664584,5e-05,0.0,-1
c_535,BSBUSDT,1774612800000,0,test,control,,2.374231613198141,3,16.52072387624051,1,0.23627287853577422,0,0.35850167197291766,12,0.19738707889984752,5e-05,0.5,-1
c_536,BSBUSDT,1775196000000,0,test,control,,0.7638095104497816,0,5.889449930738638,1,0.13885898815931264,0,0.06270594409263647,6,-0.014824569433461308,-0.00091972,0.5,0
c_537,BSBUSDT,1775739600000,0,test,control,,1.4667166555046292,1,-2.4063564131668524,0,0.6686626746506987,0,0.06843564297146622,13,-0.03353692719906297,5e-05,0.5,-1
c_538,BSBUSDT,1776430800000,0,test,control,,1.6645590674490922,0,-5.160995661109828,0,0.009225092250921479,1,-0.0641431838878154,13,0.0009983291310440218,5e-05,0.5,1
c_539,BSBUSDT,1778828400000,0,test,control,,1.0866065217224796,0,-3.290939139182289,0,0.36234458259324825,0,0.040262674471049205,7,-0.004233495752541212,5e-05,0.8987558642866703,0
c_540,BSBUSDT,1774522800000,0,test,control,,1.002144275479691,2,6.483180428134553,0,0.27218344965104757,0,0.05825084328398234,11,1.5859285920022472,5e-05,0.5,-1
c_541,BSBUSDT,1775232000000,0,test,control,,0.6929689546704311,0,3.458438867142523,0,0.3200000000000012,0,-0.0002067619450720543,16,-0.04709031234823993,4.488e-05,0.5,0
c_542,BSBUSDT,1775728800000,0,test,control,,1.4877219367327879,1,1.000710563713878,1,0.07994757536041934,0,0.0878021523889706,10,0.0014842855762188271,5e-05,0.5,0
c_543,BSBUSDT,1776470400000,0,test,control,,0.20950504835576667,0,0.36080924358919614,1,0.0,0,-0.26376154624298753,0,0.0006245609052511563,5e-05,0.5,1
c_544,BSBUSDT,1778889600000,0,test,control,,0.5615862155507955,0,1.097614517781356,1,0.5857142857142841,0,-0.18965349366555262,0,-0.02366744262664584,5e-05,0.0,-1
c_545,BSBUSDT,1774522800000,0,test,control,,1.002144275479691,2,6.483180428134553,0,0.27218344965104757,0,0.05825084328398234,11,1.5859285920022472,5e-05,0.5,-1
c_546,BSBUSDT,1775080800000,0,test,control,,0.2921692025615033,0,2.036669075144515,1,0.4736842105263146,0,-0.07763285798212242,22,-0.03108788581862835,-0.00032278,0.5,0
c_547,BSBUSDT,1775775600000,0,test,control,,0.7419271647389809,0,1.8283362727807184,0,0.7070707070707132,0,-0.11104884028612949,23,0.007682698509507688,5e-05,0.5,1
c_548,BSBUSDT,1776304800000,0,test,control,,0.40890593489909266,0,-1.0722324534479275,0,0.04795737122557596,0,-0.0874523353021329,2,0.013918151684688176,0.0004848,0.5,0
c_549,BSBUSDT,1778889600000,0,test,control,,0.5615862155507955,0,1.097614517781356,1,0.5857142857142841,0,-0.18965349366555262,0,-0.02366744262664584,5e-05,0.0,-1
c_550,BSBUSDT,1774522800000,0,test,control,,1.002144275479691,2,6.483180428134553,0,0.27218344965104757,0,0.05825084328398234,11,1.5859285920022472,5e-05,0.5,-1
c_551,BSBUSDT,1775084400000,0,test,control,,0.36480132544919586,0,-0.9783368273934276,0,0.4697855750487325,0,-0.12619673688276367,23,-0.01801506441505979,-0.00032278,0.5,0
c_552,BSBUSDT,1775869200000,0,test,control,,0.5443224038985353,0,-2.5639700180925407,0,0.04462474645030394,0,-0.02371007555255476,1,-0.04010083967167148,5e-05,0.5,1
c_553,BSBUSDT,1776344400000,0,test,control,,0.9897811521230623,0,-2.2349448685326534,0,0.28712871287128855,0,-0.014174816195191356,13,-0.021269903793452446,0.00014607,0.5,0
c_554,BSBUSDT,1778817600000,0,test,control,,0.5156387731426008,0,0.40358421216998946,0,0.3467889908256879,0,-0.042640379154005315,4,0.002853685870352803,5e-05,0.5,1
c_555,BSBUSDT,1774522800000,0,test,control,,1.002144275479691,2,6.483180428134553,0,0.27218344965104757,0,0.05825084328398234,11,1.5859285920022472,5e-05,0.5,-1
c_556,BSBUSDT,1775127600000,0,test,control,,2.2802590825842404,2,-3.316666666666665,0,0.19419237749546236,1,0.15064617985363435,11,0.02515963017872485,-0.00072228,0.5,-1
c_557,BSBUSDT,1775692800000,0,test,control,,0.6501012022193607,0,-2.179313459801266,0,0.4659793814432994,0,-0.0787412182771035,0,-0.019135381961085864,5e-05,0.5,-1
c_558,BSBUSDT,1776430800000,0,test,control,,1.6645590674490922,0,-5.160995661109828,0,0.009225092250921479,1,-0.0641431838878154,13,0.0009983291310440218,5e-05,0.5,1
c_559,BSBUSDT,1778788800000,0,test,control,,0.47123750900949074,0,-1.1631466176920724,0,0.3143759873617679,0,-0.09775521862059473,20,0.015452047484169082,5e-05,0.5,1
c_560,BSBUSDT,1774602000000,0,test,control,,1.5432672118358222,0,8.222315992525157,0,0.1571298819255232,0,-0.08344005813501308,9,0.38039744755573673,5e-05,0.5,-1
c_561,BSBUSDT,1775242800000,0,test,control,,0.5000735081421077,0,3.825136612021861,1,0.6020408163265336,0,-0.06690082817107826,19,-0.022839131448053746,5e-05,0.5,0
c_562,BSBUSDT,1775844000000,0,test,control,,1.0081242802391377,0,-0.2168413444163373,0,0.5234657039711209,0,-0.06541342304923416,18,-0.0457111341134894,5e-05,0.5,1
c_563,BSBUSDT,1776402000000,0,test,control,,1.5210423044633363,1,5.816677076826993,0,0.3900990099009901,0,0.08743007413082793,5,-0.0241403999884766,0.0002563,0.5,0
c_564,BSBUSDT,1778889600000,0,test,control,,0.5615862155507955,0,1.097614517781356,1,0.5857142857142841,0,-0.18965349366555262,0,-0.02366744262664584,5e-05,0.0,-1
c_565,BSBUSDT,1774623600000,0,test,control,,1.3674692537025404,1,3.6188361177005044,0,0.15274034141958484,0,0.1175799587617191,15,0.36557722559424594,0.00017745,0.5,-1
c_566,BSBUSDT,1775124000000,0,test,control,,3.426219212915356,1,-0.44554455445544455,0,0.21857451403887723,0,0.16895243183338807,10,0.11268886720139554,-0.00072228,0.5,-1
c_567,BSBUSDT,1775890800000,0,test,control,,0.32924893230102364,0,0.5075034106412083,0,0.43918918918919087,0,-0.1672232829520658,7,0.027276074821422434,5e-05,0.5,1
c_568,BSBUSDT,1776362400000,0,test,control,,1.499219048972423,2,-0.556881463802704,0,0.09017496635262512,1,0.09204695519391884,18,0.024475168475825607,5e-05,0.5,0
c_569,BSBUSDT,1778878800000,0,test,control,,0.9252927699481122,0,3.8134133740097464,0,0.048703849175177415,0,-0.056009387506116726,21,-0.014053361805227187,5e-05,1.0,-1
c_570,BSBUSDT,1774522800000,0,test,control,,1.002144275479691,2,6.483180428134553,0,0.27218344965104757,0,0.05825084328398234,11,1.5859285920022472,5e-05,0.5,-1
c_571,BSBUSDT,1775073600000,0,test,control,,1.0211824739762945,0,1.2167603203398092,1,0.46789989118607145,0,0.009710986727066582,20,-0.029616112364967875,-0.00032278,0.5,0
c_572,BSBUSDT,1775829600000,0,test,control,,1.1802403957532812,1,-2.288652518021873,0,0.2433414043583519,0,0.044682586633336685,14,-0.09005779687413999,0.0001826,0.5,1
c_573,BSBUSDT,1776427200000,0,test,control,,0.52058806957856,0,-0.3940886699507393,0,0.3972055888223569,0,-0.04098055736006516,12,-0.00628489757711823,0.000148,0.5,1
c_574,BSBUSDT,1778781600000,0,test,control,,0.584981460231457,0,-0.5403099672970293,0,0.44524236983841536,0,-0.13385911174894663,18,0.014824021601314184,5e-05,1.0,1
c_575,BSBUSDT,1774641600000,0,test,control,,0.5717014237181807,0,13.168154303888373,0,0.3324503311258294,0,-0.04029252855290705,20,0.14143807399405928,5e-05,0.5,-1
c_576,BSBUSDT,1775196000000,0,test,control,,0.7638095104497816,0,5.889449930738638,1,0.13885898815931264,0,0.06270594409263647,6,-0.014824569433461308,-0.00091972,0.5,0
c_577,BSBUSDT,1775754000000,0,test,control,,0.907560787795712,0,-0.7094673179809251,0,0.45295404814004214,0,-0.03623610931675498,17,0.006411107503685416,5e-05,0.5,0
c_578,BSBUSDT,1776538800000,0,test,control,,0.7946999576861423,0,-5.933466797290964,0,0.4130841121495365,1,-0.014904379219189367,19,-0.03324784134093998,5e-05,0.5,-1
c_579,BSBUSDT,1778796000000,0,test,control,,0.7349539925031936,0,3.054490005003454,0,0.3165983606557361,0,-0.06623752111289664,22,-0.013434351905327439,5e-05,1.0,1
c_580,BSBUSDT,1774594800000,0,test,control,,0.48443213629661025,0,-3.7693373354883444,0,0.4057315233785846,0,-0.09662153496580443,7,0.08932145871626722,5e-05,0.5,-1
c_581,BSBUSDT,1775134800000,0,test,control,,1.0069463427843737,2,-5.845288103352624,0,0.16838487972508603,0,0.06878609003275866,13,-0.01709113164337045,-0.00097118,0.5,-1
c_582,BSBUSDT,1775682000000,0,test,control,,0.591035885819753,0,4.598302522962446,0,0.20652173913043528,0,-0.02516146090276231,21,-0.020672558909331108,5e-05,0.5,1
c_583,BSBUSDT,1776420000000,0,test,control,,1.881871112499645,1,-4.155588738755136,0,0.5559322033898316,0,0.13225736231800928,10,-0.03741240470565796,0.000148,0.5,1
c_584,BSBUSDT,1778889600000,0,test,control,,0.5615862155507955,0,1.097614517781356,1,0.5857142857142841,0,-0.18965349366555262,0,-0.02366744262664584,5e-05,0.0,-1
c_585,BSBUSDT,1774522800000,0,test,control,,1.002144275479691,2,6.483180428134553,0,0.27218344965104757,0,0.05825084328398234,11,1.5859285920022472,5e-05,0.5,-1
c_586,BSBUSDT,1775203200000,0,test,control,,1.1894879115002313,1,6.26325585421806,1,0.23103448275862207,0,0.09516827891768823,8,0.029376059880959392,-0.00091972,0.5,0
c_587,BSBUSDT,1775703600000,0,test,control,,0.677026526001659,0,0.454598438046394,1,0.11976047904191925,0,-0.13015407685317615,3,0.008127190133073066,5e-05,0.5,0
c_588,BSBUSDT,1776394800000,0,test,control,,1.1448409988990262,2,7.438894792773643,0,0.41911764705882404,0,0.08003717720656328,3,0.08047087037008113,0.00044068,0.5,0
c_589,BSBUSDT,1778889600000,0,test,control,,0.5615862155507955,0,1.097614517781356,1,0.5857142857142841,0,-0.18965349366555262,0,-0.02366744262664584,5e-05,0.0,-1
c_590,BSBUSDT,1774605600000,0,test,control,,2.868577548930892,1,11.859069574000362,0,0.327186963979417,0,0.025704070054216144,10,0.22966973914874902,5e-05,0.5,-1
c_591,BSBUSDT,1775124000000,0,test,control,,3.426219212915356,1,-0.44554455445544455,0,0.21857451403887723,0,0.16895243183338807,10,0.11268886720139554,-0.00072228,0.5,-1
c_592,BSBUSDT,1775840400000,0,test,control,,1.1051075711041531,0,3.3443215652913603,1,0.621823617339316,0,-0.030685251853635603,17,-0.05090699237579875,5e-05,0.5,1
c_593,BSBUSDT,1776420000000,0,test,control,,1.881871112499645,1,-4.155588738755136,0,0.5559322033898316,0,0.13225736231800928,10,-0.03741240470565796,0.000148,0.5,1
c_594,BSBUSDT,1778763600000,0,test,control,,1.0136077690119067,0,3.3284880139939452,1,0.586319218241043,0,0.008488334302392082,13,-0.022830851245685797,5e-05,1.0,0
c_595,BSBUSDT,1774522800000,0,test,control,,1.002144275479691,2,6.483180428134553,0,0.27218344965104757,0,0.05825084328398234,11,1.5859285920022472,5e-05,0.5,-1
c_596,BSBUSDT,1775224800000,0,test,control,,0.8737175656878635,1,-1.0323709536307966,0,0.1690140845070419,0,0.046381563613182374,14,-0.07306448159643247,4.488e-05,0.5,0
c_597,BSBUSDT,1775685600000,0,test,control,,0.6646527041531638,0,1.8774989859187536,1,0.1963394342762082,0,-0.053335939069501945,22,-0.02069887195496257,5e-05,0.5,1
c_598,BSBUSDT,1776549600000,0,test,control,,0.5260631486372861,0,0.30586541921555144,0,0.3087557603686624,0,-0.21649019202189018,22,-0.043927247972958806,5e-05,0.5,-1
c_599,BSBUSDT,1778778000000,0,test,control,,1.1105557207936851,0,-0.18597997138769742,0,0.18095238095238403,0,-0.1085315814621911,17,0.005732783574950162,5e-05,1.0,1
c_600,BSBUSDT,1774522800000,0,test,control,,1.002144275479691,2,6.483180428134553,0,0.27218344965104757,0,0.05825084328398234,11,1.5859285920022472,5e-05,0.5,-1
c_601,BSBUSDT,1775217600000,0,test,control,,2.294126186399572,2,-11.55193482688391,0,0.06206088992974266,1,0.10613688216894082,12,-0.07910871369862416,-0.0007102,0.5,1
c_602,BSBUSDT,1775746800000,0,test,control,,0.957497339016832,0,1.2038190120381926,1,0.499999999999996,0,0.015575771983284473,15,0.013138148469990263,5e-05,0.5,0
c_603,BSBUSDT,1776492000000,0,test,control,,1.5939140586530918,0,6.965924266574759,1,0.21656050955414113,0,0.04140180332442801,6,0.01833055431309828,8.781e-05,0.5,1
c_604,BSBUSDT,1778889600000,0,test,control,,0.5615862155507955,0,1.097614517781356,1,0.5857142857142841,0,-0.18965349366555262,0,-0.02366744262664584,5e-05,0.0,-1
c_605,BSBUSDT,1774522800000,0,test,control,,1.002144275479691,2,6.483180428134553,0,0.27218344965104757,0,0.05825084328398234,11,1.5859285920022472,5e-05,0.5,-1
c_606,BSBUSDT,1775030400000,0,test,control,,0.6155436552096387,0,-4.493880103636207,0,0.2014314928425355,0,0.024231183572256742,8,-0.05563232965500306,5e-05,0.5,1
c_607,BSBUSDT,1775847600000,0,test,control,,0.5484683872852455,0,2.925684485006521,0,0.08548387096774222,0,-0.11607864833505828,19,0.016483830663924268,5e-05,0.5,1
c_608,BSBUSDT,1776463200000,0,test,control,,0.21760171145376447,0,1.4826021180030207,0,0.031971580817053924,0,-0.11966287141223465,22,-0.03269918792395147,5e-05,0.5,1
c_609,BSBUSDT,1778774400000,0,test,control,,0.806096598415053,0,1.768469483118065,1,0.016483516483517698,0,-0.10769221284130041,16,-0.011614644334582045,5e-05,1.0,1
c_610,BSBUSDT,1774616400000,0,test,control,,1.4956933935145558,3,8.484207007966127,1,0.25207986688851947,0,0.3026435116743748,13,0.09710031891823806,0.00017745,0.5,-1
c_611,BSBUSDT,1775260800000,0,test,control,,0.3582925784493452,0,-2.0102214650766617,0,0.031135531135531656,0,-0.17813989062455354,0,-0.04874668940128819,-0.00028714,0.5,0
c_612,BSBUSDT,1775779200000,0,test,control,,0.8267902730019798,0,3.441592764432962,0,0.48342059336823534,0,-0.09141807101503445,0,0.021390304906611056,5e-05,0.5,1
c_613,BSBUSDT,1776423600000,0,test,control,,1.177247499091175,0,-0.4829412681102833,0,0.037993920972644396,0,0.0586906572570736,11,0.004913851369883274,0.000148,0.5,1
c_614,BSBUSDT,1778889600000,0,test,control,,0.5615862155507955,0,1.097614517781356,1,0.5857142857142841,0,-0.18965349366555262,0,-0.02366744262664584,5e-05,0.0,-1
c_615,BSBUSDT,1774522800000,0,test,control,,1.002144275479691,2,6.483180428134553,0,0.27218344965104757,0,0.05825084328398234,11,1.5859285920022472,5e-05,0.5,-1
c_616,BSBUSDT,1775149200000,0,test,control,,0.9248946902593892,0,-6.460709625826004,0,0.4709141274238244,0,-0.036036484459943466,17,-0.12193926365093935,-0.00123725,0.5,-1
c_617,BSBUSDT,1775858400000,0,test,control,,1.3874590914132066,1,-2.374301675977645,0,0.16753926701570404,1,-0.02385137875037473,22,0.026450362259112733,5e-05,0.5,1
c_618,BSBUSDT,1776312000000,0,test,control,,1.6710065992005638,0,-1.1685728493286993,0,0.03155006858710295,1,-0.048180999554539056,4,-0.015846714425631483,0.0004848,0.5,0
c_619,BSBUSDT,1778889600000,0,test,control,,0.5615862155507955,0,1.097614517781356,1,0.5857142857142841,0,-0.18965349366555262,0,-0.02366744262664584,5e-05,0.0,-1
c_620,BSBUSDT,1774522800000,0,test,control,,1.002144275479691,2,6.483180428134553,0,0.27218344965104757,0,0.05825084328398234,11,1.5859285920022472,5e-05,0.5,-1
c_621,BSBUSDT,1775260800000,0,test,control,,0.3582925784493452,0,-2.0102214650766617,0,0.031135531135531656,0,-0.17813989062455354,0,-0.04874668940128819,-0.00028714,0.5,0
c_622,BSBUSDT,1775858400000,0,test,control,,1.3874590914132066,1,-2.374301675977645,0,0.16753926701570404,1,-0.02385137875037473,22,0.026450362259112733,5e-05,0.5,1
c_623,BSBUSDT,1776319200000,0,test,control,,0.5089036425418763,0,-0.976295867289952,0,0.8213762811127382,0,2.3886781988535762e-05,6,-0.009499738743883093,0.00010468,0.5,1
c_624,BSBUSDT,1778889600000,0,test,control,,0.5615862155507955,0,1.097614517781356,1,0.5857142857142841,0,-0.18965349366555262,0,-0.02366744262664584,5e-05,0.0,-1
c_625,BSBUSDT,1774522800000,0,test,control,,1.002144275479691,2,6.483180428134553,0,0.27218344965104757,0,0.05825084328398234,11,1.5859285920022472,5e-05,0.5,-1
c_626,BSBUSDT,1775196000000,0,test,control,,0.7638095104497816,0,5.889449930738638,1,0.13885898815931264,0,0.06270594409263647,6,-0.014824569433461308,-0.00091972,0.5,0
c_627,BSBUSDT,1775746800000,0,test,control,,0.957497339016832,0,1.2038190120381926,1,0.499999999999996,0,0.015575771983284473,15,0.013138148469990263,5e-05,0.5,0
c_628,BSBUSDT,1776351600000,0,test,control,,3.1969981837512997,1,3.5806729939603112,1,0.7212741751990888,0,0.09602087360714906,15,-0.027147762186391162,0.00014607,0.5,0
c_629,BSBUSDT,1778889600000,0,test,control,,0.5615862155507955,0,1.097614517781356,1,0.5857142857142841,0,-0.18965349366555262,0,-0.02366744262664584,5e-05,0.0,-1
c_630,BSBUSDT,1774576800000,0,test,control,,0.4522234296947595,0,1.49475057832613,0,0.48571428571428465,0,-0.07507373569188654,2,-0.09781578541974115,0.00012841,0.5,-1
c_631,BSBUSDT,1775163600000,0,test,control,,0.2825371551556204,0,1.129206406334346,1,0.07382550335570445,0,-0.22551359882972222,21,-0.017693450699998572,-0.00175216,0.5,-1
c_632,BSBUSDT,1775894400000,0,test,control,,0.24241455771664458,0,6.245036868973336,1,0.16624685138538883,0,-0.21481559821804633,8,0.044183091947179294,5e-05,0.5,1
c_633,BSBUSDT,1776438000000,0,test,control,,1.9998503682451216,1,-11.83267400415181,0,0.3282548476454288,1,-0.06040729010637958,15,-0.08056324177720155,5e-05,0.5,1
c_634,BSBUSDT,1778889600000,0,test,control,,0.5615862155507955,0,1.097614517781356,1,0.5857142857142841,0,-0.18965349366555262,0,-0.02366744262664584,5e-05,0.0,-1
c_635,BSBUSDT,1774522800000,0,test,control,,1.002144275479691,2,6.483180428134553,0,0.27218344965104757,0,0.05825084328398234,11,1.5859285920022472,5e-05,0.5,-1
c_636,BSBUSDT,1775210400000,0,test,control,,2.582681951823858,2,-3.5361633893155533,0,0.1619812583668002,1,0.08916215930500197,10,0.005679872475904203,-0.0007102,0.5,0
c_637,BSBUSDT,1775890800000,0,test,control,,0.32924893230102364,0,0.5075034106412083,0,0.43918918918919087,0,-0.1672232829520658,7,0.027276074821422434,5e-05,0.5,1
c_638,BSBUSDT,1776488400000,0,test,control,,1.4287087757544232,0,4.115755627009645,1,0.38877338877338735,0,-0.04761127173684589,5,0.013032983363621662,8.781e-05,0.5,1
c_639,BSBUSDT,1778889600000,0,test,control,,0.5615862155507955,0,1.097614517781356,1,0.5857142857142841,0,-0.18965349366555262,0,-0.02366744262664584,5e-05,0.0,-1
c_640,BSBUSDT,1774522800000,0,test,control,,1.002144275479691,2,6.483180428134553,0,0.27218344965104757,0,0.05825084328398234,11,1.5859285920022472,5e-05,0.5,-1
c_641,BSBUSDT,1775210400000,0,test,control,,2.582681951823858,2,-3.5361633893155533,0,0.1619812583668002,1,0.08916215930500197,10,0.005679872475904203,-0.0007102,0.5,0
c_642,BSBUSDT,1775682000000,0,test,control,,0.591035885819753,0,4.598302522962446,0,0.20652173913043528,0,-0.02516146090276231,21,-0.020672558909331108,5e-05,0.5,1
c_643,BSBUSDT,1776405600000,0,test,control,,6.218083900723087,1,6.6990291262135875,1,0.5751510574018134,0,0.27371574000359555,6,0.09440710636513303,0.0002563,0.5,0
c_644,BSBUSDT,1778774400000,0,test,control,,0.806096598415053,0,1.768469483118065,1,0.016483516483517698,0,-0.10769221284130041,16,-0.011614644334582045,5e-05,1.0,1
c_645,BSBUSDT,1774522800000,0,test,control,,1.002144275479691,2,6.483180428134553,0,0.27218344965104757,0,0.05825084328398234,11,1.5859285920022472,5e-05,0.5,-1
c_646,BSBUSDT,1775228400000,0,test,control,,1.1157860199813168,1,-1.8658039354724425,0,0.28704566635601325,0,0.03246443157696089,15,-0.07694472786556154,4.488e-05,0.5,0
c_647,BSBUSDT,1775725200000,0,test,control,,1.5360686912146042,1,2.8244631185807556,0,0.5029469548133597,0,0.09164431211965367,9,-0.02346828448998991,5e-05,0.5,0
c_648,BSBUSDT,1776362400000,0,test,control,,1.499219048972423,2,-0.556881463802704,0,0.09017496635262512,1,0.09204695519391884,18,0.024475168475825607,5e-05,0.5,0
c_649,BSBUSDT,1778889600000,0,test,control,,0.5615862155507955,0,1.097614517781356,1,0.5857142857142841,0,-0.18965349366555262,0,-0.02366744262664584,5e-05,0.0,-1
c_650,BSBUSDT,1774522800000,0,test,control,,1.002144275479691,2,6.483180428134553,0,0.27218344965104757,0,0.05825084328398234,11,1.5859285920022472,5e-05,0.5,-1
c_651,BSBUSDT,1775048400000,0,test,control,,1.129150564101751,0,4.436377351374288,0,0.4120111731843587,0,-0.029854401822374355,13,0.028067566917576357,5e-05,0.5,1
c_652,BSBUSDT,1775854800000,0,test,control,,2.754652222481942,1,-0.4990482070278328,0,0.24074074074074317,0,-0.03670280055953439,21,0.045737198071826045,5e-05,0.5,1
c_653,BSBUSDT,1776538800000,0,test,control,,0.7946999576861423,0,-5.933466797290964,0,0.4130841121495365,1,-0.014904379219189367,19,-0.03324784134093998,5e-05,0.5,-1
c_654,BSBUSDT,1778889600000,0,test,control,,0.5615862155507955,0,1.097614517781356,1,0.5857142857142841,0,-0.18965349366555262,0,-0.02366744262664584,5e-05,0.0,-1
c_655,BSBUSDT,1774522800000,0,test,control,,1.002144275479691,2,6.483180428134553,0,0.27218344965104757,0,0.05825084328398234,11,1.5859285920022472,5e-05,0.5,-1
c_656,BSBUSDT,1775224800000,0,test,control,,0.8737175656878635,1,-1.0323709536307966,0,0.1690140845070419,0,0.046381563613182374,14,-0.07306448159643247,4.488e-05,0.5,0
c_657,BSBUSDT,1775721600000,0,test,control,,2.8765592583137596,1,1.566488744488269,0,0.36209813874788555,0,0.09182790148925986,8,-0.024131216196185398,5e-05,0.5,0
c_658,BSBUSDT,1776330000000,0,test,control,,1.3208979638849032,0,-0.9195884946462304,0,0.4554744525547425,0,0.00471328894917947,9,0.0067994128887534965,5e-05,0.5,0
c_659,BSBUSDT,1778774400000,0,test,control,,0.806096598415053,0,1.768469483118065,1,0.016483516483517698,0,-0.10769221284130041,16,-0.011614644334582045,5e-05,1.0,1
c_660,BSBUSDT,1774522800000,0,test,control,,1.002144275479691,2,6.483180428134553,0,0.27218344965104757,0,0.05825084328398234,11,1.5859285920022472,5e-05,0.5,-1
c_661,BSBUSDT,1775228400000,0,test,control,,1.1157860199813168,1,-1.8658039354724425,0,0.28704566635601325,0,0.03246443157696089,15,-0.07694472786556154,4.488e-05,0.5,0
c_662,BSBUSDT,1775754000000,0,test,control,,0.907560787795712,0,-0.7094673179809251,0,0.45295404814004214,0,-0.03623610931675498,17,0.006411107503685416,5e-05,0.5,0
c_663,BSBUSDT,1776542400000,0,test,control,,1.3365631881792996,0,-5.130007027406886,0,0.14598540145985184,1,-0.06942011669035643,20,-0.038397323770003676,5e-05,0.5,-1
c_664,BSBUSDT,1778889600000,0,test,control,,0.5615862155507955,0,1.097614517781356,1,0.5857142857142841,0,-0.18965349366555262,0,-0.02366744262664584,5e-05,0.0,-1
c_665,BSBUSDT,1774522800000,0,test,control,,1.002144275479691,2,6.483180428134553,0,0.27218344965104757,0,0.05825084328398234,11,1.5859285920022472,5e-05,0.5,-1
c_666,BSBUSDT,1775142000000,0,test,control,,1.5502698748059012,0,-4.82592209582903,0,0.34120335110434064,1,0.039573066519266654,15,-0.01652286651827715,-0.00097118,0.5,-1
c_667,BSBUSDT,1775844000000,0,test,control,,1.0081242802391377,0,-0.2168413444163373,0,0.5234657039711209,0,-0.06541342304923416,18,-0.0457111341134894,5e-05,0.5,1
c_668,BSBUSDT,1776520800000,0,test,control,,7.996823326924373,2,-8.013896479038184,0,0.0013473457289153857,1,0.2485003726386075,14,-0.003269347753119936,6.173e-05,0.5,-1
c_669,BSBUSDT,1778889600000,0,test,control,,0.5615862155507955,0,1.097614517781356,1,0.5857142857142841,0,-0.18965349366555262,0,-0.02366744262664584,5e-05,0.0,-1
c_670,BSBUSDT,1774522800000,0,test,control,,1.002144275479691,2,6.483180428134553,0,0.27218344965104757,0,0.05825084328398234,11,1.5859285920022472,5e-05,0.5,-1
c_671,BSBUSDT,1775102400000,0,test,control,,1.0793927337019262,0,2.8734390528453604,1,0.35375722543352606,0,0.010322849596944624,4,0.05361068735605608,-0.00073108,0.5,-1
c_672,BSBUSDT,1775682000000,0,test,control,,0.591035885819753,0,4.598302522962446,0,0.20652173913043528,0,-0.02516146090276231,21,-0.020672558909331108,5e-05,0.5,1
c_673,BSBUSDT,1776452400000,0,test,control,,0.789647935013735,0,1.8291600071035394,0,0.5014880952380967,0,-0.014476291863787339,19,-0.049437893537274936,5e-05,0.5,1
c_674,BSBUSDT,1778889600000,0,test,control,,0.5615862155507955,0,1.097614517781356,1,0.5857142857142841,0,-0.18965349366555262,0,-0.02366744262664584,5e-05,0.0,-1
c_675,BSBUSDT,1774522800000,0,test,control,,1.002144275479691,2,6.483180428134553,0,0.27218344965104757,0,0.05825084328398234,11,1.5859285920022472,5e-05,0.5,-1
c_676,BSBUSDT,1775102400000,0,test,control,,1.0793927337019262,0,2.8734390528453604,1,0.35375722543352606,0,0.010322849596944624,4,0.05361068735605608,-0.00073108,0.5,-1
c_677,BSBUSDT,1775916000000,0,test,control,,2.1160296052204344,1,0.2875434027777642,1,0.05775577557756046,0,0.05583022455245679,14,0.018670660590737787,5e-05,0.5,0
c_678,BSBUSDT,1776304800000,0,test,control,,0.40890593489909266,0,-1.0722324534479275,0,0.04795737122557596,0,-0.0874523353021329,2,0.013918151684688176,0.0004848,0.5,0
c_679,BSBUSDT,1778778000000,0,test,control,,1.1105557207936851,0,-0.18597997138769742,0,0.18095238095238403,0,-0.1085315814621911,17,0.005732783574950162,5e-05,1.0,1
c_680,BSBUSDT,1774522800000,0,test,control,,1.002144275479691,2,6.483180428134553,0,0.27218344965104757,0,0.05825084328398234,11,1.5859285920022472,5e-05,0.5,-1
c_681,BSBUSDT,1775192400000,0,test,control,,0.6176769361713208,0,5.173671255356003,1,0.2005494505494488,0,0.05790013719629165,5,-0.045792602014494845,-0.00091972,0.5,0
c_682,BSBUSDT,1775786400000,0,test,control,,3.9206531129626105,1,3.5947146731290824,1,0.44195046439628594,0,0.18711627799186953,2,0.02653408738498003,5e-05,0.5,1
c_683,BSBUSDT,1776477600000,0,test,control,,0.2650896473926197,0,-1.0824632431280574,0,0.4799999999999939,1,-0.30521527155424544,2,-0.006854024542818769,5e-05,0.5,1
c_684,BSBUSDT,1778889600000,0,test,control,,0.5615862155507955,0,1.097614517781356,1,0.5857142857142841,0,-0.18965349366555262,0,-0.02366744262664584,5e-05,0.0,-1
c_685,BSBUSDT,1774522800000,0,test,control,,1.002144275479691,2,6.483180428134553,0,0.27218344965104757,0,0.05825084328398234,11,1.5859285920022472,5e-05,0.5,-1
c_686,BSBUSDT,1775120400000,0,test,control,,1.7039795815269543,0,4.333085255933192,0,0.4158031088082887,0,0.11058417479220904,9,0.13394330283485825,-0.00072228,0.5,-1
c_687,BSBUSDT,1775833200000,0,test,control,,1.0870308346655921,0,1.37993021042614,1,0.40077071290944094,0,0.011581539159401782,15,-0.07559763149296064,0.0001826,0.5,1
c_688,BSBUSDT,1776502800000,0,test,control,,1.1899686877645577,1,3.0888348914789256,1,0.12474226804123614,0,0.1210259070712251,9,0.05734319465285944,0.00022244,0.5,1
c_689,BSBUSDT,1778889600000,0,test,control,,0.5615862155507955,0,1.097614517781356,1,0.5857142857142841,0,-0.18965349366555262,0,-0.02366744262664584,5e-05,0.0,-1
c_690,BSBUSDT,1774566000000,0,test,control,,1.3304063516672586,0,-11.350086365409261,0,0.12754029432375721,1,0.03368761551348221,23,-0.16543291060913684,0.00034153,0.5,-1
c_691,BSBUSDT,1775246400000,0,test,control,,0.4848011106171348,0,4.504384207949432,0,0.01701570680628162,0,-0.10762943079769696,20,-0.02173896385626715,5e-05,0.5,0
c_692,BSBUSDT,1775757600000,0,test,control,,0.5315796181164055,0,1.0180662625787145,0,0.1103202846975103,0,-0.060305316124246985,18,0.00570295404654219,5e-05,0.5,0
c_693,BSBUSDT,1776430800000,0,test,control,,1.6645590674490922,0,-5.160995661109828,0,0.009225092250921479,1,-0.0641431838878154,13,0.0009983291310440218,5e-05,0.5,1
c_694,BSBUSDT,1778763600000,0,test,control,,1.0136077690119067,0,3.3284880139939452,1,0.586319218241043,0,0.008488334302392082,13,-0.022830851245685797,5e-05,1.0,0
c_695,BSBUSDT,1774522800000,0,test,control,,1.002144275479691,2,6.483180428134553,0,0.27218344965104757,0,0.05825084328398234,11,1.5859285920022472,5e-05,0.5,-1
c_696,BSBUSDT,1775214000000,0,test,control,,1.6941181868884765,1,-5.856100104275286,0,0.1921768707482981,1,0.08302021634070096,11,-0.02116483241085406,-0.0007102,0.5,0
c_697,BSBUSDT,1775833200000,0,test,control,,1.0870308346655921,0,1.37993021042614,1,0.40077071290944094,0,0.011581539159401782,15,-0.07559763149296064,0.0001826,0.5,1
c_698,BSBUSDT,1776502800000,0,test,control,,1.1899686877645577,1,3.0888348914789256,1,0.12474226804123614,0,0.1210259070712251,9,0.05734319465285944,0.00022244,0.5,1
c_699,BSBUSDT,1778810400000,0,test,control,,0.4657322609381122,0,-4.277159965782724,0,0.0,0,-0.04174451209974926,2,-0.007358246594131977,5e-05,0.5,1
c_700,BSBUSDT,1774522800000,0,test,control,,1.002144275479691,2,6.483180428134553,0,0.27218344965104757,0,0.05825084328398234,11,1.5859285920022472,5e-05,0.5,-1
c_701,BSBUSDT,1775034000000,0,test,control,,0.7608765237836999,0,-1.3579500534809124,0,0.5734104046242753,1,-0.004263107777727851,9,-0.041670117214663044,5e-05,0.5,1
c_702,BSBUSDT,1775757600000,0,test,control,,0.5315796181164055,0,1.0180662625787145,0,0.1103202846975103,0,-0.060305316124246985,18,0.00570295404654219,5e-05,0.5,0
c_703,BSBUSDT,1776351600000,0,test,control,,3.1969981837512997,1,3.5806729939603112,1,0.7212741751990888,0,0.09602087360714906,15,-0.027147762186391162,0.00014607,0.5,0
c_704,BSBUSDT,1778889600000,0,test,control,,0.5615862155507955,0,1.097614517781356,1,0.5857142857142841,0,-0.18965349366555262,0,-0.02366744262664584,5e-05,0.0,-1
c_705,BSBUSDT,1774594800000,0,test,control,,0.48443213629661025,0,-3.7693373354883444,0,0.4057315233785846,0,-0.09662153496580443,7,0.08932145871626722,5e-05,0.5,-1
c_706,BSBUSDT,1775052000000,0,test,control,,1.9101455315637903,0,15.525048858382185,0,0.07261490923136418,0,0.011644610532275734,14,-0.02948617328484315,5e-05,0.5,1
c_707,BSBUSDT,1775674800000,0,test,control,,0.5426201080799312,0,4.46114391363988,0,0.20984455958549345,0,0.0015747876029745948,19,-0.04359556669019936,5e-05,0.5,1
c_708,BSBUSDT,1776384000000,0,test,control,,0.6718529037306948,0,4.761703029019276,1,0.36025641025640753,0,-0.08067355804331876,0,0.058376061632657475,0.00044017,0.5,0
c_709,BSBUSDT,1778824800000,0,test,control,,1.7030134968132016,0,-3.642336119028062,0,0.27984496124031094,1,0.02060645701223348,6,-0.016812408982650736,5e-05,0.0,0
c_710,BSBUSDT,1774530000000,0,test,control,,0.7946073868330893,1,-3.7777236168656985,0,0.15565031982942315,0,-0.0072929402406723106,13,0.568639830757302,5e-05,0.5,-1
c_711,BSBUSDT,1775080800000,0,test,control,,0.2921692025615033,0,2.036669075144515,1,0.4736842105263146,0,-0.07763285798212242,22,-0.03108788581862835,-0.00032278,0.5,0
c_712,BSBUSDT,1775894400000,0,test,control,,0.24241455771664458,0,6.245036868973336,1,0.16624685138538883,0,-0.21481559821804633,8,0.044183091947179294,5e-05,0.5,1
c_713,BSBUSDT,1776402000000,0,test,control,,1.5210423044633363,1,5.816677076826993,0,0.3900990099009901,0,0.08743007413082793,5,-0.0241403999884766,0.0002563,0.5,0
c_714,BSBUSDT,1778889600000,0,test,control,,0.5615862155507955,0,1.097614517781356,1,0.5857142857142841,0,-0.18965349366555262,0,-0.02366744262664584,5e-05,0.0,-1
c_715,BSBUSDT,1774598400000,0,test,control,,0.47142941159959206,0,0.930999941075952,0,0.106287425149699,0,-0.12213973453604697,8,0.2727344704140175,5e-05,0.5,-1
c_716,BSBUSDT,1775088000000,0,test,control,,0.6109001903888369,0,1.2021857923497277,0,0.38827098078867434,0,-0.16564813675340784,0,0.002709879535298419,-0.00032278,0.5,0
c_717,BSBUSDT,1775822400000,0,test,control,,1.3716101722753393,2,2.9326768703842516,1,0.33050847457626836,0,0.0234128923761162,12,0.011710006720318192,0.0001826,0.5,1
c_718,BSBUSDT,1776391200000,0,test,control,,3.826444168832168,2,4.240854645516344,1,0.8880393227744403,0,0.03616628115860134,2,0.07105163014324567,0.00044068,0.5,0
c_719,BSBUSDT,1778821200000,0,test,control,,1.091266084265751,0,-3.581424031118069,0,0.1304347826086967,1,-0.009347372509751704,5,-0.017271283078876796,5e-05,0.5,1
c_720,BSBUSDT,1774522800000,0,test,control,,1.002144275479691,2,6.483180428134553,0,0.27218344965104757,0,0.05825084328398234,11,1.5859285920022472,5e-05,0.5,-1
c_721,BSBUSDT,1775116800000,0,test,control,,1.0903060023659927,0,4.343077956989242,0,0.11442786069651613,0,0.09357056254997395,8,0.08862707947235765,-0.00087665,0.5,-1
c_722,BSBUSDT,1775908800000,0,test,control,,0.4895282930674167,1,-1.4892708444539418,0,0.5663716814159312,0,0.02998534541729227,12,-0.014714070546618952,5e-05,0.5,1
c_723,BSBUSDT,1776337200000,0,test,control,,0.7257830717069818,0,-4.499381953028425,0,0.19145299145298858,1,-0.002500046795171105,11,0.01641196077692963,5e-05,0.5,0
c_724,BSBUSDT,1778889600000,0,test,control,,0.5615862155507955,0,1.097614517781356,1,0.5857142857142841,0,-0.18965349366555262,0,-0.02366744262664584,5e-05,0.0,-1
d_145,BTCUSDT,1722772800000,1,train,standard,18.4198,0.917700555407625,0,0.8874033467783364,0,0.4400663625051812,0,0.02556493189137977,12,0.014996340745369109,5.343e-05,0.5,-1
c_725,BTCUSDT,1714608000000,0,train,control,,0.7313230077156156,0,2.409560258326501,0,0.3239211507725139,0,-0.018241276488735546,0,0.034638489157255925,6.634e-05,0.5,0
c_726,BTCUSDT,1724796000000,0,train,control,,6.435520421274893,1,-2.4656737634478105,0,0.03904121253405866,1,0.03982133355377882,22,-0.07547382379637159,7.753e-05,0.5,-1
c_727,BTCUSDT,1740322800000,0,train,control,,3.2037407111220118,3,-0.6307028738375775,0,0.10951834862385938,1,0.12175666559187523,15,0.027641579919975224,3.14e-05,0.5,0
c_728,BTCUSDT,1748217600000,0,train,control,,2.319740632804838,2,1.2071750561741312,1,0.20676930907239877,0,0.08742159192476136,0,-0.014287105373840859,7.331e-05,0.5,1
c_729,BTCUSDT,1760346000000,0,train,control,,0.5984175733187628,0,0.46861713029789237,1,0.11299804049642766,0,-0.07628814895959463,9,0.008950889759078779,2.519e-05,0.5,1
d_146,DOGEUSDT,1720062000000,1,train,standard,18.4678,4.7018716074798155,2,-2.215457466599017,0,0.07025761124121663,0,0.3905829409799912,3,0.0014426090540254615,0.0001,0.5,-1
d_147,DOGEUSDT,1722772800000,1,train,standard,23.3528,0.5728779901355868,0,0.8535784635587731,0,0.6582278481012573,0,-0.035072514150817656,12,0.012162020172325802,8.468e-05,0.5,-1
d_148,DOGEUSDT,1731398400000,1,train,standard,16.3126,1.109579237856029,2,13.241356565712087,1,0.39495798319327574,0,0.0410921926108957,8,-0.010502112875375875,0.00037443,0.5,1
d_149,DOGEUSDT,1734606000000,1,train,standard,27.2717,0.9948436233594126,0,1.0212271330916411,0,0.2809278350515467,0,-0.18908839531217492,11,0.01940916072972133,8.173e-05,0.5,-1
d_150,DOGEUSDT,1738458000000,1,train,standard,26.8803,2.184721705284042,3,-0.33528115719896395,0,0.1774960380348658,0,0.186176882199218,1,0.0005049225649675148,3.134e-05,0.5,-1
d_151,DOGEUSDT,1740956400000,1,train,standard,18.831,0.9243108462219908,0,4.159155858430422,1,0.26731078904991895,0,-0.017146821902548952,23,-0.01379174022764657,-8e-06,0.5,1
d_152,DOGEUSDT,1741604400000,1,train,standard,16.4627,0.9110152927555204,1,0.6711021116575033,0,0.3238095238095202,0,0.029480195891418724,11,-0.021203895794327896,-4.717e-05,0.5,-1
d_153,DOGEUSDT,1743919200000,1,train,standard,20.7841,0.9483213730542501,0,-0.5514378891194702,0,0.2065217391304292,0,0.03510696353929994,6,-0.0050233798847257646,8.467e-05,0.5,0
d_154,DOGEUSDT,1760072400000,1,train,standard,26.1601,0.7211489404868324,0,0.8758537565287324,0,0.6523437500000002,0,0.0020912718226841253,5,0.010567716570023443,9.706e-05,0.5,0
d_155,DOGEUSDT,1770253200000,1,test,standard,15.4515,0.6209133235731594,0,-0.9093519670718796,0,0.2736842105263141,0,-0.08515643376835712,1,-0.003204186681173968,1.451e-05,0.5,-1
d_156,DOGEUSDT,1738540800000,1,train,fast,10.128,3.290823119186366,2,-2.372103191954531,0,0.01644528779253527,0,0.09324520710348484,0,-0.0279821158953781,2.403e-05,0.5,-1
d_157,DOGEUSDT,1760126400000,1,train,fast,15.0523,3.32994093840646,3,-2.523871619063646,0,0.14660831509846853,1,0.17206349568105642,20,0.02667564184042139,0.0001,0.5,-1
c_730,DOGEUSDT,1714608000000,0,train,control,,0.5522878806527383,0,2.5047258979206175,0,0.3246073298429232,0,-0.02231365862459613,0,-0.0006453858346119813,-7.76e-05,0.5,0
c_731,DOGEUSDT,1724281200000,0,train,control,,0.7544859196916769,1,0.5108798486281919,1,0.37662337662337825,0,-0.013567235686729039,23,0.012197483012241762,0.0001,0.5,1
c_732,DOGEUSDT,1738119600000,0,train,control,,0.9239491096456873,0,2.545911159943496,1,0.4834905660377325,0,-0.0409884490736567,3,-0.0007097649569301445,6.265e-05,0.5,0
c_733,DOGEUSDT,1751122800000,0,train,control,,0.9594699426610488,0,-0.16002954391580612,0,0.19387755102040757,0,0.032738401150781686,15,0.011168108245193207,9.424e-05,0.5,0
c_734,DOGEUSDT,1761836400000,0,train,control,,1.6723430205184169,2,-3.3773394835904704,0,0.5344827586206939,0,0.028901292848670053,15,-0.0003856403338394793,-2.011e-05,0.5,-1
c_735,DOGEUSDT,1714608000000,0,train,control,,0.5522878806527383,0,2.5047258979206175,0,0.3246073298429232,0,-0.02231365862459613,0,-0.0006453858346119813,-7.76e-05,0.5,0
c_736,DOGEUSDT,1726365600000,0,train,control,,0.9204283154072199,0,0.6074411541381944,0,0.47297297297297425,0,-0.19052329846167737,2,0.009816780872222932,0.0001,0.5,0
c_737,DOGEUSDT,1738803600000,0,train,control,,0.9273537378644587,0,-0.31499125024304003,0,0.7943262411347422,0,-0.09794555303653824,1,-0.03306073038169649,5.572e-05,0.5,-1
c_738,DOGEUSDT,1749564000000,0,train,control,,2.801265100901494,3,0.5781852276278778,1,0.12186379928315161,0,0.15572728645279935,14,-0.0003147143953412945,0.0001,0.5,1
c_739,DOGEUSDT,1761868800000,0,train,control,,2.1371506226993775,1,3.2345623162180517,0,0.06129032258064395,0,-0.07362962188494572,0,0.01705062539507381,-0.00014643,0.5,-1
c_740,DOGEUSDT,1714816800000,0,train,control,,0.9616860301596164,0,0.1451761911046575,0,0.45945945945945643,0,-0.024919615856139367,10,0.01095976283576316,8.923e-05,0.5,1
c_741,DOGEUSDT,1725156000000,0,train,control,,1.1744137476685639,0,-1.132670146754652,0,0.1538461538461562,1,-0.048704443672969173,2,0.0019900113354574707,9.18e-05,0.5,0
c_742,DOGEUSDT,1738123200000,0,train,control,,0.6168624720599974,0,2.86638201682782,1,0.47678018575851616,0,-0.05271886956724045,4,-0.019133478510145952,6.265e-05,0.5,0
c_743,DOGEUSDT,1750287600000,0,train,control,,0.6028449253237758,0,2.9429538312787122,1,0.4843750000000061,0,-0.03318987702135549,23,0.015534628367089468,7.46e-05,0.5,0
c_744,DOGEUSDT,1761868800000,0,train,control,,2.1371506226993775,1,3.2345623162180517,0,0.06129032258064395,0,-0.07362962188494572,0,0.01705062539507381,-0.00014643,0.5,-1
c_745,DOGEUSDT,1714608000000,0,train,control,,0.5522878806527383,0,2.5047258979206175,0,0.3246073298429232,0,-0.02231365862459613,0,-0.0006453858346119813,-7.76e-05,0.5,0
c_746,DOGEUSDT,1727121600000,0,train,control,,0.3951729762214689,0,-0.24255994029293437,0,0.2790697674418815,0,-0.03640718664886933,20,0.0018608551957890128,0.0001,0.5,0
c_747,DOGEUSDT,1740492000000,0,train,control,,0.601945610444644,1,2.3052464228934846,1,0.19804400977995187,0,0.03222515643419919,14,-0.01238956658146901,-2.265e-05,0.5,-1
c_748,DOGEUSDT,1751162400000,0,train,control,,0.5966724827208546,0,-0.4446068579085257,0,0.07352941176469928,0,-0.12078481394695048,2,0.0013363784819777696,1.26e-05,0.5,0
c_749,DOGEUSDT,1761868800000,0,train,control,,2.1371506226993775,1,3.2345623162180517,0,0.06129032258064395,0,-0.07362962188494572,0,0.01705062539507381,-0.00014643,0.5,-1
c_750,DOGEUSDT,1714608000000,0,train,control,,0.5522878806527383,0,2.5047258979206175,0,0.3246073298429232,0,-0.02231365862459613,0,-0.0006453858346119813,-7.76e-05,0.5,0
c_751,DOGEUSDT,1726113600000,0,train,control,,0.49029144447772205,0,0.9777777777777688,1,0.6229508196721405,0,-0.13369539530852934,4,-0.0016621136754670026,-4.4e-07,0.5,1
c_752,DOGEUSDT,1740142800000,0,train,control,,1.352010929645021,1,1.1837344659430598,0,0.06440677966100591,0,0.09429568841212004,13,0.011602641656749959,5.321e-05,0.5,1
c_753,DOGEUSDT,1749254400000,0,train,control,,0.2945499608317087,0,-0.10621645796065712,0,0.15957446808511425,0,-0.18497214785557614,0,0.008006245133815565,7.779e-05,0.5,1
c_754,DOGEUSDT,1761667200000,0,train,control,,1.6268990301910207,1,-0.015024790904980464,0,0.42499999999999444,0,0.14328766445441823,16,-0.01785779975332914,6.89e-06,0.5,0
c_755,DOGEUSDT,1715745600000,0,train,control,,0.33431496460346327,0,0.6326067523894686,0,0.6129032258064285,0,-0.17267014763222813,4,-0.00023900413361221292,-2.39e-05,0.5,0
c_756,DOGEUSDT,1724180400000,0,train,control,,0.6694097833795565,0,1.4786525656090848,1,0.48543689320388245,0,0.05700435849163145,19,-0.004278211611405505,1.503e-05,0.5,0
c_757,DOGEUSDT,1737561600000,0,train,control,,1.0798914898448142,0,-1.6917703558175026,0,0.4463667820069149,0,0.04909650528827389,16,-0.0005118358002043827,1.414e-05,0.5,0
c_758,DOGEUSDT,1748700000000,0,train,control,,2.263988091208742,1,1.9095370172818433,0,0.8883826879271031,0,0.022114493045621186,14,-0.022007956160999022,3.884e-05,0.5,-1
c_759,DOGEUSDT,1759302000000,0,train,control,,0.66976977002627,0,-0.2234732906442135,0,0.2926829268292728,0,-0.05858808951063982,7,0.0002539090118952418,0.0001,0.5,0
c_760,DOGEUSDT,1714759200000,0,train,control,,0.8073268171628133,1,1.3289036544850559,1,0.18699186991868597,0,0.08817808037838962,18,-0.0074269540309198035,9.181e-05,0.5,1
c_761,DOGEUSDT,1724583600000,0,train,control,,0.5371156754891259,1,-1.2983475576538956,0,0.1718750000000017,0,-0.013713846519934526,11,-0.004384693124089275,-3.61e-06,0.5,0
c_762,DOGEUSDT,1739484000000,0,train,control,,3.0344324435835968,1,2.440837081947985,0,0.29617834394903986,0,0.0631563414547432,22,0.008123343549571393,-3.787e-05,0.5,-1
c_763,DOGEUSDT,1750244400000,0,train,control,,2.4375923768276486,1,-2.1307818736792803,0,0.024930747922439527,1,0.05297708857413242,11,0.000960721597123269,0.0001,0.5,-1
c_764,DOGEUSDT,1761868800000,0,train,control,,2.1371506226993775,1,3.2345623162180517,0,0.06129032258064395,0,-0.07362962188494572,0,0.01705062539507381,-0.00014643,0.5,-1
c_765,DOGEUSDT,1714608000000,0,train,control,,0.5522878806527383,0,2.5047258979206175,0,0.3246073298429232,0,-0.02231365862459613,0,-0.0006453858346119813,-7.76e-05,0.5,0
c_766,DOGEUSDT,1724857200000,0,train,control,,1.7486979742057553,0,-0.41670800674670466,0,0.6081871345029224,0,0.0644302388188915,15,0.046440150617781464,-1.959e-05,0.5,-1
c_767,DOGEUSDT,1739361600000,0,train,control,,0.9015712538349286,0,1.0103800765678679,1,0.38289962825279594,0,-0.02966308541272672,12,0.007489966819926882,-5.029e-05,0.5,-1
c_768,DOGEUSDT,1751004000000,0,train,control,,0.5942056155968983,0,-0.21127198160689692,0,0.3707317073170655,1,-0.05438153146102506,6,-0.0015974652185848084,7.86e-05,0.5,0
c_769,DOGEUSDT,1761868800000,0,train,control,,2.1371506226993775,1,3.2345623162180517,0,0.06129032258064395,0,-0.07362962188494572,0,0.01705062539507381,-0.00014643,0.5,-1
c_770,DOGEUSDT,1714608000000,0,train,control,,0.5522878806527383,0,2.5047258979206175,0,0.3246073298429232,0,-0.02231365862459613,0,-0.0006453858346119813,-7.76e-05,0.5,0
c_771,DOGEUSDT,1725332400000,0,train,control,,2.3810965694991473,1,0.706856508128842,0,0.8349514563106767,0,0.05794172619639404,3,-0.0079942349887192,0.0001,0.5,1
c_772,DOGEUSDT,1740423600000,0,train,control,,0.6704797017514439,1,-0.04885414816130706,0,0.26141078838173976,0,0.0536110652671091,19,0.005634810822617587,3.687e-05,0.5,-1
c_773,DOGEUSDT,1751439600000,0,train,control,,0.9926754078140343,0,1.8554749132218353,1,0.062499999999989155,0,0.0016675997825226505,7,-0.0044763155973494085,-6.097e-05,0.5,0
c_774,DOGEUSDT,1761868800000,0,train,control,,2.1371506226993775,1,3.2345623162180517,0,0.06129032258064395,0,-0.07362962188494572,0,0.01705062539507381,-0.00014643,0.5,-1
c_775,DOGEUSDT,1761958800000,0,test,control,,0.7824983524440704,0,0.1560230268467126,1,0.10256410256410986,0,-0.0797884858582616,1,-0.00734871323360061,6.001e-05,0.5,0
c_776,DOGEUSDT,1765512000000,0,test,control,,0.6080462726213148,0,0.1782277037142655,0,0.16504854368932326,0,-0.05144926990610018,4,-0.02788187469935046,5.894e-05,0.5,1
c_777,DOGEUSDT,1770634800000,0,test,control,,2.156291342544222,1,-2.684000838750269,0,0.15340909090908683,1,-0.005705727624961277,11,-0.011506510628494206,-6.378e-05,0.5,-1
c_778,DOGEUSDT,1775088000000,0,test,control,,0.5771965494206281,0,-0.7326007326007327,0,0.3620689655172463,1,-0.1442794716821897,0,-0.010552257204652806,-2.23e-06,0.5,0
c_779,DOGEUSDT,1779109200000,0,test,control,,2.96046515655809,2,1.8591279348346885,0,0.05882352941177251,0,0.0837661800632975,13,-0.001960927646897725,6.85e-06,0.9465990402668596,0
c_780,DOGEUSDT,1714608000000,0,train,control,,0.5522878806527383,0,2.5047258979206175,0,0.3246073298429232,0,-0.02231365862459613,0,-0.0006453858346119813,-7.76e-05,0.5,0
c_781,DOGEUSDT,1724482800000,0,train,control,,0.41623118967458284,0,-0.4168144732174514,0,0.347826086956506,0,-0.1634776256451676,7,0.017896726532705385,3.479e-05,0.5,1
c_782,DOGEUSDT,1738231200000,0,train,control,,0.8671974911293832,0,-0.10537725055699916,0,0.5083056478405399,0,-0.0551666358034471,10,0.01445155929687577,0.0001,0.5,1
c_783,DOGEUSDT,1749582000000,0,train,control,,0.8417458613444182,0,1.669291338582671,0,0.08378378378378486,0,-0.01859577419943214,19,0.017806855278323954,4.141e-05,0.5,0
c_784,DOGEUSDT,1759788000000,0,train,control,,0.7173345084417021,0,0.6246493360763063,1,0.002857142857145712,0,-0.0464347134519649,22,0.0162096529368504,0.0001,0.5,1
c_785,DOGEUSDT,1715475600000,0,train,control,,1.1948668470189818,0,-0.09714127116292065,0,0.1700680272108846,0,-0.09853016257402264,1,-0.001203487203366573,-9.66e-06,0.5,0
c_786,DOGEUSDT,1725091200000,0,train,control,,1.1779990235162807,0,-0.15807152736614044,0,0.07352941176469778,1,-0.14401669778791956,8,0.011975000532626137,0.0001,0.5,0
c_787,DOGEUSDT,1739559600000,0,train,control,,1.6017721122540278,1,1.6784904556425215,1,0.2086206896551695,0,0.050981420939403436,19,0.008623814272201203,8.49e-05,0.5,1
c_788,DOGEUSDT,1750914000000,0,train,control,,0.9840009770796934,0,0.4435802394118056,1,0.07913669064748115,0,0.03701504859883115,5,0.0035091509892226755,6.114e-05,0.5,1
c_789,DOGEUSDT,1759323600000,0,train,control,,1.344688650493118,1,-0.008259002312517446,0,0.4716981132075452,0,0.13537772918882549,13,3.272374853540325e-05,0.0001,0.5,1
d_158,DRIFTUSDT,1734606000000,1,train,standard,19.9781,0.8279178654030575,0,1.213637205855115,0,0.23049645390070744,0,-0.17288267192002366,11,0.004212508411441318,5e-05,0.5,-1
d_159,DRIFTUSDT,1735718400000,1,train,standard,16.6375,2.253308747306119,1,2.9852790140362946,0,0.29931972789115624,0,0.10440019994623548,8,0.05321720465335177,-7.103e-05,0.5,0
d_160,DRIFTUSDT,1737259200000,1,train,standard,18.1078,0.7675802531221189,1,-4.696066746126336,0,0.1869158878504667,1,-0.06207778185555584,4,0.008501321509107934,5e-05,0.5,1
d_161,DRIFTUSDT,1738483200000,1,train,standard,26.1652,0.6039022546384984,0,1.2587238285144564,0,0.215053763440861,0,-0.013550966632269588,8,0.004266233199940462,5e-05,0.5,-1
d_162,DRIFTUSDT,1743127200000,1,train,standard,15.8869,3.0665828280169043,3,2.3231877665049145,0,0.5108225108225121,0,0.15168234764608457,2,0.0012506441032543404,5e-05,0.5,0
d_163,DRIFTUSDT,1743948000000,1,train,standard,16.7305,4.002901840226401,2,-3.751974723538697,0,0.04918032786885596,1,0.15734016228429862,14,-0.00474524986286309,5e-05,0.5,0
d_164,DRIFTUSDT,1746036000000,1,train,standard,19.2839,1.21926373300923,0,6.124137931034483,1,0.857549857549857,0,0.018337981156712937,18,0.0466920347587638,-0.00069677,0.5,-1
d_165,DRIFTUSDT,1748570400000,1,train,standard,23.7954,2.9890767724714946,2,0.5972222222222335,0,0.18791946308724594,0,0.1597876644732904,2,-0.02086412520313422,-0.00042439,0.5,-1
d_166,DRIFTUSDT,1750518000000,1,train,standard,17.8472,1.2842259907755984,0,-1.2453874538745298,0,0.6363636363636271,0,-0.04234231289811715,15,-0.0025015434735414827,3.63e-05,0.5,0
d_167,DRIFTUSDT,1758499200000,1,train,standard,19.583,0.9405954552547607,0,0.8169327887114805,1,0.027972027972024933,0,-0.06372099427052695,0,0.025476524531482636,5e-05,0.5,0
d_168,DRIFTUSDT,1758733200000,1,train,standard,16.2992,1.0818312586889962,2,3.4586466165413476,0,0.27972027972028035,0,-0.0692489647327855,17,-0.0165984273913955,5e-05,0.5,0
d_169,DRIFTUSDT,1760072400000,1,train,standard,28.8705,1.3925446442136258,1,0.9111024339450744,1,0.5234374999999976,0,0.0821901114696007,5,-0.007671026494060752,0.00021376,0.5,0
d_170,DRIFTUSDT,1762124400000,1,test,standard,19.0429,2.217564060722626,2,0.708143651997983,0,0.019607843137252768,0,0.05512164609006129,23,-0.024470076244717986,4.148e-05,0.5,0
d_171,DRIFTUSDT,1763640000000,1,test,standard,17.3024,0.33201897172294237,0,0.6475111290975387,1,0.10810810810810426,0,-0.06734842480631618,12,-0.003506085107441011,5e-05,0.5,0
d_172,DRIFTUSDT,1769648400000,1,test,standard,17.7914,1.1359764926948799,0,-1.6107382550335476,0,0.11111111111110997,1,-0.05804468313492313,1,-0.009252524527711095,-8.066e-05,0.5,0
d_173,DRIFTUSDT,1769799600000,1,test,standard,18.6495,1.0444053788541459,0,1.804757998359317,1,0.10416666666666678,0,-0.008852313228807997,19,-0.004761265257016258,-0.00050537,0.5,0
d_174,DRIFTUSDT,1770235200000,1,test,standard,21.5649,1.4350911849057126,3,2.9732408325074355,0,0.03333333333332979,0,0.12269829030693029,20,0.08121805824588041,-2.163e-05,0.5,-1
d_175,DRIFTUSDT,1775041200000,1,test,standard,47.5742,1.9126547108236005,1,1.9214224261542987,1,0.2786885245901585,0,0.10095663968230778,11,-0.030113166715251802,5e-05,0.5,1
d_176,DRIFTUSDT,1775131200000,1,test,standard,31.1016,0.9695471965824782,0,22.022471910112344,1,0.0216666666666675,0,0.05888113729255665,12,-0.005719105249370344,-0.01100333,0.5,-1
d_177,DRIFTUSDT,1775235600000,1,test,standard,22.13,0.86298260250141,0,2.026537997587456,0,0.4205128205128211,0,-0.07061560922653953,17,0.11312748530364358,-0.00756338,0.5,0
d_178,DRIFTUSDT,1775430000000,1,test,standard,15.9635,0.8106805383270219,0,5.302013422818801,0,0.15602836879432627,0,-0.10541270834311067,23,-0.03677843873847852,-0.00744971,0.5,1
d_179,DRIFTUSDT,1775509200000,1,test,standard,45.1413,1.1909262655383066,0,13.822145157295008,0,0.24663677130044895,0,0.033134453575367685,21,-0.052229112737806824,-0.01078801,0.5,1
d_180,DRIFTUSDT,1775638800000,1,test,standard,33.7073,2.2012234924234426,1,33.76664552948637,1,0.2002840909090912,0,0.1798448358297218,9,-0.05521613330365577,-0.00175215,0.5,1
d_181,DRIFTUSDT,1776060000000,1,test,standard,23.5641,1.461507430268467,0,6.767097082735531,0,0.34519572953736605,0,-0.02566580639222816,6,-0.005408713626527309,0.00024464,0.5,-1
d_182,DRIFTUSDT,1776340800000,1,test,standard,21.0987,2.094451980873681,4,-1.3601036269430022,0,0.12500000000000167,1,0.19195155279119538,12,0.0034263125399396337,5e-05,0.5,0
d_183,DRIFTUSDT,1779793200000,1,test,standard,26.3051,5.07742394765489,4,16.17257808364213,1,0.4666666666666662,0,0.3080935672234223,11,0.308980363933516,-0.0060128,0.5,0
d_184,DRIFTUSDT,1760126400000,1,train,fast,12.8791,3.230621310351089,2,-0.25027808676305796,0,0.05405405405405547,1,0.2796467402177449,20,-0.005622211428261457,0.00013927,0.5,-1
d_185,DRIFTUSDT,1775059200000,1,test,fast,20.6087,0.5878228315750585,0,-0.9426115885777656,0,0.057851239669421864,0,0.029287216694370326,16,-0.006259386712842207,-2.435e-05,0.5,1
d_186,DRIFTUSDT,1775131200000,1,test,fast,14.9481,0.9695471965824782,0,22.022471910112344,1,0.0216666666666675,0,0.05888113729255665,12,-0.005719105249370344,-0.01100333,0.5,-1
d_187,DRIFTUSDT,1775379600000,1,test,fast,12.1941,0.565820872187757,0,3.772336201191256,1,0.4615384615384619,0,-0.0702260740815008,9,-0.05247087145730375,-0.00496345,0.5,0
d_188,DRIFTUSDT,1775548800000,1,test,fast,11.5375,0.5204840874510848,1,-4.308183268748566,0,0.1315789473684176,0,-0.06539221225034952,8,-0.06538274639506898,-0.00064718,0.5,0
d_189,DRIFTUSDT,1775556000000,1,test,fast,10.0833,3.009113443290374,1,-10.413101931068198,0,0.024806201550387645,1,0.01527114146775893,10,0.08177676211370093,-0.00285268,0.5,0
d_190,DRIFTUSDT,1775646000000,1,test,fast,18.154,1.3961749221621607,1,29.905956112852667,0,0.035911602209944264,0,0.10666328936996557,11,0.03986897095626075,-0.00292508,0.5,1
d_191,DRIFTUSDT,1777532400000,1,test,fast,10.8737,3.261218324894375,3,4.797258709308968,0,0.3983739837398346,0,0.192701748207013,7,0.04474696104631194,-0.00022344,0.5,-1
d_192,DRIFTUSDT,1779850800000,1,test,fast,17.9378,2.267377727237736,1,18.56317508163778,0,0.08496732026143816,0,0.10790246181187063,3,0.194281093164217,-0.00322562,0.5,-1
c_790,DRIFTUSDT,1731164400000,0,train,control,,0.5895846327960831,0,-8.83681705921329,0,0.457754010695187,0,-0.010135278478985819,15,0.019024150201804525,-0.00759365,0.5,0
c_791,DRIFTUSDT,1740344400000,0,train,control,,0.880989017752728,0,0.8474576271186498,0,0.10204081632652136,0,-0.04287276135713558,21,-0.0017052111213140563,5e-05,0.5,0
c_792,DRIFTUSDT,1746342000000,0,train,control,,0.9532064610768276,1,-0.32323919700578646,0,0.016260162601633134,0,0.04954685614058133,7,-0.023393553281660835,5e-05,0.5,0
c_793,DRIFTUSDT,1753084800000,0,train,control,,15.150036032510393,4,0.6491398896462194,1,0.4115755627009655,0,0.33879271386253684,8,0.05118276393889238,-0.00035966,0.5,1
c_794,DRIFTUSDT,1761181200000,0,train,control,,0.4845657464914951,1,0.0,0,0.10638297872340476,0,-0.08031124152135945,1,0.0036936651229317182,5e-05,0.5,0
c_795,DRIFTUSDT,1732183200000,0,train,control,,0.9188901390164488,0,0.060309084055779255,1,0.025735294117652283,0,-0.08729802452377419,10,0.02355014158323097,5e-05,0.5,1
c_796,DRIFTUSDT,1740150000000,0,train,control,,2.5941313547972356,3,-0.24627171979751317,0,0.0,0,0.14976263851720714,15,0.0039058906919227625,5e-05,0.5,1
c_797,DRIFTUSDT,1746878400000,0,train,control,,1.174462723537076,1,-2.104208416833674,0,0.18032786885245752,0,-0.005885741441061456,12,0.004716867852390038,-0.00015804,0.5,0
c_798,DRIFTUSDT,1754186400000,0,train,control,,1.2967630926178249,0,1.0584164461632368,1,0.3333333333333381,0,-0.01857153866291976,2,0.002194764299194961,5e-05,0.5,0
c_799,DRIFTUSDT,1761868800000,0,train,control,,0.7378922158671736,0,2.9396044895777687,0,0.19736842105263186,0,-0.05516149395933318,0,-0.03578996750465649,5e-05,0.5,-1
c_800,DRIFTUSDT,1731164400000,0,train,control,,0.5895846327960831,0,-8.83681705921329,0,0.457754010695187,0,-0.010135278478985819,15,0.019024150201804525,-0.00759365,0.5,0
c_801,DRIFTUSDT,1739984400000,0,train,control,,0.6861579203334055,0,0.044696066746121414,0,0.1458333333333396,0,-0.0640684369411876,17,-0.009326877411624909,-0.0001655,0.5,1
c_802,DRIFTUSDT,1747231200000,0,train,control,,2.045039277947118,1,-0.9249589735939108,0,0.17307692307692596,1,0.040289394101896504,14,-0.005339130008448589,5e-05,0.5,0
c_803,DRIFTUSDT,1755219600000,0,train,control,,0.44776216974348104,0,-0.7106788853562587,0,0.5573770491803216,0,-0.15811697031617702,1,-0.026426453775532942,5e-05,0.5,-1
c_804,DRIFTUSDT,1760918400000,0,train,control,,0.7927010590541855,0,-0.5709785390824993,0,0.0,0,0.012932819842154209,0,-0.0038670900832777607,5e-05,0.5,1
c_805,DRIFTUSDT,1731963600000,0,train,control,,0.2710242236154024,0,1.5614661902871405,1,0.0748175182481751,0,-0.16860855378531706,21,-0.07495668060335048,5e-05,0.5,1
c_806,DRIFTUSDT,1739149200000,0,train,control,,0.8950510595996566,2,0.5102040816326565,0,0.3205128205128196,0,0.030216851276457613,1,-0.022796284929954606,5e-05,0.5,0
c_807,DRIFTUSDT,1746572400000,0,train,control,,1.2454077610768015,0,-0.29741077676697597,0,0.11724137931034757,0,-0.024987751654335675,23,0.004194151185202558,-6.545e-05,0.5,1
c_808,DRIFTUSDT,1754240400000,0,train,control,,0.4949002593219098,0,-0.039525691699600386,0,0.3142857142857061,0,-0.007574296716059287,17,-0.0030401727830177243,5e-05,0.5,0
c_809,DRIFTUSDT,1761868800000,0,train,control,,0.7378922158671736,0,2.9396044895777687,0,0.19736842105263186,0,-0.05516149395933318,0,-0.03578996750465649,5e-05,0.5,-1
c_810,DRIFTUSDT,1731524400000,0,train,control,,0.37603260692876034,0,1.0431960435824177,1,0.2690058479532109,0,-0.1132774375915101,19,-0.08305419911682596,5e-05,0.5,1
c_811,DRIFTUSDT,1738083600000,0,train,control,,0.7955526439179151,0,-0.18214936247723507,0,0.03619909502262546,0,0.02774922427346349,17,-0.020854581974533954,5e-05,0.5,1
c_812,DRIFTUSDT,1747839600000,0,train,control,,1.3943417333961377,2,4.060992687101276,1,0.09375000000000677,0,0.38616624521557086,15,-0.009019986621627734,5e-05,0.5,1
c_813,DRIFTUSDT,1755007200000,0,train,control,,2.3264251726726584,2,1.5233141370982697,0,0.3372093023255853,0,0.24241650159275122,14,0.00846075794591951,5e-05,0.5,0
c_814,DRIFTUSDT,1761868800000,0,train,control,,0.7378922158671736,0,2.9396044895777687,0,0.19736842105263186,0,-0.05516149395933318,0,-0.03578996750465649,5e-05,0.5,-1
c_815,DRIFTUSDT,1731164400000,0,train,control,,0.5895846327960831,0,-8.83681705921329,0,0.457754010695187,0,-0.010135278478985819,15,0.019024150201804525,-0.00759365,0.5,0
c_816,DRIFTUSDT,1739156400000,0,train,control,,1.301328295871394,0,-2.9435813573180636,0,0.3482142857142874,1,0.09974164172383052,3,0.003907733651554844,5e-05,0.5,0
c_817,DRIFTUSDT,1747782000000,0,train,control,,0.7017758497642874,0,2.880528883991812,1,0.0,0,-0.022126595431353473,23,0.01399862793021936,5e-05,0.5,1
c_818,DRIFTUSDT,1754294400000,0,train,control,,0.7018891489437317,0,0.058502340093597296,0,0.488372093023257,0,-0.03854558770478338,8,-0.0005215311459432017,5e-05,0.5,0
c_819,DRIFTUSDT,1761400800000,0,train,control,,1.3292392272331839,0,-0.08123476848091216,0,0.08000000000000222,0,-0.011540283592386397,14,0.0037671149776833074,5e-05,0.5,0
c_820,DRIFTUSDT,1731164400000,0,train,control,,0.5895846327960831,0,-8.83681705921329,0,0.457754010695187,0,-0.010135278478985819,15,0.019024150201804525,-0.00759365,0.5,0
c_821,DRIFTUSDT,1739052000000,0,train,control,,1.1788038126947713,0,2.721638372406359,0,0.29239766081871366,0,0.04313404468004542,22,0.007644195533601687,5e-05,0.5,0
c_822,DRIFTUSDT,1746316800000,0,train,control,,0.8182031675596914,0,-2.9781812390508122,0,0.39130434782608803,0,-0.06029821913114166,0,0.013486422705433583,5e-05,0.5,-1
c_823,DRIFTUSDT,1753056000000,0,train,control,,1.4729390560737807,1,-0.33366045142294876,0,0.20338983050847043,0,0.05386713238039195,0,-0.005516485237685018,5e-05,0.5,0
c_824,DRIFTUSDT,1761868800000,0,train,control,,0.7378922158671736,0,2.9396044895777687,0,0.19736842105263186,0,-0.05516149395933318,0,-0.03578996750465649,5e-05,0.5,-1
c_825,DRIFTUSDT,1731164400000,0,train,control,,0.5895846327960831,0,-8.83681705921329,0,0.457754010695187,0,-0.010135278478985819,15,0.019024150201804525,-0.00759365,0.5,0
c_826,DRIFTUSDT,1739480400000,0,train,control,,0.413850940512957,0,1.59285159285159,0,0.42857142857142855,0,-0.07950953013219715,21,-0.0018655470581163127,5e-05,0.5,0
c_827,DRIFTUSDT,1747789200000,0,train,control,,1.7872369144700093,0,-1.0065578770779227,0,0.06201550387597066,0,-0.0017953686272897964,1,0.005677759828775792,5e-05,0.5,0
c_828,DRIFTUSDT,1753513200000,0,train,control,,1.2431489502782784,0,0.9136212624584819,0,0.32692307692307526,0,0.038849263788006544,7,0.030825018858985302,6.198e-05,0.5,1
c_829,DRIFTUSDT,1761868800000,0,train,control,,0.7378922158671736,0,2.9396044895777687,0,0.19736842105263186,0,-0.05516149395933318,0,-0.03578996750465649,5e-05,0.5,-1
c_830,DRIFTUSDT,1731164400000,0,train,control,,0.5895846327960831,0,-8.83681705921329,0,0.457754010695187,0,-0.010135278478985819,15,0.019024150201804525,-0.00759365,0.5,0
c_831,DRIFTUSDT,1737910800000,0,train,control,,3.257360996128212,4,-0.06026516673363247,0,0.0,0,0.33702765672370016,17,0.008691600657370175,5e-05,0.5,0
c_832,DRIFTUSDT,1747170000000,0,train,control,,1.1050839422932446,0,2.630801064144256,1,0.18811881188118942,0,-0.026019868777388485,21,0.011745813404676873,5e-05,0.5,1
c_833,DRIFTUSDT,1754103600000,0,train,control,,0.08531008944455887,0,2.107587314331607,1,0.2380952380952129,0,-0.04342382567586032,3,0.0035960595901307338,5e-05,0.5,-1
c_834,DRIFTUSDT,1761638400000,0,train,control,,1.3591040775939536,0,-2.7233851001575515,0,0.090322580645162,1,-0.027867708456625704,8,-0.023413462919052854,5e-05,0.5,-1
c_835,DRIFTUSDT,1732089600000,0,train,control,,0.5264617231374413,0,0.48312769436600067,0,0.33014354066985324,0,-0.007612916230727862,8,-0.0126974307928061,0.00022895,0.5,1
c_836,DRIFTUSDT,1739898000000,0,train,control,,1.5134485611765047,0,-6.116981693704424,0,0.3176470588235354,1,-0.05077229854837682,17,0.040835732129424075,-0.00015532,0.5,0
c_837,DRIFTUSDT,1748210400000,0,train,control,,0.5201903157933807,0,1.0940561724363043,0,0.6478873239436692,0,-0.1344047592115289,22,-0.007802240550682071,5e-05,0.5,-1
c_838,DRIFTUSDT,1755331200000,0,train,control,,0.5255974664789718,0,-0.09182736455462717,0,0.2131147540983556,0,-0.019828805852167328,8,-0.019420933947060987,5e-05,0.5,-1
c_839,DRIFTUSDT,1761868800000,0,train,control,,0.7378922158671736,0,2.9396044895777687,0,0.19736842105263186,0,-0.05516149395933318,0,-0.03578996750465649,5e-05,0.5,-1
c_840,DRIFTUSDT,1731164400000,0,train,control,,0.5895846327960831,0,-8.83681705921329,0,0.457754010695187,0,-0.010135278478985819,15,0.019024150201804525,-0.00759365,0.5,0
c_841,DRIFTUSDT,1740074400000,0,train,control,,0.4569513594652028,0,0.39665050683120845,0,0.15094339622641864,0,-0.035121162027812375,18,0.002005025869069831,5e-05,0.5,1
c_842,DRIFTUSDT,1745805600000,0,train,control,,3.319632078183386,2,-3.099885189437427,0,0.16384180790960484,1,-0.5091451157219207,2,-0.026348970998920387,-2.573e-05,0.5,-1
c_843,DRIFTUSDT,1755432000000,0,train,control,,1.1629612461148056,0,0.38002171552659986,0,0.1818181818181887,0,-0.0003639152727461734,12,-0.01961646029523003,5e-05,0.5,0
c_844,DRIFTUSDT,1761098400000,0,train,control,,0.9658290090261485,1,-5.828280852728338,0,0.5730337078651666,0,-0.043597931756631465,2,0.009978931406844993,5e-05,0.5,-1
c_845,DRIFTUSDT,1731164400000,0,train,control,,0.5895846327960831,0,-8.83681705921329,0,0.457754010695187,0,-0.010135278478985819,15,0.019024150201804525,-0.00759365,0.5,0
c_846,DRIFTUSDT,1739815200000,0,train,control,,0.8840830187279431,0,-3.989920201595979,0,0.52941176470589,1,0.052600476492233685,18,-0.028957648698936203,-0.00018246,0.5,-1
c_847,DRIFTUSDT,1747940400000,0,train,control,,0.3681106356698575,0,1.2728361784965654,1,0.3529411764705863,0,0.014917224646933935,19,0.010854876788926592,5e-05,0.5,1
c_848,DRIFTUSDT,1753412400000,0,train,control,,2.1851815874978247,1,0.2049880423641918,1,0.24886877828054563,0,0.040649898851906355,3,0.022232410899379943,5e-05,0.5,-1
c_849,DRIFTUSDT,1760716800000,0,train,control,,0.8553866100513752,0,0.2025521571804629,1,0.02272727272727445,0,0.001899551818762695,16,0.01686128303853254,-1.633e-05,0.5,-1
c_850,DRIFTUSDT,1762383600000,0,test,control,,1.2939065720256975,0,1.9069633054030612,0,0.0,0,-0.05568627988768683,23,-0.004699231738563838,5e-05,0.5,1
c_851,DRIFTUSDT,1766008800000,0,test,control,,0.7838290983967491,1,-1.129568106312297,0,0.4545454545454534,0,0.02380937069728418,22,0.005524296622135122,-7.835e-05,0.5,-1
c_852,DRIFTUSDT,1769202000000,0,test,control,,0.8708558511043749,0,-1.2297734627831618,0,0.03225806451612557,1,0.0273301687571004,21,0.06465071774272145,-0.00057489,0.5,0
c_853,DRIFTUSDT,1774054800000,0,test,control,,0.7269273569380965,0,1.2720270743377216,1,0.1573033707865179,0,-0.0534889032436052,1,0.018526212854374377,5e-05,0.5,0
c_854,DRIFTUSDT,1779080400000,0,test,control,,1.7121942528412641,0,0.10585744530698228,0,0.030303030303029027,0,0.11703582786682235,5,-0.00848935994243749,-5.897e-05,0.5,-1
c_855,DRIFTUSDT,1762358400000,0,test,control,,0.812118716126583,0,1.0933806146572214,0,0.04838709677418835,0,0.07108792025719586,16,0.012671079457934883,5e-05,0.5,0
c_856,DRIFTUSDT,1765926000000,0,test,control,,0.6096755734527995,0,-0.7255139056831795,0,0.36363636363635216,0,-0.09946879251929815,23,-0.004694396936937754,5e-05,0.5,1
c_857,DRIFTUSDT,1770544800000,0,test,control,,0.5111233594542565,0,1.2514220705346868,1,0.20000000000000556,0,-0.052148793179812025,10,-0.011882257747409444,5e-05,0.5,1
c_858,DRIFTUSDT,1774450800000,0,test,control,,0.6155761391951827,1,-0.07429420505201151,0,0.4102564102564276,0,-0.03345650863265625,15,-0.031547851421422156,5e-05,0.5,1
c_859,DRIFTUSDT,1779616800000,0,test,control,,0.7726552563047261,0,-0.7500000000000066,0,0.3846153846153908,0,-0.020506927899351716,10,-0.005012874920423186,-1.078e-05,0.5,1
c_860,DRIFTUSDT,1762358400000,0,test,control,,0.812118716126583,0,1.0933806146572214,0,0.04838709677418835,0,0.07108792025719586,16,0.012671079457934883,5e-05,0.5,0
c_861,DRIFTUSDT,1765663200000,0,test,control,,0.9291436036717434,0,0.8080808080808032,0,0.11538461538461374,0,0.03621815570788046,22,-0.0037550067603796754,5e-05,0.5,0
c_862,DRIFTUSDT,1769310000000,0,test,control,,13.39970026967661,4,5.051813471502591,1,0.5230769230769248,0,0.6942469122472884,3,0.08233287794229063,5e-05,0.5,0
c_863,DRIFTUSDT,1774450800000,0,test,control,,0.6155761391951827,1,-0.07429420505201151,0,0.4102564102564276,0,-0.03345650863265625,15,-0.031547851421422156,5e-05,0.5,1
c_864,DRIFTUSDT,1779616800000,0,test,control,,0.7726552563047261,0,-0.7500000000000066,0,0.3846153846153908,0,-0.020506927899351716,10,-0.005012874920423186,-1.078e-05,0.5,1
c_865,DRIFTUSDT,1762376400000,0,test,control,,0.5898385030056307,0,0.670163170163161,1,0.5909090909090995,0,-0.024335986998550198,21,0.011053961080505055,5e-05,0.5,1
c_866,DRIFTUSDT,1765836000000,0,test,control,,1.2953877503480078,0,-0.832837596668657,0,0.7000000000000055,0,0.013519298683459966,22,0.016066398471406586,5e-05,0.5,-1
c_867,DRIFTUSDT,1771138800000,0,test,control,,0.8567907753039522,1,-0.5050505050505054,0,0.37499999999999567,0,0.17260794234961835,7,-0.0565857298535999,-0.00088452,0.5,1
c_868,DRIFTUSDT,1773446400000,0,test,control,,0.994287090231622,0,-0.7168894289185824,0,0.5772357723577165,0,-0.21551838904379558,0,-0.0007509727835803559,5e-05,0.5,0
c_869,DRIFTUSDT,1778947200000,0,test,control,,0.7271797274560297,0,0.8428860418071485,0,0.4000000000000028,0,-0.14368456806969507,16,0.0020080416252984136,-0.00019024,0.5,-1
c_870,DRIFTUSDT,1762358400000,0,test,control,,0.812118716126583,0,1.0933806146572214,0,0.04838709677418835,0,0.07108792025719586,16,0.012671079457934883,5e-05,0.5,0
c_871,DRIFTUSDT,1766714400000,0,test,control,,1.9037676334810836,3,-3.4461538461538423,0,0.06896551724137205,0,0.23895206635948582,2,0.03735739526733101,5e-05,0.5,0
c_872,DRIFTUSDT,1771250400000,0,test,control,,1.792102522240408,0,-0.9771986970684018,0,0.34285714285714186,0,0.06790282504811461,14,-0.010701561428686016,-0.00018907,0.5,0
c_873,DRIFTUSDT,1773835200000,0,test,control,,2.399785739771699,1,-2.8061510831743206,0,0.010256410256413431,1,-0.02247028197429804,12,0.023313764649588835,5e-05,0.5,-1
c_874,DRIFTUSDT,1779616800000,0,test,control,,0.7726552563047261,0,-0.7500000000000066,0,0.3846153846153908,0,-0.020506927899351716,10,-0.005012874920423186,-1.078e-05,0.5,1
c_875,DRIFTUSDT,1762358400000,0,test,control,,0.812118716126583,0,1.0933806146572214,0,0.04838709677418835,0,0.07108792025719586,16,0.012671079457934883,5e-05,0.5,0
c_876,DRIFTUSDT,1766617200000,0,test,control,,0.2099851953495385,0,0.7448789571694642,0,0.13333333333333702,0,-0.12177921575835084,23,-0.002150224133532563,5e-05,0.5,0
c_877,DRIFTUSDT,1770800400000,0,test,control,,0.7531461401137522,1,-2.101359703337445,0,0.39999999999998337,0,0.08807990404967847,9,0.03639830514558604,5e-05,0.5,-1
c_878,DRIFTUSDT,1774724400000,0,test,control,,0.3811249118852591,0,1.620648259303718,0,0.6829268292682861,0,-0.06461127346015948,19,-0.00866971439004364,-0.00010533,0.5,1
c_879,DRIFTUSDT,1779616800000,0,test,control,,0.7726552563047261,0,-0.7500000000000066,0,0.3846153846153908,0,-0.020506927899351716,10,-0.005012874920423186,-1.078e-05,0.5,1
c_880,DRIFTUSDT,1762358400000,0,test,control,,0.812118716126583,0,1.0933806146572214,0,0.04838709677418835,0,0.07108792025719586,16,0.012671079457934883,5e-05,0.5,0
c_881,DRIFTUSDT,1765580400000,0,test,control,,0.905472444457663,0,0.8638211382113857,1,0.1612903225806443,0,-0.05360705196832393,23,0.0018481971104131504,5e-05,0.5,-1
c_882,DRIFTUSDT,1770544800000,0,test,control,,0.5111233594542565,0,1.2514220705346868,1,0.20000000000000556,0,-0.052148793179812025,10,-0.011882257747409444,5e-05,0.5,1
c_883,DRIFTUSDT,1773900000000,0,test,control,,1.2574626057807525,0,-0.33388981636060394,0,0.060975609756107677,0,-0.00015317285212850069,6,0.0036451728364560398,5e-05,0.5,-1
c_884,DRIFTUSDT,1779616800000,0,test,control,,0.7726552563047261,0,-0.7500000000000066,0,0.3846153846153908,0,-0.020506927899351716,10,-0.005012874920423186,-1.078e-05,0.5,1
c_885,DRIFTUSDT,1762358400000,0,test,control,,0.812118716126583,0,1.0933806146572214,0,0.04838709677418835,0,0.07108792025719586,16,0.012671079457934883,5e-05,0.5,0
c_886,DRIFTUSDT,1765695600000,0,test,control,,0.7068057845997716,0,-0.7067137809187201,0,0.1363636363636335,0,0.004364654703219225,7,-0.008016087784470244,5e-05,0.5,0
c_887,DRIFTUSDT,1771146000000,0,test,control,,1.227120590973006,0,-1.0101010101010108,0,0.0,0,-0.042053846137252056,9,-0.05944474887816197,-0.00026209,0.5,1
c_888,DRIFTUSDT,1774605600000,0,test,control,,0.899641782749997,0,-0.3786854206113098,0,0.03488372093023519,0,-0.01901586043109217,10,-0.016438870962012502,5e-05,0.5,-1
c_889,DRIFTUSDT,1779552000000,0,test,control,,0.7884318941039012,0,1.0611050128064345,0,0.6764705882352972,0,-0.08248764189416793,16,0.010847340052288356,5e-05,0.5,-1
c_890,DRIFTUSDT,1762358400000,0,test,control,,0.812118716126583,0,1.0933806146572214,0,0.04838709677418835,0,0.07108792025719586,16,0.012671079457934883,5e-05,0.5,0
c_891,DRIFTUSDT,1765868400000,0,test,control,,0.676063002100935,0,1.2828344532681677,1,0.5555555555555572,0,0.01076898389487442,7,-0.006724188509419083,5e-05,0.5,-1
c_892,DRIFTUSDT,1769374800000,0,test,control,,0.710262669214472,0,-2.777777777777777,0,0.06896551724137205,1,-0.04254271665254711,21,0.008918933041366777,-0.00082192,0.5,-1
c_893,DRIFTUSDT,1774285200000,0,test,control,,0.7581866218825589,0,-0.6413480885311829,0,0.39473684210526894,0,-0.0031824574589870143,17,-0.016892224370635103,5e-05,0.5,1
c_894,DRIFTUSDT,1779616800000,0,test,control,,0.7726552563047261,0,-0.7500000000000066,0,0.3846153846153908,0,-0.020506927899351716,10,-0.005012874920423186,-1.078e-05,0.5,1
c_895,DRIFTUSDT,1762686000000,0,test,control,,1.495839334839683,0,-0.4960606944849662,0,0.0508474576271129,0,-0.04003823619923719,11,-0.0039137440598260255,5e-05,0.5,0
c_896,DRIFTUSDT,1766602800000,0,test,control,,0.7723080727733835,0,0.8130081300813154,1,0.6363636363636271,0,0.022992935904528673,19,-0.004800473277016162,4.213e-05,0.5,0
c_897,DRIFTUSDT,1770998400000,0,test,control,,1.7540067574998561,0,-0.6564551422319359,0,0.7692307692307643,0,0.057202526282617044,16,0.04097218681930378,-0.00021418,0.5,1
c_898,DRIFTUSDT,1773658800000,0,test,control,,13.38582939220664,4,1.0284810126582211,1,0.45979381443298817,0,0.2943879549376424,11,0.040871047418865665,5e-05,0.5,1
c_899,DRIFTUSDT,1779462000000,0,test,control,,2.2458738428862506,1,-2.7434842249657017,0,0.0,1,0.05655860184340282,15,-0.01399678154943131,5e-05,0.5,0
c_900,DRIFTUSDT,1762358400000,0,test,control,,0.812118716126583,0,1.0933806146572214,0,0.04838709677418835,0,0.07108792025719586,16,0.012671079457934883,5e-05,0.5,0
c_901,DRIFTUSDT,1766440800000,0,test,control,,0.4222015753387725,0,-2.455919395465987,0,0.6470588235294031,0,-0.13482695662690924,22,-0.01173965891633064,5e-05,0.5,0
c_902,DRIFTUSDT,1771167600000,0,test,control,,0.757430960251794,2,-4.880581516095531,0,0.4285714285714257,0,-0.04432291866067345,15,0.017521000973322143,-0.00021023,0.5,0
c_903,DRIFTUSDT,1774706400000,0,test,control,,1.2000551562473067,0,1.3675733171250752,0,0.2857142857142826,0,-0.08958300709138624,14,-0.018698389034739693,-0.00027922,0.5,0
c_904,DRIFTUSDT,1779066000000,0,test,control,,4.3384092121879085,2,-3.276450511945389,0,0.01492537313432774,0,0.38225223878563364,1,0.02784500148490035,-0.00013383,0.5,0
c_905,DRIFTUSDT,1762358400000,0,test,control,,0.812118716126583,0,1.0933806146572214,0,0.04838709677418835,0,0.07108792025719586,16,0.012671079457934883,5e-05,0.5,0
c_906,DRIFTUSDT,1766246400000,0,test,control,,0.9101063391311516,1,-1.1221945137157083,0,0.47826086956521374,0,-0.017351796717419855,16,-0.009420347127963942,5e-05,0.5,0
c_907,DRIFTUSDT,1769043600000,0,test,control,,1.4043427992378406,0,-0.5806451612903303,0,0.5624999999999973,1,-0.048031470426207,1,-0.04749510213967978,-0.00044372,0.5,1
c_908,DRIFTUSDT,1774501200000,0,test,control,,1.6445063242917202,1,-2.2998508204873254,0,0.04918032786885619,1,0.04748935299078049,5,0.005477301939109869,5e-05,0.5,0
c_909,DRIFTUSDT,1779616800000,0,test,control,,0.7726552563047261,0,-0.7500000000000066,0,0.3846153846153908,0,-0.020506927899351716,10,-0.005012874920423186,-1.078e-05,0.5,1
c_910,DRIFTUSDT,1762758000000,0,test,control,,0.3694896143148501,0,0.5247169290251348,1,0.3142857142857111,0,-0.04329655379910305,7,-0.008999412777186513,5e-05,0.5,1
c_911,DRIFTUSDT,1766833200000,0,test,control,,1.522853844668623,0,-0.8562691131498545,0,0.3103448275862029,0,-0.21134821931891395,11,-0.011776861060028947,5e-05,0.5,-1
c_912,DRIFTUSDT,1770764400000,0,test,control,,0.5216601667380532,0,-0.2442002442002512,0,0.42857142857143704,0,-0.06038226777107985,23,-0.010061530337009598,-4.991e-05,0.5,-1
c_913,DRIFTUSDT,1773918000000,0,test,control,,0.6448879946545024,1,-1.67897118361514,0,0.24444444444444274,0,0.05745766486401359,11,-0.0015336500308145002,5e-05,0.5,-1
c_914,DRIFTUSDT,1779303600000,0,test,control,,1.7324094279969027,0,-0.2114164904862493,0,0.6037735849056628,0,0.06603234836522623,19,0.011673502773871256,5e-05,0.5,0
c_915,DRIFTUSDT,1762426800000,0,test,control,,0.8582669498799589,0,0.909357582868874,0,0.3230769230769299,0,-0.07668572406136297,11,-0.007041497253798945,3.698e-05,0.5,1
c_916,DRIFTUSDT,1765926000000,0,test,control,,0.6096755734527995,0,-0.7255139056831795,0,0.36363636363635216,0,-0.09946879251929815,23,-0.004694396936937754,5e-05,0.5,1
c_917,DRIFTUSDT,1769335200000,0,test,control,,4.6462472168354525,4,3.081570996978848,0,0.24528301886792372,0,0.08065592016349386,10,0.03679973556839449,-0.00115764,0.5,-1
c_918,DRIFTUSDT,1774548000000,0,test,control,,2.5805728043670415,2,-4.219018648326939,0,0.047058823529410036,1,0.10458889564405383,18,0.07738367415058012,3.358e-05,0.5,-1
c_919,DRIFTUSDT,1779544800000,0,test,control,,0.7728957306988321,0,0.8424908424908336,0,0.9230769230769261,0,-0.028588890210028372,14,-0.00010629251312962401,5e-05,0.5,-1
c_920,DRIFTUSDT,1731528000000,0,train,control,,1.28642108283613,0,-2.422788141497028,0,0.06500956022944257,1,-0.029321285295491887,20,-0.020110946003798896,5e-05,0.5,1
c_921,DRIFTUSDT,1739286000000,0,train,control,,1.9551702642450368,3,-2.9447115384615348,0,0.23863636363636329,0,0.12963124688379085,15,-0.0033681191501621945,-0.00012891,0.5,0
c_922,DRIFTUSDT,1746889200000,0,train,control,,0.6158863554209048,0,0.4211443508568129,0,0.22891566265060467,0,-0.013471223901198157,15,-0.0024078481233376957,-0.00015804,0.5,0
c_923,DRIFTUSDT,1753516800000,0,train,control,,2.9613233767538425,1,4.450694904037049,0,0.033898305084745825,0,0.09305502015583604,8,0.025558825705705394,6.198e-05,0.5,1
c_924,DRIFTUSDT,1761033600000,0,train,control,,0.5694919339433356,1,-2.291457286432165,0,0.0,0,0.09680886646854536,8,0.013428369322297072,5e-05,0.5,-1
c_925,DRIFTUSDT,1762358400000,0,test,control,,0.812118716126583,0,1.0933806146572214,0,0.04838709677418835,0,0.07108792025719586,16,0.012671079457934883,5e-05,0.5,0
c_926,DRIFTUSDT,1765857600000,0,test,control,,2.132097818638907,3,-1.013714967203327,0,0.11627906976744201,0,0.04967418275732773,4,0.00591424867055677,5e-05,0.5,-1
c_927,DRIFTUSDT,1771012800000,0,test,control,,0.4664026059548491,0,1.762114537444923,1,0.33333333333334103,0,-0.12099164397612068,20,0.014779378697928117,-0.00016004,0.5,1
c_928,DRIFTUSDT,1774771200000,0,test,control,,0.6579208824894115,0,-1.0259505129752564,0,0.09090909090908804,1,-0.059333356474837805,8,-0.0010132854801093694,5e-05,0.5,0
c_929,DRIFTUSDT,1779112800000,0,test,control,,1.5372448371429308,0,0.7457386363636306,1,0.05084745762712243,0,0.021120819997361436,14,-0.011881397115819644,-0.00017234,0.5,-1
c_930,DRIFTUSDT,1762358400000,0,test,control,,0.812118716126583,0,1.0933806146572214,0,0.04838709677418835,0,0.07108792025719586,16,0.012671079457934883,5e-05,0.5,0
c_931,DRIFTUSDT,1766592000000,0,test,control,,1.1114181647982035,0,2.8735632183908075,1,0.40000000000000185,0,0.0007942226469708939,16,-0.015375148338973531,4.213e-05,0.5,0
c_932,DRIFTUSDT,1771048800000,0,test,control,,0.9420832671342821,0,-1.0548523206751064,0,0.8666666666666722,0,0.06617061008970868,6,0.005809157187329343,-3.638e-05,0.5,1
c_933,DRIFTUSDT,1774180800000,0,test,control,,1.5148793722497682,1,-2.0334059549745835,0,0.5205479452054717,0,-0.07919913773824676,12,-0.020800045049731583,5e-05,0.5,-1
c_934,DRIFTUSDT,1779616800000,0,test,control,,0.7726552563047261,0,-0.7500000000000066,0,0.3846153846153908,0,-0.020506927899351716,10,-0.005012874920423186,-1.078e-05,0.5,1
c_935,DRIFTUSDT,1762596000000,0,test,control,,0.8967885437499833,0,-0.8002207505518801,0,0.4347826086956515,0,-0.043215372792837485,10,-0.02195981477479057,4.464e-05,0.5,1
c_936,DRIFTUSDT,1766613600000,0,test,control,,0.3132133824192015,0,0.1862197392923617,0,0.2500000000000173,0,-0.06833784286425046,22,-0.0009229961421645621,5e-05,0.5,0
c_937,DRIFTUSDT,1769324400000,0,test,control,,4.032843085978088,4,2.527743526510476,0,0.4722222222222216,0,0.14603935063707918,7,-0.00743129258510238,-0.00119681,0.5,0
c_938,DRIFTUSDT,1774656000000,0,test,control,,2.199933758692147,1,-1.80283302332236,0,0.0,1,-0.06495027136218787,0,-0.015322626572418228,1.962e-05,0.5,-1
c_939,DRIFTUSDT,1779325200000,0,test,control,,1.6678077216967373,1,-0.637393767705381,0,0.04347826086956325,0,0.019104877179370056,1,-0.045176713017957996,-5.965e-05,0.5,1
c_940,DRIFTUSDT,1762358400000,0,test,control,,0.812118716126583,0,1.0933806146572214,0,0.04838709677418835,0,0.07108792025719586,16,0.012671079457934883,5e-05,0.5,0
c_941,DRIFTUSDT,1766653200000,0,test,control,,1.7802201097550006,0,0.7995079950799481,1,0.3333333333333333,0,0.037977831931597594,9,-0.002878113198823325,5e-05,0.5,0
c_942,DRIFTUSDT,1768964400000,0,test,control,,0.9296098990440187,0,-1.1944260119442576,0,0.2608695652173992,0,-0.04241862202376408,3,0.03841287966834944,-0.00029403,0.5,-1
c_943,DRIFTUSDT,1774558800000,0,test,control,,2.611844921476371,3,-0.29875067897881313,0,0.31213872832369954,0,0.043177067034261996,21,0.043288455069804554,-6.429e-05,0.5,-1
c_944,DRIFTUSDT,1779127200000,0,test,control,,0.579468318890246,0,-0.49365303244006076,0,0.4814814814814758,0,-0.007406361499021302,18,-0.006524118526869832,1.067e-05,0.5,-1
c_945,DRIFTUSDT,1763006400000,0,test,control,,2.652024491673536,4,3.980404164115129,0,0.267080745341613,0,0.09145750141260361,4,0.03161079806407212,-0.0001574,0.5,-1
c_946,DRIFTUSDT,1766062800000,0,test,control,,0.5557994786019979,0,0.06896551724139086,0,0.27272727272727043,0,-0.22869042417438806,13,0.010299828854248577,5e-05,0.5,0
c_947,DRIFTUSDT,1771092000000,0,test,control,,0.7792283620511776,0,1.4989293361884353,1,0.7142857142857181,0,0.0397551000722409,18,-0.011956064227395808,3.6e-06,0.5,1
c_948,DRIFTUSDT,1773903600000,0,test,control,,1.0089652369384048,0,-0.0832837596668657,0,0.3125000000000039,0,0.021899296164858122,7,-0.0040594068904053525,5e-05,0.5,-1
c_949,DRIFTUSDT,1779616800000,0,test,control,,0.7726552563047261,0,-0.7500000000000066,0,0.3846153846153908,0,-0.020506927899351716,10,-0.005012874920423186,-1.078e-05,0.5,1
c_950,DRIFTUSDT,1762797600000,0,test,control,,0.6815041238605122,0,-2.3835029459025225,0,0.11538461538461647,0,-0.0561119245390696,18,0.0017900138462902627,-5.184e-05,0.5,1
c_951,DRIFTUSDT,1765947600000,0,test,control,,0.8437357518361248,0,-0.9242144177449176,0,0.0,1,-0.02411055676636517,5,0.011041448302934404,5e-05,0.5,1
c_952,DRIFTUSDT,1770534000000,0,test,control,,0.35997817852727615,0,-2.333333333333323,0,0.5999999999999889,0,-0.05912903379591062,7,-0.004402357846368952,4.644e-05,0.5,0
c_953,DRIFTUSDT,1774458000000,0,test,control,,0.7306808192103648,0,-0.1113723549065793,0,0.26666666666667405,0,-0.07518102527135942,17,0.006169575895822437,5e-05,0.5,1
c_954,DRIFTUSDT,1779156000000,0,test,control,,1.054305023261031,0,-1.5850651637900635,0,0.027777777777776708,1,-0.024322949213288682,2,-0.00914392120898755,-0.00010695,0.5,0
c_955,DRIFTUSDT,1762549200000,0,test,control,,0.9510000195056557,2,0.7747795885653107,0,0.425531914893619,0,0.05810095113651484,21,-0.018757178248427316,5e-05,0.5,1
c_956,DRIFTUSDT,1765616400000,0,test,control,,1.2124513946296807,0,-0.4075394803871601,0,0.6428571428571457,0,0.0016166165875084251,9,-0.009001485581418396,5e-05,0.5,-1
c_957,DRIFTUSDT,1769284800000,0,test,control,,0.32665187402375245,0,-1.5394483643361212,0,0.4000000000000111,1,0.009320310412451025,20,-0.0014529619524204394,-0.00024034,0.5,0
c_958,DRIFTUSDT,1773680400000,0,test,control,,0.9060643814976129,1,1.2278761061946901,0,0.039106145251396995,0,0.024062124174828028,17,0.07255524435574931,-1.405e-05,0.5,1
c_959,DRIFTUSDT,1779616800000,0,test,control,,0.7726552563047261,0,-0.7500000000000066,0,0.3846153846153908,0,-0.020506927899351716,10,-0.005012874920423186,-1.078e-05,0.5,1
c_960,DRIFTUSDT,1762426800000,0,test,control,,0.8582669498799589,0,0.909357582868874,0,0.3230769230769299,0,-0.07668572406136297,11,-0.007041497253798945,3.698e-05,0.5,1
c_961,DRIFTUSDT,1766775600000,0,test,control,,0.17913856844984793,0,0.06337135614703215,0,0.49999999999997685,0,-0.02099193616208029,19,0.00020563526873798772,5e-05,0.5,-1
c_962,DRIFTUSDT,1769022000000,0,test,control,,0.6568468075084879,0,-3.221649484536085,0,0.10526315789473915,0,-0.0016109409461586047,19,0.02409304138420635,-0.00078923,0.5,-1
c_963,DRIFTUSDT,1773871200000,0,test,control,,0.9788227703571057,0,1.2126976578290252,0,0.006944444444441767,0,-0.0734956455438233,22,-0.011399502213004637,5e-05,0.5,-1
c_964,DRIFTUSDT,1779616800000,0,test,control,,0.7726552563047261,0,-0.7500000000000066,0,0.3846153846153908,0,-0.020506927899351716,10,-0.005012874920423186,-1.078e-05,0.5,1
d_193,ESPORTSUSDT,1753920000000,1,train,standard,17.9987,9.514702057199662,3,25.964912280701753,1,0.17368421052631575,0,0.7026569734804963,0,-0.07740971886280652,5e-05,0.5,0
d_194,ESPORTSUSDT,1754298000000,1,train,standard,35.6948,1.7042723059261684,0,11.552567237163816,1,0.3153846153846152,0,0.056619996897828054,9,0.3261464316272586,0.00041668,0.5,0
d_195,ESPORTSUSDT,1760047200000,1,train,standard,30.6164,0.4751147167668232,0,3.0807571981547177,1,0.0778985507246402,0,-0.16047256879641464,22,-0.0016144596269152948,5e-05,0.5,-1
d_196,ESPORTSUSDT,1760302800000,1,train,standard,22.7926,3.3075267879262804,2,16.94611409891385,1,0.1325373134328359,0,0.02624439327907826,21,0.056569410044202954,0.00052897,0.5,1
d_197,ESPORTSUSDT,1762491600000,1,test,standard,22.696,0.9900878312604385,0,0.6568926123381665,0,0.14146341463413914,0,-0.03727256997095671,5,-0.007318410320421413,0.00030739,0.5,-1
d_198,ESPORTSUSDT,1763010000000,1,test,standard,35.9821,1.104116150330915,0,1.7091734543997907,0,0.3653495440729467,0,-0.17662477152208877,5,0.06954085430450678,0.00067485,0.5,-1
d_199,ESPORTSUSDT,1763067600000,1,test,standard,23.1562,0.6621760062719038,0,2.759423664677627,0,0.544484911550468,0,-0.10483070562203894,21,-0.21216446062400948,0.00019137,0.5,-1
d_200,ESPORTSUSDT,1764770400000,1,test,standard,15.2084,0.7291687974024533,0,-1.0475732820759323,0,0.38160919540230176,0,0.03131780087540341,14,-0.02092195751163508,5e-05,0.5,1
d_201,ESPORTSUSDT,1767524400000,1,test,standard,18.6627,20.75010437678258,4,14.253818776665128,0,0.06789915966386616,0,1.2513154624590677,11,0.0660503785778823,0.00018198,0.5,1
d_202,ESPORTSUSDT,1770703200000,1,test,standard,17.763,0.5177273953613858,0,-0.33917204850625304,0,0.19457013574660087,0,-0.031819986551395466,6,-0.006095782095571098,5e-05,0.5,-1
d_203,ESPORTSUSDT,1776632400000,1,test,standard,16.5165,0.3245582819192495,1,-1.5240556950913295,0,0.6630136986301485,0,-0.039173569352577056,21,-0.012435695082689956,5e-05,0.5,-1
d_204,ESPORTSUSDT,1777050000000,1,test,standard,28.2988,110.51366885669616,4,31.32757690232057,1,0.40196078431372473,0,9.658826893301647,17,0.2920874956901373,5e-05,0.5,0
d_205,ESPORTSUSDT,1779188400000,1,test,standard,16.3776,3.2388716181749935,3,12.082262210796923,0,0.3716216216216201,0,0.4197347531344499,11,0.0282929474292031,5e-05,0.5,0
d_206,ESPORTSUSDT,1779318000000,1,test,standard,18.191,0.7537514358913034,0,10.679064525218369,1,0.5390946502057616,0,-0.20286768349700735,23,0.034954151754516,5e-05,0.5,1
d_207,ESPORTSUSDT,1779692400000,1,test,standard,93.3315,1.1334569405226969,0,1.193729325471016,0,0.5738636363636379,0,-0.026340695608528347,7,0.018494694537180768,5e-05,0.5,0
d_208,ESPORTSUSDT,1754308800000,1,train,fast,13.9955,1.3949036713202514,0,-0.3993154592127816,0,0.4900662251655622,0,0.07072541209412933,12,0.21179541612927846,0.00041668,0.5,0
d_209,ESPORTSUSDT,1754388000000,1,train,fast,10.6865,1.7903045355346747,0,9.067796610169506,0,0.01162790697674291,0,0.053151003699357706,10,0.16275088196768392,5e-05,0.5,0
d_210,ESPORTSUSDT,1754618400000,1,train,fast,29.8327,1.3789453030432912,2,5.380200860832143,1,0.03571428571428182,0,0.15645829695443622,2,0.00677819928232065,0.00033075,0.5,1
d_211,ESPORTSUSDT,1756537200000,1,train,fast,16.7741,3.553565824526134,2,4.919919439915599,0,0.1715575620767491,0,0.20396880921631924,7,0.07378688343519252,5e-05,0.5,-1
d_212,ESPORTSUSDT,1756972800000,1,train,fast,10.5055,32.45604988928806,3,8.749519784863612,0,0.763318112633181,0,1.1533047656032913,8,0.14539917061435614,-0.00114171,0.5,0
d_213,ESPORTSUSDT,1760126400000,1,train,fast,23.4462,1.8882142214307445,0,1.0192464082407118,0,0.34370771312584736,0,0.03577598633231225,20,-0.08440805029352541,0.00046365,0.5,-1
d_214,ESPORTSUSDT,1760360400000,1,train,fast,10.2451,0.410544039747405,1,-10.577671904347428,0,0.6485507246376782,0,-0.05220969134925484,13,-0.05639961051365559,5e-05,0.5,1
d_215,ESPORTSUSDT,1762272000000,1,test,fast,11.91,1.0736487824193228,0,-1.8772472614767097,0,0.12529002320185484,1,-0.01070445995732582,16,0.005253552456256602,0.00023267,0.5,-1
d_216,ESPORTSUSDT,1763013600000,1,test,fast,17.8449,1.8804522429138073,0,7.424612658091889,0,0.13068567549219165,0,-0.11428092370276176,6,0.1154345927353614,0.00067485,0.5,0
d_217,ESPORTSUSDT,1779703200000,1,test,fast,82.4533,0.9970552182123764,0,0.5569837189374326,1,0.0,0,0.037338666338690464,10,0.02907171600169904,-4.933e-05,0.5,0
c_965,ESPORTSUSDT,1755057600000,0,train,control,,1.2019619614322392,0,-0.6329113924050813,0,0.5312500000000031,0,0.05503050315569605,4,0.01804801765937476,5e-05,0.5,0
c_966,ESPORTSUSDT,1756022400000,0,train,control,,0.9959769740056588,0,-3.1624863685932385,0,0.5384615384615343,0,0.026723021267685006,8,-0.021168430033454307,1.058e-05,0.5,0
c_967,ESPORTSUSDT,1758380400000,0,train,control,,1.252632536003981,1,1.8139738537561678,1,0.4238095238095266,0,0.043942367024008784,15,-0.003152535131842027,0.00010865,0.5,0
c_968,ESPORTSUSDT,1759593600000,0,train,control,,1.2172078474834842,1,2.8356818446488794,0,0.24791666666667037,0,-0.01658706925210966,16,-0.015519899909109939,5e-05,0.5,0
c_969,ESPORTSUSDT,1761807600000,0,train,control,,3.654390796844847,3,2.649877842510809,1,0.35909090909090685,0,0.15253873718933597,7,0.01098376175231433,0.00070254,0.5,-1
c_970,ESPORTSUSDT,1755050400000,0,train,control,,1.7029968207228035,1,-3.5993740219092274,0,0.0,0,0.07894013293251208,2,0.002528292830687501,5e-05,0.5,0
c_971,ESPORTSUSDT,1757192400000,0,train,control,,0.3510800551642589,0,-1.0205908683974827,0,0.3209876543209811,0,-0.05769037685616628,21,-0.009478320414161929,5e-05,0.5,-1
c_972,ESPORTSUSDT,1758625200000,0,train,control,,0.3858253660824332,0,-2.0858671855996205,0,0.16538461538461055,0,-0.6650670572391767,11,0.0007937515393666444,5e-05,0.5,0
c_973,ESPORTSUSDT,1760565600000,0,train,control,,0.6496901396437339,0,-1.198925762516786,0,0.5494505494505493,0,-0.13046701905165017,22,-0.011825410989131983,0.00060197,0.5,-1
c_974,ESPORTSUSDT,1761757200000,0,train,control,,1.2071629716724483,3,0.02858231707317287,1,0.3928571428571393,0,0.1204099456925506,17,-0.0197605928619904,0.00034529,0.5,-1
c_975,ESPORTSUSDT,1754802000000,0,train,control,,1.0777576732419565,0,1.1331444759206928,0,0.37777777777777516,0,0.08236967142821999,5,-0.0029709688536083945,0.00043663,0.5,1
c_976,ESPORTSUSDT,1756234800000,0,train,control,,0.08509121010157075,0,0.05239442523314942,0,0.3818181818181839,0,-0.1712857070440518,19,-0.046501925102226005,5e-05,0.5,-1
c_977,ESPORTSUSDT,1758441600000,0,train,control,,0.7711330576117194,1,-0.9962564907619761,0,0.6615384615384564,0,0.09871479922190009,8,-0.01901806948743749,5e-05,0.5,0
c_978,ESPORTSUSDT,1760688000000,0,train,control,,0.9872887553872274,0,-4.099504402636771,0,0.20000000000000073,0,0.09449801432102688,8,-0.02423304419554723,5e-05,0.5,-1
c_979,ESPORTSUSDT,1761868800000,0,train,control,,1.0475384746826744,0,3.3793656030541595,0,0.002949852507373484,0,-0.04578546882077249,0,0.011577380705808655,5e-05,0.5,-1
c_980,ESPORTSUSDT,1754820000000,0,train,control,,2.1646408046269334,1,5.221745350500716,0,0.31034482758620624,0,0.03820418310337827,10,-0.016829086666897756,0.00035506,0.5,0
c_981,ESPORTSUSDT,1756159200000,0,train,control,,0.8230184395723324,0,-1.609614765532784,0,0.5768321513002376,0,0.05483782995117644,22,-0.10944106091040894,-2.401e-05,0.5,-1
c_982,ESPORTSUSDT,1758438000000,0,train,control,,0.8723052595554148,0,0.5338405841565992,1,0.14062499999999933,0,0.04894924254657265,7,-0.02068291378643874,0.00010571,0.5,0
c_983,ESPORTSUSDT,1759665600000,0,train,control,,1.642562738420614,1,-0.05956571181025558,0,0.3711790393013115,0,0.061087386234640696,12,-0.0031219865110768043,0.00021919,0.5,1
c_984,ESPORTSUSDT,1761836400000,0,train,control,,0.6384169064332716,1,-0.2549213992352287,0,0.37746478873239386,0,0.017845932399137614,15,-0.014524671391907754,5e-05,0.5,-1
c_985,ESPORTSUSDT,1762783200000,0,test,control,,0.6553197824303029,0,-0.963154786243247,0,0.46655231560891924,0,-0.11795178821086823,14,-0.05930345307491359,5e-05,0.5,1
c_986,ESPORTSUSDT,1766988000000,0,test,control,,1.8357634211185159,1,1.6055429458846027,0,0.3964757709251164,0,0.1122969706071122,6,-0.015203409688774714,5e-05,0.5,1
c_987,ESPORTSUSDT,1771030800000,0,test,control,,1.2999639341037326,0,0.6973658206047524,1,0.06793478260869591,0,0.005483516432743073,1,-0.00956057546120856,5e-05,0.5,1
c_988,ESPORTSUSDT,1774771200000,0,test,control,,0.7289550102959071,0,0.22006085633557307,1,0.09110629067245796,0,0.09215735031957925,8,-0.023007475610166455,5e-05,0.5,0
c_989,ESPORTSUSDT,1779012000000,0,test,control,,4.938923615516231,1,-3.2064985036340268,0,0.11263736263736247,1,0.15641683654002783,10,0.002845001035985298,5e-05,0.5,0
c_990,ESPORTSUSDT,1762020000000,0,test,control,,0.41633445950836234,1,-2.5905578632364104,0,0.2243243243243231,0,-0.06148990447815484,18,0.013947637414685767,5e-05,0.5,0
c_991,ESPORTSUSDT,1767326400000,0,test,control,,0.882267457506701,0,-1.3305216649093807,0,0.5121951219512232,0,-0.07084796785455834,4,-0.002426166988614326,5e-05,0.5,1
c_992,ESPORTSUSDT,1770206400000,0,test,control,,2.2860737706155603,1,-1.5357992645468328,0,0.0,0,0.000896967520004197,12,0.0037298169154507434,5e-05,0.5,-1
c_993,ESPORTSUSDT,1774566000000,0,test,control,,0.5371740426255638,0,-2.891392704635482,0,0.4802955665024639,0,-0.12022363411579716,23,-0.04417788050792437,0.00032549,0.5,-1
c_994,ESPORTSUSDT,1779012000000,0,test,control,,4.938923615516231,1,-3.2064985036340268,0,0.11263736263736247,1,0.15641683654002783,10,0.002845001035985298,5e-05,0.5,0
c_995,ESPORTSUSDT,1763384400000,0,test,control,,0.6405413441046562,0,-2.5696158848981887,0,0.3050359712230226,0,0.013991503158530497,13,-0.02017876762385607,5e-05,0.5,0
c_996,ESPORTSUSDT,1767211200000,0,test,control,,1.1593878096452503,0,-0.45290291496026214,0,0.0244648318042719,1,-0.00909664606488838,20,-0.0008944315499683856,0.00049305,0.5,0
c_997,ESPORTSUSDT,1771041600000,0,test,control,,0.8303678808011598,0,0.7350217942508837,0,0.1536312849161985,0,-0.004328537782339304,4,0.007308261831797261,5e-05,0.5,1
c_998,ESPORTSUSDT,1774065600000,0,test,control,,0.5740919154938795,0,-0.2378620400167951,0,0.3453237410071796,1,-0.026558273209468776,4,0.07634087871138268,5e-05,0.5,0
c_999,ESPORTSUSDT,1778378400000,0,test,control,,1.2228461986362347,0,0.8568980291345337,1,0.5230769230769248,0,-0.03667998721358973,2,-0.005962106331076408,5e-05,0.5,0
c_1000,ESPORTSUSDT,1762783200000,0,test,control,,0.6553197824303029,0,-0.963154786243247,0,0.46655231560891924,0,-0.11795178821086823,14,-0.05930345307491359,5e-05,0.5,1
c_1001,ESPORTSUSDT,1766462400000,0,test,control,,0.8256186594385257,0,1.4317480486476635,1,0.786324786324787,0,-0.0973888179505405,4,-0.011100687163611208,0.00025352,0.5,0
c_1002,ESPORTSUSDT,1771858800000,0,test,control,,0.830408001059743,0,-2.264949828896247,0,0.17868338557994362,0,0.025561475438942716,15,-0.003179714553869057,5e-05,0.5,-1
c_1003,ESPORTSUSDT,1774627200000,0,test,control,,0.4188000077493849,0,-0.974516790843322,0,0.3203631647211452,0,-0.13760366644985536,16,-0.01401714340862655,5e-05,0.5,-1
c_1004,ESPORTSUSDT,1779012000000,0,test,control,,4.938923615516231,1,-3.2064985036340268,0,0.11263736263736247,1,0.15641683654002783,10,0.002845001035985298,5e-05,0.5,0
c_1005,ESPORTSUSDT,1761958800000,0,test,control,,0.8077383753261753,0,0.4115947105701009,0,0.017953321364450475,0,-0.05227876714411386,1,0.0002674225232560154,0.00046594,0.5,0
c_1006,ESPORTSUSDT,1766592000000,0,test,control,,0.9317337223206268,0,0.023126734505085334,0,0.6208333333333494,0,0.024142959687586726,16,-0.0005501382222283348,5e-05,0.5,0
c_1007,ESPORTSUSDT,1771322400000,0,test,control,,0.9488593544206619,0,1.0452504136355238,0,0.23913043478260976,0,0.030768713897737648,10,-0.007547217139116766,5e-05,0.5,-1
c_1008,ESPORTSUSDT,1774594800000,0,test,control,,0.833869237220306,0,-0.3785234899328919,0,0.4588409007013677,0,-0.020414106950425295,7,-0.06214583261194649,0.00019409,0.5,-1
c_1009,ESPORTSUSDT,1779012000000,0,test,control,,4.938923615516231,1,-3.2064985036340268,0,0.11263736263736247,1,0.15641683654002783,10,0.002845001035985298,5e-05,0.5,0
c_1010,ESPORTSUSDT,1761958800000,0,test,control,,0.8077383753261753,0,0.4115947105701009,0,0.017953321364450475,0,-0.05227876714411386,1,0.0002674225232560154,0.00046594,0.5,0
c_1011,ESPORTSUSDT,1768003200000,0,test,control,,1.1784840603345996,0,-2.511256556654133,0,0.05191256830600223,1,-0.07286176970923199,0,-0.00721745025204833,5e-05,0.5,0
c_1012,ESPORTSUSDT,1771473600000,0,test,control,,0.9653650407602576,0,1.2020024205083026,0,0.21219512195122903,0,-0.053080339833190784,4,-0.020291052715483444,5e-05,0.5,0
c_1013,ESPORTSUSDT,1774195200000,0,test,control,,0.49241081791058294,0,-0.44753679941260915,0,0.7123287671233075,0,-0.07429051132559945,16,-0.004520068439153897,5e-05,0.5,-1
c_1014,ESPORTSUSDT,1779012000000,0,test,control,,4.938923615516231,1,-3.2064985036340268,0,0.11263736263736247,1,0.15641683654002783,10,0.002845001035985298,5e-05,0.5,0
c_1015,ESPORTSUSDT,1761958800000,0,test,control,,0.8077383753261753,0,0.4115947105701009,0,0.017953321364450475,0,-0.05227876714411386,1,0.0002674225232560154,0.00046594,0.5,0
c_1016,ESPORTSUSDT,1767218400000,0,test,control,,1.474338528799844,0,-2.309135517390676,0,0.13530655391121096,0,0.02687165412179733,22,-0.004716647731139953,0.00027634,0.5,0
c_1017,ESPORTSUSDT,1771480800000,0,test,control,,0.8002298636044382,0,-0.39187938823273194,0,0.06896551724138161,0,-0.015978713638350486,6,-0.016974768390043974,5e-05,0.5,-1
c_1018,ESPORTSUSDT,1775314800000,0,test,control,,18.24893297958242,4,3.8312116695579865,1,0.48346560846560843,0,1.3306063281418072,15,0.1937185497780333,5e-05,0.5,0
c_1019,ESPORTSUSDT,1778896800000,0,test,control,,0.26699366736100577,0,0.24481566820276998,0,0.34977578475335974,0,-0.08035997533810478,2,-0.010599691740641161,5e-05,0.5,-1
c_1020,ESPORTSUSDT,1763654400000,0,test,control,,3.7364756431365174,3,10.168610694075522,1,0.3621832358674471,0,0.3101383671126284,16,0.08402313105369076,0.00049737,0.5,0
c_1021,ESPORTSUSDT,1766494800000,0,test,control,,1.0649131887262975,0,-0.07791282667735563,0,0.06589147286821914,0,0.023447329230683447,13,-0.002661398303413806,5e-05,0.5,-1
c_1022,ESPORTSUSDT,1770289200000,0,test,control,,1.4138836989532761,0,-5.529257956901993,0,0.10499637943519247,1,0.005474618331074081,11,0.02227027803871172,0.0001552,0.5,-1
c_1023,ESPORTSUSDT,1775034000000,0,test,control,,2.6400346447250076,3,-0.03237468299789807,0,0.39148936170213094,0,0.1309042420508002,9,-0.014051253829230908,5e-05,0.5,1
c_1024,ESPORTSUSDT,1778954400000,0,test,control,,0.7965775433976753,0,0.15768348623853068,1,0.32978723404255356,0,-0.054901195652724784,18,0.010941364689587386,5e-05,0.5,-1
c_1025,ESPORTSUSDT,1763542800000,0,test,control,,0.9232565025593503,1,2.536061920956958,1,0.3153575615474811,0,0.10045930164260068,9,0.020998948381170085,9.969e-05,0.5,0
c_1026,ESPORTSUSDT,1766210400000,0,test,control,,2.08944369412824,2,-5.456717168542152,0,0.3868421052631579,1,0.11472764865241615,6,-0.015680789811609565,0.00022534,0.5,1
c_1027,ESPORTSUSDT,1771678800000,0,test,control,,1.4369190367030253,0,6.242649334571347,1,0.09594882729211215,0,-0.45194912988696023,13,0.001217687963605883,5e-05,0.5,1
c_1028,ESPORTSUSDT,1775124000000,0,test,control,,1.8221678839478779,0,-1.1095663333511692,0,0.5090252707581266,1,0.05378592367541273,10,-0.023219457890192682,5e-05,0.5,-1
c_1029,ESPORTSUSDT,1779012000000,0,test,control,,4.938923615516231,1,-3.2064985036340268,0,0.11263736263736247,1,0.15641683654002783,10,0.002845001035985298,5e-05,0.5,0
c_1030,ESPORTSUSDT,1763449200000,0,test,control,,0.6990849145496502,0,-1.4669926650366716,0,0.571428571428577,0,-0.04344660362428235,7,-0.048800641837175515,5e-05,0.5,-1
c_1031,ESPORTSUSDT,1767099600000,0,test,control,,1.812145876960765,0,-1.2377881058522249,0,0.10422535211268653,0,0.037544859922390116,13,0.001503933901176689,5e-05,0.5,0
c_1032,ESPORTSUSDT,1771704000000,0,test,control,,0.5925074506777448,0,0.45430408873679445,1,0.6715328467153243,0,-0.10017467243698217,20,-0.010647832632462413,5e-05,0.5,1
c_1033,ESPORTSUSDT,1774191600000,0,test,control,,0.5919165727808506,0,-0.3777676728811676,0,0.44615384615385734,0,-0.04771678972248003,15,-0.004978085673239306,5e-05,0.5,-1
c_1034,ESPORTSUSDT,1779012000000,0,test,control,,4.938923615516231,1,-3.2064985036340268,0,0.11263736263736247,1,0.15641683654002783,10,0.002845001035985298,5e-05,0.5,0
c_1035,ESPORTSUSDT,1762718400000,0,test,control,,0.45633124383058116,0,0.3412816022273163,0,0.17105263157894768,0,-0.03434608822691623,20,-0.023591791580588217,7.647e-05,0.5,1
c_1036,ESPORTSUSDT,1767006000000,0,test,control,,1.20532429393334,1,1.3095098154461078,0,0.5937499999999937,0,0.0599006195996988,11,-0.0039721989384370795,5e-05,0.5,0
c_1037,ESPORTSUSDT,1770332400000,0,test,control,,1.1380393169011056,0,-0.9114973529118074,0,0.6364213197969569,0,0.006708000063319765,23,-0.03650136684533324,5e-05,0.5,-1
c_1038,ESPORTSUSDT,1774180800000,0,test,control,,1.3112010223237887,1,0.38943269129565306,1,0.36475409836065686,0,-0.2918668652266059,12,0.006338102128063778,5e-05,0.5,-1
c_1039,ESPORTSUSDT,1778662800000,0,test,control,,0.9913739515455072,0,5.163599182004089,1,0.2472527472527506,0,0.05341017306594547,9,0.03921955562386057,5e-05,0.5,0
c_1040,ESPORTSUSDT,1754841600000,0,train,control,,1.1243261989988818,2,-2.131912058627587,0,0.5272727272727293,0,0.07353599502586437,16,-0.042081241178581065,0.00030077,0.5,1
c_1041,ESPORTSUSDT,1755961200000,0,train,control,,0.779933526084057,0,-1.2035010940918927,0,0.4210526315789493,0,-0.043151048585195945,15,0.0058192037972665325,-0.00017548,0.5,-1
c_1042,ESPORTSUSDT,1758189600000,0,train,control,,0.9411247990275847,1,3.5799522673030992,1,0.33247422680412764,0,0.10077912694386612,10,0.027909825598015203,7.502e-05,0.5,0
c_1043,ESPORTSUSDT,1759834800000,0,train,control,,0.43765743938243257,0,-2.8047464940668836,0,0.17765567765567764,0,-0.016485431550919152,11,0.00245388342248409,0.00034514,0.5,0
c_1044,ESPORTSUSDT,1761868800000,0,train,control,,1.0475384746826744,0,3.3793656030541595,0,0.002949852507373484,0,-0.04578546882077249,0,0.011577380705808655,5e-05,0.5,-1
c_1045,ESPORTSUSDT,1754798400000,0,train,control,,1.4520353949832745,0,1.7429193899782234,1,0.10638297872340413,0,0.08465692491822052,4,0.04808833821321416,0.00034502,0.5,1
c_1046,ESPORTSUSDT,1756047600000,0,train,control,,0.7034444770178673,0,3.0127462340672135,0,0.22222222222222907,0,-0.04219779097350451,15,-0.0211856509761238,5e-05,0.5,0
c_1047,ESPORTSUSDT,1758495600000,0,train,control,,5.755240632275667,1,4.365414804975253,1,0.11738351254480334,0,0.11057455199351422,23,0.03669821840989672,0.00061022,0.5,0
c_1048,ESPORTSUSDT,1759654800000,0,train,control,,0.5856445839631776,0,-0.32367697038356646,0,0.5254901960784352,0,0.04377162479015038,9,-0.00011292194904168551,0.00040629,0.5,1
c_1049,ESPORTSUSDT,1761868800000,0,train,control,,1.0475384746826744,0,3.3793656030541595,0,0.002949852507373484,0,-0.04578546882077249,0,0.011577380705808655,5e-05,0.5,-1
c_1050,ESPORTSUSDT,1755021600000,0,train,control,,1.3259764195236725,0,1.0861132660977597,1,0.7391304347826129,0,0.001038250446355318,18,-0.017542652552312153,5e-05,0.5,0
c_1051,ESPORTSUSDT,1756130400000,0,train,control,,7.949492836654498,4,4.6298342541436455,1,0.2882249560632693,0,0.39757594757699416,14,0.10800901627532956,-0.00052515,0.5,-1
c_1052,ESPORTSUSDT,1758088800000,0,train,control,,0.7610689383525312,0,0.3125766119146914,0,0.29978118161925277,0,0.04698110051365418,6,0.04370968656894101,5e-05,0.5,1
c_1053,ESPORTSUSDT,1759755600000,0,train,control,,3.4789705316094555,2,2.2541201488570026,0,0.6684782608695653,0,0.11467938627280047,13,-0.00745891730290925,0.00011005,0.5,1
c_1054,ESPORTSUSDT,1761606000000,0,train,control,,3.648827305597349,1,-1.108222739088789,0,0.12622826908541238,1,0.10255231082045704,23,-0.009432127845650394,0.00034145,0.5,0
c_1055,ESPORTSUSDT,1755054000000,0,train,control,,1.103813387132479,1,-1.4218009478672955,0,0.1071428571428559,0,0.06472808788181958,3,0.021090505742085017,5e-05,0.5,0
c_1056,ESPORTSUSDT,1756238400000,0,train,control,,0.130730721257531,0,0.8816656044189477,1,0.0,0,-0.19016799019060482,20,-0.032350361903296904,5e-05,0.5,0
c_1057,ESPORTSUSDT,1758592800000,0,train,control,,26.303452351559393,1,-4.524368937887818,0,0.5592387968078577,1,0.8486204775549202,2,0.09126281026167489,5e-05,0.5,-1
c_1058,ESPORTSUSDT,1760558400000,0,train,control,,0.3054335125543569,0,-2.4749965433009105,0,0.3573573573573564,0,-0.10095670080792121,20,-0.001154188231015636,0.00019918,0.5,-1
c_1059,ESPORTSUSDT,1761868800000,0,train,control,,1.0475384746826744,0,3.3793656030541595,0,0.002949852507373484,0,-0.04578546882077249,0,0.011577380705808655,5e-05,0.5,-1
c_1060,ESPORTSUSDT,1755039600000,0,train,control,,1.3020100222033884,0,-1.4018691588785017,0,0.0,0,-0.023134761647117214,23,0.052144201156172756,5e-05,0.5,1
c_1061,ESPORTSUSDT,1756062000000,0,train,control,,2.114562487328236,1,3.1531531531531494,1,0.35483870967741993,0,0.020039722624898,19,0.03268456630161983,5e-05,0.5,0
c_1062,ESPORTSUSDT,1758168000000,0,train,control,,0.8560907950208354,0,-0.11219147344800906,0,0.6882716049382676,0,-0.012944237094191634,4,-0.0016905027555194916,5e-05,0.5,1
c_1063,ESPORTSUSDT,1759784400000,0,train,control,,7.188856519554787,2,5.206997383676202,1,0.5770171149144255,0,0.18923459543274654,21,-0.0015218910873709664,0.00054361,0.5,1
c_1064,ESPORTSUSDT,1761588000000,0,train,control,,0.32257816528383254,0,-2.0468491064630228,0,0.07569721115537684,0,-0.09391607484079877,18,0.0033503334568272753,5.498e-05,0.5,1
c_1065,ESPORTSUSDT,1754974800000,0,train,control,,0.4479271537615424,0,-2.214022140221404,0,0.7692307692307725,0,-0.02532995735198478,5,-0.0243963257061589,5e-05,0.5,-1
c_1066,ESPORTSUSDT,1756101600000,0,train,control,,0.5545996389550519,0,-2.022471910112355,0,0.20000000000000556,1,-0.3127662226354196,6,0.015127796965621103,5e-05,0.5,-1
c_1067,ESPORTSUSDT,1758596400000,0,train,control,,8.231847498672378,2,-3.5782442748091636,0,0.34944237918215715,0,0.8594485274345999,3,0.08913401684894329,5e-05,0.5,-1
c_1068,ESPORTSUSDT,1759528800000,0,train,control,,0.26944978015813076,0,0.8672265217629936,0,0.29615384615385193,0,-0.05202421578543802,22,0.0011927078280773629,7.999e-05,0.5,1
c_1069,ESPORTSUSDT,1761868800000,0,train,control,,1.0475384746826744,0,3.3793656030541595,0,0.002949852507373484,0,-0.04578546882077249,0,0.011577380705808655,5e-05,0.5,-1
c_1070,ESPORTSUSDT,1754938800000,0,train,control,,0.684392631811561,0,-0.8571428571428619,0,0.0,1,-0.01724316556166548,19,-0.11971573679120523,5e-05,0.5,1
c_1071,ESPORTSUSDT,1756789200000,0,train,control,,1.5324177907574905,0,1.3972906194087098,0,0.29861111111111094,0,0.038191694480707486,5,0.12284801816360527,-0.0020572,0.5,1
c_1072,ESPORTSUSDT,1758135600000,0,train,control,,1.0770712202551613,0,-0.22761266827078705,0,0.48000000000000137,0,0.004951294458192416,19,-0.002861195557681723,0.0001088,0.5,-1
c_1073,ESPORTSUSDT,1759507200000,0,train,control,,0.4453731493152424,0,-1.6801696481974782,0,0.3782608695652176,0,-0.089698226175898,16,-0.00989687024775457,5e-05,0.5,1
c_1074,ESPORTSUSDT,1761714000000,0,train,control,,1.64025592615901,0,-1.3111518398421047,0,0.3306878306878329,1,0.013667717002415968,5,-0.0036820757096862507,0.00028543,0.5,-1
c_1075,ESPORTSUSDT,1762779600000,0,test,control,,0.7243088385873946,0,3.307138179436801,0,0.4055415617128463,0,-0.06492692219637682,13,-0.08204972190507186,5e-05,0.5,1
c_1076,ESPORTSUSDT,1766980800000,0,test,control,,1.1117128852020703,1,0.9638496298432742,1,0.4161490683229837,0,0.006833673609004493,4,-0.0008437602762519059,5e-05,0.5,1
c_1077,ESPORTSUSDT,1771336800000,0,test,control,,2.4096322747409866,2,-0.7018638384153423,0,0.7746170678336922,0,0.11313354183428233,14,-0.009358178552193314,5e-05,0.5,0
c_1078,ESPORTSUSDT,1774188000000,0,test,control,,0.7849609076446643,0,-0.23101963666911476,0,0.867391304347826,0,-0.0224399804296433,14,-0.008271107722764159,5e-05,0.5,-1
c_1079,ESPORTSUSDT,1779012000000,0,test,control,,4.938923615516231,1,-3.2064985036340268,0,0.11263736263736247,1,0.15641683654002783,10,0.002845001035985298,5e-05,0.5,0
c_1080,ESPORTSUSDT,1763517600000,0,test,control,,0.6998567706268796,0,0.9531678814884795,0,0.34989200863931147,0,-0.1285900467662532,2,0.02413972430756957,5e-05,0.5,0
c_1081,ESPORTSUSDT,1767927600000,0,test,control,,0.9670142281730625,0,0.5983474214075464,0,0.3303437967115095,0,-0.0638474250924356,3,-0.0040263165448174215,5e-05,0.5,0
c_1082,ESPORTSUSDT,1771531200000,0,test,control,,1.4040927724313303,0,-1.9845738092557148,0,0.01228878648233018,1,-0.03859913867732468,20,-0.00780083922385874,5e-05,0.5,1
c_1083,ESPORTSUSDT,1774288800000,0,test,control,,0.5427045827516105,0,-1.1498370168714371,0,0.05944055944056005,0,0.004763407394591663,18,0.015501713281835899,5e-05,0.5,1
c_1084,ESPORTSUSDT,1779012000000,0,test,control,,4.938923615516231,1,-3.2064985036340268,0,0.11263736263736247,1,0.15641683654002783,10,0.002845001035985298,5e-05,0.5,0
c_1085,ESPORTSUSDT,1761958800000,0,test,control,,0.8077383753261753,0,0.4115947105701009,0,0.017953321364450475,0,-0.05227876714411386,1,0.0002674225232560154,0.00046594,0.5,0
c_1086,ESPORTSUSDT,1766613600000,0,test,control,,0.7351679492861651,1,-0.6312802931788641,0,0.1792929292929255,0,0.010316871124982972,22,-0.004013180596822854,5e-05,0.5,0
c_1087,ESPORTSUSDT,1770303600000,0,test,control,,1.0055559050260852,0,-2.7641849473659166,0,0.5429594272076371,0,0.06904593386202053,15,-0.012700047523941523,5e-05,0.5,-1
c_1088,ESPORTSUSDT,1774771200000,0,test,control,,0.7289550102959071,0,0.22006085633557307,1,0.09110629067245796,0,0.09215735031957925,8,-0.023007475610166455,5e-05,0.5,0
c_1089,ESPORTSUSDT,1778774400000,0,test,control,,9.211396398838788,4,18.01513877207737,1,0.2732095490716177,0,1.163641542199907,16,0.07461176314843546,5e-05,0.5,1
d_218,ETHUSDT,1722772800000,1,train,standard,23.7689,0.5954643069734961,0,0.735596725608933,1,0.690206528980678,0,-0.030959367161251635,12,-0.0043037236234357715,1.635e-05,0.5,-1
d_219,ETHUSDT,1734606000000,1,train,standard,16.184,1.0964898286753193,0,0.754492287865317,0,0.262129934210527,0,-0.167567070542003,11,-0.001873337687742994,7.438e-05,0.5,-1
d_220,ETHUSDT,1738472400000,1,train,standard,21.3852,1.161896453909762,1,-1.72698412698413,0,0.387513455328314,0,0.025136965760022393,5,-0.005089484655290017,7.609e-05,0.5,-1
d_221,ETHUSDT,1740952800000,1,train,standard,16.9119,2.1356840491290603,3,1.7545557558381104,1,0.38843553275821646,0,0.11794247479650877,22,0.020496834404542495,6.102e-05,0.5,1
d_222,ETHUSDT,1743919200000,1,train,standard,20.4272,0.672097142851632,0,0.03867937560436775,0,0.318991097922828,0,-0.11865248017542299,6,0.007534573535453456,2.389e-05,0.5,0
d_223,ETHUSDT,1770249600000,1,test,standard,15.0803,0.7918601712160532,0,-1.862635755293085,0,0.35336868984482095,0,-0.06722041244606326,0,-0.012893622684491577,-6.117e-05,0.5,-1
d_224,ETHUSDT,1738540800000,1,train,fast,11.5775,4.0165845071919275,2,-3.033038515633453,0,0.0,0,0.14590494270683765,0,-0.022580326103720554,3.237e-05,0.5,-1
c_1090,ETHUSDT,1715000400000,0,train,control,,5.625385421015049,3,-2.952568675301918,0,0.08011996572408067,1,0.17157120174593074,13,0.00991225433648774,0.0001,0.5,0
c_1091,ETHUSDT,1726653600000,0,train,control,,2.0581805454215716,1,-1.130878499517318,0,0.00035816618910328326,1,0.03506785673079907,10,-0.00010512334325434714,3.074e-05,0.5,1
c_1092,ETHUSDT,1740301200000,0,train,control,,2.561706428858761,3,1.5868589824837191,1,0.22807561202355536,0,0.23973185473187875,9,0.026856780515248483,3.796e-05,0.5,0
c_1093,ETHUSDT,1752775200000,0,train,control,,0.6938476218189874,0,0.6653592734265006,1,0.1283633670698541,0,-0.0382799296065467,18,-0.013066629798318576,0.0001,0.5,0
c_1094,ETHUSDT,1761505200000,0,train,control,,0.9576654649607316,1,0.12864093192115314,0,0.3916053656425847,0,-0.05149084671621835,19,-0.006385354322259809,0.0001,0.5,1
c_1095,ETHUSDT,1714608000000,0,train,control,,0.45824161493293425,0,1.5666082009306705,1,0.5818102697998208,0,-0.03135291663496794,0,0.009234997502714556,-8.6e-07,0.5,0
c_1096,ETHUSDT,1726045200000,0,train,control,,0.6800936043950262,0,-0.47921542404992057,0,0.01652039235932708,0,0.001334541874614979,9,0.01325951042084311,1.804e-05,0.5,-1
c_1097,ETHUSDT,1736622000000,0,train,control,,0.4812173406333342,0,-0.0076282538316718995,0,0.18358208955224029,0,-0.06993328343405913,19,0.0005701104795524525,0.0001,0.5,0
c_1098,ETHUSDT,1752746400000,0,train,control,,0.8708916242579734,0,2.7391981027199317,1,0.35524683701314136,0,0.0839981123397585,10,0.026861540108736225,0.0001,0.5,0
c_1099,ETHUSDT,1761390000000,0,train,control,,0.9382635878997712,1,0.352705390407939,1,0.33615990308904353,0,0.06731920462646836,11,0.004364582805943441,1.546e-05,0.5,0
c_1100,ETHUSDT,1714608000000,0,train,control,,0.45824161493293425,0,1.5666082009306705,1,0.5818102697998208,0,-0.03135291663496794,0,0.009234997502714556,-8.6e-07,0.5,0
c_1101,ETHUSDT,1726455600000,0,train,control,,2.8014283940031794,4,-3.6206948015675167,0,0.17972797927461664,0,0.11503085194228209,3,-0.02048520339507765,3.228e-05,0.5,-1
c_1102,ETHUSDT,1737360000000,0,train,control,,1.7517408463268838,0,3.4221032102659983,1,0.274045379081353,0,-0.04203984820185021,8,0.004843692678910245,0.0001,0.5,1
c_1103,ETHUSDT,1748440800000,0,train,control,,3.0927527093836154,2,1.1652836856476032,1,0.6372275013974302,0,0.12708672364051338,14,-0.007083843496302336,0.0001,0.5,-1
c_1104,ETHUSDT,1761868800000,0,train,control,,0.5308679737680818,0,3.1897428939692065,1,0.06559332140726955,0,-0.12809740955594295,0,0.007654449929285126,3.219e-05,0.5,-1
c_1105,ETHUSDT,1714608000000,0,train,control,,0.45824161493293425,0,1.5666082009306705,1,0.5818102697998208,0,-0.03135291663496794,0,0.009234997502714556,-8.6e-07,0.5,0
c_1106,ETHUSDT,1726956000000,0,train,control,,0.5148346011455892,0,-0.32118788907532925,0,0.20759837177750648,1,-0.051481715326059455,22,-0.004403270870402054,4.536e-05,0.5,0
c_1107,ETHUSDT,1736038800000,0,train,control,,1.1939453299019496,0,-0.28776074047150524,0,0.6674982181040646,0,-0.13562161947974208,1,0.002113309251255565,0.0001,0.5,0
c_1108,ETHUSDT,1751353200000,0,train,control,,0.5078481752110586,0,-0.9764783132384429,0,0.2306501547987969,0,-0.03813570401711131,7,-0.0172801683484464,8.191e-05,0.5,0
c_1109,ETHUSDT,1761868800000,0,train,control,,0.5308679737680818,0,3.1897428939692065,1,0.06559332140726955,0,-0.12809740955594295,0,0.007654449929285126,3.219e-05,0.5,-1
c_1110,ETHUSDT,1714608000000,0,train,control,,0.45824161493293425,0,1.5666082009306705,1,0.5818102697998208,0,-0.03135291663496794,0,0.009234997502714556,-8.6e-07,0.5,0
c_1111,ETHUSDT,1724209200000,0,train,control,,0.7542984638003425,0,0.1322556943423981,0,0.4941558441558346,0,-0.20094865295975517,3,-0.00024285174868772063,1.33e-05,0.5,-1
c_1112,ETHUSDT,1735916400000,0,train,control,,4.989284830240802,2,2.371670009840842,0,0.17722632875747554,0,0.21293523891608995,15,0.02037569106931702,0.0001,0.5,0
c_1113,ETHUSDT,1751698800000,0,train,control,,0.9462952246547153,0,0.33402309167960215,0,0.14705882352942926,0,-0.03851214009924731,7,0.004322868410986266,1.406e-05,0.5,0
c_1114,ETHUSDT,1759734000000,0,train,control,,2.0972747085501626,1,0.47632692646798785,0,0.3466798810703636,0,0.03672954944259124,7,0.00072618874496659,7.894e-05,0.5,0
c_1115,ETHUSDT,1761958800000,0,test,control,,0.43097624564792675,0,-0.34698467981010095,0,0.1014788373278845,0,-0.10684002725133057,1,0.0029798132428546535,6.032e-05,0.5,0
c_1116,ETHUSDT,1766034000000,0,test,control,,0.6066967284868447,0,0.07196477959023884,1,0.3239999999999782,0,-0.24104243444734633,5,0.0002141520341556008,-1.833e-05,0.5,0
c_1117,ETHUSDT,1770778800000,0,test,control,,0.4739211931294371,0,-0.011404430869316041,0,0.4394618834080692,0,-0.21212914251432208,3,-0.000577076052867494,-8.436e-05,0.5,-1
c_1118,ETHUSDT,1775944800000,0,test,control,,0.9117084859300685,3,1.7688731458932838,1,0.43359375000000805,0,0.20564502327788103,22,-0.016092165091227028,-3.26e-05,0.5,0
c_1119,ETHUSDT,1779213600000,0,test,control,,1.0435116586417121,1,-0.1562669662963759,0,0.32996108949414876,0,0.07141887505576086,18,-0.04662117238222606,3.588e-05,0.01069247373514889,0
c_1120,ETHUSDT,1714608000000,0,train,control,,0.45824161493293425,0,1.5666082009306705,1,0.5818102697998208,0,-0.03135291663496794,0,0.009234997502714556,-8.6e-07,0.5,0
c_1121,ETHUSDT,1724155200000,0,train,control,,1.450144493792218,0,-1.2207938900462612,0,0.10060975609756041,1,-0.10483507106516288,12,0.006844802231189382,1.977e-05,0.5,1
c_1122,ETHUSDT,1738094400000,0,train,control,,1.662925040309323,1,-1.056553936135085,0,0.09479808350444756,0,0.08461351148100535,20,0.013157620789628307,5.904e-05,0.5,1
c_1123,ETHUSDT,1750968000000,0,train,control,,0.581604368963313,0,0.10361842105263083,0,0.39420423183073,0,-0.028473236827947782,20,-0.0001420273563337993,9.06e-06,0.5,0
c_1124,ETHUSDT,1760216400000,0,train,control,,2.1513028120134776,1,-3.238118689977841,0,0.0647212869435098,1,0.06367161136008208,21,-0.0727876851446357,-1.73e-06,0.5,-1
d_225,FFUSDT,1775844000000,1,test,standard,36.313,4.49401292814288,1,3.9790427640894834,0,0.0,0,0.20024497909317324,18,0.039664745061040146,-0.00115995,0.5,1
d_226,FFUSDT,1760126400000,1,train,fast,18.1893,1.612234967981423,0,-2.0508613617719345,0,0.08638743455497294,1,0.047782866924695834,20,0.04750402032883795,5e-05,0.5,-1
d_227,FFUSDT,1775847600000,1,test,fast,11.5333,464.32364876634625,2,104.20813193062268,0,0.07566005516879042,0,17.657382893724087,19,0.36925585231308067,-0.00115995,0.5,1
c_1125,FFUSDT,1761958800000,0,test,control,,0.7329914924578635,0,2.1903080872914074,1,0.10810810810810355,0,-0.09728549616894817,1,-0.029454735815899254,-8.999e-05,0.5,0
c_1126,FFUSDT,1766408400000,0,test,control,,1.2845749985005712,0,0.10498687664042296,1,0.25806451612902165,0,0.0362338140780892,13,-0.013723797261400269,5e-05,0.5,1
c_1127,FFUSDT,1770656400000,0,test,control,,2.0944597286127817,2,2.0549704597996454,0,0.7826086956521686,0,0.10898297124909023,17,-0.00592462634606603,5e-05,0.5,0
c_1128,FFUSDT,1775275200000,0,test,control,,2.244623290448091,2,1.6203703703703647,1,0.38636363636364784,0,-0.009961056649759402,4,0.011425254302975802,-0.00058941,0.5,0
c_1129,FFUSDT,1779814800000,0,test,control,,12.235431592939097,4,10.798916723087332,1,0.41091954022988564,0,1.527636090220658,17,0.0750068945783759,5e-05,0.5,-1
c_1130,FFUSDT,1759237200000,0,train,control,,1.5170931142650836,0,-19.528559287918775,0,0.017153748411689478,1,0.03995305172937696,13,-0.10087608294835991,5e-05,0.5,0
c_1131,FFUSDT,1759852800000,0,train,control,,1.4425722479233467,0,-3.744612068965509,0,0.3699788583509508,0,0.055268104306685724,16,-0.023852209394529384,5e-05,0.5,-1
c_1132,FFUSDT,1760673600000,0,train,control,,0.6371015014853515,0,5.628350208457424,1,0.1319148936170179,0,-0.0698887213070689,4,-0.015344715664257325,5e-05,0.5,-1
c_1133,FFUSDT,1761274800000,0,train,control,,1.5440798557896889,0,-0.08301404853128433,0,0.5581787521079279,0,0.015141996403799676,3,-0.020497319225860903,5e-05,0.5,1
c_1134,FFUSDT,1761829200000,0,train,control,,1.4182897713206677,0,-4.610243469958409,0,0.5877192982456164,0,0.0487642460651094,13,-0.025525663495908586,5e-05,0.5,-1
c_1135,FFUSDT,1762797600000,0,test,control,,1.0333231924801995,1,-0.4591763524178517,0,0.3063063063063043,0,-0.019830714197732306,18,-0.0037910515644707064,5e-05,0.5,1
c_1136,FFUSDT,1766127600000,0,test,control,,0.5693159398350081,0,0.8321625418783021,0,0.30000000000000693,0,-0.04294922043353055,7,-0.027852101598452243,5e-05,0.5,0
c_1137,FFUSDT,1770242400000,0,test,control,,1.2694003425875575,1,0.598958333333336,1,0.10447761194030097,0,0.04069636087293298,22,-0.016433872416708933,5e-05,0.5,-1
c_1138,FFUSDT,1774328400000,0,test,control,,0.752314786376957,0,-0.40255413659080014,0,0.11111111111110683,1,-0.001089662839483734,5,-0.0016193376475581017,-0.00031617,0.5,1
c_1139,FFUSDT,1779170400000,0,test,control,,0.8456436404584351,0,0.6022042949664683,0,0.41121495327103663,0,-0.03224533385764812,6,-0.00702674208474337,5e-05,0.5,0
d_228,FILUSDT,1718647200000,1,train,standard,17.0717,1.5308909017981482,2,-0.17935432443203375,0,0.029411764705878897,0,0.1447910510267994,18,-0.015809018073238736,0.0001,0.5,0
d_229,FILUSDT,1720080000000,1,train,standard,17.6206,1.2901690451711667,0,-0.8434631605060732,0,0.14583333333332774,0,0.03719756326023469,8,0.00011018960728124849,9.085e-05,0.5,-1
d_230,FILUSDT,1722772800000,1,train,standard,19.9731,0.7063850646478259,0,0.460829493087555,1,0.36842105263158265,0,-0.017980605602458778,12,-0.005592333835467633,8.783e-05,0.5,-1
d_231,FILUSDT,1731398400000,1,train,standard,15.139,0.8782412092204012,0,0.22227161591466274,1,0.6136363636363723,0,0.012257863401071344,8,-0.006068551999966876,0.00047767,0.5,1
d_232,FILUSDT,1733702400000,1,train,standard,20.703,0.7401820226033413,0,1.3638703036541415,0,0.3218390804597662,0,-0.06520339875894728,0,-0.003231546980028548,0.00043436,0.5,1
d_233,FILUSDT,1734606000000,1,train,standard,22.6634,0.746055752792142,0,1.3349946600213471,1,0.3208955223880621,0,-0.24417568485173013,11,-4.37961922676557e-05,-7.23e-06,0.5,-1
d_234,FILUSDT,1738472400000,1,train,standard,33.3796,1.5211105677780092,1,-3.8852496046984353,0,0.43617021276595996,0,0.07417002262416031,5,-0.012451257341663215,2.3e-05,0.5,-1
d_235,FILUSDT,1740963600000,1,train,standard,16.1558,2.5676270474933833,1,-0.5332584900364897,0,0.333333333333331,0,-0.2824530377154844,1,0.020333959965452543,0.0001,0.5,1
d_236,FILUSDT,1743919200000,1,train,standard,19.6918,0.6537064097621836,0,-0.4084663943557416,0,0.13636363636364005,0,0.005174997196321737,6,-0.0011395316486270638,0.0001,0.5,0
d_237,FILUSDT,1760097600000,1,train,standard,35.0914,0.9259661815967868,0,1.2335176520629483,1,0.5000000000000159,0,-0.014224023511535679,12,0.010638994723633104,0.0001,0.5,0
d_238,FILUSDT,1762124400000,1,test,standard,15.2461,0.7088993118734068,0,1.165644171779149,0,0.1724137931034451,0,-0.16828510166214167,23,0.004250235205780551,2.245e-05,0.5,0
d_239,FILUSDT,1762603200000,1,test,standard,24.7401,0.8493823392441595,0,0.3981623277182205,1,0.16228070175438547,0,-0.04158177876960296,12,-0.02337109947764013,-2.47e-05,0.5,1
d_240,FILUSDT,1762830000000,1,test,standard,15.3398,0.6722249078311289,0,-1.592233009708752,0,0.6250000000000047,0,0.021254534192998806,3,-0.025415784904895274,0.0001,0.5,0
d_241,FILUSDT,1769796000000,1,test,standard,15.4752,1.2657845177569478,3,1.291989664082679,1,0.5294117647058855,0,0.07744115194500216,18,0.008251073149057304,-0.00022309,0.5,-1
d_242,FILUSDT,1770249600000,1,test,standard,17.7312,1.0835989088560756,0,-1.7773620205799725,0,0.3749999999999954,0,-0.040683797713222475,0,0.0023293903825065323,5.948e-05,0.5,-1
d_243,FILUSDT,1738540800000,1,train,fast,14.1707,4.061957022279551,2,-4.988123515439431,0,0.04,0,0.13233238178914467,0,0.03150470926933387,5.464e-05,0.5,-1
d_244,FILUSDT,1760126400000,1,train,fast,25.2868,3.6453500306620867,3,-3.6585365853658383,0,0.11666666666666851,1,0.1352012717717983,20,-0.013352963883171441,0.0001,0.5,-1
d_245,FILUSDT,1762556400000,1,test,fast,12.7445,0.5759513466183495,0,1.405922823810953,0,0.21052631578947378,0,-0.0035287004175510103,23,0.0038561551174930743,-0.00279535,0.5,1
c_1140,FILUSDT,1714608000000,0,train,control,,0.6958684089332804,0,2.420222301900319,0,0.3456790123456759,0,-0.02511945564243947,0,-9.55055465900387e-05,0.0001,0.5,0
c_1141,FILUSDT,1728176400000,0,train,control,,0.6886497281870124,0,1.1210762331838575,0,0.3529411764706036,0,-0.060744025593384106,1,-0.0007974337808930222,0.0001,0.5,0
c_1142,FILUSDT,1739919600000,0,train,control,,0.3983135741735931,0,0.031230480949403183,0,0.6052631578947363,0,-0.012574390987773581,23,0.0041098032617000214,-0.00026607,0.5,0
c_1143,FILUSDT,1751083200000,0,train,control,,0.49468632297142445,0,-0.7692307692307649,0,0.3333333333333333,1,-0.1672411126702507,4,-0.0019282789996650784,4.082e-05,0.5,0
c_1144,FILUSDT,1761868800000,0,train,control,,0.7163326473123135,0,3.9090262970859944,1,0.07142857142857142,0,-0.10689605069331012,0,-0.016214575710936416,-0.00034907,0.5,-1
c_1145,FILUSDT,1714608000000,0,train,control,,0.6958684089332804,0,2.420222301900319,0,0.3456790123456759,0,-0.02511945564243947,0,-9.55055465900387e-05,0.0001,0.5,0
c_1146,FILUSDT,1725040800000,0,train,control,,1.839794245858299,3,-3.268864069735758,0,0.34090909090908333,0,0.24304086428667065,18,-0.003210170464719644,-2.413e-05,0.5,-1
c_1147,FILUSDT,1736578800000,0,train,control,,0.5494846515241677,0,-0.5421103581800671,0,0.24999999999999076,0,-0.029875139709274943,7,-0.004175199680418669,8.258e-05,0.5,0
c_1148,FILUSDT,1751022000000,0,train,control,,0.6983189191304958,0,-0.6395614435815548,0,0.0999999999999889,0,0.032480827930650685,11,-0.005567671155322907,-5.59e-05,0.5,0
c_1149,FILUSDT,1761868800000,0,train,control,,0.7163326473123135,0,3.9090262970859944,1,0.07142857142857142,0,-0.10689605069331012,0,-0.016214575710936416,-0.00034907,0.5,-1
c_1150,FILUSDT,1714608000000,0,train,control,,0.6958684089332804,0,2.420222301900319,0,0.3456790123456759,0,-0.02511945564243947,0,-9.55055465900387e-05,0.0001,0.5,0
c_1151,FILUSDT,1727409600000,0,train,control,,0.9194304852565747,0,1.9507437210436498,0,0.08860759493670502,0,-0.02059698847011965,4,0.0021103159649632722,0.0001,0.5,1
c_1152,FILUSDT,1739649600000,0,train,control,,0.8027051179565637,0,-1.0459035444509015,0,0.08108108108107233,0,0.0246288334318212,20,-0.002204250074203187,3.73e-06,0.5,0
c_1153,FILUSDT,1748941200000,0,train,control,,2.3895814430041042,1,-0.3429878048780448,0,0.1315789473684189,1,-0.05329026925990919,9,-0.0009602199476111768,0.0001,0.5,0
c_1154,FILUSDT,1759532400000,0,train,control,,0.3881804859145546,0,-0.4145936981757789,0,0.5000000000000159,0,-0.030736494770374243,23,-0.011375996975343729,0.0001,0.5,1
c_1155,FILUSDT,1714698000000,0,train,control,,0.7863098855596523,0,-0.28721067747929485,0,0.3389830508474645,1,-0.04783752021739441,1,-0.06316151011031564,0.0001,0.5,1
c_1156,FILUSDT,1726894800000,0,train,control,,1.4977566725814773,0,-1.6184664367206139,0,0.18918918918919048,1,-0.017789300978302943,5,0.005704295501140816,0.0001,0.5,-1
c_1157,FILUSDT,1739700000000,0,train,control,,1.6031200660755522,0,0.35294117647058854,0,0.10416666666666531,0,0.03653845989019462,10,0.007595916252085657,-0.0001354,0.5,0
c_1158,FILUSDT,1750050000000,0,train,control,,0.8751474621290102,0,1.7398508699254274,0,0.3461538461538448,0,-0.037872769407626065,5,-0.01631588680013358,8.417e-05,0.5,0
c_1159,FILUSDT,1759582800000,0,train,control,,1.011162981010657,2,-0.8554319931565447,0,0.5714285714285624,0,0.07755390033842123,13,-0.003324462633773818,9.527e-05,0.5,1
c_1160,FILUSDT,1715158800000,0,train,control,,1.3078764903818907,0,-0.1392757660167132,0,0.17808219178082174,0,-0.012319304992136012,9,-0.003538354300298332,2.462e-05,0.5,-1
c_1161,FILUSDT,1728723600000,0,train,control,,2.517676166670632,1,1.2545302481182026,0,0.4166666666666626,0,0.012963973964309582,9,-0.0030517272391484885,0.0001,0.5,1
c_1162,FILUSDT,1740420000000,0,train,control,,0.978406476577613,2,-0.8631319358816284,0,0.6315789473684174,0,0.08545166983617433,18,0.003292490656309498,-0.0001469,0.5,-1
c_1163,FILUSDT,1749902400000,0,train,control,,0.553390537491475,0,0.04105090311986411,0,0.5333333333333452,0,-0.06122769582423931,12,-0.0030511214917584213,0.0001,0.5,0
c_1164,FILUSDT,1761451200000,0,train,control,,0.958114420351039,0,-0.8333333333333411,0,0.4,0,0.023121872548644912,4,-0.002182822667303424,3.56e-06,0.5,0
c_1165,FILUSDT,1714608000000,0,train,control,,0.6958684089332804,0,2.420222301900319,0,0.3456790123456759,0,-0.02511945564243947,0,-9.55055465900387e-05,0.0001,0.5,0
c_1166,FILUSDT,1725058800000,0,train,control,,0.6056516682815715,0,0.3866335266500909,0,0.41379310344827747,0,-0.12270911565194202,23,-0.0023623533200951806,-2.413e-05,0.5,0
c_1167,FILUSDT,1736802000000,0,train,control,,0.892092710817737,0,2.549101546176364,0,0.09259259259259066,0,-0.0724592182024954,21,-0.0004891703202729184,-8.17e-06,0.5,-1
c_1168,FILUSDT,1751155200000,0,train,control,,0.7651687773600069,0,0.7555555555555513,1,0.05882352941175856,0,-0.011001445321547893,0,-0.00121757290349681,0.0001,0.5,0
c_1169,FILUSDT,1760781600000,0,train,control,,0.7416331096636812,0,0.6743088334457187,1,0.31249999999999306,0,0.01002184923591722,10,0.015188344759744492,-0.00015831,0.5,1
c_1170,FILUSDT,1716202800000,0,train,control,,0.5760457877941556,0,1.1252268602540887,1,0.7777777777777821,0,-0.0022843595463822495,11,0.006991461046647182,1.231e-05,0.5,0
c_1171,FILUSDT,1724724000000,0,train,control,,0.5065499273823137,0,1.0966590155572598,0,0.5510204081632688,0,-0.12659935763309949,2,-0.007568453708275089,1.69e-06,0.5,-1
c_1172,FILUSDT,1740351600000,0,train,control,,1.0945539020819925,0,-0.4401408450704262,0,0.13513513513514455,0,-0.1274572815033506,23,-0.004419366084717507,0.0001,0.5,0
c_1173,FILUSDT,1748739600000,0,train,control,,0.9564804737525998,0,-1.1111111111111078,0,0.03999999999999573,1,-0.017850438332147,1,-0.01441253133898342,-0.00020822,0.5,0
c_1174,FILUSDT,1759424400000,0,train,control,,1.8164741456156208,1,-0.7209499575911749,0,0.55555555555555,0,0.08252866398803613,17,0.009661223315820673,0.0001,0.5,1
c_1175,FILUSDT,1716282000000,0,train,control,,0.5411144041526793,0,0.7888249794576835,1,0.11363636363638015,0,-0.13323406473054344,9,-0.005594640505376747,0.0001,0.5,1
c_1176,FILUSDT,1724976000000,0,train,control,,0.4594766171591511,0,0.0,0,0.24999999999999536,0,0.00045836063344032227,0,-0.006232150919013202,-2.546e-05,0.5,0
c_1177,FILUSDT,1736928000000,0,train,control,,1.1847060825176177,0,0.7465543644716635,0,0.2058823529411784,0,-0.006129058901308488,8,-0.0080266034838442,0.0001,0.5,1
c_1178,FILUSDT,1749207600000,0,train,control,,0.5770700461595007,0,-1.0322047894302375,0,0.6315789473684321,1,-0.09932635350159619,11,-0.016181113198360603,-0.00021837,0.5,0
c_1179,FILUSDT,1759701600000,0,train,control,,0.3946826079121803,0,-0.852878464818764,0,0.3333333333333333,0,0.007751300844772121,22,-0.027104539286419427,0.0001,0.5,0
c_1180,FILUSDT,1715572800000,0,train,control,,3.9733188650547575,3,-2.981078186362026,0,0.02325581395348573,0,0.2635347146794029,4,-0.019515861999911947,0.0001,0.5,0
c_1181,FILUSDT,1726390800000,0,train,control,,1.1135779029425539,0,0.0,0,0.23809523809525018,0,0.016214543655090972,9,0.0018747279309790465,1.32e-05,0.5,0
c_1182,FILUSDT,1737529200000,0,train,control,,0.7237295290756816,0,-1.5264262545315792,0,0.36363636363635776,1,-0.02016547824002142,7,-0.0012610691959148827,0.0001,0.5,1
c_1183,FILUSDT,1752433200000,0,train,control,,0.9510329727174041,1,0.3082851637764935,1,0.32142857142856746,0,0.08683372130116761,19,0.009031009543211429,0.0001,0.5,1
c_1184,FILUSDT,1761868800000,0,train,control,,0.7163326473123135,0,3.9090262970859944,1,0.07142857142857142,0,-0.10689605069331012,0,-0.016214575710936416,-0.00034907,0.5,-1
c_1185,FILUSDT,1715900400000,0,train,control,,0.38482646227349315,0,1.2877050626212807,1,0.12727272727272199,0,-0.12942058492936287,23,-0.00168988908960597,0.0001,0.5,-1
c_1186,FILUSDT,1728252000000,0,train,control,,0.9385985748109651,1,-0.46397379912664705,0,0.2972972972972892,1,0.010735729808781454,22,0.007094653535108019,0.0001,0.5,0
c_1187,FILUSDT,1737727200000,0,train,control,,1.0326817331728102,0,1.1925708699902238,1,0.3157894736842048,0,-0.010032339303593329,14,-0.007534574506473729,0.0001,0.5,1
c_1188,FILUSDT,1748631600000,0,train,control,,0.8319521776577795,1,-2.821670428893895,0,0.45161290322579767,0,0.10062082057362595,19,-0.01860085243188426,-1.14e-05,0.5,0
c_1189,FILUSDT,1760493600000,0,train,control,,0.4576875947414398,0,-0.7751937984496197,0,0.1363636363636414,0,-0.15552050835287728,2,-0.015588962611799852,0.0001,0.5,-1
c_1190,FILUSDT,1763499600000,0,test,control,,0.2565284916023719,0,-2.094763092269318,0,0.5499999999999945,0,-0.041921851688445956,21,-0.033063945157234056,-0.00010506,0.5,0
c_1191,FILUSDT,1767196800000,0,test,control,,2.80427352759323,2,-1.3513513513513524,0,0.0,1,0.11644940516348326,16,-0.0004541443394200839,-0.00014664,0.5,-1
c_1192,FILUSDT,1771621200000,0,test,control,,1.0857162867298216,2,-0.31479538300104964,0,0.2727272727272727,0,0.04687235374138641,21,-0.008335910620194611,0.0001,0.5,0
c_1193,FILUSDT,1775343600000,0,test,control,,0.6649441551584248,0,-1.062573789846518,0,0.4,1,-0.050047459537723375,23,-0.007548174561019024,7.05e-05,0.5,0
c_1194,FILUSDT,1779793200000,0,test,control,,1.597845469887473,0,1.91339375629406,0,0.12499999999999595,0,0.05526601504365591,11,0.02866197977495112,0.0001,0.5,0
c_1195,FILUSDT,1763625600000,0,test,control,,0.4905332693973354,0,1.2931034482758512,0,0.10000000000000112,0,-0.03300747812749356,8,-0.02226406737451583,0.0001,0.5,0
c_1196,FILUSDT,1766959200000,0,test,control,,1.7898415452180374,1,-1.934523809523811,0,0.2173913043478223,0,0.04016481082007243,22,-0.02835760354311276,0.0001,0.5,0
c_1197,FILUSDT,1771804800000,0,test,control,,1.0033290259598155,0,0.6500541711809322,0,0.3076923076923077,0,-0.1223496864060609,0,-0.006009921855553385,-0.00044543,0.5,0
c_1198,FILUSDT,1775142000000,0,test,control,,2.6513506450146522,2,1.1097410604192228,0,0.10526315789473746,0,0.05320455582016396,15,0.012554369921905131,-0.00017954,0.5,-1
c_1199,FILUSDT,1779339600000,0,test,control,,1.3470358817001347,0,1.0214504596527076,1,0.6666666666666666,0,0.03221127740965263,5,-0.005632843007001334,2.12e-06,0.5,1
c_1200,FILUSDT,1763244000000,0,test,control,,0.6279563479223705,0,-4.253308128544438,0,0.511627906976743,1,-0.0369067984680926,22,-0.04710646840503097,2.31e-06,0.5,0
c_1201,FILUSDT,1766761200000,0,test,control,,2.563576782262094,2,-1.3687600644122306,0,0.03999999999999573,1,0.0568421123048874,15,-0.010584162424344068,3.2e-05,0.5,0
c_1202,FILUSDT,1771297200000,0,test,control,,0.7565791507240835,0,0.2051282051282053,0,0.16666666666666666,0,-0.1568604064387971,3,-0.019194418660257114,3.287e-05,0.5,0
c_1203,FILUSDT,1776528000000,0,test,control,,0.8962836983127374,0,0.6315789473684217,1,0.8,0,0.015283274434470293,16,-0.001350566230594445,7.449e-05,0.5,-1
c_1204,FILUSDT,1779814800000,0,test,control,,2.3434607478162395,4,0.8884501480750364,1,0.052631578947373955,0,0.16310174388132842,17,0.06660879135237657,-0.00011568,0.5,-1
c_1205,FILUSDT,1762376400000,0,test,control,,0.5524980370686928,0,0.2142857142857224,0,0.6842105263157876,0,0.012039735740030585,21,-0.010640759904398922,-0.0005587,0.5,1
c_1206,FILUSDT,1766415600000,0,test,control,,2.751773522923592,1,0.3039513677811553,0,0.4583333333333287,0,0.07213289527283734,15,-0.026302442865422986,-1.53e-06,0.5,1
c_1207,FILUSDT,1772121600000,0,test,control,,1.7547436594304857,0,0.6944444444444341,1,0.3333333333333374,0,0.02823049766666952,16,-0.0052739691378350835,6.138e-05,0.5,0
c_1208,FILUSDT,1776009600000,0,test,control,,0.9111048368647404,0,-0.34762456546929343,0,0.16666666666666666,0,0.04952089838923395,16,-0.004981509274667762,9.291e-05,0.5,-1
c_1209,FILUSDT,1779076800000,0,test,control,,1.1628191778672436,2,0.637619553666313,0,0.5,0,0.20795332071598288,4,-0.008208212084400115,-0.00010705,0.5,-1
c_1210,FILUSDT,1762376400000,0,test,control,,0.5524980370686928,0,0.2142857142857224,0,0.6842105263157876,0,0.012039735740030585,21,-0.010640759904398922,-0.0005587,0.5,1
c_1211,FILUSDT,1767690000000,0,test,control,,0.49822281646857935,0,-2.013845185651355,0,0.5384615384615424,0,-0.03109943320268306,9,-0.014212517059764423,-2.289e-05,0.5,0
c_1212,FILUSDT,1772550000000,0,test,control,,1.6309310802753179,0,-0.3051881993896239,0,0.5,0,0.0015540038876057905,15,0.003821073312797645,-3.231e-05,0.5,0
c_1213,FILUSDT,1776067200000,0,test,control,,0.8280070094671125,0,-0.8101851851851858,0,0.125,0,-0.07227907750323503,8,0.004248435416808467,6.372e-05,0.5,-1
c_1214,FILUSDT,1779328800000,0,test,control,,2.2809754971923506,2,1.656314699792962,0,0.2857142857142857,0,-0.05977923336384199,2,-0.015511657955984732,2.12e-06,0.5,1
c_1215,FILUSDT,1714608000000,0,train,control,,0.6958684089332804,0,2.420222301900319,0,0.3456790123456759,0,-0.02511945564243947,0,-9.55055465900387e-05,0.0001,0.5,0
c_1216,FILUSDT,1725912000000,0,train,control,,1.0067443660348867,2,4.089861751152071,1,0.04651162790698179,0,0.09490528171179034,20,0.0211798141286557,6.62e-05,0.5,1
c_1217,FILUSDT,1737745200000,0,train,control,,0.7982771418358162,0,-0.7941119504164316,0,0.387755102040823,0,0.023888060042632695,19,0.004314054443517183,0.0001,0.5,0
c_1218,FILUSDT,1750852800000,0,train,control,,0.9875466281106647,0,-0.2625820568927889,0,0.04347826086956102,0,0.029013869700370197,12,0.03220441917884291,3.577e-05,0.5,1
c_1219,FILUSDT,1759827600000,0,train,control,,3.0145680137289506,1,-1.4125467386788453,0,0.13333333333333433,0,0.15364163710702194,9,-0.030351949196955007,0.0001,0.5,0
c_1220,FILUSDT,1715634000000,0,train,control,,0.33579632393085157,0,-1.2865703207613746,0,0.3636363636363673,0,-0.012252277251080213,21,-0.010829137242453355,0.0001,0.5,1
c_1221,FILUSDT,1726981200000,0,train,control,,0.6070748388798266,0,-0.9632908096849873,0,0.38888888888889983,0,0.08959373686421175,5,-0.002958342938544815,0.0001,0.5,0
c_1222,FILUSDT,1739948400000,0,train,control,,0.6551579444426817,0,0.0,0,0.22857142857143076,0,-0.056647030947292606,7,0.005005086997358042,-2.981e-05,0.5,0
c_1223,FILUSDT,1751205600000,0,train,control,,0.8290440751208847,0,-0.4835164835164888,0,0.3750000000000139,0,-0.000421183138460468,14,0.003774537140694508,0.0001,0.5,0
c_1224,FILUSDT,1761854400000,0,train,control,,1.6306829121377353,1,-3.69609856262834,0,0.36363636363636365,0,0.07342841721210203,20,-0.004968859876667849,-0.00032806,0.5,-1
c_1225,FILUSDT,1763082000000,0,test,control,,1.9952404869713236,0,2.705361534677824,0,0.5505617977528084,0,-0.028447435746504737,1,-0.007890399578838988,0.0001,0.5,-1
c_1226,FILUSDT,1767585600000,0,test,control,,0.772114042306904,1,1.6756032171581712,1,0.3571428571428651,0,0.04227606078877706,4,-0.020553581370167873,-0.00017343,0.5,1
c_1227,FILUSDT,1772607600000,0,test,control,,0.7516649735858916,0,-0.8919722497522199,0,0.36363636363636365,0,-0.014552507606430846,7,0.00021254856758568986,9.803e-05,0.5,0
c_1228,FILUSDT,1776499200000,0,test,control,,0.6991728253590751,0,1.0224948875255633,1,0.5714285714285714,0,-0.03972355325284633,8,-0.005614288905350251,3.601e-05,1.0,1
c_1229,FILUSDT,1779390000000,0,test,control,,1.2992634158656589,0,2.1428571428571335,0,0.538461538461547,0,0.009574370165054155,19,-0.014974535139363929,-0.00010081,0.5,0
d_246,GUAUSDT,1768525200000,1,test,standard,16.1821,5.0377656759504825,4,3.754896888166163,0,0.16062176165803305,0,0.0695741235106837,1,,0.00080114,0.5,-1
d_247,GUAUSDT,1772161200000,1,test,standard,23.1364,0.4159675838550889,0,1.7024759566196017,0,0.28273809523809107,0,-0.1050358076824011,3,,0.00046674,0.5,-1
d_248,GUAUSDT,1777561200000,1,test,standard,20.6371,2.491712369349367,2,3.693444136657437,0,0.3665594855305489,0,0.16979036213852441,15,,0.00092822,0.5,0
d_249,GUAUSDT,1778648400000,1,test,standard,24.8881,4.543018817445196,2,13.381250955803626,1,0.09532062391681212,0,0.3043067112032862,5,,0.00140443,0.5,0
d_250,GUAUSDT,1779170400000,1,test,standard,20.4824,1.4274152701606095,1,0.3490183857899688,0,0.1554192229038867,0,0.10427255439379134,6,,5e-05,0.5,0
d_251,GUAUSDT,1779469200000,1,test,standard,24.9854,0.8951870670183397,1,-0.5878467635402845,0,0.22923076923076807,0,0.027672259722387828,17,,-0.00025482,0.5,0
d_252,GUAUSDT,1779620400000,1,test,standard,20.1286,1.9212666701664889,0,5.198602296227623,0,0.44074074074074115,0,0.05653622642588763,11,,-0.00034796,0.5,1
d_253,GUAUSDT,1779814800000,1,test,standard,40.0526,1.3626780588305025,0,-14.78336599172654,0,0.12090163934426275,1,-0.004028848080874182,17,,-0.00015987,0.5,-1
d_254,GUAUSDT,1778648400000,1,test,fast,10.1304,4.543018817445196,2,13.381250955803626,1,0.09532062391681212,0,0.3043067112032862,5,,0.00140443,0.5,0
d_255,GUAUSDT,1779282000000,1,test,fast,10.1701,3.573272627392644,1,-3.209080717488794,0,0.07339449541284496,0,0.010370105178250072,13,,0.00019459,0.5,0
d_256,GUAUSDT,1779537600000,1,test,fast,11.2081,0.8273478709179212,0,0.33184133353912415,0,0.39153439153438896,0,-0.06819191603956415,12,,-0.00024119,0.5,-1
d_257,GUAUSDT,1779782400000,1,test,fast,12.1985,1.4104613124307013,0,-7.65852149706156,0,0.5449438202247189,1,0.00933283885400056,8,,-0.00043016,0.5,0
d_258,GUAUSDT,1779879600000,1,test,fast,10.6494,0.4749862735145006,0,-10.05081452697654,0,0.646239554317551,0,-0.01581603820928563,11,,-0.00245189,0.5,-1
d_259,GUAUSDT,1779894000000,1,test,fast,25.8007,5.120828257778945,3,-3.629266672203293,0,0.20285969615728278,0,0.39885130545176517,15,,-0.00116125,0.5,-1
c_1230,GUAUSDT,1766829600000,0,test,control,,1.3087684306453835,0,0.39804295546893964,1,0.65951742627346,0,-0.23242665273425642,10,,5e-05,0.5,-1
c_1231,GUAUSDT,1769072400000,0,test,control,,0.6713022592618124,1,-1.187175659344549,0,0.48245614035087186,0,0.09876522986392407,9,,5e-05,0.5,0
c_1232,GUAUSDT,1772733600000,0,test,control,,0.47525933584864977,0,0.6360946745562128,1,0.426267281105994,0,0.007283720197113818,18,,0.00030194,0.5,-1
c_1233,GUAUSDT,1775448000000,0,test,control,,0.5626334467478205,0,-2.3750397962432417,0,0.5394321766561557,0,-0.11938014635081694,4,,0.00014065,0.5,1
c_1234,GUAUSDT,1778464800000,0,test,control,,0.32788848934949816,0,-0.17327268789257588,0,0.1684210526315846,0,-0.1808911480034968,2,,0.00032019,0.5,1
c_1235,GUAUSDT,1766523600000,0,test,control,,0.5063073082872979,0,-4.928146866300504,0,0.13333333333332628,0,0.013933464512499947,21,,7.658e-05,0.5,0
c_1236,GUAUSDT,1770105600000,0,test,control,,1.1865400285920165,0,3.5430308699719424,1,0.2811059907834128,0,-0.007527073783261915,8,,-1.43e-06,0.5,1
c_1237,GUAUSDT,1772514000000,0,test,control,,0.7160098269154919,1,2.6603733104483944,0,0.4621848739495832,0,0.07885960866512905,5,,0.00046594,0.5,1
c_1238,GUAUSDT,1775372400000,0,test,control,,1.1645324479795642,0,-0.8476548861388031,0,0.4542443064182162,0,-0.046271836915371026,7,,0.00028163,0.5,0
c_1239,GUAUSDT,1778994000000,0,test,control,,0.5415551907013092,0,1.264744429882036,1,0.5020080321285094,0,-0.1283135922709281,5,,5e-05,0.5,-1
c_1240,GUAUSDT,1766462400000,0,test,control,,0.6890364640693004,0,-3.997569045850502,0,0.38243243243243286,0,-0.013759306650273275,4,,0.00017707,0.5,0
c_1241,GUAUSDT,1769680800000,0,test,control,,1.5586169866011663,2,-0.12113484220592652,0,0.4857142857142883,0,0.009919177807539616,10,,0.00077827,0.5,-1
c_1242,GUAUSDT,1771902000000,0,test,control,,0.6681959283066056,0,0.24683739586548067,1,0.3626943005181403,0,-0.037181923971705645,3,,5e-05,0.5,-1
c_1243,GUAUSDT,1774954800000,0,test,control,,1.4512169818575003,1,0.9191951116729858,0,0.36548913043477965,0,0.1400333514308264,11,,0.00049457,0.5,-1
c_1244,GUAUSDT,1778090400000,0,test,control,,4.277004776842078,2,2.9506022764946342,1,0.8475750577367219,0,0.04142442505723221,18,,0.0006293,0.5,0
c_1245,GUAUSDT,1766602800000,0,test,control,,1.9304137577613962,0,-3.9347997546227393,0,0.07087827426810514,1,-0.023206913688316327,19,,0.00027261,0.5,0
c_1246,GUAUSDT,1769601600000,0,test,control,,1.1960915588528,0,0.20570670205707015,0,0.4166666666666631,0,-9.87416086342327e-05,12,,0.00040293,0.5,1
c_1247,GUAUSDT,1771819200000,0,test,control,,0.22326822960313147,0,-1.6815522020326348,0,0.2202380952380859,0,-0.10836427002088125,4,,5e-05,0.5,-1
c_1248,GUAUSDT,1775289600000,0,test,control,,0.6889609348908879,0,-0.4217829197627039,0,0.31369294605809306,0,-0.037481553590405246,8,,0.00029048,0.5,0
c_1249,GUAUSDT,1778994000000,0,test,control,,0.5415551907013092,0,1.264744429882036,1,0.5020080321285094,0,-0.1283135922709281,5,,5e-05,0.5,-1
c_1250,GUAUSDT,1766458800000,0,test,control,,0.4625305115759861,0,-3.777239709443113,0,0.45811965811965655,0,-0.06268905958518214,3,,0.00058856,0.5,0
c_1251,GUAUSDT,1769144400000,0,test,control,,1.1878248186806029,1,-1.74598704590257,0,0.16587677725119282,0,-0.1704235264324086,5,,5e-05,0.5,0
c_1252,GUAUSDT,1773064800000,0,test,control,,1.8579733845585056,1,-1.692913385826756,0,0.09567198177675978,0,0.04549604231969827,14,,5e-05,0.5,1
c_1253,GUAUSDT,1775790000000,0,test,control,,0.75312839531064,0,1.0818615138149907,1,0.05863956215793826,0,-0.004704262058100947,3,,0.00075334,0.5,1
c_1254,GUAUSDT,1778994000000,0,test,control,,0.5415551907013092,0,1.264744429882036,1,0.5020080321285094,0,-0.1283135922709281,5,,5e-05,0.5,-1
c_1255,GUAUSDT,1766397600000,0,test,control,,0.7033418230777391,0,0.7004646646785374,0,0.4293405114401063,0,0.006410384858061384,10,,0.00019927,0.5,1
c_1256,GUAUSDT,1770008400000,0,test,control,,1.818827795620137,2,1.2015770699042525,1,0.47386759581881804,0,0.08819054172185072,5,,0.00142031,0.5,-1
c_1257,GUAUSDT,1772506800000,0,test,control,,1.3843595180432313,0,5.1484800562291255,0,0.24836601307189832,0,0.02751178981436892,3,,5e-05,0.5,1
c_1258,GUAUSDT,1775718000000,0,test,control,,0.49065314113857805,1,-4.358176861344699,0,0.35106382978723216,0,0.04150112004846271,7,,5.351e-05,0.5,0
c_1259,GUAUSDT,1778216400000,0,test,control,,0.5447864746237471,0,1.5847496554892093,1,0.49645390070921236,0,-0.1775839556800008,5,,0.00013205,0.5,-1
c_1260,GUAUSDT,1766934000000,0,test,control,,1.4115441076231992,2,2.6639859261120904,0,0.15224913494809528,0,0.07218473285637306,15,,9.184e-05,0.5,0
c_1261,GUAUSDT,1769126400000,0,test,control,,0.4193360961494262,0,-0.22319871660737042,0,0.4008438818565339,0,-0.12145727099124996,0,,0.00030004,0.5,0
c_1262,GUAUSDT,1773043200000,0,test,control,,0.6816164514488445,0,0.763554935575062,1,0.1598746081504722,0,0.02611725579113413,8,,0.00024435,0.5,0
c_1263,GUAUSDT,1775750400000,0,test,control,,1.4978903362583829,0,-0.01628299851418137,0,0.27736625514403174,0,0.04125770642355259,16,,0.00078422,0.5,1
c_1264,GUAUSDT,1778994000000,0,test,control,,0.5415551907013092,0,1.264744429882036,1,0.5020080321285094,0,-0.1283135922709281,5,,5e-05,0.5,-1
c_1265,GUAUSDT,1766826000000,0,test,control,,0.9300509095882127,0,0.5219552609776236,0,0.058823529411765836,0,-0.20030781922520263,9,,5e-05,0.5,-1
c_1266,GUAUSDT,1769871600000,0,test,control,,2.0452079287119185,2,-0.21436227224009013,0,0.09627329192546728,0,-0.02267905198462437,15,,0.00050297,0.5,-1
c_1267,GUAUSDT,1773021600000,0,test,control,,0.6010881438980157,0,0.9662921348314498,1,0.13131313131313302,0,-0.04029909836694431,2,,6.238e-05,0.5,-1
c_1268,GUAUSDT,1775858400000,0,test,control,,2.3490229104298703,1,-0.11878688889715373,0,0.5586658725431781,0,-0.03397067699679064,22,,0.00163363,0.5,1
c_1269,GUAUSDT,1778310000000,0,test,control,,1.0874880270143026,0,-2.0986009327115163,0,0.333333333333331,0,0.01022846879605889,7,,0.00012427,0.5,0
c_1270,GUAUSDT,1766484000000,0,test,control,,0.49349301897390757,0,-0.3949009283635771,0,0.2749445676274933,0,-0.022533976185928693,10,,0.00029494,0.5,-1
c_1271,GUAUSDT,1769032800000,0,test,control,,0.20305289196475723,0,1.278994146975933,0,0.48031496062992335,0,-0.0372160801690644,22,,0.000396,0.5,0
c_1272,GUAUSDT,1772672400000,0,test,control,,0.6535722277396434,1,-1.5815353001614492,0,0.2337164750957851,0,-0.09734087094043056,1,,0.00049234,0.5,1
c_1273,GUAUSDT,1775469600000,0,test,control,,1.0789958610799604,0,5.140654613599096,1,0.6875621890547261,0,0.032252220141611554,10,,0.00012782,0.5,1
c_1274,GUAUSDT,1778968800000,0,test,control,,0.7335518506067392,0,1.6790800993074648,0,0.19154228855721486,0,0.009923187339143043,22,,0.00015431,0.5,0
c_1275,GUAUSDT,1766901600000,0,test,control,,0.8826449336004444,0,-1.478925314271626,0,0.054644808743171014,0,0.050112308748313975,6,,0.00023138,0.5,0
c_1276,GUAUSDT,1769572800000,0,test,control,,0.6398058534279091,0,0.09407337723424354,0,0.08256880733945515,0,-0.03582297933809013,4,,0.00027881,0.5,0
c_1277,GUAUSDT,1772856000000,0,test,control,,0.9989843718865443,0,3.925169287271889,1,0.2067415730337047,0,0.08393559254859989,4,,0.00057636,0.5,-1
c_1278,GUAUSDT,1775163600000,0,test,control,,0.3204476944360652,0,7.620281357241882,1,0.2068079640333972,0,-0.25474160514469546,21,,0.00015898,0.5,-1
c_1279,GUAUSDT,1778994000000,0,test,control,,0.5415551907013092,0,1.264744429882036,1,0.5020080321285094,0,-0.1283135922709281,5,,5e-05,0.5,-1
c_1280,GUAUSDT,1766397600000,0,test,control,,0.7033418230777391,0,0.7004646646785374,0,0.4293405114401063,0,0.006410384858061384,10,,0.00019927,0.5,1
c_1281,GUAUSDT,1769695200000,0,test,control,,0.8759539740690298,0,1.1163562133197253,0,0.5302491103202803,0,0.04508976952763138,14,,0.00081468,0.5,-1
c_1282,GUAUSDT,1773216000000,0,test,control,,0.6407593508463452,0,-0.4229456923514446,0,0.23829787234043137,0,-0.030668298651723228,8,,0.00020968,0.5,-1
c_1283,GUAUSDT,1775120400000,0,test,control,,1.1063143685567176,0,4.722431549861837,0,0.45155532891381983,0,-0.010844783917103374,9,,0.00082604,0.5,-1
c_1284,GUAUSDT,1778994000000,0,test,control,,0.5415551907013092,0,1.264744429882036,1,0.5020080321285094,0,-0.1283135922709281,5,,5e-05,0.5,-1
c_1285,GUAUSDT,1766908800000,0,test,control,,0.9759678207698677,1,-1.5751278245093263,0,0.17611940298507647,0,0.06192319364529338,8,,5e-05,0.5,0
c_1286,GUAUSDT,1770109200000,0,test,control,,0.6897008191663574,0,3.2746029906108665,0,0.4125874125874174,0,-0.05735566513197437,9,,0.00013978,0.5,1
c_1287,GUAUSDT,1771801200000,0,test,control,,1.3041122125983393,0,-0.4186639160245276,0,0.16317991631799203,0,0.00609273341807103,23,,0.00085677,0.5,0
c_1288,GUAUSDT,1775124000000,0,test,control,,1.6594252803533984,0,1.7811244979919767,0,0.33984684446791524,0,0.012853050069235887,10,,0.00082604,0.5,-1
c_1289,GUAUSDT,1778994000000,0,test,control,,0.5415551907013092,0,1.264744429882036,1,0.5020080321285094,0,-0.1283135922709281,5,,5e-05,0.5,-1
c_1290,GUAUSDT,1766397600000,0,test,control,,0.7033418230777391,0,0.7004646646785374,0,0.4293405114401063,0,0.006410384858061384,10,,0.00019927,0.5,1
c_1291,GUAUSDT,1769738400000,0,test,control,,2.5007883291156623,2,-1.9497708050874782,0,0.3982300884955764,1,-0.1267716166154064,2,,0.00048641,0.5,-1
c_1292,GUAUSDT,1771948800000,0,test,control,,8.273412700118806,4,5.551090700344439,1,0.3492695883134117,0,0.1847959696418399,16,,0.00058615,0.5,-1
c_1293,GUAUSDT,1775836800000,0,test,control,,1.1041007274341428,0,-3.971548280229954,0,0.08053691275167793,1,0.028617738167666,16,,0.00114184,0.5,0
c_1294,GUAUSDT,1778288400000,0,test,control,,0.4522079955330994,0,-3.2889913061694753,0,0.1337579617834385,0,-0.26641767756816265,1,,8.35e-05,0.5,0
c_1295,GUAUSDT,1766397600000,0,test,control,,0.7033418230777391,0,0.7004646646785374,0,0.4293405114401063,0,0.006410384858061384,10,,0.00019927,0.5,1
c_1296,GUAUSDT,1769554800000,0,test,control,,0.18517090581893964,0,-2.112488337998138,0,0.15126050420166912,0,-0.157641301897409,23,,0.00040271,0.5,1
c_1297,GUAUSDT,1772388000000,0,test,control,,0.9880213361068447,0,-2.9981653018302286,0,0.5714285714285727,0,0.03996028290717732,18,,0.00023602,0.5,0
c_1298,GUAUSDT,1775775600000,0,test,control,,0.5957519604339073,0,7.2497879558948135,0,0.2143401983218975,0,-0.008851830077823718,23,,0.00024223,0.5,1
c_1299,GUAUSDT,1778461200000,0,test,control,,0.4962832086724363,0,-1.4427217915589974,0,0.4050632911392371,0,-0.1360713143311078,1,,0.00032019,0.5,0
d_260,HYPEUSDT,1760101200000,1,train,standard,17.903,0.43772206263229324,0,0.8824392335642993,0,0.23844282238442907,0,0.006007096648884208,13,-0.006762968355790488,5e-05,0.5,-1
d_261,HYPEUSDT,1763636400000,1,test,standard,17.3136,0.45873788953491135,0,0.23776652860869135,1,0.1944444444444328,0,-0.08565084220381194,11,-0.003380705926219424,5e-05,0.5,0
d_262,HYPEUSDT,1769691600000,1,test,standard,15.7646,2.2057749447411856,1,2.8530934187823354,0,0.8174386920980921,0,-0.003625295324556842,13,-0.00099392926649283,3.675e-05,0.5,-1
c_1300,HYPEUSDT,1748858400000,0,train,control,,1.8871320607816597,0,-0.3827460510328213,0,0.016694490818026625,0,0.08666128299590581,10,0.0029392124254101295,0.00013627,0.5,0
c_1301,HYPEUSDT,1752368400000,0,train,control,,1.0403575817944148,0,2.708437073762146,1,0.10357142857142916,0,-0.1291054796816608,1,0.010801588532073267,5e-05,0.5,0
c_1302,HYPEUSDT,1755223200000,0,train,control,,1.1318394356771502,0,5.265037384220515,0,0.06050531914893669,0,-0.06868696502321558,2,0.0024274534934392127,-9.136e-05,0.5,-1
c_1303,HYPEUSDT,1758502800000,0,train,control,,4.177638583917847,1,-3.452932098765444,0,0.24333151878062162,1,0.029201759897126325,1,0.06993726782509861,0.00016063,0.5,-1
c_1304,HYPEUSDT,1761868800000,0,train,control,,0.6153800907960748,0,5.359795728876519,1,0.31513647642679726,0,-0.07783020029469016,0,-0.007860474052462794,5e-05,0.5,-1
c_1305,HYPEUSDT,1762459200000,0,test,control,,1.1550129116310743,1,-0.5109770188727644,0,0.3081967213114796,0,0.10061925596449632,20,-0.009912562389485614,5e-05,0.5,-1
c_1306,HYPEUSDT,1766739600000,0,test,control,,1.2324630906579221,1,0.65184355754619,0,0.3606557377049126,0,-0.009413795380643469,9,0.002119966372390621,5e-05,0.5,1
c_1307,HYPEUSDT,1770465600000,0,test,control,,0.5143012122826633,0,-0.7067244987715856,0,0.3552123552123499,0,-0.057099210361935035,12,-0.01003076334263401,-5.231e-05,0.5,1
c_1308,HYPEUSDT,1775642400000,0,test,control,,1.3473032180690179,0,1.0133319685764755,1,0.43353783231083315,0,-0.1884838584684963,10,0.00011534708641125331,5e-05,0.5,1
c_1309,HYPEUSDT,1779156000000,0,test,control,,1.1169089084756096,0,0.023304591004433776,1,0.0,0,-0.021407921052745547,2,-0.004494786341171216,2.929e-05,0.8043067015054807,0
c_1310,HYPEUSDT,1761958800000,0,test,control,,0.43764262852577546,0,1.7862905084589467,1,0.06749156355455056,0,-0.12632605291745333,1,0.008327620462943145,5e-05,0.5,0
c_1311,HYPEUSDT,1766570400000,0,test,control,,0.48476419801340614,0,-0.21343377275579986,0,0.5324675324675144,0,-0.05826866267482964,10,-0.0019087210151258528,8.77e-06,0.5,0
c_1312,HYPEUSDT,1771084800000,0,test,control,,0.7807551353920847,0,-2.0003739016638606,0,0.288537549407102,0,0.04172472046348877,16,0.009422377960666953,-2.96e-06,0.5,1
c_1313,HYPEUSDT,1774735200000,0,test,control,,0.5186068501642397,0,-0.23387989135902706,0,0.04848484848486388,0,-0.10453924270076398,22,-0.005380986707673294,1.116e-05,0.5,0
c_1314,HYPEUSDT,1779318000000,0,test,control,,2.480881653860108,1,5.156080136667182,1,0.17086978898610453,0,-0.04352383537747,23,-0.1057838483474788,5e-05,0.9376201335075028,1
d_263,ICPUSDT,1718586000000,1,train,standard,15.0873,1.4000441982095848,0,1.3242928276300456,1,0.5312499999999966,0,-0.017842029823541765,1,-0.01955463959224659,-7.567e-05,0.5,0
d_264,ICPUSDT,1720065600000,1,train,standard,16.5893,2.6990084295258687,3,-3.0716723549488125,0,0.11578947368421211,0,0.27521818783937874,4,0.12142157269989329,0.0001,0.5,-1
d_265,ICPUSDT,1722772800000,1,train,standard,18.557,0.44775363819554703,0,0.7587448559670803,1,0.5161290322580626,0,-0.07523604430270132,12,-0.002754861029208627,-0.00013034,0.5,-1
d_266,ICPUSDT,1731398400000,1,train,standard,15.2769,0.8704769831597983,0,-1.4049066890333437,0,0.44623655913978605,0,-0.03160123323268828,8,0.02910016838601253,0.00042444,0.5,1
d_267,ICPUSDT,1733767200000,1,train,standard,18.0901,0.4534796307371558,0,-2.493156765554485,0,0.5732758620689711,1,-0.032989126040006964,18,0.00798113785485629,0.0001,0.5,-1
d_268,ICPUSDT,1734613200000,1,train,standard,19.4532,0.6037915000162586,0,0.36360330879011843,1,0.0826771653543334,0,-0.24080748234276267,13,-0.028856123048054554,0.0001,0.5,-1
d_269,ICPUSDT,1738472400000,1,train,standard,27.3298,1.0216393484955102,1,-4.171468080202812,0,0.3096774193548367,0,0.06000171486804658,5,0.010389073653667084,4.125e-05,0.5,-1
d_270,ICPUSDT,1740963600000,1,train,standard,17.0153,1.6191963468352522,0,0.34921078362900343,1,0.3566433566433583,0,-0.20511726120587218,1,0.0029040865909371965,0.0001,0.5,1
d_271,ICPUSDT,1743919200000,1,train,standard,15.9547,2.2839179089722803,1,0.875273522975922,1,0.05769230769231032,0,0.03825435430619883,6,0.002203357052889098,-3.507e-05,0.5,0
d_272,ICPUSDT,1760097600000,1,train,standard,36.0243,3.2530536608055183,1,1.4190890363927737,0,0.36363636363636,0,0.1204593659037582,12,0.004862737163604124,0.0001,0.5,0
d_273,ICPUSDT,1762282800000,1,test,standard,19.5114,0.9881411233973115,0,0.856531049250536,1,0.09917355371900725,0,0.011529163700154048,19,-0.014355593703744007,-0.00119707,0.5,-1
d_274,ICPUSDT,1762632000000,1,test,standard,24.0655,0.7015638411840114,0,0.3471833351999169,1,0.2653061224489776,0,0.021127301826349212,20,-0.019067075251054767,-0.00038259,0.5,-1
d_275,ICPUSDT,1762714800000,1,test,standard,16.1924,0.6756777724490084,0,8.669410150891627,0,0.11678832116788343,0,-0.054493469417075835,19,0.06803701973990244,-0.00010021,0.5,1
d_276,ICPUSDT,1762830000000,1,test,standard,19.1695,0.9731847204398181,0,-0.01466060694911957,0,0.17000000000000012,0,-0.05447161884128414,3,0.0072005204138708605,0.0001,0.5,0
d_277,ICPUSDT,1770249600000,1,test,standard,15.3552,0.6829264573968241,0,-2.3082650781831657,0,0.42857142857142727,0,-0.04967934630725498,0,-0.016502651546139863,-0.00020982,0.5,-1
d_278,ICPUSDT,1738540800000,1,train,fast,13.3996,3.7548471755049397,2,-3.1585760517799324,0,0.05177993527508092,0,0.12062614513774994,0,0.0019880887745164816,-7.454e-05,0.5,-1
d_279,ICPUSDT,1760126400000,1,train,fast,22.4844,5.551620175797346,3,-2.2426817752596735,0,0.10989010989010839,1,0.17882977602326228,20,0.011115021374139505,5.137e-05,0.5,-1
d_280,ICPUSDT,1762650000000,1,test,fast,11.5544,0.6979577867600253,0,-3.3821628608358467,0,0.5161290322580637,0,-0.09656220280837978,1,0.005428378815175226,-0.00027276,0.5,0
c_1315,ICPUSDT,1716213600000,0,train,control,,2.210540314108276,1,2.311630139177729,0,0.03321033210332219,0,-0.03787564541363033,14,0.007493723574059084,2.821e-05,0.5,0
c_1316,ICPUSDT,1726009200000,0,train,control,,8.045449869750037,4,10.223252409418093,0,0.2384615384615363,0,0.5152127605918997,23,-0.04688617701443303,0.0001,0.5,0
c_1317,ICPUSDT,1739451600000,0,train,control,,0.7552462642283001,0,-0.9638217628160352,0,0.17948717948718182,1,-0.2786314788058066,13,0.014676877823842013,5.554e-05,0.5,0
c_1318,ICPUSDT,1751644800000,0,train,control,,2.4559839055267507,2,-1.8755152514427078,0,0.01724137931035037,1,0.04879499384114253,16,0.00066532970841975,0.0001,0.5,-1
c_1319,ICPUSDT,1759554000000,0,train,control,,1.0493986672823319,0,-1.8279569892473109,0,0.35294117647059436,0,-0.10792263663246844,5,0.007017342269133505,6.686e-05,0.5,1
c_1320,ICPUSDT,1716663600000,0,train,control,,0.6719187553014722,0,0.03244646333550726,0,0.3870967741935382,0,-0.01983035371150014,19,0.004619902038469773,0.0001,0.5,0
c_1321,ICPUSDT,1725278400000,0,train,control,,0.584226042943985,0,3.040067245727102,1,0.6065573770491796,0,0.03829073059701143,12,-0.0037301627964509507,3.472e-05,0.5,0
c_1322,ICPUSDT,1736546400000,0,train,control,,0.49813839085818035,0,-2.1119424187896483,0,0.6627906976744208,0,-0.06381857531703002,22,0.01412030731026509,0.0001,0.5,1
c_1323,ICPUSDT,1749160800000,0,train,control,,2.099487961912674,3,-2.719333068678056,0,0.1779661016949153,0,0.07416830126426839,22,-0.005431201348606985,5.632e-05,0.5,-1
c_1324,ICPUSDT,1761868800000,0,train,control,,1.0011239245545855,0,3.2131381649410873,0,0.03030303030302704,0,-0.07480384664763252,0,-0.011930519429658603,-0.00037255,0.5,-1
c_1325,ICPUSDT,1716573600000,0,train,control,,0.910314266099671,0,0.5995893223819189,0,0.028776978417275566,0,-0.007058491501640588,18,0.006447094904823384,0.0001,0.5,1
c_1326,ICPUSDT,1727715600000,0,train,control,,1.0857491397465848,0,-1.6643250837566186,0,0.6565656565656502,0,0.017191310383425022,17,0.026869335848263225,0.0001,0.5,-1
c_1327,ICPUSDT,1741410000000,0,train,control,,0.33769825132167547,0,-0.5756578947368444,0,0.027777777777774695,0,-0.10127643401222688,5,0.007674186089259093,0.0001,0.5,-1
c_1328,ICPUSDT,1749769200000,0,train,control,,0.6360149083244032,0,-2.791323356314114,0,0.5789473684210551,0,-0.000725037119672059,23,0.028023565932303738,2.764e-05,0.5,-1
c_1329,ICPUSDT,1761804000000,0,train,control,,1.4191312754290324,1,-0.784570120954561,0,0.12698412698412676,0,-0.19508995239276658,6,0.004774698866413085,0.0001,0.5,-1
c_1330,ICPUSDT,1715882400000,0,train,control,,1.026276274335986,0,-2.304560260586315,0,0.09770114942529375,1,0.03066806688098906,18,0.011729067472870017,0.0001,0.5,0
c_1331,ICPUSDT,1726786800000,0,train,control,,1.4574386049836487,0,-1.6323547326105536,0,0.13861386138614976,0,-0.03226544094354379,23,-0.001559421407988489,0.0001,0.5,1
c_1332,ICPUSDT,1740524400000,0,train,control,,0.5035606410046573,0,3.03079416531605,1,0.5049504950495066,0,-0.08743412805235436,23,0.0027553474741571814,7.344e-05,0.5,-1
c_1333,ICPUSDT,1751900400000,0,train,control,,2.4283345240982412,2,-0.8726366091834578,0,0.05494505494505366,1,0.1416452539443766,15,-0.003108126888269282,0.0001,0.5,0
c_1334,ICPUSDT,1761868800000,0,train,control,,1.0011239245545855,0,3.2131381649410873,0,0.03030303030302704,0,-0.07480384664763252,0,-0.011930519429658603,-0.00037255,0.5,-1
c_1335,ICPUSDT,1714608000000,0,train,control,,0.6432243303979617,0,2.826137871808885,1,0.4395161290322592,0,-0.037104059976128194,0,0.005691931482853157,0.0001,0.5,0
c_1336,ICPUSDT,1726376400000,0,train,control,,0.7691194590102868,0,1.2102874432677668,1,0.08474576271187614,0,-0.032374842046082535,5,-5.561800365035382e-06,7.879e-05,0.5,0
c_1337,ICPUSDT,1736679600000,0,train,control,,1.1968457729690078,0,-0.44431565729739564,0,0.19512195121951062,0,0.02499118639073489,11,-0.0034382370175539824,0.0001,0.5,0
c_1338,ICPUSDT,1752022800000,0,train,control,,1.1297645151263116,0,0.3530633437175381,1,0.2692307692307587,0,-0.07450673756547295,1,0.008372814038641832,0.0001,0.5,0
c_1339,ICPUSDT,1761868800000,0,train,control,,1.0011239245545855,0,3.2131381649410873,0,0.03030303030302704,0,-0.07480384664763252,0,-0.011930519429658603,-0.00037255,0.5,-1
c_1340,ICPUSDT,1716588000000,0,train,control,,0.6516302869260269,0,0.8408849702016471,0,0.43181818181818,0,-0.008583644655870018,22,-0.003246846700260231,0.0001,0.5,1
c_1341,ICPUSDT,1728010800000,0,train,control,,0.7884924432153764,0,1.1356545613378173,0,0.21929824561403674,0,-0.04949709712980617,3,0.012916467356181086,-0.00013852,0.5,0
c_1342,ICPUSDT,1736672400000,0,train,control,,1.3113662204291217,0,-1.7689015691868752,0,0.22689075630252664,1,-0.13151293916547274,9,-0.0037446099005165874,0.0001,0.5,0
c_1343,ICPUSDT,1749765600000,0,train,control,,0.8193425499593731,0,-4.413223140495859,0,0.7611940298507467,0,0.011610754029443119,22,0.020469792248122454,2.764e-05,0.5,-1
c_1344,ICPUSDT,1761868800000,0,train,control,,1.0011239245545855,0,3.2131381649410873,0,0.03030303030302704,0,-0.07480384664763252,0,-0.011930519429658603,-0.00037255,0.5,-1
c_1345,ICPUSDT,1714608000000,0,train,control,,0.6432243303979617,0,2.826137871808885,1,0.4395161290322592,0,-0.037104059976128194,0,0.005691931482853157,0.0001,0.5,0
c_1346,ICPUSDT,1724634000000,0,train,control,,1.311887574650664,0,-0.3747511418198856,0,0.7028985507246348,0,-0.041475795324290694,1,-0.004194969971105484,8.711e-05,0.5,0
c_1347,ICPUSDT,1740470400000,0,train,control,,8.172336675062743,3,-3.568596352101501,0,0.06551724137931078,1,0.26284036948803347,8,-0.03383788606324978,0.0001,0.5,-1
c_1348,ICPUSDT,1751450400000,0,train,control,,0.7820335680195529,0,0.1878130217028452,1,0.4285714285714195,0,-0.005581393557093956,10,0.003621872110117075,-1.534e-05,0.5,1
c_1349,ICPUSDT,1761868800000,0,train,control,,1.0011239245545855,0,3.2131381649410873,0,0.03030303030302704,0,-0.07480384664763252,0,-0.011930519429658603,-0.00037255,0.5,-1
c_1350,ICPUSDT,1714608000000,0,train,control,,0.6432243303979617,0,2.826137871808885,1,0.4395161290322592,0,-0.037104059976128194,0,0.005691931482853157,0.0001,0.5,0
c_1351,ICPUSDT,1728597600000,0,train,control,,1.3918919457973824,1,3.1510183168950996,0,0.25688073394494426,0,0.016842178034330905,22,0.03793445657893102,-2.823e-05,0.5,-1
c_1352,ICPUSDT,1741233600000,0,train,control,,0.5538185988782227,0,-0.015715857300020963,0,0.26666666666666866,0,0.010204875588305257,4,-0.008080776543520995,-5.766e-05,0.5,1
c_1353,ICPUSDT,1749391200000,0,train,control,,3.183565879076214,4,3.5325568073324347,1,0.30081300813008227,0,0.06058245579678221,14,0.01388488075413275,2.585e-05,0.5,0
c_1354,ICPUSDT,1760860800000,0,train,control,,0.6236798080067045,0,-1.013734466971867,0,0.21052631578947245,0,-0.023335652539488203,8,0.0002951028567278178,2.107e-05,0.5,0
c_1355,ICPUSDT,1714608000000,0,train,control,,0.6432243303979617,0,2.826137871808885,1,0.4395161290322592,0,-0.037104059976128194,0,0.005691931482853157,0.0001,0.5,0
c_1356,ICPUSDT,1724914800000,0,train,control,,1.1903022162525185,0,3.0131341746072624,0,0.31506849315068275,0,0.018651501833453193,7,0.02678560660425763,-0.00012581,0.5,0
c_1357,ICPUSDT,1739480400000,0,train,control,,0.5894201329717873,0,1.3563677898343895,1,0.49122807017543557,0,-0.012740695625989333,21,-0.008951538768391212,8.264e-05,0.5,0
c_1358,ICPUSDT,1752415200000,0,train,control,,1.9409633433434827,0,1.4648618579640391,0,0.2530120481927694,0,0.06525728134492273,14,0.011959524872408952,0.0001,0.5,0
c_1359,ICPUSDT,1759474800000,0,train,control,,1.1909167367535745,0,-0.3526559400484905,0,0.34999999999999554,0,-0.018136321267730442,7,-0.0006041664190443168,6.073e-05,0.5,1
c_1360,ICPUSDT,1714608000000,0,train,control,,0.6432243303979617,0,2.826137871808885,1,0.4395161290322592,0,-0.037104059976128194,0,0.005691931482853157,0.0001,0.5,0
c_1361,ICPUSDT,1728716400000,0,train,control,,0.46664720787488845,0,-0.10978287387168019,0,0.38095238095240913,0,-0.0774053545823794,7,0.011415193644508364,0.0001,0.5,1
c_1362,ICPUSDT,1737745200000,0,train,control,,1.0682939635678017,0,-0.34479043206551047,0,0.23076923076924127,0,0.04311848584073068,19,-0.007292438971495689,0.0001,0.5,0
c_1363,ICPUSDT,1752876000000,0,train,control,,0.5500848969292631,0,-1.7480719794344526,0,0.49514563106796383,0,0.002725433978099425,22,-0.0015661716775763712,0.0001,0.5,-1
c_1364,ICPUSDT,1759662000000,0,train,control,,1.6609977349969052,1,0.4141238012205782,1,0.05263157894737006,0,0.07777660086644604,11,-0.01157010289125488,6.351e-05,0.5,0
c_1365,ICPUSDT,1763377200000,0,test,control,,0.6627793426649712,0,-2.707545291658374,0,0.1475409836065631,0,-0.14655960969299736,11,0.008244818558696613,8.707e-05,0.5,0
c_1366,ICPUSDT,1766430000000,0,test,control,,5.2535946560850615,1,2.222948676037908,0,0.6239316239316274,0,0.14240486589183898,19,0.0061496424480565505,-2.504e-05,0.5,0
c_1367,ICPUSDT,1770976800000,0,test,control,,0.9156170661334944,0,1.3602457218078166,1,0.05882352941175856,0,-0.05578886142035578,10,0.004691936725871989,-0.00027681,0.5,0
c_1368,ICPUSDT,1775970000000,0,test,control,,1.0080877211083217,1,-3.0422757803239806,0,0.0,0,0.08511223561313316,5,0.004967993419979762,-0.00023285,0.5,-1
c_1369,ICPUSDT,1779598800000,0,test,control,,0.6611352500244946,0,0.4996156802459779,1,0.6285714285714202,0,-0.07848631396391031,5,0.003154832339983636,-0.00012844,0.5,1
c_1370,ICPUSDT,1762102800000,0,test,control,,2.368307868566116,4,5.053399322740307,0,0.012658227848099843,0,0.1292245351822523,17,0.027109606807394448,-0.00051842,0.5,0
c_1371,ICPUSDT,1767524400000,0,test,control,,1.7190977435494814,0,1.9144862795149986,0,0.756756756756759,0,0.04045358453694792,11,0.0028918966225940155,0.0001,0.5,1
c_1372,ICPUSDT,1770926400000,0,test,control,,1.4035991042753175,1,-1.5461763476807322,0,0.4558823529411781,0,0.035806371574333556,20,0.004424047597298247,-0.00057913,0.5,-1
c_1373,ICPUSDT,1776117600000,0,test,control,,0.8951086644876426,1,1.1909650924024606,0,0.2,0,-0.0012316647276710104,22,-0.00968286274287944,-8.837e-05,0.5,1
c_1374,ICPUSDT,1779642000000,0,test,control,,0.7989606000870434,0,-0.84974893781382,0,0.11764705882351711,0,0.04146908541582501,17,0.009952126420880192,-7.582e-05,0.022003065894107898,1
c_1375,ICPUSDT,1761958800000,0,test,control,,0.8209745547073791,0,0.956937799043063,1,0.13043478260868305,0,-0.034983025542698554,1,-0.0016950990825169623,-2.414e-05,0.5,0
c_1376,ICPUSDT,1767499200000,0,test,control,,1.1674961198461435,0,1.5674984005118342,1,0.1470588235294206,0,0.025681533024012347,4,-0.000756076184797538,0.0001,0.5,1
c_1377,ICPUSDT,1771452000000,0,test,control,,1.0784644546812003,1,-3.3693304535637085,0,0.03333333333332988,1,0.032897839173900295,22,0.006719727425541216,-0.00033837,0.5,-1
c_1378,ICPUSDT,1775433600000,0,test,control,,4.55175674416518,2,1.325088339222626,1,0.5185185185185167,0,0.1256653026752657,0,-0.00748431883037107,-6.275e-05,0.5,1
c_1379,ICPUSDT,1779814800000,0,test,control,,1.0307694377547862,0,-0.11066027296199445,0,0.13953488372092615,0,0.030509836193699374,17,-0.002381015497972678,-1.108e-05,0.0,-1
c_1380,ICPUSDT,1761958800000,0,test,control,,0.8209745547073791,0,0.956937799043063,1,0.13043478260868305,0,-0.034983025542698554,1,-0.0016950990825169623,-2.414e-05,0.5,0
c_1381,ICPUSDT,1766242800000,0,test,control,,2.7684736430480186,2,3.179487179487179,1,0.20967741935484333,0,0.15607818174351695,15,0.013099664242834036,-6.059e-05,0.5,0
c_1382,ICPUSDT,1771243200000,0,test,control,,1.8229604988562205,0,0.126156433978119,1,0.12499999999999722,0,0.03805542594569319,12,0.0017007575602727796,-0.00017463,0.5,-1
c_1383,ICPUSDT,1775721600000,0,test,control,,0.5430639995737703,0,1.436192039392702,1,0.19444444444444753,0,0.023539849379265475,8,-0.002047231823801664,0.0001,0.5,0
c_1384,ICPUSDT,1779152400000,0,test,control,,1.014717931416729,0,3.129952456418391,1,0.3448275862068902,0,-0.05285681336359693,1,0.014648545232367102,3.245e-05,1.0,0
c_1385,ICPUSDT,1763236800000,0,test,control,,0.6331288479417206,0,2.512660693416431,0,0.30357142857143454,0,-0.0008631081108276512,20,-0.0007257570415619463,0.0001,0.5,0
c_1386,ICPUSDT,1767114000000,0,test,control,,1.3288461603614734,2,-0.5140507196710118,0,0.36585365853657825,0,0.0662401167242006,17,0.00018520197533703322,2.886e-05,0.5,1
c_1387,ICPUSDT,1770876000000,0,test,control,,0.8841398718121608,0,0.4659042778483556,1,0.07142857142857936,0,-0.01590118087609993,6,-0.009621028844231164,-0.00028374,0.5,0
c_1388,ICPUSDT,1774958400000,0,test,control,,2.1016169148291186,2,-1.225919439579686,0,0.15000000000000555,0,-0.04075211617008544,12,0.01069451270689822,-7.714e-05,0.5,-1
c_1389,ICPUSDT,1779814800000,0,test,control,,1.0307694377547862,0,-0.11066027296199445,0,0.13953488372092615,0,0.030509836193699374,17,-0.002381015497972678,-1.108e-05,0.0,-1
c_1390,ICPUSDT,1714874400000,0,train,control,,2.6007946363674885,1,-1.54733009708737,0,0.09030100334448464,1,0.05394327647405315,2,-0.026657125253017052,4.184e-05,0.5,0
c_1391,ICPUSDT,1725807600000,0,train,control,,1.090215212458973,1,-1.3063001768948166,0,0.20289855072464122,0,-0.025104020610653973,15,-0.004586214235964276,-0.00011588,0.5,0
c_1392,ICPUSDT,1736830800000,0,train,control,,0.265900372908856,0,1.4680395555102472,0,0.14141414141415248,0,-0.12057495850205653,5,-0.0019653266387179673,0.0001,0.5,0
c_1393,ICPUSDT,1749866400000,0,train,control,,0.7434755964224105,0,1.2943786982248409,1,0.1145833333333345,0,-0.06849514354363023,2,0.012926845309600725,4.364e-05,0.5,1
c_1394,ICPUSDT,1761836400000,0,train,control,,2.0111380806775316,3,-2.7172089902717196,0,0.6410256410256477,0,0.05923411882527305,15,0.010159276209427229,-7.37e-05,0.5,-1
c_1395,ICPUSDT,1714608000000,0,train,control,,0.6432243303979617,0,2.826137871808885,1,0.4395161290322592,0,-0.037104059976128194,0,0.005691931482853157,0.0001,0.5,0
c_1396,ICPUSDT,1728352800000,0,train,control,,1.1347644814561655,0,-1.9828315802200636,0,0.08264462809917149,0,-0.0612193096125242,2,0.021905887612470976,0.0001,0.5,-1
c_1397,ICPUSDT,1741496400000,0,train,control,,0.49833609157769587,0,-0.6396229590977993,0,0.28571428571430385,0,-0.050122187880815544,5,0.005592687434829823,-4.735e-05,0.5,0
c_1398,ICPUSDT,1748646000000,0,train,control,,1.7851788904481176,0,-3.566419555199358,0,0.07258064516128611,1,-0.04408405380810532,23,-0.003598914183509138,1.91e-05,0.5,-1
c_1399,ICPUSDT,1761012000000,0,train,control,,0.902937422234527,0,-1.0066058508965092,0,0.027027027027024107,1,-0.10475949838073467,2,0.00013081868295468949,3.899e-05,0.5,1
c_1400,ICPUSDT,1761958800000,0,test,control,,0.8209745547073791,0,0.956937799043063,1,0.13043478260868305,0,-0.034983025542698554,1,-0.0016950990825169623,-2.414e-05,0.5,0
c_1401,ICPUSDT,1767492000000,0,test,control,,0.9256982671542334,0,1.4520813165537245,1,0.161290322580641,0,-0.002836305391495149,2,-0.00177109896003998,0.0001,0.5,1
c_1402,ICPUSDT,1771441200000,0,test,control,,3.2249717895826295,1,-2.321582115219272,0,0.03773584905660773,1,0.08057631482539683,19,0.002005961875616865,-0.00033837,0.5,-1
c_1403,ICPUSDT,1776488400000,0,test,control,,0.3895317232274598,0,-0.7651109410864583,0,0.3750000000000139,0,-0.050027101839075494,5,-0.006940582914947191,0.0001,0.5,1
c_1404,ICPUSDT,1779814800000,0,test,control,,1.0307694377547862,0,-0.11066027296199445,0,0.13953488372092615,0,0.030509836193699374,17,-0.002381015497972678,-1.108e-05,0.0,-1
d_281,LABUSDT,1761804000000,1,train,standard,18.0461,2.423882461971425,2,5.78177075786117,0,0.18316195372750743,0,0.04253456503605065,6,-0.019001499517817714,5e-05,0.5,-1
d_282,LABUSDT,1761876000000,1,train,standard,45.7556,10.954947302707684,4,-9.116967689867241,0,0.2682993946064938,0,0.16881804872408307,2,-0.12015075867034834,0.0027758,0.5,0
d_283,LABUSDT,1762113600000,1,test,standard,36.1308,2.3792544199171513,4,17.532802975514,1,0.2071428571428575,0,0.46174596886638836,20,0.20610114689439815,0.00024334,0.5,0
d_284,LABUSDT,1762516800000,1,test,standard,28.6877,3.2145969741477405,3,12.665782493368702,0,0.23209549071618044,0,0.20617066061802738,12,0.05832060398921719,0.00026301,0.5,-1
d_285,LABUSDT,1764374400000,1,test,standard,19.7829,7.409992010050657,1,9.54535660418014,0,0.259259259259259,0,0.08358085967272087,0,0.10626380993009063,0.00034736,0.5,0
d_286,LABUSDT,1765180800000,1,test,standard,21.4777,61.192281428758065,4,18.636809706485852,1,0.19907712590639565,0,2.928039809073202,8,1.1999515560354685,0.00016379,0.5,1
d_287,LABUSDT,1765450800000,1,test,standard,20.419,2.61580273354094,1,0.5618448637316595,1,0.5941747572815546,0,0.07264509591382426,11,0.07349945386583619,5e-05,0.5,-1
d_288,LABUSDT,1766300400000,1,test,standard,21.8613,3.532998935878524,1,9.874389392882062,0,0.2492492492492485,0,0.11233953265950351,7,0.16393915434073494,5e-05,0.5,0
d_289,LABUSDT,1766545200000,1,test,standard,21.4552,3.5870965307483575,2,10.832738365677926,1,0.6082191780821924,0,0.2294859583337883,3,0.19226467418397986,8.84e-05,0.5,-1
d_290,LABUSDT,1766638800000,1,test,standard,25.8143,0.5867926519601454,0,0.8111080560901941,1,0.4979508196721291,0,-0.16608086927630294,5,0.0003312621678435575,5e-05,0.5,0
d_291,LABUSDT,1768770000000,1,test,standard,28.2514,0.6764150759194187,0,0.6477891740687971,1,0.130094043887147,0,-0.02173165009869705,21,-0.044871585012240256,0.00030871,0.5,0
d_292,LABUSDT,1772665200000,1,test,standard,25.7196,0.7033198216847517,0,-5.354609929078012,0,0.41604010025062593,0,0.07517007173391492,23,-0.0049725914409383875,5e-05,0.5,1
d_293,LABUSDT,1775606400000,1,test,standard,19.9318,2.5268700705734792,3,8.320835416319499,0,0.6839099764863967,0,0.17943000377676074,0,0.054825755236200584,0.00063969,0.5,1
d_294,LABUSDT,1775667600000,1,test,standard,15.806,5.907307738701833,2,10.60449050086357,0,0.1606445312499994,0,0.33039504593480623,17,0.024829998677686385,5e-05,0.5,1
d_295,LABUSDT,1775872800000,1,test,standard,22.1166,1.2366129465026354,0,7.331389851875203,1,0.3838967971530236,0,-0.18296989872837732,2,-0.035623672997223105,0.00012145,0.5,1
d_296,LABUSDT,1776132000000,1,test,standard,41.0926,0.48540299712844925,0,2.822282059912498,0,0.11674347158217885,0,-0.07691163331477677,2,-0.002135001806807724,5e-05,0.5,1
d_297,LABUSDT,1776470400000,1,test,standard,22.6961,0.5318007596428589,0,4.118837413370109,1,0.415130324221235,0,-0.17790609042362132,0,0.003648261125905929,0.0005216,0.5,1
d_298,LABUSDT,1776603600000,1,test,standard,23.7517,1.3093420633634065,0,6.363867038822652,0,0.06279499281756512,0,0.05028825088284996,13,-0.0013664994408779923,5e-05,0.5,0
d_299,LABUSDT,1777003200000,1,test,standard,31.4756,4.932559180768259,3,17.742595878258495,1,0.3758300132802122,0,0.34566988985599634,4,0.03330618932264667,0.00106683,0.5,0
d_300,LABUSDT,1777021200000,1,test,standard,19.3328,3.57911666826547,3,-31.498037505451375,0,0.19505962521294737,1,0.20242375353789235,9,-0.11601849239639976,0.00019344,0.5,0
d_301,LABUSDT,1777147200000,1,test,standard,17.2712,16.456945760135646,2,9.972413793103453,1,0.3161350844277673,0,0.48374604280238337,20,-0.005074754382323871,9.997e-05,0.5,0
d_302,LABUSDT,1777194000000,1,test,standard,22.7649,1.9161237435751057,0,19.62986598596044,0,0.4210526315789467,0,-0.053606547990820985,9,0.04511991364725578,0.00067318,0.5,0
d_303,LABUSDT,1777755600000,1,test,standard,74.4146,1.5292752994124443,2,-19.678752003946222,0,0.2862457722660652,0,0.14277513499862907,21,-0.10760440241981696,0.00371375,0.4207309355328703,0
d_304,LABUSDT,1777777200000,1,test,standard,18.5345,1.69495843125912,0,-64.79334051188603,0,0.10322867298578213,1,0.012719792790245585,3,0.17562428050169918,0.00045706,0.624989856031959,0
d_305,LABUSDT,1777798800000,1,test,standard,16.3335,0.929046279725469,0,0.6918663516706028,0,0.18105965790571504,0,-0.03243226709787948,9,0.13158350944765018,0.00091978,0.1170780156863191,0
d_306,LABUSDT,1777842000000,1,test,standard,43.3901,0.46343760997948585,0,36.33300412478938,1,0.20508545227178138,0,-0.027011158635911952,21,-0.10296435741011241,0.00274746,0.8430535972077503,0
d_307,LABUSDT,1777971600000,1,test,standard,17.4575,2.2797495568762556,1,54.019901104938675,1,0.2546389447797892,0,0.043369657515240266,9,-0.013754402969486062,0.00102057,0.8657660056107519,1
d_308,LABUSDT,1778061600000,1,test,standard,30.5684,1.2866795167084442,1,15.929769690076768,0,0.214035087719298,0,0.08441654111301816,10,0.00984042759413817,0.00139657,0.8066539543682617,1
d_309,LABUSDT,1778133600000,1,test,standard,27.7748,1.1747085043512686,0,-3.02804329649968,0,0.2558680892337533,1,-0.024619713159405834,6,0.016345894882422624,0.00064814,0.6497821583058926,0
d_310,LABUSDT,1778522400000,1,test,standard,33.773,1.0580385394282514,1,8.10762849093853,1,0.3473738949557979,0,-0.03437698511658024,18,-0.061695426487794545,5e-05,0.9822026675272582,0
d_311,LABUSDT,1778778000000,1,test,standard,44.8116,2.0444256064791615,1,5.172999552972729,1,0.17500000000000007,0,0.08650443944054945,17,0.012082760742063684,5e-05,0.7619720246601234,1
d_312,LABUSDT,1761127200000,1,train,fast,10.1506,1.2141669114747091,1,2.6464567696656545,1,0.1150817686250765,0,0.05867784856291302,10,,0.00015272,0.5,0
d_313,LABUSDT,1761210000000,1,train,fast,16.4788,1.700195437129491,0,13.136386016740525,0,0.08124999999999882,0,0.08036960132461403,9,,0.00036501,0.5,1
d_314,LABUSDT,1761858000000,1,train,fast,29.732,25.2655309850783,3,106.0462359217546,0,0.22765162402989322,0,2.1814198597490813,21,0.6077705428541428,0.00166347,0.5,-1
d_315,LABUSDT,1761865200000,1,train,fast,15.5472,51.51282593291692,4,18.15246384950161,1,0.5662216654269272,0,1.848370931865796,23,-0.0026785044408782566,0.00166347,0.5,-1
d_316,LABUSDT,1761876000000,1,train,fast,10.5295,10.954947302707684,4,-9.116967689867241,0,0.2682993946064938,0,0.16881804872408307,2,-0.12015075867034834,0.0027758,0.5,0
d_317,LABUSDT,1761886800000,1,train,fast,14.9297,1.243907016662295,0,1.0468319559228685,0,0.5279706002449975,0,-0.02865564238999706,5,0.046286091242155804,0.00069185,0.5,1
d_318,LABUSDT,1761894000000,1,train,fast,12.5038,1.2122912817322458,0,-27.2857388217782,0,0.0656183265385361,1,-0.11060035546402966,7,0.038716574075573766,0.00069185,0.5,-1
d_319,LABUSDT,1762516800000,1,test,fast,24.4471,3.2145969741477405,3,12.665782493368702,0,0.23209549071618044,0,0.20617066061802738,12,0.05832060398921719,0.00026301,0.5,-1
d_320,LABUSDT,1762527600000,1,test,fast,15.8588,10.662741925206294,4,12.73076271664878,1,0.2862082212831348,0,0.665009888725943,15,0.333544578278535,0.00058051,0.5,-1
d_321,LABUSDT,1765180800000,1,test,fast,16.079,61.192281428758065,4,18.636809706485852,1,0.19907712590639565,0,2.928039809073202,8,1.1999515560354685,0.00016379,0.5,1
d_322,LABUSDT,1766318400000,1,test,fast,10.5131,1.9616759629723037,0,-1.981890711074523,0,0.5262655205348625,0,0.10262766536586704,12,-0.036664341687537697,0.0004639,0.5,0
d_323,LABUSDT,1766581200000,1,test,fast,11.0629,0.5825670172638644,0,-1.592898067115787,0,0.22312373225152407,0,-0.16444622113311666,13,0.0027761230470990913,0.00022013,0.5,0
d_324,LABUSDT,1768845600000,1,test,fast,13.7718,0.5637449135471447,0,-5.483136768052969,0,0.19869706840390838,0,-0.03981183846698231,18,-0.015820091588816816,0.0001155,0.5,-1
d_325,LABUSDT,1768888800000,1,test,fast,17.3566,1.2167242891707877,2,4.295433579335784,0,0.142338416848222,0,0.028651862623228098,6,-0.05416777834129512,5e-05,0.5,0
d_326,LABUSDT,1772730000000,1,test,fast,13.673,1.5162542123474496,0,0.7332205301748423,1,0.39292035398230163,0,-0.01152337929661601,17,-0.010582376052337543,5e-05,0.5,-1
d_327,LABUSDT,1775656800000,1,test,fast,10.3674,0.9374510603683834,0,-10.439968195070245,0,0.47655502392344545,1,-0.0382482667145687,14,-0.025431274553395784,8.299e-05,0.5,1
d_328,LABUSDT,1775667600000,1,test,fast,15.806,5.907307738701833,2,10.60449050086357,0,0.1606445312499994,0,0.33039504593480623,17,0.024829998677686385,5e-05,0.5,1
d_329,LABUSDT,1776132000000,1,test,fast,10.4085,0.48540299712844925,0,2.822282059912498,0,0.11674347158217885,0,-0.07691163331477677,2,-0.002135001806807724,5e-05,0.5,1
d_330,LABUSDT,1776142800000,1,test,fast,11.5268,2.4259947884451805,3,11.85042851312745,1,0.404699738903394,0,0.16051060530223493,5,-0.0085018432188764,0.00083133,0.5,1
d_331,LABUSDT,1776182400000,1,test,fast,10.6714,0.47673995984233225,0,6.0835546622640235,0,0.04956629491945606,0,-0.10228833508837602,16,-0.014291295485199265,7.657e-05,1.0,1
d_332,LABUSDT,1777003200000,1,test,fast,23.0887,4.932559180768259,3,17.742595878258495,1,0.3758300132802122,0,0.34566988985599634,4,0.03330618932264667,0.00106683,0.5,0
d_333,LABUSDT,1777014000000,1,test,fast,11.0812,6.986222210282006,4,-18.065199482170176,0,0.5665294924554187,0,0.4845384843305254,7,-0.06536662542644014,0.00106683,0.5,0
d_334,LABUSDT,1777147200000,1,test,fast,17.2712,16.456945760135646,2,9.972413793103453,1,0.3161350844277673,0,0.48374604280238337,20,-0.005074754382323871,9.997e-05,0.5,0
d_335,LABUSDT,1777698000000,1,test,fast,17.9421,41.66275881080082,4,42.007524213559584,1,0.044500419815281356,0,0.1358107228475558,5,0.012010539145637815,0.00169623,0.9111478355518982,1
d_336,LABUSDT,1777737600000,1,test,fast,30.3962,1.047548388214235,0,30.59219758630367,1,0.5397784491440085,0,-0.1063991430951431,16,-0.012558872373828297,0.00150793,0.9414480653848383,0
d_337,LABUSDT,1777755600000,1,test,fast,27.325,1.5292752994124443,2,-19.678752003946222,0,0.2862457722660652,0,0.14277513499862907,21,-0.10760440241981696,0.00371375,0.4207309355328703,0
d_338,LABUSDT,1777770000000,1,test,fast,38.8769,0.7588625264603941,0,-27.431488447071462,0,0.4051043143609483,0,0.029415364764508584,1,-0.1613772937746949,0.00045706,0.6542583973352858,0
d_339,LABUSDT,1777845600000,1,test,fast,11.7011,0.4110861581040834,0,23.72419724770643,0,0.3449620357069563,0,-0.015860990813452543,22,-0.10760207738332438,0.00274746,0.8444281708299303,0
d_340,LABUSDT,1777856400000,1,test,fast,16.935,0.9857315572210332,0,5.59556786703601,0,0.09198727220133081,0,-0.02892681896817912,1,-0.07277499154154728,0.00262052,0.7128237338565195,0
d_341,LABUSDT,1777874400000,1,test,fast,12.6015,0.49360524880581635,0,-17.16408965599903,0,0.09346685741535567,0,-0.10028631959043029,6,0.0331556856359208,0.00162737,0.0,1
d_342,LABUSDT,1777971600000,1,test,fast,17.4575,2.2797495568762556,1,54.019901104938675,1,0.2546389447797892,0,0.043369657515240266,9,-0.013754402969486062,0.00102057,0.8657660056107519,1
d_343,LABUSDT,1778068800000,1,test,fast,28.8491,1.3657881015510576,0,8.407905749050412,1,0.6004672897196254,0,0.0878695336043441,12,0.0025627615827514155,0.00072876,0.8648064728673698,1
d_344,LABUSDT,1778148000000,1,test,fast,24.025,0.518471393071569,0,5.745974788545331,1,0.5716694772344043,0,-0.0033748997874391766,10,0.012989171901886795,0.0003875,0.9186608805648648,-1
d_345,LABUSDT,1778522400000,1,test,fast,18.2341,1.0580385394282514,1,8.10762849093853,1,0.3473738949557979,0,-0.03437698511658024,18,-0.061695426487794545,5e-05,0.9822026675272582,0
d_346,LABUSDT,1778817600000,1,test,fast,38.6603,1.1611470777392632,0,-2.782693175115369,0,0.015748031496063967,1,-0.2918155788175688,4,0.012218909122946636,-0.00010671,0.0,1
c_1405,LABUSDT,1760796000000,0,train,control,,1.9718956562277168,0,-18.659300184162063,0,0.0,1,0.022140941791782817,14,,0.00010388,0.5,1
c_1406,LABUSDT,1760893200000,0,train,control,,0.5794784607898168,0,-2.6075393154486664,0,0.6141868512110744,0,-0.075530009788262,17,,5e-05,0.5,1
c_1407,LABUSDT,1761418800000,0,train,control,,0.4628823304018797,0,-1.2953050300331002,0,0.5344311377245501,0,-0.013135318087601867,19,,0.00017521,0.5,1
c_1408,LABUSDT,1761530400000,0,train,control,,0.7454594269870986,0,-0.6158759124087673,0,0.1677966101694942,0,-0.1192820085671439,2,,0.00020572,0.5,1
c_1409,LABUSDT,1761627600000,0,train,control,,0.630258598826746,0,-2.4195860329109578,0,0.3756097560975582,0,0.0938203017878581,5,0.024032138121941733,0.00018112,0.5,-1
c_1410,LABUSDT,1760806800000,0,train,control,,2.400749032965133,2,-37.040108564535586,0,0.19800399201596763,1,0.14573594434664608,17,,5e-05,0.5,0
c_1411,LABUSDT,1760878800000,0,train,control,,0.6413334358322782,0,-7.233243967828419,0,0.2837045720984772,0,-0.02601567239141752,13,,5e-05,0.5,0
c_1412,LABUSDT,1761426000000,0,train,control,,0.5981415575638335,0,-0.21293149338684753,0,0.4508580343213735,0,-0.024021220133664815,21,,0.00039164,0.5,0
c_1413,LABUSDT,1761526800000,0,train,control,,1.0179132336546426,0,-1.9606953206553763,0,0.37988826815642623,0,-0.11351233205258375,1,,0.00020572,0.5,1
c_1414,LABUSDT,1761620400000,0,train,control,,1.601104296168195,0,-5.288954747520808,0,0.14494163424124684,1,0.05680904673301335,3,-0.030535357208754315,5e-05,0.5,0
c_1415,LABUSDT,1763103600000,0,test,control,,0.7923229723682131,0,-0.9923076923077025,0,0.16573033707865334,0,0.053592475002372894,7,-0.0222588961245507,5e-05,0.5,-1
c_1416,LABUSDT,1767621600000,0,test,control,,2.161621249632352,3,-1.7094017094016973,0,0.09181141439206171,0,0.1958323471829174,14,-0.06618025379535655,5e-05,0.5,1
c_1417,LABUSDT,1770692400000,0,test,control,,0.3519273034783947,0,-0.008504847763233543,0,0.1494252873563125,0,-0.29417085224922,3,0.013236236161491513,5e-05,0.5,0
c_1418,LABUSDT,1773194400000,0,test,control,,0.7713629450567094,0,-1.0248249522597075,0,0.44573643410853203,0,-0.33537596160238436,2,0.0034187196616469765,5e-05,0.5,1
c_1419,LABUSDT,1779318000000,0,test,control,,0.7571618469249183,1,-5.559786747905549,0,0.35453216374268826,1,-0.02363236070953259,23,-0.003615882785228734,5e-05,0.9844847204165955,1
c_1420,LABUSDT,1762927200000,0,test,control,,0.8882207941789794,0,1.1991869918699145,0,0.58074534161491,0,-0.021853939813993733,6,-0.013653004637646689,5e-05,0.5,-1
c_1421,LABUSDT,1766912400000,0,test,control,,1.015871280057867,0,-0.46099944680066424,0,0.17441860465116785,0,0.047244555430678424,9,0.00019949254850590257,6.301e-05,0.5,0
c_1422,LABUSDT,1770433200000,0,test,control,,1.384303697737321,0,-0.015391719255034821,0,0.7438423645320101,0,-0.045461334089200174,3,-0.005968477024439991,5e-05,0.5,1
c_1423,LABUSDT,1773889200000,0,test,control,,0.4543080885713099,0,1.24575884944548,1,0.24615384615384944,0,-0.09906422586692373,3,0.006789573295501904,5e-05,0.5,-1
c_1424,LABUSDT,1779814800000,0,test,control,,1.0479196474832797,1,0.44020865890431127,1,0.189655172413792,0,-0.016048087953039303,17,0.0047042901981192795,5e-05,0.9120857869644249,-1
c_1425,LABUSDT,1762923600000,0,test,control,,0.49625928736948793,0,3.486672698169661,1,0.36776859504132225,0,-0.0235093689946629,5,-0.049021724173656106,5e-05,0.5,-1
c_1426,LABUSDT,1767463200000,0,test,control,,2.3265343514085894,2,3.5364360073484273,0,0.2654867256637185,0,0.144647484267954,18,0.030751585144238234,0.00010463,0.5,0
c_1427,LABUSDT,1771027200000,0,test,control,,0.36063519875999006,0,0.37217765279959647,1,0.056818181818190955,0,-0.039087158531027164,0,-0.0031621274241231136,5e-05,0.5,1
c_1428,LABUSDT,1773867600000,0,test,control,,0.5734701508038719,0,0.19222238651486098,0,0.5159420289855112,0,-0.06714527215960467,21,-0.01746828012110055,5e-05,0.5,-1
c_1429,LABUSDT,1779814800000,0,test,control,,1.0479196474832797,1,0.44020865890431127,1,0.189655172413792,0,-0.016048087953039303,17,0.0047042901981192795,5e-05,0.9120857869644249,-1
c_1430,LABUSDT,1763136000000,0,test,control,,1.075869471954516,1,-0.9687750200160151,0,0.058935361216730923,0,0.02086817099388725,16,-0.023029192993896087,5e-05,0.5,-1
c_1431,LABUSDT,1767650400000,0,test,control,,0.9528628849788379,0,-0.9805537244561606,0,0.548837209302326,0,-0.0867457312243635,22,0.03792347577052048,5e-05,0.5,1
c_1432,LABUSDT,1770026400000,0,test,control,,1.1744513128469898,0,-0.10647197505513821,0,0.17610062893081826,0,0.04992593391779301,10,-0.025208246299455464,5e-05,0.5,-1
c_1433,LABUSDT,1773237600000,0,test,control,,0.7226691170342949,0,-0.6720521349534933,0,0.3999999999999981,0,0.0014249981439788842,14,-0.04311000673060835,5e-05,0.5,0
c_1434,LABUSDT,1779393600000,0,test,control,,0.5925824578936306,0,-1.730353280461417,0,0.4881602914389752,0,-0.03436240457606368,20,-0.006066622929671027,5e-05,1.0,0
c_1435,LABUSDT,1762772400000,0,test,control,,0.8232710553529388,0,-0.744387081282278,0,0.07823129251700485,0,-0.04359710613575041,11,0.017807631419313793,5e-05,0.5,1
c_1436,LABUSDT,1767117600000,0,test,control,,0.8210084217707939,0,-1.6211760395676806,0,0.2187499999999957,0,0.012475622718019596,18,-0.03141709893930998,0.00031032,0.5,0
c_1437,LABUSDT,1770210000000,0,test,control,,2.2284389598942265,1,0.6227562458788114,0,0.10038610038610399,0,-0.02473848944540296,13,-0.017737265394303987,5e-05,0.5,-1
c_1438,LABUSDT,1773226800000,0,test,control,,0.6969285699371516,0,-0.8266684589018138,0,0.027397260273980675,0,-0.027325467130672423,11,0.01817295876830937,5e-05,0.5,-1
c_1439,LABUSDT,1779814800000,0,test,control,,1.0479196474832797,1,0.44020865890431127,1,0.189655172413792,0,-0.016048087953039303,17,0.0047042901981192795,5e-05,0.9120857869644249,-1
c_1440,LABUSDT,1763258400000,0,test,control,,2.661050963913134,2,-4.559721011333914,0,0.0,0,0.16322347955200253,2,0.04088390833941508,5e-05,0.5,0
c_1441,LABUSDT,1766073600000,0,test,control,,1.2097791459354976,1,-1.3823557646155293,0,0.09448818897637459,0,0.0007681648146109524,16,-0.007394747142931492,5e-05,0.5,1
c_1442,LABUSDT,1770357600000,0,test,control,,1.4953181782010132,0,1.9054628720968259,0,0.3355119825708083,0,-0.005774647348600651,6,-0.025937464038534253,5e-05,0.5,-1
c_1443,LABUSDT,1773273600000,0,test,control,,0.42240835142553823,0,-1.3254390096212065,0,0.09580838323352875,1,-0.011165468087538282,0,0.04010061925131716,5e-05,0.5,0
c_1444,LABUSDT,1779814800000,0,test,control,,1.0479196474832797,1,0.44020865890431127,1,0.189655172413792,0,-0.016048087953039303,17,0.0047042901981192795,5e-05,0.9120857869644249,-1
c_1445,LABUSDT,1763258400000,0,test,control,,2.661050963913134,2,-4.559721011333914,0,0.0,0,0.16322347955200253,2,0.04088390833941508,5e-05,0.5,0
c_1446,LABUSDT,1767398400000,0,test,control,,1.0537636745264567,0,-1.9430673276827137,0,0.036697247706424664,1,-0.06701832308438688,0,-0.055833607953389854,0.00018264,0.5,1
c_1447,LABUSDT,1770271200000,0,test,control,,3.7471838992885025,1,-4.384860380712526,0,0.07532467532467817,1,0.15002926855073123,6,-0.007182549497780704,5e-05,0.5,-1
c_1448,LABUSDT,1774170000000,0,test,control,,2.1347306038800546,3,4.972375690607734,1,0.5805422647527919,0,0.09020256637351481,9,0.13866466347035425,0.00044587,0.5,-1
c_1449,LABUSDT,1779742800000,0,test,control,,0.6666548467199155,0,-0.9194819560307937,0,0.05684210526315646,0,-0.0657317055012565,21,0.0036053963824118295,5e-05,0.8276862794973254,0
c_1450,LABUSDT,1762862400000,0,test,control,,0.9198579033321322,0,-1.2251882272416248,0,0.5157480314960678,0,0.017304938953805055,12,-0.003849306157815323,5e-05,0.5,0
c_1451,LABUSDT,1767135600000,0,test,control,,1.0550964047546671,1,-0.8449117536612825,0,0.3718592964824159,1,0.005822321261704729,23,-0.010840618982794398,0.00042247,0.5,1
c_1452,LABUSDT,1770080400000,0,test,control,,0.46444977900219997,0,0.14865467518953898,0,0.3103448275862047,0,-0.44434294152865195,1,-0.0025664305559283083,5e-05,0.5,1
c_1453,LABUSDT,1773230400000,0,test,control,,1.3569755076801941,0,-1.7155355068006182,0,0.011389521640089849,1,-0.009249681112675566,12,-0.022841130003405718,5e-05,0.5,-1
c_1454,LABUSDT,1779814800000,0,test,control,,1.0479196474832797,1,0.44020865890431127,1,0.189655172413792,0,-0.016048087953039303,17,0.0047042901981192795,5e-05,0.9120857869644249,-1
c_1455,LABUSDT,1763082000000,0,test,control,,0.6631686582050693,0,0.8037609948438015,1,0.12875536480687666,0,-0.15639103878405253,1,0.03042765079138086,5e-05,0.5,-1
c_1456,LABUSDT,1767164400000,0,test,control,,0.5330313764556919,0,0.3790824261275286,0,0.4220183486238522,0,-0.07428770044168383,7,0.059278615627017736,5e-05,0.5,1
c_1457,LABUSDT,1770076800000,0,test,control,,0.482862926880257,0,-0.28131477642879715,0,0.05000000000000347,0,-0.3114298145628581,0,-0.002152190756086712,5e-05,0.5,1
c_1458,LABUSDT,1773435600000,0,test,control,,0.405179970800996,0,0.8771420273017783,0,0.3063583815028901,0,-0.13341941227589163,21,0.05640030439484744,5e-05,0.5,1
c_1459,LABUSDT,1779814800000,0,test,control,,1.0479196474832797,1,0.44020865890431127,1,0.189655172413792,0,-0.016048087953039303,17,0.0047042901981192795,5e-05,0.9120857869644249,-1
c_1460,LABUSDT,1762772400000,0,test,control,,0.8232710553529388,0,-0.744387081282278,0,0.07823129251700485,0,-0.04359710613575041,11,0.017807631419313793,5e-05,0.5,1
c_1461,LABUSDT,1767758400000,0,test,control,,0.4933259431038261,0,-1.1431331508613676,0,0.5446808510638301,0,-0.12687623874885068,4,-0.009214285858644118,5e-05,0.5,-1
c_1462,LABUSDT,1770210000000,0,test,control,,2.2284389598942265,1,0.6227562458788114,0,0.10038610038610399,0,-0.02473848944540296,13,-0.017737265394303987,5e-05,0.5,-1
c_1463,LABUSDT,1773187200000,0,test,control,,1.2581207931637524,0,-3.2083202017018664,0,0.36440677966101664,1,-0.321511603336475,0,0.03260049186249398,5e-05,0.5,1
c_1464,LABUSDT,1779814800000,0,test,control,,1.0479196474832797,1,0.44020865890431127,1,0.189655172413792,0,-0.016048087953039303,17,0.0047042901981192795,5e-05,0.9120857869644249,-1
c_1465,LABUSDT,1762819200000,0,test,control,,1.6981878568787434,1,-4.491388923305666,0,0.5807743658210941,0,0.035350176432176604,0,-0.09745146472689492,5e-05,0.5,1
c_1466,LABUSDT,1767844800000,0,test,control,,8.112120197305105,4,2.568697729988051,1,0.2199592668024436,0,0.20728130282959428,4,0.03672042104597287,0.00039109,0.5,-1
c_1467,LABUSDT,1771009200000,0,test,control,,1.082607785794802,1,1.669208608710388,1,0.18695652173913063,0,0.008809712288117458,19,-0.011610117910690557,5e-05,0.5,1
c_1468,LABUSDT,1773176400000,0,test,control,,0.528805972932817,0,-0.276781782726298,0,0.5073529411764678,0,-0.9009709927308355,21,-0.010143044493278665,5e-05,0.5,1
c_1469,LABUSDT,1779814800000,0,test,control,,1.0479196474832797,1,0.44020865890431127,1,0.189655172413792,0,-0.016048087953039303,17,0.0047042901981192795,5e-05,0.9120857869644249,-1
c_1470,LABUSDT,1763208000000,0,test,control,,1.6454249596711463,2,-3.976484036906997,0,0.53448275862069,0,0.10589915274085535,12,0.038822617143516515,0.00024569,0.5,0
c_1471,LABUSDT,1767582000000,0,test,control,,0.18056813477677283,0,0.7312614259597813,0,0.1875,0,-0.12053740937077492,3,-0.021394226805995842,5e-05,0.5,1
c_1472,LABUSDT,1770098400000,0,test,control,,1.5288869073812446,0,1.0192693995982516,0,0.7121212121212059,0,0.043603883062857604,6,-0.007027567953571423,5e-05,0.5,1
c_1473,LABUSDT,1773392400000,0,test,control,,1.9187636356456756,2,5.102167182662537,0,0.3421686746987951,0,0.18109271716264638,9,0.054368917480871214,5e-05,0.5,1
c_1474,LABUSDT,1779490800000,0,test,control,,0.5138253323999582,0,2.8326861983762814,1,0.2170626349892033,0,-0.07335104157095858,23,-0.0007914685914180009,5e-05,0.0,-1
c_1475,LABUSDT,1762772400000,0,test,control,,0.8232710553529388,0,-0.744387081282278,0,0.07823129251700485,0,-0.04359710613575041,11,0.017807631419313793,5e-05,0.5,1
c_1476,LABUSDT,1767168000000,0,test,control,,1.012298992221209,0,1.4681413330723319,1,0.41739130434782884,0,-0.004631493862861483,8,0.08630749318889029,5e-05,0.5,1
c_1477,LABUSDT,1770030000000,0,test,control,,1.2287549016080872,0,1.170301694657638,0,0.17674418604650888,0,0.02257514532111291,11,-0.013909370085516078,5e-05,0.5,0
c_1478,LABUSDT,1773417600000,0,test,control,,0.8198524301300939,1,-2.766932609064678,0,0.1345646437994745,0,0.019011132124166635,16,-0.023383440854471634,5e-05,0.5,1
c_1479,LABUSDT,1779372000000,0,test,control,,0.9322414629902657,0,1.754984200595592,1,0.31515151515151435,0,-0.0924770567164562,14,-0.008219896563435504,5e-05,0.6207103159453391,0
c_1480,LABUSDT,1762858800000,0,test,control,,0.9418782048388752,0,-2.6451089162494905,0,0.4948096885813193,0,0.004746812423624637,11,-0.024699058582753834,5e-05,0.5,0
c_1481,LABUSDT,1767013200000,0,test,control,,2.5451567453131463,1,1.0335448776065297,1,0.40866873065015574,0,0.08706281685525354,13,-0.028633710393170066,5e-05,0.5,0
c_1482,LABUSDT,1770717600000,0,test,control,,1.4751972276088656,0,0.723950702404557,1,0.22426470588235273,0,0.06200766950729767,10,0.0024566788036974683,5e-05,0.5,0
c_1483,LABUSDT,1773784800000,0,test,control,,0.548634548033708,0,-0.5552250644457712,0,0.03163017031629955,0,-0.1874368689726947,22,-0.024875775258587838,5e-05,0.5,0
c_1484,LABUSDT,1779361200000,0,test,control,,0.9794871794871794,0,-1.215201060539101,0,0.41050583657587403,0,-0.014270809364199076,11,0.0014012131050443672,5e-05,0.5,0
c_1485,LABUSDT,1762772400000,0,test,control,,0.8232710553529388,0,-0.744387081282278,0,0.07823129251700485,0,-0.04359710613575041,11,0.017807631419313793,5e-05,0.5,1
c_1486,LABUSDT,1766113200000,0,test,control,,0.8509168038919556,0,0.4277330150203918,0,0.7265625000000062,0,-0.2745721488890711,3,0.02407822495091003,5e-05,0.5,-1
c_1487,LABUSDT,1770552000000,0,test,control,,1.3884070169096112,0,2.3518952557989135,0,0.27053140096618383,0,0.04864149207323648,12,0.0028037043559446637,5e-05,0.5,1
c_1488,LABUSDT,1773932400000,0,test,control,,1.2254131295127035,0,-2.9839248112577588,0,0.18382352941176486,1,0.01881137680592262,15,-0.017138083638822355,5e-05,0.5,-1
c_1489,LABUSDT,1779814800000,0,test,control,,1.0479196474832797,1,0.44020865890431127,1,0.189655172413792,0,-0.016048087953039303,17,0.0047042901981192795,5e-05,0.9120857869644249,-1
c_1490,LABUSDT,1763215200000,0,test,control,,1.2657683784728104,0,4.621376027693637,0,0.22448979591837023,0,0.062227266476523324,14,0.029262237479682197,0.00018267,0.5,1
c_1491,LABUSDT,1767682800000,0,test,control,,0.33854603670591865,0,1.0073980796474133,0,0.4960629921259803,0,-0.023739936153227396,7,-0.001117856585095411,5e-05,0.5,1
c_1492,LABUSDT,1770822000000,0,test,control,,2.2617885853697555,2,1.7597888253409604,1,0.18831168831168743,0,0.07171556103206615,15,-0.026541923545840503,5e-05,0.5,-1
c_1493,LABUSDT,1773165600000,0,test,control,,1.237235304558578,3,6.320450885668266,0,0.194029850746271,0,-0.18759230213257164,18,0.07946691927771951,5e-05,0.5,1
c_1494,LABUSDT,1779814800000,0,test,control,,1.0479196474832797,1,0.44020865890431127,1,0.189655172413792,0,-0.016048087953039303,17,0.0047042901981192795,5e-05,0.9120857869644249,-1
c_1495,LABUSDT,1763002800000,0,test,control,,0.9951094602255978,0,-2.1762785636561537,0,0.17529880478087598,0,-0.09110851718157029,3,0.018358898847504933,5e-05,0.5,-1
c_1496,LABUSDT,1767254400000,0,test,control,,0.7813030223728415,0,-0.6505805814049238,0,0.37554585152838404,0,0.045442509197058875,8,-0.06332141334237792,0.00055302,0.5,-1
c_1497,LABUSDT,1770260400000,0,test,control,,1.8053620072630796,0,-0.6804247046508106,0,0.07692307692307938,1,-0.04628474141194432,3,-0.013533360564930635,5e-05,0.5,-1
c_1498,LABUSDT,1773363600000,0,test,control,,0.6826121394605604,0,0.6231718173724919,0,0.5322580645161346,0,-0.8136371479422276,1,0.01577418489581847,5e-05,0.5,1
c_1499,LABUSDT,1779814800000,0,test,control,,1.0479196474832797,1,0.44020865890431127,1,0.189655172413792,0,-0.016048087953039303,17,0.0047042901981192795,5e-05,0.9120857869644249,-1
c_1500,LABUSDT,1762984800000,0,test,control,,0.7221984846709404,0,1.2703673018503234,1,0.09374999999999926,0,-0.04478952737664787,22,-0.008906517168429088,5e-05,0.5,0
c_1501,LABUSDT,1767092400000,0,test,control,,0.7065896908929225,0,-0.009250693802031567,0,0.2122641509433928,0,-0.013936662919920137,11,-0.025186346345738242,5e-05,0.5,0
c_1502,LABUSDT,1770998400000,0,test,control,,2.3930450087011548,3,1.5587529976019203,1,0.3661417322834646,0,0.07932708563499681,16,-0.005317085666190947,5e-05,0.5,1
c_1503,LABUSDT,1774119600000,0,test,control,,4.804748742487588,4,9.525291828793767,1,0.625000000000002,0,0.1873269084936405,19,0.028529135319596197,5e-05,0.5,0
c_1504,LABUSDT,1779616800000,0,test,control,,0.9056931496128645,0,-0.7888674283852661,0,0.39608269858542416,0,-0.010899012837284538,10,-0.010037237082069595,5e-05,1.0,1
c_1505,LABUSDT,1762830000000,0,test,control,,0.6333030591370181,0,0.5803600870540261,0,0.3079999999999969,0,0.04028961930494161,3,0.018371540654343727,5e-05,0.5,0
c_1506,LABUSDT,1766948400000,0,test,control,,1.958088760520513,2,-2.245563201738497,0,0.6192893401015224,0,0.08792918549068698,19,0.009830724865618848,0.00020106,0.5,0
c_1507,LABUSDT,1770040800000,0,test,control,,2.455578518757196,1,1.0875351737774848,1,0.04216867469878732,0,0.03840180016354953,14,-0.021310090070890284,5e-05,0.5,0
c_1508,LABUSDT,1773914400000,0,test,control,,0.9332742816921459,0,-2.0391803196552885,0,0.18749999999999853,0,0.01755070746960605,10,0.06283411611763952,5e-05,0.5,-1
c_1509,LABUSDT,1779814800000,0,test,control,,1.0479196474832797,1,0.44020865890431127,1,0.189655172413792,0,-0.016048087953039303,17,0.0047042901981192795,5e-05,0.9120857869644249,-1
c_1510,LABUSDT,1762772400000,0,test,control,,0.8232710553529388,0,-0.744387081282278,0,0.07823129251700485,0,-0.04359710613575041,11,0.017807631419313793,5e-05,0.5,1
c_1511,LABUSDT,1767794400000,0,test,control,,0.5843194468807893,0,0.5224063341768034,1,0.16521739130435445,0,0.030562153366639252,14,0.0003775407296653799,5e-05,0.5,-1
c_1512,LABUSDT,1770771600000,0,test,control,,1.379027234246466,0,-1.7324670997834402,0,0.0749999999999974,1,-0.056915865860838216,1,-0.0013912970347684092,5e-05,0.5,0
c_1513,LABUSDT,1773777600000,0,test,control,,0.646402451488719,0,-2.241557292434748,0,0.19064748201438914,0,-0.10180658418336717,20,-0.02503920044290827,5e-05,0.5,0
c_1514,LABUSDT,1779591600000,0,test,control,,1.1405348461077351,0,-1.1099620820406606,0,0.16218081435472353,0,-0.05074800194230653,3,-0.013441950352871622,5e-05,0.5,1
c_1515,LABUSDT,1762772400000,0,test,control,,0.8232710553529388,0,-0.744387081282278,0,0.07823129251700485,0,-0.04359710613575041,11,0.017807631419313793,5e-05,0.5,1
c_1516,LABUSDT,1767106800000,0,test,control,,1.6484235949073256,0,-0.26824530570714883,0,0.0,1,0.021071789429146875,15,-0.01507557732491826,0.00010681,0.5,1
c_1517,LABUSDT,1770166800000,0,test,control,,0.569317868728614,1,-2.053175775480063,0,0.3146067415730358,0,0.0019214632959090273,1,-0.012374974260257143,5e-05,0.5,-1
c_1518,LABUSDT,1773709200000,0,test,control,,1.1857027091325423,0,3.203252838796064,0,0.1705170517051698,0,-0.19226597715480812,1,0.012807229005861964,5e-05,0.5,1
c_1519,LABUSDT,1779562800000,0,test,control,,1.0978602787635876,1,-5.569631217653049,0,0.4483394833948395,0,0.035613101275065756,19,-0.0007960196368195372,5e-05,0.5,0
c_1520,LABUSDT,1762772400000,0,test,control,,0.8232710553529388,0,-0.744387081282278,0,0.07823129251700485,0,-0.04359710613575041,11,0.017807631419313793,5e-05,0.5,1
c_1521,LABUSDT,1767164400000,0,test,control,,0.5330313764556919,0,0.3790824261275286,0,0.4220183486238522,0,-0.07428770044168383,7,0.059278615627017736,5e-05,0.5,1
c_1522,LABUSDT,1770534000000,0,test,control,,0.4960179200494346,0,1.2930681725182191,1,0.329670329670326,0,-0.03995541997409968,7,-0.0034544290278670235,5e-05,0.5,0
c_1523,LABUSDT,1773712800000,0,test,control,,0.8666999852007482,0,4.510902180436087,1,0.38697318007663234,0,-0.21870581605974365,2,0.014392653360354769,5e-05,0.5,1
c_1524,LABUSDT,1779814800000,0,test,control,,1.0479196474832797,1,0.44020865890431127,1,0.189655172413792,0,-0.016048087953039303,17,0.0047042901981192795,5e-05,0.9120857869644249,-1
c_1525,LABUSDT,1763103600000,0,test,control,,0.7923229723682131,0,-0.9923076923077025,0,0.16573033707865334,0,0.053592475002372894,7,-0.0222588961245507,5e-05,0.5,-1
c_1526,LABUSDT,1766066400000,0,test,control,,2.6777445057867126,1,-0.9179575444635709,0,0.3486842105263159,0,-0.017569106830162114,14,-0.013704578511925287,5e-05,0.5,1
c_1527,LABUSDT,1770811200000,0,test,control,,0.701051873775147,0,-0.9717161200763457,0,0.3797468354430317,0,-0.12821432084874193,12,-0.019478525398192614,5e-05,0.5,-1
c_1528,LABUSDT,1774173600000,0,test,control,,1.9173738693854494,2,7.622840735423518,1,0.27502634351949146,0,0.0921769182329458,10,0.103317719040638,0.00044587,0.5,-1
c_1529,LABUSDT,1779814800000,0,test,control,,1.0479196474832797,1,0.44020865890431127,1,0.189655172413792,0,-0.016048087953039303,17,0.0047042901981192795,5e-05,0.9120857869644249,-1
c_1530,LABUSDT,1762772400000,0,test,control,,0.8232710553529388,0,-0.744387081282278,0,0.07823129251700485,0,-0.04359710613575041,11,0.017807631419313793,5e-05,0.5,1
c_1531,LABUSDT,1767250800000,0,test,control,,1.030801310827629,0,-3.9779974489795875,0,0.02359882005899606,0,0.08817649941733502,7,-0.07017217864976293,0.00055302,0.5,0
c_1532,LABUSDT,1770555600000,0,test,control,,2.495736586275169,1,0.78651685393258,1,0.18309859154928643,0,0.08811627123499353,13,0.008090271041881359,5e-05,0.5,1
c_1533,LABUSDT,1773504000000,0,test,control,,1.7813204941800476,0,2.439285905752425,1,0.20838794233289756,0,-0.043087355367635374,16,0.1018107363403172,5e-05,0.5,-1
c_1534,LABUSDT,1779814800000,0,test,control,,1.0479196474832797,1,0.44020865890431127,1,0.189655172413792,0,-0.016048087953039303,17,0.0047042901981192795,5e-05,0.9120857869644249,-1
c_1535,LABUSDT,1762830000000,0,test,control,,0.6333030591370181,0,0.5803600870540261,0,0.3079999999999969,0,0.04028961930494161,3,0.018371540654343727,5e-05,0.5,0
c_1536,LABUSDT,1767157200000,0,test,control,,1.3562635078645917,0,-2.138579982891362,0,0.5211864406779696,0,-0.0028400824536811767,5,0.08445856145187389,5e-05,0.5,1
c_1537,LABUSDT,1770627600000,0,test,control,,1.7352873723451616,1,-0.2197981113643816,0,0.0,1,0.03971961002085356,9,0.014556663042368384,5e-05,0.5,-1
c_1538,LABUSDT,1773572400000,0,test,control,,1.3778726814435789,0,2.0842865131411688,1,0.12617702448210974,0,0.028131096346228582,11,0.0919734673487828,5e-05,0.5,1
c_1539,LABUSDT,1779789600000,0,test,control,,1.778131781871912,1,1.1940231130372014,1,0.1662669864108675,0,0.10336252983050001,10,0.0006782088164646983,5e-05,0.5,-1
c_1540,LABUSDT,1762772400000,0,test,control,,0.8232710553529388,0,-0.744387081282278,0,0.07823129251700485,0,-0.04359710613575041,11,0.017807631419313793,5e-05,0.5,1
c_1541,LABUSDT,1767276000000,0,test,control,,0.2810410038670876,0,-2.0117719406131953,0,0.4479166666666653,0,-0.17958515939205663,14,0.010328050010389014,0.00028389,0.5,-1
c_1542,LABUSDT,1770033600000,0,test,control,,0.7641253846669889,0,1.226343679031045,0,0.48979591836734615,0,0.027321277865175676,12,-0.014327502534375723,5e-05,0.5,-1
c_1543,LABUSDT,1774076400000,0,test,control,,0.5452506754799028,1,1.3179754125595422,0,0.6603773584905598,0,-0.013803078058531084,7,-0.016445880961594484,5e-05,0.5,0
c_1544,LABUSDT,1779537600000,0,test,control,,0.9587654987085341,0,0.6049355754531619,1,0.3421610169491539,0,-0.03308653143610063,12,0.004051103686516169,5e-05,0.5,-1
c_1545,LABUSDT,1763035200000,0,test,control,,1.7372986928428162,3,-7.25572167505137,0,0.008230452674893923,0,0.17364664021200815,12,0.15595123341593867,0.00038203,0.5,-1
c_1546,LABUSDT,1766980800000,0,test,control,,0.7721228820996288,0,0.9515890613451619,0,0.337662337662333,0,-0.1564792832075439,4,-0.05469445133821761,5e-05,0.5,1
c_1547,LABUSDT,1770735600000,0,test,control,,1.8182374223395263,0,1.1798658857482407,1,0.7004219409282687,0,0.02618425896854158,15,-0.008090395355083078,5e-05,0.5,-1
c_1548,LABUSDT,1774083600000,0,test,control,,3.542688073518725,1,1.8438944791949832,0,0.28954802259887336,0,-0.05690352605869224,9,-0.00585572343082137,5e-05,0.5,0
c_1549,LABUSDT,1779814800000,0,test,control,,1.0479196474832797,1,0.44020865890431127,1,0.189655172413792,0,-0.016048087953039303,17,0.0047042901981192795,5e-05,0.9120857869644249,-1
c_1550,LABUSDT,1762772400000,0,test,control,,0.8232710553529388,0,-0.744387081282278,0,0.07823129251700485,0,-0.04359710613575041,11,0.017807631419313793,5e-05,0.5,1
c_1551,LABUSDT,1767232800000,0,test,control,,4.821629418402973,3,12.038885513410289,1,0.08259911894273131,0,0.1505009938292011,2,0.05304228071836473,0.0006195,0.5,0
c_1552,LABUSDT,1770904800000,0,test,control,,1.1034408143094832,2,-0.8282287982055065,0,0.0,0,0.0774137037801241,14,-0.01027060893487626,5e-05,0.5,1
c_1553,LABUSDT,1773158400000,0,test,control,,4.021429406693698,4,14.189141609745793,0,0.26146788990825565,0,0.272846529807797,16,0.13915587051434203,5e-05,0.5,1
c_1554,LABUSDT,1779577200000,0,test,control,,0.553063752920898,0,-0.22012794937058813,0,0.598461538461542,0,-0.0348374640287641,23,-0.008137302035511575,5e-05,0.5,1
c_1555,LABUSDT,1762981200000,0,test,control,,0.5968152783131336,0,-0.20070593120632046,0,0.09045226130653855,0,-0.009932339363928655,21,0.031854971130439086,5e-05,0.5,-1
c_1556,LABUSDT,1766912400000,0,test,control,,1.015871280057867,0,-0.46099944680066424,0,0.17441860465116785,0,0.047244555430678424,9,0.00019949254850590257,6.301e-05,0.5,0
c_1557,LABUSDT,1770012000000,0,test,control,,0.9190164406230888,0,-2.7598964113947346,0,0.03389830508474225,1,0.010770906051599012,6,0.014478717362289091,5e-05,0.5,-1
c_1558,LABUSDT,1773590400000,0,test,control,,1.3793513432917688,0,4.036734281965893,0,0.7647058823529422,0,0.02517472403326976,16,0.05313142613747328,5e-05,0.5,1
c_1559,LABUSDT,1779814800000,0,test,control,,1.0479196474832797,1,0.44020865890431127,1,0.189655172413792,0,-0.016048087953039303,17,0.0047042901981192795,5e-05,0.9120857869644249,-1
c_1560,LABUSDT,1760810400000,0,train,control,,3.303967758550625,3,-22.543247894212477,0,0.32857760484219634,0,0.22110908375464092,18,,5e-05,0.5,0
c_1561,LABUSDT,1760911200000,0,train,control,,1.8525958314351194,0,21.906808414385885,1,0.3880194279546684,0,0.052865576039560866,22,,5e-05,0.5,1
c_1562,LABUSDT,1761415200000,0,train,control,,0.756213527827794,0,1.132639090569643,1,0.3772189349112412,0,0.003854661826229153,18,,0.00017521,0.5,1
c_1563,LABUSDT,1761526800000,0,train,control,,1.0179132336546426,0,-1.9606953206553763,0,0.37988826815642623,0,-0.11351233205258375,1,,0.00020572,0.5,1
c_1564,LABUSDT,1761627600000,0,train,control,,0.630258598826746,0,-2.4195860329109578,0,0.3756097560975582,0,0.0938203017878581,5,0.024032138121941733,0.00018112,0.5,-1
c_1565,LABUSDT,1760806800000,0,train,control,,2.400749032965133,2,-37.040108564535586,0,0.19800399201596763,1,0.14573594434664608,17,,5e-05,0.5,0
c_1566,LABUSDT,1760882400000,0,train,control,,0.9261128230898863,0,-9.355989091671908,0,0.22291666666666704,0,-0.035866318030410724,14,,5e-05,0.5,1
c_1567,LABUSDT,1761444000000,0,train,control,,0.9538572825213294,0,-3.194161981098213,0,0.6134020618556693,0,-0.03182859064537972,2,,0.00065632,0.5,0
c_1568,LABUSDT,1761516000000,0,train,control,,0.4995098331104892,0,-1.5672010418069933,0,0.5678776290630992,0,-0.08603280164475526,22,,0.00013511,0.5,1
c_1569,LABUSDT,1761627600000,0,train,control,,0.630258598826746,0,-2.4195860329109578,0,0.3756097560975582,0,0.0938203017878581,5,0.024032138121941733,0.00018112,0.5,-1
c_1570,LABUSDT,1760796000000,0,train,control,,1.9718956562277168,0,-18.659300184162063,0,0.0,1,0.022140941791782817,14,,0.00010388,0.5,1
c_1571,LABUSDT,1760900400000,0,train,control,,0.987468236419414,0,8.005024551787145,0,0.01985702938840353,0,-0.050500702474352094,19,,5e-05,0.5,1
c_1572,LABUSDT,1761433200000,0,train,control,,0.787047775140657,0,2.1236959761549907,0,0.11675126903553666,0,-0.05069046192902958,23,,0.00039164,0.5,0
c_1573,LABUSDT,1761523200000,0,train,control,,0.991533997715622,0,-2.958500669344042,0,0.10296191819464134,1,-0.1208845917322853,0,,0.00020572,0.5,1
c_1574,LABUSDT,1761627600000,0,train,control,,0.630258598826746,0,-2.4195860329109578,0,0.3756097560975582,0,0.0938203017878581,5,0.024032138121941733,0.00018112,0.5,-1
c_1575,LABUSDT,1760796000000,0,train,control,,1.9718956562277168,0,-18.659300184162063,0,0.0,1,0.022140941791782817,14,,0.00010388,0.5,1
c_1576,LABUSDT,1760878800000,0,train,control,,0.6413334358322782,0,-7.233243967828419,0,0.2837045720984772,0,-0.02601567239141752,13,,5e-05,0.5,0
c_1577,LABUSDT,1761429600000,0,train,control,,0.5006447405798358,0,2.9165641151858255,0,0.02312138728323447,0,-0.03998277553927833,22,,0.00039164,0.5,0
c_1578,LABUSDT,1761512400000,0,train,control,,0.6371228306273863,0,-0.2219303410480504,0,0.26331360946745663,0,-0.05845310458963538,21,,0.00013511,0.5,1
c_1579,LABUSDT,1761616800000,0,train,control,,1.344853228364616,0,-5.125977410947005,0,0.6781485468245431,0,-0.022267946770670656,2,-0.10662447718290766,5e-05,0.5,0
c_1580,LABUSDT,1760796000000,0,train,control,,1.9718956562277168,0,-18.659300184162063,0,0.0,1,0.022140941791782817,14,,0.00010388,0.5,1
c_1581,LABUSDT,1760889600000,0,train,control,,0.9437578701551589,0,-4.1053886775310815,0,0.15946137491141069,0,-0.06364869939728503,16,,5e-05,0.5,1
c_1582,LABUSDT,1761436800000,0,train,control,,0.7964260053340916,0,1.6880733944954147,0,0.18149466192170607,0,-0.04896924903460904,0,,0.00039164,0.5,0
c_1583,LABUSDT,1761537600000,0,train,control,,0.9562079415450049,0,0.1932544977683724,0,0.3996447602131445,0,0.0045186957166208274,4,,0.0004118,0.5,1
c_1584,LABUSDT,1761627600000,0,train,control,,0.630258598826746,0,-2.4195860329109578,0,0.3756097560975582,0,0.0938203017878581,5,0.024032138121941733,0.00018112,0.5,-1
c_1585,LABUSDT,1760796000000,0,train,control,,1.9718956562277168,0,-18.659300184162063,0,0.0,1,0.022140941791782817,14,,0.00010388,0.5,1
c_1586,LABUSDT,1760907600000,0,train,control,,1.0384739815246338,0,21.289097275802725,1,0.12102621305075166,0,0.026076575619234228,21,,5e-05,0.5,1
c_1587,LABUSDT,1761418800000,0,train,control,,0.4628823304018797,0,-1.2953050300331002,0,0.5344311377245501,0,-0.013135318087601867,19,,0.00017521,0.5,1
c_1588,LABUSDT,1761516000000,0,train,control,,0.4995098331104892,0,-1.5672010418069933,0,0.5678776290630992,0,-0.08603280164475526,22,,0.00013511,0.5,1
c_1589,LABUSDT,1761627600000,0,train,control,,0.630258598826746,0,-2.4195860329109578,0,0.3756097560975582,0,0.0938203017878581,5,0.024032138121941733,0.00018112,0.5,-1
c_1590,LABUSDT,1760796000000,0,train,control,,1.9718956562277168,0,-18.659300184162063,0,0.0,1,0.022140941791782817,14,,0.00010388,0.5,1
c_1591,LABUSDT,1760896800000,0,train,control,,0.9495402686067139,0,2.2506364267530694,0,0.3030807660283103,0,-0.09723821812682665,18,,5e-05,0.5,1
c_1592,LABUSDT,1761411600000,0,train,control,,1.2308494876808875,0,-0.8080233880136397,0,0.02835332606324778,0,0.025194864002980103,17,,0.00017521,0.5,0
c_1593,LABUSDT,1761523200000,0,train,control,,0.991533997715622,0,-2.958500669344042,0,0.10296191819464134,1,-0.1208845917322853,0,,0.00020572,0.5,1
c_1594,LABUSDT,1761627600000,0,train,control,,0.630258598826746,0,-2.4195860329109578,0,0.3756097560975582,0,0.0938203017878581,5,0.024032138121941733,0.00018112,0.5,-1
c_1595,LABUSDT,1762772400000,0,test,control,,0.8232710553529388,0,-0.744387081282278,0,0.07823129251700485,0,-0.04359710613575041,11,0.017807631419313793,5e-05,0.5,1
c_1596,LABUSDT,1767888000000,0,test,control,,2.7342459564805752,4,1.9258645682335989,0,0.5468227424749144,0,0.34961572580018957,16,0.15910111428403712,0.00057075,0.5,0
c_1597,LABUSDT,1770015600000,0,test,control,,1.8565627175354174,0,-2.0029784065524927,0,0.22535211267605798,0,0.07576849001368452,7,-0.0003654396253343846,5e-05,0.5,-1
c_1598,LABUSDT,1773925200000,0,test,control,,1.6238482221080934,0,-2.616926503340761,0,0.3310344827586205,1,0.07052341181672625,13,0.031254382449826944,5e-05,0.5,-1
c_1599,LABUSDT,1779346800000,0,test,control,,0.7800308419958542,1,5.772376723533534,1,0.40801886792453335,0,-0.006668939666287155,7,0.004197952762524221,5e-05,0.986615241371205,0
c_1600,LABUSDT,1762779600000,0,test,control,,1.346129666864069,0,-2.4865831842575905,0,0.43288084464554827,0,-0.04543588014240665,13,0.04991301554979175,5e-05,0.5,1
c_1601,LABUSDT,1767013200000,0,test,control,,2.5451567453131463,1,1.0335448776065297,1,0.40866873065015574,0,0.08706281685525354,13,-0.028633710393170066,5e-05,0.5,0
c_1602,LABUSDT,1770638400000,0,test,control,,1.0284481591039802,0,-2.91964932035711,0,0.7203389830508502,0,0.002814645698171336,12,-0.01837179468389092,5e-05,0.5,-1
c_1603,LABUSDT,1773478800000,0,test,control,,1.2861386482168478,2,0.7736836246242917,0,0.319196428571431,0,0.1396554781902723,9,-0.026283787442194836,5e-05,0.5,-1
c_1604,LABUSDT,1779652800000,0,test,control,,0.9598350291662737,0,-1.5406516198654499,0,0.04193254329990822,1,0.008731022914618566,20,-0.012732325295781263,5e-05,0.9458998278299902,1
c_1605,LABUSDT,1763132400000,0,test,control,,1.7840394194030418,1,-5.124566382844533,0,0.05828220858896002,0,0.047600571720293,15,-0.06810511208838742,5e-05,0.5,-1
c_1606,LABUSDT,1767254400000,0,test,control,,0.7813030223728415,0,-0.6505805814049238,0,0.37554585152838404,0,0.045442509197058875,8,-0.06332141334237792,0.00055302,0.5,-1
c_1607,LABUSDT,1770822000000,0,test,control,,2.2617885853697555,2,1.7597888253409604,1,0.18831168831168743,0,0.07171556103206615,15,-0.026541923545840503,5e-05,0.5,-1
c_1608,LABUSDT,1773370800000,0,test,control,,0.5047538354965929,0,-0.5589075897110318,0,0.4969325153374203,0,-0.08685046051247801,3,0.028566416753467255,5e-05,0.5,1
c_1609,LABUSDT,1779814800000,0,test,control,,1.0479196474832797,1,0.44020865890431127,1,0.189655172413792,0,-0.016048087953039303,17,0.0047042901981192795,5e-05,0.9120857869644249,-1
c_1610,LABUSDT,1763294400000,0,test,control,,1.0763075624443759,0,-4.237802235895663,0,0.12589928057554048,1,-0.07866832054206394,12,0.030985656714707283,5e-05,0.5,0
c_1611,LABUSDT,1767708000000,0,test,control,,0.709083474748042,0,-2.1914472683001227,0,0.5807860262008809,0,-0.03560384156251586,14,-0.026523242485271985,5e-05,0.5,1
c_1612,LABUSDT,1770670800000,0,test,control,,1.9522211787598083,0,-0.05153311002319376,0,0.27692307692307727,0,0.052404665228785646,21,0.006914116899447006,5e-05,0.5,0
c_1613,LABUSDT,1774018800000,0,test,control,,0.6431104911826243,1,0.7226354941551542,1,0.527577937649881,0,0.046963089714908014,15,-0.006498379200370618,5e-05,0.5,0
c_1614,LABUSDT,1779724800000,0,test,control,,7.736460247888006,2,3.0988958233317163,1,0.6885162601626034,0,0.2889102614860686,16,-0.020163886241598886,5e-05,0.9614138793309389,1
c_1615,LABUSDT,1763197200000,0,test,control,,2.533793919657965,1,-4.660637171025831,0,0.0031948881789147154,1,0.06347520066393894,9,0.026553648213067396,0.00024569,0.5,-1
c_1616,LABUSDT,1767304800000,0,test,control,,0.29067146233706104,0,-0.9861244436687252,0,0.1945945945945937,0,-0.07445317356291391,22,-0.010264811881928943,0.00025855,0.5,0
c_1617,LABUSDT,1770854400000,0,test,control,,4.795213908517623,1,1.558418944802368,0,0.45989304812834286,0,0.022317762207061095,0,0.016385685028783632,5e-05,0.5,-1
c_1618,LABUSDT,1773198000000,0,test,control,,0.615006266362789,0,-0.5310536882326193,0,0.0,0,-0.08401766855512013,3,-0.0006456273097041095,5e-05,0.5,0
c_1619,LABUSDT,1779418800000,0,test,control,,0.4835065890729695,0,-0.16326348041956168,0,0.30122591943957683,0,-0.055748956875360425,3,0.000778045840137672,5e-05,0.5,0
c_1620,LABUSDT,1762772400000,0,test,control,,0.8232710553529388,0,-0.744387081282278,0,0.07823129251700485,0,-0.04359710613575041,11,0.017807631419313793,5e-05,0.5,1
c_1621,LABUSDT,1767643200000,0,test,control,,1.3566456705229784,2,-3.398755385351854,0,0.11320754716981149,0,0.029029204482206004,20,0.008664818164596112,5e-05,0.5,1
c_1622,LABUSDT,1771016400000,0,test,control,,1.2545142969529604,0,1.9101403537912103,0,0.40594059405940547,0,-0.03676751782904134,21,0.013332657723595546,5e-05,0.5,1
c_1623,LABUSDT,1773162000000,0,test,control,,2.2351877384633374,4,7.363163933319837,1,0.07226890756302738,0,0.047400982123476945,17,0.10211752958940139,5e-05,0.5,1
c_1624,LABUSDT,1779634800000,0,test,control,,1.2099240387446666,0,1.5202900245585194,0,0.2669172932330871,0,-0.024639448808743795,15,-0.008030495176337644,5e-05,0.8826343466325494,1
c_1625,LABUSDT,1763096400000,0,test,control,,1.2710391385773945,0,-3.0768073422101727,0,0.20278969957081555,1,-0.0030671062175486904,5,-0.019308300964021877,5e-05,0.5,-1
c_1626,LABUSDT,1767146400000,0,test,control,,1.8522398035694598,0,-2.257124047775792,0,0.41666666666666735,1,-0.010775986340635717,2,-0.014025904456580812,0.0002254,0.5,1
c_1627,LABUSDT,1771074000000,0,test,control,,0.955731983350102,1,1.1412377450980327,1,0.18348623853211407,0,0.03671843515836207,13,0.029322337879668346,5e-05,0.5,1
c_1628,LABUSDT,1773183600000,0,test,control,,1.0272721503414168,0,-3.5718746097165,0,0.04181184668989844,1,-0.23813174820202573,23,0.037022137402396,5e-05,0.5,1
c_1629,LABUSDT,1779282000000,0,test,control,,0.6970781946416452,1,1.3308723528268722,0,0.07828655834564442,0,0.10460560195583048,13,-0.0022870154187371915,5e-05,0.9566690565244373,0
c_1630,LABUSDT,1763287200000,0,test,control,,1.083858813166917,0,-1.2790188348664064,0,0.037878787878788914,0,-0.08780034760672444,10,0.10232751208539642,5e-05,0.5,0
c_1631,LABUSDT,1766980800000,0,test,control,,0.7721228820996288,0,0.9515890613451619,0,0.337662337662333,0,-0.1564792832075439,4,-0.05469445133821761,5e-05,0.5,1
c_1632,LABUSDT,1770400800000,0,test,control,,1.1741163715292016,0,3.227843106305746,0,0.7961165048543722,0,0.029878152251037213,18,-0.008023528613186375,5e-05,0.5,1
c_1633,LABUSDT,1773183600000,0,test,control,,1.0272721503414168,0,-3.5718746097165,0,0.04181184668989844,1,-0.23813174820202573,23,0.037022137402396,5e-05,0.5,1
c_1634,LABUSDT,1779814800000,0,test,control,,1.0479196474832797,1,0.44020865890431127,1,0.189655172413792,0,-0.016048087953039303,17,0.0047042901981192795,5e-05,0.9120857869644249,-1
c_1635,LABUSDT,1762772400000,0,test,control,,0.8232710553529388,0,-0.744387081282278,0,0.07823129251700485,0,-0.04359710613575041,11,0.017807631419313793,5e-05,0.5,1
c_1636,LABUSDT,1767301200000,0,test,control,,0.460274864113457,0,-0.7233592095977428,0,0.36574074074073876,1,-0.15065948443959967,21,-0.03629633144112445,0.00025855,0.5,0
c_1637,LABUSDT,1770832800000,0,test,control,,1.08418332749155,1,-0.13081015086770503,0,0.8389830508474613,0,0.15378526474055726,18,-0.012261766014768154,5e-05,0.5,-1
c_1638,LABUSDT,1773655200000,0,test,control,,1.7893395697087233,0,-2.9802842732691395,0,0.3156250000000026,0,0.006630102397807962,10,0.032297316661224665,5e-05,0.5,1
c_1639,LABUSDT,1779375600000,0,test,control,,1.0276415711765,0,0.19459169294771217,1,0.8790181180596159,0,-0.09842002038855625,15,-0.004021355569951453,5e-05,0.835864357154506,0
c_1640,LABUSDT,1762772400000,0,test,control,,0.8232710553529388,0,-0.744387081282278,0,0.07823129251700485,0,-0.04359710613575041,11,0.017807631419313793,5e-05,0.5,1
c_1641,LABUSDT,1767420000000,0,test,control,,0.7911427624641187,1,0.5260602136613773,1,0.3630573248407646,0,-0.010200183814260667,6,-0.014314378498475677,0.00013314,0.5,1
c_1642,LABUSDT,1770825600000,0,test,control,,2.1969603647562295,3,0.7531307470006127,1,0.03296703296702777,0,0.07652816178784357,16,-0.007017082029113076,5e-05,0.5,-1
c_1643,LABUSDT,1774072800000,0,test,control,,0.5849532435403495,1,1.2956093239577038,1,0.5165876777251087,0,0.010824615552401282,6,-0.019753798026703902,5e-05,0.5,0
c_1644,LABUSDT,1779814800000,0,test,control,,1.0479196474832797,1,0.44020865890431127,1,0.189655172413792,0,-0.016048087953039303,17,0.0047042901981192795,5e-05,0.9120857869644249,-1
c_1645,LABUSDT,1763265600000,0,test,control,,0.6187426693025374,1,-0.2715915263443858,0,0.4396887159533092,0,0.09574433000692947,4,0.03554097973965403,5e-05,0.5,0
c_1646,LABUSDT,1766095200000,0,test,control,,0.7349487060705604,1,-2.503409312293009,0,0.3461538461538482,0,0.1465017642132425,22,-0.0155090369459007,5e-05,0.5,0
c_1647,LABUSDT,1770703200000,0,test,control,,0.6255196401425392,0,-1.8620397799407595,0,0.3690476190476162,0,-0.11999363496685,6,-0.003569407107356911,5e-05,0.5,-1
c_1648,LABUSDT,1773558000000,0,test,control,,0.6990823011381974,0,0.3108597054476887,1,0.45562130177515275,0,0.04465990340326509,7,0.06454159679742011,0.00018409,0.5,1
c_1649,LABUSDT,1779814800000,0,test,control,,1.0479196474832797,1,0.44020865890431127,1,0.189655172413792,0,-0.016048087953039303,17,0.0047042901981192795,5e-05,0.9120857869644249,-1
c_1650,LABUSDT,1762772400000,0,test,control,,0.8232710553529388,0,-0.744387081282278,0,0.07823129251700485,0,-0.04359710613575041,11,0.017807631419313793,5e-05,0.5,1
c_1651,LABUSDT,1767168000000,0,test,control,,1.012298992221209,0,1.4681413330723319,1,0.41739130434782884,0,-0.004631493862861483,8,0.08630749318889029,5e-05,0.5,1
c_1652,LABUSDT,1770958800000,0,test,control,,1.2511243823091702,1,-0.06936015259233289,0,0.0,0,0.03405416018939684,5,0.002134976470881462,5e-05,0.5,-1
c_1653,LABUSDT,1774058400000,0,test,control,,3.3825326721989066,4,-4.284426533750466,0,0.5454545454545431,1,0.2396248647898017,2,-0.019210817361476607,5e-05,0.5,0
c_1654,LABUSDT,1779753600000,0,test,control,,0.7402812950327659,0,-1.507941981012801,0,0.08685968819598616,0,-0.16600563200808555,0,0.0014050402727707586,5e-05,0.4066397799097156,0
c_1655,LABUSDT,1763226000000,0,test,control,,1.0752143618043064,0,-0.36535746906916544,0,0.18630136986301368,0,-0.020212069733007054,17,0.004306612014344125,5e-05,0.5,0
c_1656,LABUSDT,1767783600000,0,test,control,,0.6882028259431558,0,2.3801707156927114,1,0.06040268456375833,0,-0.045616605906666455,11,0.005417633850522174,5e-05,0.5,-1
c_1657,LABUSDT,1770616800000,0,test,control,,4.407276831686731,1,1.5356820234868986,1,0.7003367003366997,0,0.14957190173387877,6,0.010320483756642703,5e-05,0.5,1
c_1658,LABUSDT,1773136800000,0,test,control,,25.507184151272412,1,-5.686527617365303,0,0.14890885750962718,1,1.033295023420428,10,0.07375337018455266,5e-05,0.5,1
c_1659,LABUSDT,1779505200000,0,test,control,,2.102065422128756,1,3.812077657406409,0,0.5723885155772748,0,0.014726744075082223,3,-0.008438433979544883,5e-05,0.9993136436166515,-1
c_1660,LABUSDT,1763254800000,0,test,control,,1.9079253842163613,1,-4.2138688637143815,0,0.2597014925373128,0,0.09347057453839017,1,0.0442264990653833,5e-05,0.5,0
c_1661,LABUSDT,1767268800000,0,test,control,,0.18704752386360982,0,-4.901716844986314,0,0.3760683760683757,0,-0.17523681357658535,12,-0.059178994416041325,5e-05,0.5,-1
c_1662,LABUSDT,1770386400000,0,test,control,,2.865431973520949,2,1.4905040467986332,0,0.13917525773195508,0,0.24621842762186652,14,-0.0017723175434027226,5e-05,0.5,-1
c_1663,LABUSDT,1773763200000,0,test,control,,0.7365305320218379,0,-1.937816341287055,0,0.43666666666666815,0,-0.007069936416858223,16,-0.017413786084684222,5e-05,0.5,0
c_1664,LABUSDT,1779814800000,0,test,control,,1.0479196474832797,1,0.44020865890431127,1,0.189655172413792,0,-0.016048087953039303,17,0.0047042901981192795,5e-05,0.9120857869644249,-1
c_1665,LABUSDT,1762826400000,0,test,control,,1.0357144665219173,0,2.50520518503594,1,0.2926829268292644,0,0.054395314534464036,2,0.02199074384505222,5e-05,0.5,0
c_1666,LABUSDT,1767265200000,0,test,control,,0.7359222351233882,0,-5.097550850975514,0,0.36307692307692446,0,-0.1035254282332145,11,-0.05867160142230169,5e-05,0.5,-1
c_1667,LABUSDT,1770159600000,0,test,control,,1.1847013185439466,2,0.6598907766990153,0,0.0,0,0.03824307238488088,23,-0.07731035818211238,5e-05,0.5,-1
c_1668,LABUSDT,1773694800000,0,test,control,,0.39859663254669403,2,9.96183206106869,1,0.5842217484008513,0,0.031551037835981,21,-0.017351373779165402,5e-05,0.5,1
c_1669,LABUSDT,1779814800000,0,test,control,,1.0479196474832797,1,0.44020865890431127,1,0.189655172413792,0,-0.016048087953039303,17,0.0047042901981192795,5e-05,0.9120857869644249,-1
c_1670,LABUSDT,1762772400000,0,test,control,,0.8232710553529388,0,-0.744387081282278,0,0.07823129251700485,0,-0.04359710613575041,11,0.017807631419313793,5e-05,0.5,1
c_1671,LABUSDT,1767736800000,0,test,control,,0.3611212515933475,0,1.9063843595359817,0,0.6800000000000134,0,-0.02200760253948039,22,0.02245395250399201,5e-05,0.5,0
c_1672,LABUSDT,1770469200000,0,test,control,,2.91750306264518,1,0.816035493582636,0,0.452702702702704,0,0.11062095424617474,13,-0.004560764321193138,5e-05,0.5,1
c_1673,LABUSDT,1774188000000,0,test,control,,0.8249004142388497,0,-4.711906708550289,0,0.5299026425591108,0,0.018538487889761503,14,-0.027275024856800733,0.00026655,0.5,-1
c_1674,LABUSDT,1779346800000,0,test,control,,0.7800308419958542,1,5.772376723533534,1,0.40801886792453335,0,-0.006668939666287155,7,0.004197952762524221,5e-05,0.986615241371205,0
c_1675,LABUSDT,1763247600000,0,test,control,,1.1488583973405329,0,-4.558069127911873,0,0.257641921397383,1,-0.03649822463476745,23,0.02563629010688311,5e-05,0.5,0
c_1676,LABUSDT,1767859200000,0,test,control,,1.0564874633218735,0,-0.029112081513816956,0,0.10561797752808925,0,0.06490581309637619,8,-0.07469864517102541,0.00026827,0.5,-1
c_1677,LABUSDT,1770004800000,0,test,control,,1.2656348505863069,0,-0.9111786058226601,0,0.14170040485829521,0,-0.047853452877402905,4,0.0011045978626591751,5e-05,0.5,-1
c_1678,LABUSDT,1773561600000,0,test,control,,1.8649810785470682,0,0.11179429849077595,0,0.6849999999999998,0,0.06403395756489393,8,0.08214500295650837,5e-05,0.5,1
c_1679,LABUSDT,1779400800000,0,test,control,,0.71122222210983,0,-0.7872602893349762,0,0.3635729239358009,0,-0.05453977177316086,22,0.00028090240335073934,5e-05,0.5,0
c_1680,LABUSDT,1762945200000,0,test,control,,1.1583761843315286,0,-0.335547949802027,0,0.6043613707165119,0,0.019424206095912458,11,0.01188484209812024,5e-05,0.5,0
c_1681,LABUSDT,1767715200000,0,test,control,,4.069155350276025,1,-3.3110003116235616,0,0.07505518763797053,1,0.1451961198510782,16,-0.02081004785123302,5e-05,0.5,0
c_1682,LABUSDT,1770213600000,0,test,control,,3.326005375655958,2,-0.46834979875594707,0,0.4297752808988765,0,0.026691984084668132,14,-0.007663356842442595,5e-05,0.5,-1
c_1683,LABUSDT,1773712800000,0,test,control,,0.8666999852007482,0,4.510902180436087,1,0.38697318007663234,0,-0.21870581605974365,2,0.014392653360354769,5e-05,0.5,1
c_1684,LABUSDT,1779814800000,0,test,control,,1.0479196474832797,1,0.44020865890431127,1,0.189655172413792,0,-0.016048087953039303,17,0.0047042901981192795,5e-05,0.9120857869644249,-1
c_1685,LABUSDT,1762974000000,0,test,control,,0.8550399015940536,1,0.6133686484979576,0,0.4689922480620171,0,0.034298103696071176,19,0.019813227359326772,5e-05,0.5,-1
c_1686,LABUSDT,1766102400000,0,test,control,,0.4169943264282887,0,-0.06007810153199609,0,0.04385964912281428,0,-0.05230306587151728,0,-0.006940930783081839,5e-05,0.5,0
c_1687,LABUSDT,1770994800000,0,test,control,,2.5875005170203087,2,1.1840411840411775,1,0.6363636363636406,0,0.09237512744690651,15,0.002564245090032612,5e-05,0.5,0
c_1688,LABUSDT,1773784800000,0,test,control,,0.548634548033708,0,-0.5552250644457712,0,0.03163017031629955,0,-0.1874368689726947,22,-0.024875775258587838,5e-05,0.5,0
c_1689,LABUSDT,1779814800000,0,test,control,,1.0479196474832797,1,0.44020865890431127,1,0.189655172413792,0,-0.016048087953039303,17,0.0047042901981192795,5e-05,0.9120857869644249,-1
c_1690,LABUSDT,1763010000000,0,test,control,,1.1559954109739219,0,-0.621332412840878,0,0.16528925619835147,0,0.04964838460413922,5,0.0353115493248705,0.00017956,0.5,-1
c_1691,LABUSDT,1767736800000,0,test,control,,0.3611212515933475,0,1.9063843595359817,0,0.6800000000000134,0,-0.02200760253948039,22,0.02245395250399201,5e-05,0.5,0
c_1692,LABUSDT,1771077600000,0,test,control,,1.362082382933047,1,-0.27326552299984763,0,0.0,0,-0.018676948084801477,14,0.030960553784775205,5e-05,0.5,1
c_1693,LABUSDT,1773586800000,0,test,control,,1.1542772073993357,0,2.7274537129205716,0,0.17406749555950432,0,-0.004428594793791644,15,0.06774912272765266,5e-05,0.5,1
c_1694,LABUSDT,1779814800000,0,test,control,,1.0479196474832797,1,0.44020865890431127,1,0.189655172413792,0,-0.016048087953039303,17,0.0047042901981192795,5e-05,0.9120857869644249,-1
c_1695,LABUSDT,1763258400000,0,test,control,,2.661050963913134,2,-4.559721011333914,0,0.0,0,0.16322347955200253,2,0.04088390833941508,5e-05,0.5,0
c_1696,LABUSDT,1767499200000,0,test,control,,0.6567740672150018,0,0.8985507246376746,0,0.10204081632653203,0,-0.04398878902941559,4,0.02807914214122206,0.00019196,0.5,1
c_1697,LABUSDT,1770141600000,0,test,control,,2.5611366078565267,2,-2.1363173957273642,0,0.21937321937321827,1,0.09333624704968672,18,0.051725032978503484,5e-05,0.5,-1
c_1698,LABUSDT,1773936000000,0,test,control,,1.0204092208566173,0,-3.0058160481754,0,0.5000000000000044,0,0.0018809511767258525,16,-0.010096644246617215,5e-05,0.5,-1
c_1699,LABUSDT,1779814800000,0,test,control,,1.0479196474832797,1,0.44020865890431127,1,0.189655172413792,0,-0.016048087953039303,17,0.0047042901981192795,5e-05,0.9120857869644249,-1
c_1700,LABUSDT,1762873200000,0,test,control,,1.411392620340492,1,0.21542738012509016,0,0.136363636363635,0,0.039301714623967365,15,0.01750280650175776,5e-05,0.5,0
c_1701,LABUSDT,1767891600000,0,test,control,,2.673894067543541,4,-4.225259990843085,0,0.677918424753866,0,0.20892568090761332,17,-0.19507520699314096,0.00057075,0.5,0
c_1702,LABUSDT,1770544800000,0,test,control,,0.9660367339906626,0,0.4609785685402354,1,0.07547169811320409,0,0.03342647889607702,10,-0.0031391257172456205,5e-05,0.5,1
c_1703,LABUSDT,1773586800000,0,test,control,,1.1542772073993357,0,2.7274537129205716,0,0.17406749555950432,0,-0.004428594793791644,15,0.06774912272765266,5e-05,0.5,1
c_1704,LABUSDT,1779814800000,0,test,control,,1.0479196474832797,1,0.44020865890431127,1,0.189655172413792,0,-0.016048087953039303,17,0.0047042901981192795,5e-05,0.9120857869644249,-1
c_1705,LABUSDT,1762772400000,0,test,control,,0.8232710553529388,0,-0.744387081282278,0,0.07823129251700485,0,-0.04359710613575041,11,0.017807631419313793,5e-05,0.5,1
c_1706,LABUSDT,1767297600000,0,test,control,,0.38363953014264063,0,1.9655358104469551,1,0.6687499999999992,0,-0.16524704936438125,20,-0.04949117895880488,5e-05,0.5,0
c_1707,LABUSDT,1770951600000,0,test,control,,0.5175552434095452,2,0.21707041764348375,1,0.1818181818181933,0,-0.21524884142472392,3,-0.005292106509120607,5e-05,0.5,-1
c_1708,LABUSDT,1773698400000,0,test,control,,0.5234260278333769,1,6.384337092998517,1,0.0,0,-0.009945027860031114,22,-0.007406243941081405,5e-05,0.5,1
c_1709,LABUSDT,1779292800000,0,test,control,,2.6618754996932115,1,4.573097157198723,0,0.3186465433300866,0,0.11257994603800896,16,-0.011798427311466506,5e-05,0.4200442079041423,1
c_1710,LABUSDT,1762772400000,0,test,control,,0.8232710553529388,0,-0.744387081282278,0,0.07823129251700485,0,-0.04359710613575041,11,0.017807631419313793,5e-05,0.5,1
c_1711,LABUSDT,1767463200000,0,test,control,,2.3265343514085894,2,3.5364360073484273,0,0.2654867256637185,0,0.144647484267954,18,0.030751585144238234,0.00010463,0.5,0
c_1712,LABUSDT,1771045200000,0,test,control,,2.3894697180876645,1,2.6365194677985446,0,0.49078726968174446,0,-0.010087456136693393,5,0.023718437284966226,5e-05,0.5,1
c_1713,LABUSDT,1773828000000,0,test,control,,0.8504156373575796,0,-0.7420494699646639,0,0.3613138686131396,0,-0.0684921814693637,10,0.0012146964777176303,5e-05,0.5,0
c_1714,LABUSDT,1779703200000,0,test,control,,1.519436871964317,0,-2.948086047261507,0,0.07407407407408248,1,0.016272539866202702,10,0.008835222104924384,5e-05,0.0,0
c_1715,LABUSDT,1763017200000,0,test,control,,0.6388775643046058,0,1.2376581838409149,0,0.3841807909604455,0,0.0436207273621857,7,0.032001086221933484,0.00017956,0.5,0
c_1716,LABUSDT,1767243600000,0,test,control,,1.2751908990378915,2,1.2415163052474767,0,0.5738161559888582,0,0.10847569014619646,5,0.04215729272616042,0.00055302,0.5,0
c_1717,LABUSDT,1770523200000,0,test,control,,0.9807028004592694,0,-1.053732303732308,0,0.14925373134328854,0,-0.1684038212056221,4,-0.0020322632188652613,5e-05,0.5,-1
c_1718,LABUSDT,1773226800000,0,test,control,,0.6969285699371516,0,-0.8266684589018138,0,0.027397260273980675,0,-0.027325467130672423,11,0.01817295876830937,5e-05,0.5,-1
c_1719,LABUSDT,1779764400000,0,test,control,,0.632382554388523,0,0.18878349755961737,1,0.34943181818181995,0,-0.4016124446397236,3,-0.004584416013813813,5e-05,0.0,0
c_1720,LABUSDT,1763067600000,0,test,control,,0.4390576746711643,0,-0.10602847621932843,0,0.49664429530201004,0,-0.12433680565899453,21,-0.017571502416856302,5e-05,0.5,-1
c_1721,LABUSDT,1767106800000,0,test,control,,1.6484235949073256,0,-0.26824530570714883,0,0.0,1,0.021071789429146875,15,-0.01507557732491826,0.00010681,0.5,1
c_1722,LABUSDT,1771041600000,0,test,control,,0.5133236738357293,0,1.1766641981403774,1,0.053763440860209115,0,-0.12089901549532889,4,0.016522172347335252,5e-05,0.5,1
c_1723,LABUSDT,1773136800000,0,test,control,,25.507184151272412,1,-5.686527617365303,0,0.14890885750962718,1,1.033295023420428,10,0.07375337018455266,5e-05,0.5,1
c_1724,LABUSDT,1779804000000,0,test,control,,1.1498258197246978,0,1.0460577673692415,1,0.44429708222811704,0,0.021128592492432992,14,0.00679996878170608,5e-05,0.7470641912747471,0
c_1725,LABUSDT,1763265600000,0,test,control,,0.6187426693025374,1,-0.2715915263443858,0,0.4396887159533092,0,0.09574433000692947,4,0.03554097973965403,5e-05,0.5,0
c_1726,LABUSDT,1767344400000,0,test,control,,0.6977727304443231,0,-1.0683012259194387,0,0.5470588235294142,0,0.05227812452358278,9,-0.008479773760469381,5e-05,0.5,1
c_1727,LABUSDT,1770192000000,0,test,control,,0.46969554266686514,1,2.5559105431310103,1,0.35156249999998207,0,0.040090289613427595,8,0.005415150191682438,5e-05,0.5,-1
c_1728,LABUSDT,1773381600000,0,test,control,,2.2681708035793933,1,5.303078590094968,1,0.2774086378737551,0,0.08830714912633134,6,0.03534237016118598,5e-05,0.5,1
c_1729,LABUSDT,1779598800000,0,test,control,,0.8505621493016371,0,-1.5673110313693581,0,0.3474714518760204,0,-0.0036928726372796286,5,-0.0013263918129670746,5e-05,0.5,1
c_1730,LABUSDT,1763024400000,0,test,control,,2.3097048016584867,1,-4.09226707427222,0,0.13384321223709456,1,0.08578844575660007,9,0.007771907851595441,0.00038203,0.5,0
c_1731,LABUSDT,1767524400000,0,test,control,,1.3013865439201342,0,-5.340350877192968,0,0.26315789473684315,1,0.020730233723941085,11,0.0010388099682193204,0.0001596,0.5,1
c_1732,LABUSDT,1770228000000,0,test,control,,0.6612090959511925,1,-2.4920973314710015,0,0.09467455621301406,0,0.0830362062827891,18,0.0029415136954374244,5e-05,0.5,-1
c_1733,LABUSDT,1773396000000,0,test,control,,1.8899745303414712,2,3.7438662385654684,0,0.6185185185185165,0,0.12338050640995858,10,0.03986314230430356,5e-05,0.5,1
c_1734,LABUSDT,1779814800000,0,test,control,,1.0479196474832797,1,0.44020865890431127,1,0.189655172413792,0,-0.016048087953039303,17,0.0047042901981192795,5e-05,0.9120857869644249,-1
d_347,LINKUSDT,1720080000000,1,train,standard,15.6552,1.0823777911157537,0,-0.8673353948261573,0,0.0053191489361672974,1,-0.0002578063429945212,8,0.0022516339139377777,9.493e-05,0.5,-1
d_348,LINKUSDT,1722772800000,1,train,standard,28.585,0.7984364645424581,0,-0.08641548565502755,0,0.5822784810126588,0,-0.0018813226972473967,12,0.0031801821732894042,3.751e-05,0.5,-1
d_349,LINKUSDT,1733720400000,1,train,standard,20.6009,1.6599687877175477,1,2.3495027708190985,0,0.4089861751152086,0,0.22133881664083918,5,0.03058398735575386,0.00019292,0.5,0
d_350,LINKUSDT,1734616800000,1,train,standard,18.2953,0.8033193991057915,0,-0.3618963368048569,0,0.41314553990610103,0,-0.22380029344895883,14,0.00794333792919406,-1.128e-05,0.5,-1
d_351,LINKUSDT,1737918000000,1,train,standard,15.202,2.549564060620435,2,2.8128338014796,0,0.8422712933753922,0,0.08505785338824959,19,0.0020824156443428965,4.893e-05,0.5,0
d_352,LINKUSDT,1738483200000,1,train,standard,25.4459,0.9034225056687464,0,1.4833736667562942,1,0.4978354978355029,0,-0.04689998048680755,8,-0.0023830942949923458,-0.00019293,0.5,-1
d_353,LINKUSDT,1741006800000,1,train,standard,19.6543,1.2442425033929523,0,2.492850926271291,0,0.21708185053380855,0,0.014693686316472988,13,-0.02408287990084116,0.0001,0.5,1
d_354,LINKUSDT,1743919200000,1,train,standard,19.4567,0.6254628010277242,0,0.07030700726506008,0,0.14130434782608506,0,-0.013930118740411874,6,0.00380093141285932,-9.72e-06,0.5,0
d_355,LINKUSDT,1760101200000,1,train,standard,25.8033,0.8931638787898685,0,0.15515559890061237,1,0.016949152542378495,0,-0.013581180569773177,13,0.00825483852514385,0.0001,0.5,-1
d_356,LINKUSDT,1738540800000,1,train,fast,11.4918,2.6027624825743825,1,-1.502745400250463,0,0.0416243654822339,0,0.07771705245914308,0,-0.04457344981712652,8.844e-05,0.5,-1
d_357,LINKUSDT,1760126400000,1,train,fast,12.8887,4.7927768007780145,4,-4.14248268114586,0,0.10851419031719743,1,0.18223310191623798,20,-0.004057021575280594,0.0001,0.5,-1
c_1735,LINKUSDT,1716440400000,0,train,control,,1.4316518844316206,0,-0.15180957007528892,0,0.2775119617224877,0,-0.06347297605720154,5,-0.010198140751800174,0.0001,0.5,0
c_1736,LINKUSDT,1726646400000,0,train,control,,0.7494201010969463,0,-0.46983649689906914,0,0.56818181818182,0,-0.027969640534310572,8,-0.004162349212228499,-2.215e-05,0.5,1
c_1737,LINKUSDT,1739520000000,0,train,control,,0.6287974969852628,0,-0.955901769210443,0,0.8256880733944808,0,-0.018542860000082154,8,-0.0038628846921822456,-4.773e-05,0.5,0
c_1738,LINKUSDT,1750550400000,0,train,control,,4.679191602595845,4,-1.435720731807373,0,0.0652173913043501,0,0.18558618333679172,0,-0.01875002920745275,-2.087e-05,0.5,-1
c_1739,LINKUSDT,1761814800000,0,train,control,,0.7083480326390221,0,2.967493487371148,1,0.09359605911329265,0,0.07743051472737622,9,0.011286447628343823,2.867e-05,0.5,-1
c_1740,LINKUSDT,1716692400000,0,train,control,,3.5198086745560344,1,1.7927943458024547,0,0.12315270935960802,0,0.05572635245648815,3,0.011945605403340763,0.0001,0.5,0
c_1741,LINKUSDT,1725930000000,0,train,control,,0.7702031449675254,0,-0.9564393939394021,0,0.07547169811321608,1,-0.07074497017224879,1,-0.0074064765458518745,0.0001,0.5,1
c_1742,LINKUSDT,1740204000000,0,train,control,,0.6320716702742941,0,-0.47797883236601324,0,0.12804878048780857,0,-0.19449106408888875,6,-0.011171897029288936,-7.924e-05,0.5,-1
c_1743,LINKUSDT,1752498000000,0,train,control,,1.8095508332189623,0,1.7116892817129477,0,0.28476821192052526,0,0.020079716165997703,13,0.021526568534075002,0.0001,0.5,1
c_1744,LINKUSDT,1761472800000,0,train,control,,3.2255234871646716,1,1.78210029233191,1,0.39062499999999967,0,0.08972409064497862,10,0.0023295496675394324,5.252e-05,0.5,0
c_1745,LINKUSDT,1714608000000,0,train,control,,0.5400531510316174,0,2.686475252097608,1,0.3653846153846165,0,-0.04256055140924236,0,-0.01926190155910839,8.563e-05,0.5,0
c_1746,LINKUSDT,1725598800000,0,train,control,,0.8189975644896331,0,0.5501650495148516,1,0.2112676056337866,0,-0.007964499419109816,5,0.008718777320767807,-1.204e-05,0.5,-1
c_1747,LINKUSDT,1740312000000,0,train,control,,1.3853237873150843,0,-1.9273249392533696,0,0.07207207207206487,1,0.014331258768320606,12,0.001515305226194386,7.449e-05,0.5,0
c_1748,LINKUSDT,1751508000000,0,train,control,,0.6904465062784269,0,-1.0780885780885758,0,0.25274725274725124,0,-0.13037187207885134,2,0.008921617570149662,0.0001,0.5,1
c_1749,LINKUSDT,1761868800000,0,train,control,,0.7450699946000695,0,2.4534635337198503,1,0.1599999999999966,0,-0.09233101207262495,0,0.011648980204875259,-0.00018715,0.5,-1
c_1750,LINKUSDT,1714608000000,0,train,control,,0.5400531510316174,0,2.686475252097608,1,0.3653846153846165,0,-0.04256055140924236,0,-0.01926190155910839,8.563e-05,0.5,0
c_1751,LINKUSDT,1726779600000,0,train,control,,1.2185852608481125,0,-1.2356575463371628,0,0.4307692307692295,1,0.010864901368992055,21,-0.01321924368405816,0.0001,0.5,1
c_1752,LINKUSDT,1740628800000,0,train,control,,0.35349780011683796,0,0.2688700898419476,0,0.3606557377049223,0,-0.10241019025222226,4,0.005187991924970563,9.352e-05,0.5,-1
c_1753,LINKUSDT,1752404400000,0,train,control,,0.7378755274890433,0,0.23617398149970206,1,0.7603305785123947,0,-0.006451745659438616,11,-0.005065711092076216,0.0001,0.5,0
c_1754,LINKUSDT,1761868800000,0,train,control,,0.7450699946000695,0,2.4534635337198503,1,0.1599999999999966,0,-0.09233101207262495,0,0.011648980204875259,-0.00018715,0.5,-1
c_1755,LINKUSDT,1714608000000,0,train,control,,0.5400531510316174,0,2.686475252097608,1,0.3653846153846165,0,-0.04256055140924236,0,-0.01926190155910839,8.563e-05,0.5,0
c_1756,LINKUSDT,1727470800000,0,train,control,,0.5801603014542076,0,-1.5366614664586657,0,0.2592592592592487,0,-0.03267483234357248,21,0.006189033692581492,0.0001,0.5,1
c_1757,LINKUSDT,1739689200000,0,train,control,,1.8021154728458497,0,1.6292194654456442,0,0.5574324324324307,0,0.047395215910753796,7,0.03288163397549649,-7.206e-05,0.5,0
c_1758,LINKUSDT,1750622400000,0,train,control,,1.4991669678858592,0,-1.8542814659319493,0,0.1666666666666623,1,0.034459860138472805,20,0.016449574777554214,-1.753e-05,0.5,-1
c_1759,LINKUSDT,1760792400000,0,train,control,,0.9091879148541241,0,0.2504322938405464,1,0.5789473684210559,0,0.007317166589181242,13,-0.0072024387818771145,5.88e-06,0.5,1
c_1760,LINKUSDT,1715083200000,0,train,control,,1.143299879451017,0,0.4697139652271465,1,0.229166666666669,0,-0.02474103930579618,12,-0.0018171539722581622,0.0001,0.5,-1
c_1761,LINKUSDT,1725217200000,0,train,control,,1.9335408366674833,2,0.78301886792453,1,0.3190184049079725,0,0.09140264842694769,19,-0.01425423862780529,3.99e-06,0.5,0
c_1762,LINKUSDT,1736251200000,0,train,control,,2.1916537033909638,1,-0.8552856654122446,0,0.012658227848107755,1,-0.0018569193465638018,12,-0.009032456845122903,0.0001,0.5,1
c_1763,LINKUSDT,1751565600000,0,train,control,,0.5157298074598231,2,-1.6779004732539797,0,0.24050632911392378,0,0.036933034500190046,18,-0.005472274051281241,0.0001,0.5,0
c_1764,LINKUSDT,1761868800000,0,train,control,,0.7450699946000695,0,2.4534635337198503,1,0.1599999999999966,0,-0.09233101207262495,0,0.011648980204875259,-0.00018715,0.5,-1
c_1765,LINKUSDT,1715940000000,0,train,control,,1.2197170633525365,0,4.377019066320394,1,0.6506024096385453,0,-0.004256203452193148,10,0.09200727671599061,0.0001,0.5,0
c_1766,LINKUSDT,1727200800000,0,train,control,,2.150941108776934,2,1.7932946374426124,0,0.145098039215689,0,0.08384477930552658,18,0.019031595932583568,6.069e-05,0.5,0
c_1767,LINKUSDT,1740171600000,0,train,control,,1.7341414812011111,2,-5.102993683054098,0,0.6363636363636349,0,0.08311936493380745,21,-0.05283444312768011,0.0001,0.5,-1
c_1768,LINKUSDT,1751835600000,0,train,control,,0.8090194058511506,1,-0.43017132685603965,0,0.39999999999999164,0,0.0032128386101367146,21,0.006077402864472329,9.077e-05,0.5,0
c_1769,LINKUSDT,1761868800000,0,train,control,,0.7450699946000695,0,2.4534635337198503,1,0.1599999999999966,0,-0.09233101207262495,0,0.011648980204875259,-0.00018715,0.5,-1
c_1770,LINKUSDT,1714608000000,0,train,control,,0.5400531510316174,0,2.686475252097608,1,0.3653846153846165,0,-0.04256055140924236,0,-0.01926190155910839,8.563e-05,0.5,0
c_1771,LINKUSDT,1725350400000,0,train,control,,0.6589961129031974,0,-0.02804786836200555,0,0.0978260869565249,0,-0.035775650884144465,8,0.005499893165690746,2.356e-05,0.5,1
c_1772,LINKUSDT,1739646000000,0,train,control,,0.7868168397266339,0,0.13176619406526185,0,0.16964285714285812,0,-0.02207572752845509,19,-0.0019859820218456983,-8.97e-06,0.5,0
c_1773,LINKUSDT,1750078800000,0,train,control,,1.0892622139127368,0,0.08787346221440157,1,0.3913043478260996,0,-0.0144492904777554,13,0.012916293605778967,2.516e-05,0.5,1
c_1774,LINKUSDT,1761868800000,0,train,control,,0.7450699946000695,0,2.4534635337198503,1,0.1599999999999966,0,-0.09233101207262495,0,0.011648980204875259,-0.00018715,0.5,-1
c_1775,LINKUSDT,1716674400000,0,train,control,,0.41808872631069,0,0.2769763416041652,0,0.14285714285715093,0,-0.06279503003149517,22,0.003748941163986516,0.0001,0.5,0
c_1776,LINKUSDT,1726563600000,0,train,control,,0.9528237825921231,0,0.9298794952082813,1,0.046153846153846996,0,0.0004897246905401056,9,0.0020508351693553574,4.778e-05,0.5,0
c_1777,LINKUSDT,1735927200000,0,train,control,,1.484003616203251,3,5.05698005698007,1,0.80459770114942,0,0.0823205965523059,18,-0.006497051674917515,0.0001,0.5,1
c_1778,LINKUSDT,1752609600000,0,train,control,,1.239063613849862,1,0.3275740253066888,1,0.35348837209302175,0,0.09681470546985387,20,0.009988439290374913,0.0001,0.5,-1
c_1779,LINKUSDT,1760788800000,0,train,control,,0.8505677034526524,0,1.0001796729951584,0,0.44897959183673225,0,0.02300778765072726,12,-0.002061038635047165,5.88e-06,0.5,1
c_1780,LINKUSDT,1715943600000,0,train,control,,0.8576477520877557,0,2.6198683798182456,1,0.3018018018018008,0,0.012405910350086351,11,0.07699231642492269,0.0001,0.5,0
c_1781,LINKUSDT,1726988400000,0,train,control,,1.2642797168185393,0,-0.46741335214746293,0,0.731707317073186,1,0.04217164598136009,7,-0.004425108733228123,0.0001,0.5,0
c_1782,LINKUSDT,1736038800000,0,train,control,,1.0582214591359724,0,-1.1411967827515088,0,0.6084337349397629,1,-0.1706917592481676,1,0.0019393976427546128,0.0001,0.5,0
c_1783,LINKUSDT,1751842800000,0,train,control,,2.3852311355002485,2,1.821998950288673,1,0.8906250000000052,0,-0.00993368679508377,23,-0.009657266848777803,9.077e-05,0.5,0
c_1784,LINKUSDT,1760929200000,0,train,control,,0.860254297588579,0,-1.2959458684557548,0,0.11328124999999957,0,-0.0034057094391409756,3,-0.011769662509558127,1.261e-05,0.5,1
c_1785,LINKUSDT,1714608000000,0,train,control,,0.5400531510316174,0,2.686475252097608,1,0.3653846153846165,0,-0.04256055140924236,0,-0.01926190155910839,8.563e-05,0.5,0
c_1786,LINKUSDT,1725480000000,0,train,control,,0.4799490458571278,0,-0.6259630200308118,0,0.2794117647058597,0,0.02306876290466851,20,-0.017114064478253935,8.23e-06,0.5,0
c_1787,LINKUSDT,1739916000000,0,train,control,,1.0345780914546523,0,0.9662111943285145,0,0.4314285714285691,0,0.012694177583936402,22,0.01346251142925038,-0.00020519,0.5,-1
c_1788,LINKUSDT,1749981600000,0,train,control,,0.9173399124915964,0,-1.9706656637833806,0,0.0,1,0.03230924062347382,10,-0.029773142172182385,-0.00011512,0.5,0
c_1789,LINKUSDT,1761868800000,0,train,control,,0.7450699946000695,0,2.4534635337198503,1,0.1599999999999966,0,-0.09233101207262495,0,0.011648980204875259,-0.00018715,0.5,-1
d_358,NEARUSDT,1718586000000,1,train,standard,16.4743,2.2579524712105234,3,-0.2466091245375964,0,0.6160714285714276,0,0.07730783828947184,1,-0.0117408980818944,0.0001,0.5,0
d_359,NEARUSDT,1720083600000,1,train,standard,18.5468,1.7370806085831436,1,-0.20193861066235436,0,0.15517241379310093,0,0.024958957809912866,9,0.0031413683932074673,0.0001,0.5,-1
d_360,NEARUSDT,1722772800000,1,train,standard,28.0054,1.396882445066126,0,2.4532710280373724,0,0.0722891566265086,0,0.060442101211963806,12,0.02068999091769646,8.65e-06,0.5,-1
d_361,NEARUSDT,1733720400000,1,train,standard,16.8636,1.1984698292968814,0,-1.378857518056473,0,0.014814814814813207,0,0.10035648068713025,5,-0.012418153228509027,0.0001,0.5,0
d_362,NEARUSDT,1734606000000,1,train,standard,21.7279,0.7903976881005574,0,2.154492905937997,1,0.21264367816091972,0,-0.1890519578762642,11,-0.006276913438882576,-0.00013991,0.5,-1
d_363,NEARUSDT,1737248400000,1,train,standard,15.2434,1.411473676763389,0,4.174501692365559,0,0.22641509433962032,0,-0.02562734499077346,1,7.107625676236985e-05,7.223e-05,0.5,0
d_364,NEARUSDT,1738461600000,1,train,standard,29.5821,0.6947217520903327,1,-0.6468006468006372,0,0.43243243243243373,0,0.04808643936889309,2,-0.005883680428234948,-4.007e-05,0.5,-1
d_365,NEARUSDT,1740380400000,1,train,standard,15.0955,2.8227330745106958,2,1.1051373954599737,0,0.41379310344827747,0,0.1536448984649445,7,-0.075242777180984,-0.00010362,0.5,0
d_366,NEARUSDT,1741017600000,1,train,standard,18.5242,1.7936752327186432,2,-1.5435835351089502,0,0.5316455696202526,0,0.11976767749837348,16,-0.03027884712554072,6.482e-05,0.5,1
d_367,NEARUSDT,1741608000000,1,train,standard,16.5658,0.9088944854677299,1,2.245451025938824,0,0.18604651162790745,0,0.01001526762706839,12,-0.005173775985114732,-0.00012412,0.5,-1
d_368,NEARUSDT,1743926400000,1,train,standard,17.5104,1.422835740897238,0,-1.2391573729863614,0,0.1923076923076864,1,-0.011837629055231683,8,-0.018170752870392902,1.314e-05,0.5,0
d_369,NEARUSDT,1760097600000,1,train,standard,26.1006,1.6824060667920981,1,5.801475519785365,1,0.1129032258064538,0,0.08940331399325784,12,0.13187037697609968,0.0001,0.5,0
d_370,NEARUSDT,1763640000000,1,test,standard,19.4232,0.7023834850959244,0,-1.8789144050104356,0,0.2692307692307712,0,-0.07016413232025041,12,-0.024144081691428083,0.0001,0.5,0
d_371,NEARUSDT,1770249600000,1,test,standard,17.9221,1.2116194834159881,0,-1.779661016949145,0,0.4166666666666667,0,-0.032730055706256735,0,0.016660160120246882,7.475e-05,0.5,-1
d_372,NEARUSDT,1738540800000,1,train,fast,13.2684,3.8899004350531654,3,-1.730920535011809,0,0.04678362573099425,0,0.11573485942778851,0,0.0003052076222671006,-0.0002485,0.5,-1
d_373,NEARUSDT,1760126400000,1,train,fast,15.3017,1.5363946329033626,0,-2.78779927845195,0,0.23880597014925334,1,0.03133490223803693,20,-0.052539523480627674,0.0001,0.5,-1
c_1790,NEARUSDT,1714608000000,0,train,control,,0.6501773305385999,0,0.8878658336073705,0,0.41758241758241954,0,-0.022976358433986037,0,0.005739867365014531,4.996e-05,0.5,0
c_1791,NEARUSDT,1725800400000,0,train,control,,2.0238817755568426,1,-2.3070803500397705,0,0.24999999999999692,1,0.09193528845315728,13,0.006657923982308472,0.0001,0.5,0
c_1792,NEARUSDT,1738825200000,0,train,control,,0.9414427595458658,0,1.9963702359346593,1,0.12987012987013294,0,-0.09211404080117966,7,0.011886307190752437,-4.06e-06,0.5,0
c_1793,NEARUSDT,1752480000000,0,train,control,,1.1864389764415342,1,1.2528473804100198,0,0.38636363636364396,0,0.08743954760947936,8,-0.00011854074457723868,0.0001,0.5,1
c_1794,NEARUSDT,1760968800000,0,train,control,,1.0104355421429743,0,1.044386422976502,0,0.19444444444444753,0,-0.06634005506596001,14,-0.012950548172057201,-9.607e-05,0.5,1
c_1795,NEARUSDT,1716606000000,0,train,control,,0.4625636563707552,0,0.2652184895175538,1,0.6461538461538394,0,-0.14482167058429132,3,-0.003098386117649446,0.0001,0.5,1
c_1796,NEARUSDT,1728468000000,0,train,control,,0.6139846309001988,0,-1.2281054962754168,0,0.025000000000008328,0,-0.03564919145751881,10,0.0036711295755077335,0.0001,0.5,0
c_1797,NEARUSDT,1737597600000,0,train,control,,1.020022628748681,0,-3.1583026545243054,0,0.2222222222222222,1,-0.013309333594796292,2,-0.02185668580445279,0.0001,0.5,-1
c_1798,NEARUSDT,1751680800000,0,train,control,,0.8808421129991281,0,0.3308128544423496,1,0.0,0,-0.10509448360569298,2,-0.009764900997207285,-0.00033432,0.5,-1
c_1799,NEARUSDT,1761868800000,0,train,control,,0.8562759175111103,0,3.0466830466830386,1,0.09677419354839033,0,-0.05666203142496255,0,0.026461108296604086,-2.77e-05,0.5,-1
c_1800,NEARUSDT,1714608000000,0,train,control,,0.6501773305385999,0,0.8878658336073705,0,0.41758241758241954,0,-0.022976358433986037,0,0.005739867365014531,4.996e-05,0.5,0
c_1801,NEARUSDT,1725501600000,0,train,control,,0.4151797207169321,0,0.15436068947774076,1,0.3783783783783855,0,-0.2142988922144022,2,0.0044971512926210416,-9.528e-05,0.5,1
c_1802,NEARUSDT,1739437200000,0,train,control,,0.7513942115599975,0,-2.6308010641442494,0,0.20000000000000356,1,-0.050999005420359234,9,0.0033394808163776223,0.0001,0.5,0
c_1803,NEARUSDT,1749333600000,0,train,control,,0.3785391394737771,0,1.0373443983402453,1,0.06249999999999306,0,-0.0930807144135449,22,-0.008137447856385125,0.0001,0.5,1
c_1804,NEARUSDT,1761451200000,0,train,control,,0.6068702224141654,0,-0.43917435221784057,0,0.0,0,0.0023292962246192583,4,-0.015238568557236315,5.369e-05,0.5,0
c_1805,NEARUSDT,1715331600000,0,train,control,,0.6547998654947705,0,0.8205542103847181,0,0.30851063829787045,0,-0.08691383410604263,9,0.0035139231724093667,0.0001,0.5,1
c_1806,NEARUSDT,1727805600000,0,train,control,,8.624804666379719,4,-6.021341463414631,0,0.06557377049180324,0,0.4993569903031541,18,-0.09259793661969389,3.174e-05,0.5,-1
c_1807,NEARUSDT,1740661200000,0,train,control,,0.7432106017910186,0,1.4336917562724028,0,0.42857142857142555,0,-0.04414072608970595,13,-0.016024645905751898,6.698e-05,0.5,-1
c_1808,NEARUSDT,1750168800000,0,train,control,,0.9931003857319209,0,-0.7674943566591379,0,0.8000000000000036,0,0.007533502481208048,14,-0.0012884144237662522,0.0001,0.5,-1
c_1809,NEARUSDT,1761537600000,0,train,control,,0.6031068116383463,0,0.8445945945945953,1,0.3076923076923103,0,0.08512963383024053,4,0.007317717981020319,0.0001,0.5,1
c_1810,NEARUSDT,1715202000000,0,train,control,,1.7357275273305588,0,-2.974242208623887,0,0.21787709497207,1,0.006510515494559283,21,-0.019872102937870617,0.0001,0.5,-1
c_1811,NEARUSDT,1725382800000,0,train,control,,2.5814008206660994,4,-4.935131009921139,0,0.379999999999995,0,0.11682640548985194,17,0.0294787376705406,-4.101e-05,0.5,-1
c_1812,NEARUSDT,1742065200000,0,train,control,,0.932086105099925,0,0.2653525398028854,0,0.399999999999997,0,-0.008577835534543464,19,-0.026709249804675116,0.0001,0.5,0
c_1813,NEARUSDT,1749207600000,0,train,control,,1.2627277794147405,0,-0.566942869603155,0,0.31250000000000694,1,-0.011604455027040377,11,0.015581257173963192,7.06e-06,0.5,0
c_1814,NEARUSDT,1761868800000,0,train,control,,0.8562759175111103,0,3.0466830466830386,1,0.09677419354839033,0,-0.05666203142496255,0,0.026461108296604086,-2.77e-05,0.5,-1
c_1815,NEARUSDT,1714608000000,0,train,control,,0.6501773305385999,0,0.8878658336073705,0,0.41758241758241954,0,-0.022976358433986037,0,0.005739867365014531,4.996e-05,0.5,0
c_1816,NEARUSDT,1726455600000,0,train,control,,2.830798058062549,3,-3.917220990391728,0,0.12987012987012717,1,0.09521173397267184,3,-0.02866783995719698,0.0001,0.5,-1
c_1817,NEARUSDT,1738915200000,0,train,control,,0.9432304252674962,0,-0.5891472868217094,0,0.7761194029850733,0,-0.037555473639421744,8,0.018664687890038854,-9.461e-05,0.5,-1
c_1818,NEARUSDT,1749150000000,0,train,control,,1.658253247127158,1,-3.130081300813006,0,0.12903225806451565,1,0.06863733121853288,19,-0.00874380367200695,-3.836e-05,0.5,-1
c_1819,NEARUSDT,1761019200000,0,train,control,,0.8507643810123582,0,-1.6386182462356031,0,0.22727272727272452,1,-0.11262108175157946,4,0.015789581669011947,0.0001,0.5,0
c_1820,NEARUSDT,1716573600000,0,train,control,,1.087788507387747,0,3.844639811048409,0,0.02068965517241464,0,0.027789132294572298,18,0.010837039426321447,0.0001,0.5,1
c_1821,NEARUSDT,1728162000000,0,train,control,,3.45139342083736,2,0.6216505894962469,1,0.6309523809523763,0,0.22596167166778727,21,0.010204507255060497,9.089e-05,0.5,-1
c_1822,NEARUSDT,1739869200000,0,train,control,,0.8984017327310644,0,-3.8897396630934216,0,0.2881355932203441,1,0.06288077931407357,9,-0.003096770423279556,4.206e-05,0.5,0
c_1823,NEARUSDT,1749398400000,0,train,control,,1.0387925099638022,1,0.20729684908788945,0,0.5499999999999834,0,0.013205052522790486,16,0.0037536933629971412,0.0001,0.5,0
c_1824,NEARUSDT,1761868800000,0,train,control,,0.8562759175111103,0,3.0466830466830386,1,0.09677419354839033,0,-0.05666203142496255,0,0.026461108296604086,-2.77e-05,0.5,-1
c_1825,NEARUSDT,1714608000000,0,train,control,,0.6501773305385999,0,0.8878658336073705,0,0.41758241758241954,0,-0.022976358433986037,0,0.005739867365014531,4.996e-05,0.5,0
c_1826,NEARUSDT,1725937200000,0,train,control,,0.5441059740397454,0,-1.9535113748763537,0,0.03333333333332988,1,-0.1034656065037852,3,-0.0049164604077945,0.0001,0.5,1
c_1827,NEARUSDT,1736802000000,0,train,control,,1.163053779183885,0,2.747856671795999,0,0.3360655737704903,0,-0.017210084517633666,21,-0.005732167660128549,-0.00032853,0.5,-1
c_1828,NEARUSDT,1752253200000,0,train,control,,1.8454203964842804,0,-0.03858024691357599,0,0.14814814814814753,0,0.03833223738492595,17,-0.013773716375193956,0.0001,0.5,1
c_1829,NEARUSDT,1759492800000,0,train,control,,0.8038624119267703,0,0.20590253946464596,0,0.3783783783783855,0,-0.0457531656861665,12,-0.007271287079889868,0.0001,0.5,1
c_1830,NEARUSDT,1716487200000,0,train,control,,1.0463844468747143,1,1.0372899159663949,1,0.6458333333333264,0,0.13655745469566813,18,0.02245789815337116,0.0001,0.5,-1
c_1831,NEARUSDT,1726347600000,0,train,control,,0.9566167832375816,1,-1.0859301227573035,0,0.1818181818181647,0,0.0067787200564034126,21,-0.002899500956237427,-2.485e-05,0.5,0
c_1832,NEARUSDT,1739804400000,0,train,control,,1.9832714397881803,0,2.808158439255105,1,0.039473684210521935,0,0.05528988946912354,15,0.020892762218708654,-0.00012123,0.5,0
c_1833,NEARUSDT,1749333600000,0,train,control,,0.3785391394737771,0,1.0373443983402453,1,0.06249999999999306,0,-0.0930807144135449,22,-0.008137447856385125,0.0001,0.5,1
c_1834,NEARUSDT,1761868800000,0,train,control,,0.8562759175111103,0,3.0466830466830386,1,0.09677419354839033,0,-0.05666203142496255,0,0.026461108296604086,-2.77e-05,0.5,-1
c_1835,NEARUSDT,1716609600000,0,train,control,,0.4896116517301948,0,-0.07582459244281849,0,0.4032258064516025,0,-0.11260930498740394,4,-0.001898972567596285,0.0001,0.5,1
c_1836,NEARUSDT,1726948800000,0,train,control,,0.8251296597794525,0,1.135604542418173,1,0.35000000000000553,0,0.013299482658760738,20,0.028063499936023997,0.0001,0.5,0
c_1837,NEARUSDT,1740812400000,0,train,control,,2.52535353641983,1,-1.6216216216216266,0,0.0,1,0.07833168429214325,7,-0.025254344475677804,0.0001,0.5,1
c_1838,NEARUSDT,1750701600000,0,train,control,,4.0776034221517845,3,-0.1524390243902384,0,0.03296703296703179,0,0.23697446591319318,18,0.0029007469401293394,-0.00021477,0.5,1
c_1839,NEARUSDT,1759399200000,0,train,control,,0.5855319126514918,0,-0.6865774116031589,0,0.0,0,-0.002544128176446088,10,0.010947173637537827,-4.145e-05,0.5,1
c_1840,NEARUSDT,1716040800000,0,train,control,,1.380913140331753,0,-0.9719626168224335,0,0.3026315789473658,0,0.0453735303033754,14,0.00710930404012078,0.0001,0.5,1
c_1841,NEARUSDT,1725696000000,0,train,control,,0.4085344653341239,0,1.8799102132435388,1,0.5,0,-0.28625229110384437,8,0.0034717343170762574,4.238e-05,0.5,-1
c_1842,NEARUSDT,1739052000000,0,train,control,,0.523373619645813,0,0.9325458501709606,0,0.3714285714285718,0,-0.06387230252452868,22,-0.0063459123080282865,-2.963e-05,0.5,0
c_1843,NEARUSDT,1750928400000,0,train,control,,1.4214856339752848,0,-0.04668534080298273,0,0.5555555555555556,0,0.0217715688245861,9,-0.0033329241407679235,-9.052e-05,0.5,1
c_1844,NEARUSDT,1759910400000,0,train,control,,0.6177799793964253,0,0.9914529914530038,0,0.0,0,0.000781148389496579,8,-0.011509399447730915,8.598e-05,0.5,-1
c_1845,NEARUSDT,1715090400000,0,train,control,,1.5256640587105719,0,-0.998685939553226,0,0.23628691983122374,0,-0.07870372058430958,14,-0.02052540578236032,0.0001,0.5,-1
c_1846,NEARUSDT,1728198000000,0,train,control,,0.5661585895995163,0,-0.7755187591699837,0,0.5714285714285714,0,-0.37072428036513577,7,-0.003957473561670834,0.0001,0.5,0
c_1847,NEARUSDT,1739689200000,0,train,control,,0.7211158546117068,0,-0.35159683562847965,0,0.3749999999999954,0,0.07330444262954584,7,-0.005047096048079806,2.942e-05,0.5,0
c_1848,NEARUSDT,1749006000000,0,train,control,,1.0289950121550702,0,1.0317460317460239,0,0.862068965517243,0,-0.033862662699046954,3,0.006354690717469594,0.0001,0.5,0
c_1849,NEARUSDT,1761868800000,0,train,control,,0.8562759175111103,0,3.0466830466830386,1,0.09677419354839033,0,-0.05666203142496255,0,0.026461108296604086,-2.77e-05,0.5,-1
c_1850,NEARUSDT,1761958800000,0,test,control,,0.7033807847828007,0,-0.09505703422054296,0,0.2727272727272801,0,-0.08105334281146298,1,-0.028739326516886442,2.808e-05,0.5,0
c_1851,NEARUSDT,1766142000000,0,test,control,,0.48731932891434054,0,1.0135135135135218,0,0.0,0,-0.04333760185435948,11,0.0035719398625168796,7.074e-05,0.5,1
c_1852,NEARUSDT,1770681600000,0,test,control,,0.3590297598466167,0,-1.0576923076923193,0,0.18181818181818366,0,-0.04825188729034317,0,6.50434957778459e-05,3.943e-05,0.5,0
c_1853,NEARUSDT,1775314800000,0,test,control,,1.5375182371301195,2,1.3809910641754592,1,0.2,0,0.11523144854123742,15,0.004849466259281349,5.122e-05,0.5,0
c_1854,NEARUSDT,1779688800000,0,test,control,,0.6558603469987335,0,0.29648454044894845,0,0.41999999999999965,0,-0.03451289463460937,6,-0.028691194783540135,7.598e-05,0.03058606396718343,0
c_1855,NEARUSDT,1762347600000,0,test,control,,0.6781931820220227,0,2.1161150298426437,0,0.36000000000000604,0,-0.1349516202799108,13,0.009829046039265012,0.0001,0.5,-1
c_1856,NEARUSDT,1766307600000,0,test,control,,1.8328096858344443,0,1.1280690112806986,0,0.3181818181818131,0,-0.004174240854294489,9,-0.004256614957135221,5.448e-05,0.5,0
c_1857,NEARUSDT,1771916400000,0,test,control,,0.5339366299010359,0,-1.2232415902140683,0,0.42857142857142855,0,-0.033655097613824674,7,-0.006665874541855097,4.344e-05,0.5,-1
c_1858,NEARUSDT,1775304000000,0,test,control,,1.3200917419737124,0,0.08130081300813918,0,0.8571428571428436,0,0.0339368969633459,12,0.019252613409335366,5.122e-05,0.5,0
c_1859,NEARUSDT,1779814800000,0,test,control,,1.3392201406650566,2,-1.4753508456279212,0,0.01639344262294903,0,0.08488481952863156,17,-0.0004661594199155309,-0.0001436,0.5837478886113869,-1
c_1860,NEARUSDT,1716073200000,0,train,control,,0.7926919785986001,0,0.7155635062611814,1,0.20312499999999828,0,-0.09624409280399286,23,-0.01611454050835933,0.0001,0.5,0
c_1861,NEARUSDT,1725206400000,0,train,control,,3.27686415810114,3,0.25031289111388705,0,0.1428571428571448,0,0.10244964680058449,16,-0.003193345046116344,8.425e-05,0.5,-1
c_1862,NEARUSDT,1738252800000,0,train,control,,1.6341039197973122,1,1.0503282275711168,0,0.5892857142857044,0,0.05900403704786484,16,0.005981884015017469,0.0001,0.5,1
c_1863,NEARUSDT,1751299200000,0,train,control,,3.0869312694618367,1,-0.6918819188191939,0,0.46666666666666534,0,0.1284955359974712,16,-0.011118638214842423,0.0001,0.5,0
c_1864,NEARUSDT,1761498000000,0,train,control,,0.9524674403545774,1,-0.12765957446808993,0,0.09523809523808517,0,0.040976615144128314,17,0.005961344508186759,0.0001,0.5,1
c_1865,NEARUSDT,1716573600000,0,train,control,,1.087788507387747,0,3.844639811048409,0,0.02068965517241464,0,0.027789132294572298,18,0.010837039426321447,0.0001,0.5,1
c_1866,NEARUSDT,1726758000000,0,train,control,,0.9173431507935498,0,0.4726536124240558,1,0.6964285714285655,0,0.014438162665096482,15,0.005136376647790799,0.0001,0.5,1
c_1867,NEARUSDT,1738868400000,0,train,control,,1.412762887122765,3,-3.1346035648432657,0,0.40000000000000197,0,0.11646077394839868,19,-0.013114581760568787,-0.00016399,0.5,0
c_1868,NEARUSDT,1751205600000,0,train,control,,1.2201499649096885,1,-0.6517690875232883,0,0.42857142857142555,1,0.08399582984483495,14,0.014918694448991562,0.0001,0.5,0
c_1869,NEARUSDT,1761868800000,0,train,control,,0.8562759175111103,0,3.0466830466830386,1,0.09677419354839033,0,-0.05666203142496255,0,0.026461108296604086,-2.77e-05,0.5,-1
d_374,ONDOUSDT,1720065600000,1,train,standard,18.297,1.040400292785406,2,-1.2956840318112732,0,0.07377049180327973,0,0.15596020472365804,4,0.006429797729709691,5e-05,0.5,-1
d_375,ONDOUSDT,1722772800000,1,train,standard,30.7765,0.8508480017060919,0,1.1316588462600035,0,0.5145631067961149,0,-0.01438280611906759,12,0.012405571400895205,5e-05,0.5,-1
d_376,ONDOUSDT,1734606000000,1,train,standard,22.6978,0.8712090931079276,0,2.1783019870364426,1,0.19187358916478445,0,-0.09925452797040066,11,0.006374952384463204,-0.00039103,0.5,-1
d_377,ONDOUSDT,1737158400000,1,train,standard,18.1162,1.1317828021589815,0,4.6142754145638145,1,0.3853503184713364,0,-0.005341563317233563,0,0.032622192999437374,-0.00219203,0.5,1
d_378,ONDOUSDT,1738458000000,1,train,standard,23.643,2.438349583087751,1,-0.8162380814793476,0,0.1973180076628347,0,0.08519345056577032,1,-0.02348705916545323,5e-05,0.5,-1
d_379,ONDOUSDT,1741006800000,1,train,standard,23.5501,0.8352549733216951,0,3.6427732079905994,0,0.0,0,-0.019383563934154895,13,0.017468568628946128,5e-05,0.5,1
d_380,ONDOUSDT,1741230000000,1,train,standard,15.5343,1.4526324069968077,1,3.100980652001072,0,0.47905759162303607,0,-0.008746159785840776,3,0.02062215546270352,5e-05,0.5,1
d_381,ONDOUSDT,1741604400000,1,train,standard,15.382,0.8176174373676995,1,0.1732101616628241,0,0.2513368983957188,0,-0.0424405410563609,11,0.00149074868322735,-5.693e-05,0.5,-1
d_382,ONDOUSDT,1743919200000,1,train,standard,15.605,0.6669214297815533,0,-0.4081127875340057,0,0.24074074074073656,0,-0.009714914742905994,6,-0.0009971160060289063,5e-05,0.5,0
d_383,ONDOUSDT,1760101200000,1,train,standard,30.6175,1.2671648896555077,0,1.3011993663724772,0,0.1666666666666703,0,0.008964842054212076,13,0.003056888748132534,5e-05,0.5,-1
d_384,ONDOUSDT,1763640000000,1,test,standard,16.6789,0.6783451172026115,0,0.01850138760406827,1,0.1636363636363673,0,0.029725794393233477,12,-0.008672975534831574,5e-05,0.5,0
d_385,ONDOUSDT,1770235200000,1,test,standard,17.6363,1.6837029912042711,3,2.782931354359928,0,0.06329113924050624,0,0.14159458457761548,20,0.006884352697570251,1.1e-06,0.5,-1
d_386,ONDOUSDT,1779454800000,1,test,standard,17.3278,3.3487178132015436,3,5.824561403508779,0,0.011450381679388052,0,0.2668099398667319,13,-0.01422287651692347,1.135e-05,0.273967793794168,0
d_387,ONDOUSDT,1720141200000,1,train,fast,11.8092,4.171270816936772,1,-4.611161939615736,0,0.2687927107061508,0,0.0017596053735349023,1,-0.005304220820226651,-9.007e-05,0.5,-1
d_388,ONDOUSDT,1738540800000,1,train,fast,14.3375,2.5993690132852323,1,0.3124248978610923,0,0.29841897233201686,0,0.0713021487213144,0,-0.0271313253457971,5e-05,0.5,-1
d_389,ONDOUSDT,1760126400000,1,train,fast,18.998,4.965813549094812,3,-2.8736309033093836,0,0.10416666666666678,1,0.220659333727196,20,-0.005991900372057911,-8.6e-07,0.5,-1
c_1870,ONDOUSDT,1715338800000,0,train,control,,1.554910949728722,0,1.3495440729483281,0,0.08823529411764586,0,-0.009437432075432708,11,-0.008621157343567994,5e-05,0.5,1
c_1871,ONDOUSDT,1725638400000,0,train,control,,2.95577693128914,4,0.451702571230029,1,0.13076923076922478,0,0.20300564211019617,16,-0.0008902221388075869,-1.262e-05,0.5,-1
c_1872,ONDOUSDT,1739793600000,0,train,control,,1.2042191700858333,0,1.7784186493631338,1,0.42941176470587666,0,0.045287442129875156,12,-0.005414190572074927,5e-05,0.5,-1
c_1873,ONDOUSDT,1752757200000,0,train,control,,9.033249427790663,1,7.875401014177785,0,0.08799048751486406,0,0.27416371602003525,13,0.030172902406857972,5e-05,0.5,0
c_1874,ONDOUSDT,1761868800000,0,train,control,,0.6656507567297024,0,3.3018159987993427,0,0.08333333333332452,0,-0.10066003146211674,0,-0.0019073278681809296,-0.00013487,0.5,-1
c_1875,ONDOUSDT,1715929200000,0,train,control,,1.314361949031043,0,3.835840037309074,1,0.16425120772947155,0,0.10330202290188033,7,0.02635875271371847,5e-05,0.5,0
c_1876,ONDOUSDT,1726254000000,0,train,control,,0.9986349073431674,2,2.003154574132499,1,0.2898550724637676,0,0.11194190594488329,19,0.07536978501574453,5e-05,0.5,1
c_1877,ONDOUSDT,1740200400000,0,train,control,,0.4853962685635599,0,0.03534193320376197,0,0.1849315068493106,0,-0.14621383502848315,5,-0.07685747355460662,5e-05,0.5,-1
c_1878,ONDOUSDT,1750327200000,0,train,control,,0.8681324380535516,0,0.9610456176319915,0,0.08045977011493431,0,-0.06389655452786848,10,0.012497352207577483,-2.17e-06,0.5,0
c_1879,ONDOUSDT,1761289200000,0,train,control,,0.8901011899250293,0,1.8390486725663842,0,0.22500000000000278,0,0.06203514838615096,7,0.00530795548074845,-3.209e-05,0.5,1
c_1880,ONDOUSDT,1715756400000,0,train,control,,0.508900063687574,0,0.6175325547053361,1,0.35593220338982795,0,0.012146050727554304,7,0.005294318606443032,3.351e-05,0.5,0
c_1881,ONDOUSDT,1726902000000,0,train,control,,0.7143519353291595,0,0.4113412663434736,1,0.777777777777764,0,0.02125302806719171,7,-0.00956628193407057,5e-05,0.5,-1
c_1882,ONDOUSDT,1736341200000,0,train,control,,1.9353514771396758,0,-4.537626357169599,0,0.14480874316939524,1,0.009127603252789211,13,0.009348328500218658,-0.00094054,0.5,-1
c_1883,ONDOUSDT,1750788000000,0,train,control,,1.198482524830744,0,1.353990365837777,1,0.06603773584905458,0,9.22935852723369e-06,18,0.0017839628402761072,5e-05,0.5,1
c_1884,ONDOUSDT,1761868800000,0,train,control,,0.6656507567297024,0,3.3018159987993427,0,0.08333333333332452,0,-0.10066003146211674,0,-0.0019073278681809296,-0.00013487,0.5,-1
c_1885,ONDOUSDT,1714608000000,0,train,control,,0.5302189233133099,0,2.906509509777651,1,0.2635658914728732,0,-0.06793086273395,0,0.013787085014963823,5e-05,0.5,0
c_1886,ONDOUSDT,1727726400000,0,train,control,,0.32688854906346654,0,0.9652254396403508,0,0.35714285714286137,0,-0.06596478044312565,20,0.010564832037888945,8.163e-05,0.5,-1
c_1887,ONDOUSDT,1738756800000,0,train,control,,2.70752074355528,1,5.903977648702288,1,0.34120171673819816,0,0.11733793544216171,12,0.05858506166867174,-0.00012668,0.5,0
c_1888,ONDOUSDT,1749582000000,0,train,control,,0.9520492398173322,1,0.8769931662870205,0,0.15189873417721217,0,0.01339443672190668,19,-0.004216688316134538,5e-05,0.5,0
c_1889,ONDOUSDT,1761868800000,0,train,control,,0.6656507567297024,0,3.3018159987993427,0,0.08333333333332452,0,-0.10066003146211674,0,-0.0019073278681809296,-0.00013487,0.5,-1
c_1890,ONDOUSDT,1714608000000,0,train,control,,0.5302189233133099,0,2.906509509777651,1,0.2635658914728732,0,-0.06793086273395,0,0.013787085014963823,5e-05,0.5,0
c_1891,ONDOUSDT,1725166800000,0,train,control,,0.6743617077004637,0,-0.8893123709703111,0,0.31746031746031916,0,0.03551563744914547,5,0.0011756509378258299,3.69e-05,0.5,-1
c_1892,ONDOUSDT,1740524400000,0,train,control,,0.721532609887494,0,4.183884297520659,0,0.3669724770642217,0,-0.09474081438505076,23,-0.00024458948139118215,5e-05,0.5,-1
c_1893,ONDOUSDT,1750730400000,0,train,control,,0.652589817239457,1,6.513517299341642,1,0.008547008547007654,0,-0.02713254964165675,2,-0.0031242524235602902,-4.919e-05,0.5,1
c_1894,ONDOUSDT,1761868800000,0,train,control,,0.6656507567297024,0,3.3018159987993427,0,0.08333333333332452,0,-0.10066003146211674,0,-0.0019073278681809296,-0.00013487,0.5,-1
c_1895,ONDOUSDT,1714608000000,0,train,control,,0.5302189233133099,0,2.906509509777651,1,0.2635658914728732,0,-0.06793086273395,0,0.013787085014963823,5e-05,0.5,0
c_1896,ONDOUSDT,1726808400000,0,train,control,,3.3319727741499734,1,9.116365899191036,1,0.3011695906432741,0,0.1536627576568461,5,0.05263860790138024,5e-05,0.5,1
c_1897,ONDOUSDT,1736665200000,0,train,control,,0.5588825643291426,0,-1.4195083267248063,0,0.21600000000000866,1,-0.11497973781253508,7,-0.0003149125417904118,-8.947e-05,0.5,0
c_1898,ONDOUSDT,1748757600000,0,train,control,,0.6096937501132985,0,0.7647487254187876,0,0.47945205479451514,0,0.0395656527450515,6,0.003304911825798384,5e-05,0.5,0
c_1899,ONDOUSDT,1761868800000,0,train,control,,0.6656507567297024,0,3.3018159987993427,0,0.08333333333332452,0,-0.10066003146211674,0,-0.0019073278681809296,-0.00013487,0.5,-1
c_1900,ONDOUSDT,1716379200000,0,train,control,,0.997993068229059,0,-1.8865890470030142,0,0.3227848101265834,1,-0.052757931580292315,12,-0.007511520730013299,0.00023366,0.5,-1
c_1901,ONDOUSDT,1725660000000,0,train,control,,2.356964051880902,2,-1.2771168649405131,0,0.0,0,0.053056702223587666,22,0.002261042470371897,-0.00020057,0.5,-1
c_1902,ONDOUSDT,1739833200000,0,train,control,,0.7396675052375811,0,2.017362546506819,1,0.015686274509802284,0,-0.016020632685470583,23,-0.005035399156778639,5e-05,0.5,-1
c_1903,ONDOUSDT,1751043600000,0,train,control,,1.5978448218646246,0,2.6078645548880246,0,0.5483870967741991,0,0.02909624705332079,17,-0.007664035870931619,3.199e-05,0.5,0
c_1904,ONDOUSDT,1761721200000,0,train,control,,0.6682798301803092,0,0.5067798931653249,0,0.22222222222221993,0,-0.28361328400921026,7,0.0020623766643792472,-4.13e-06,0.5,0
c_1905,ONDOUSDT,1715421600000,0,train,control,,0.8592233346686605,0,-0.1241156758098549,0,0.19277108433734214,1,-0.039044744444540924,10,0.007150594509580194,5e-05,0.5,-1
c_1906,ONDOUSDT,1727571600000,0,train,control,,1.4318480892677468,0,0.03693671509480016,0,0.4520547945205496,0,0.04080092312786095,1,0.0032533699295998215,0.00012194,0.5,0
c_1907,ONDOUSDT,1737662400000,0,train,control,,2.360104714435935,3,-1.5606508875739733,0,0.027707808564234233,1,0.0858534329505847,20,0.0008726617192827877,1.42e-06,0.5,0
c_1908,ONDOUSDT,1750035600000,0,train,control,,0.7934667273426598,0,1.530153015301533,0,0.12962962962963687,0,-0.05291780204770245,1,0.029452679696252298,1.05e-05,0.5,0
c_1909,ONDOUSDT,1759899600000,0,train,control,,0.8213892450818087,1,-0.7222586999343336,0,0.14173228346456831,0,0.025292724571962945,5,-0.04102310735172504,1.292e-05,0.5,-1
c_1910,ONDOUSDT,1714608000000,0,train,control,,0.5302189233133099,0,2.906509509777651,1,0.2635658914728732,0,-0.06793086273395,0,0.013787085014963823,5e-05,0.5,0
c_1911,ONDOUSDT,1726923600000,0,train,control,,0.3758273000895666,0,0.5254707341993777,1,0.057692307692301534,0,-0.08346440938317787,13,0.006321555344810824,5e-05,0.5,0
c_1912,ONDOUSDT,1735635600000,0,train,control,,2.311844620883674,1,3.76901536365701,1,0.3875205254515613,0,0.015414137267265532,9,0.001312219873483569,5e-05,0.5,0
c_1913,ONDOUSDT,1752145200000,0,train,control,,0.8182404319729021,0,0.1532838108713688,1,0.24999999999999076,0,0.05277441071296259,11,0.013705858706635798,5e-05,0.5,1
c_1914,ONDOUSDT,1761073200000,0,train,control,,0.8339178572287456,3,-0.3007715443965058,0,0.368932038834944,0,0.19093644244908958,19,0.011583478343909515,3.213e-05,0.5,0
c_1915,ONDOUSDT,1714608000000,0,train,control,,0.5302189233133099,0,2.906509509777651,1,0.2635658914728732,0,-0.06793086273395,0,0.013787085014963823,5e-05,0.5,0
c_1916,ONDOUSDT,1725361200000,0,train,control,,0.6539975086266098,0,0.17883271012843277,1,0.41071428571429636,0,-0.016125132874621827,11,0.011909623583891237,-6.661e-05,0.5,0
c_1917,ONDOUSDT,1740391200000,0,train,control,,1.1719453868077616,0,-0.9334783396773587,0,0.5504587155963298,0,0.016063382200702126,10,0.002939434304574132,5e-05,0.5,0
c_1918,ONDOUSDT,1751112000000,0,train,control,,0.768345798660273,0,-0.10629816635663338,0,0.3600000000000044,0,0.01634352875557262,12,-0.020289770703884092,1.205e-05,0.5,0
c_1919,ONDOUSDT,1761868800000,0,train,control,,0.6656507567297024,0,3.3018159987993427,0,0.08333333333332452,0,-0.10066003146211674,0,-0.0019073278681809296,-0.00013487,0.5,-1
c_1920,ONDOUSDT,1762056000000,0,test,control,,0.799541164326491,0,-0.7830296127562728,0,0.29999999999999444,0,-0.08326185889290341,4,-0.006101511727187339,-9.244e-05,0.5,0
c_1921,ONDOUSDT,1766070000000,0,test,control,,3.9682777500655755,2,2.0303263942431298,1,0.2671755725190811,0,0.29266546597813,15,-0.0042782869924032395,2.202e-05,0.5,-1
c_1922,ONDOUSDT,1771034400000,0,test,control,,2.2852062440169285,1,2.3088569265707775,0,0.4680851063829825,0,-0.08166431559925888,2,-0.05152460707185668,4.41e-05,0.5,1
c_1923,ONDOUSDT,1775473200000,0,test,control,,0.8869702081355495,0,2.2120518688024515,1,0.7692307692307725,0,-0.048368395401413765,11,0.039887757533669986,5e-05,0.5,1
c_1924,ONDOUSDT,1779814800000,0,test,control,,1.4941909241082936,0,0.04758505829169117,0,0.6976744186046535,0,0.08918172477048765,17,-0.005829717366582767,-3.448e-05,0.777079618835836,-1
c_1925,ONDOUSDT,1762156800000,0,test,control,,1.2643358169730048,1,-0.8586323213738194,0,0.5444444444444457,0,0.1510794356804475,8,0.004629045049080939,-0.00019637,0.5,-1
c_1926,ONDOUSDT,1766120400000,0,test,control,,0.6446813415856755,1,4.26175419301621,0,0.31578947368421745,0,-0.13014324466423788,5,0.010572195554300163,1.91e-05,0.5,0
c_1927,ONDOUSDT,1771232400000,0,test,control,,0.2852019135084683,0,-1.007919366450673,0,0.6666666666666461,0,-0.0665042261794951,9,0.003371577363952454,4.287e-05,0.5,-1
c_1928,ONDOUSDT,1774965600000,0,test,control,,1.9845094705615736,0,2.534113060428852,1,0.22807017543859154,0,0.08736172046023709,14,-0.007907579213107165,-5.165e-05,0.5,0
c_1929,ONDOUSDT,1779814800000,0,test,control,,1.4941909241082936,0,0.04758505829169117,0,0.6976744186046535,0,0.08918172477048765,17,-0.005829717366582767,-3.448e-05,0.777079618835836,-1
c_1930,ONDOUSDT,1762718400000,0,test,control,,0.9873916539649727,0,1.9728915662650601,0,0.010309278350514284,0,0.017167687651196393,20,0.0001242064634256992,-4.542e-05,0.5,1
c_1931,ONDOUSDT,1765832400000,0,test,control,,1.7255488528723988,3,-1.839748244977002,0,0.292307692307694,0,0.11256761341015585,21,0.01560848688651452,-6.46e-05,0.5,-1
c_1932,ONDOUSDT,1771912800000,0,test,control,,0.9239122532194206,0,-1.2918853451756191,0,0.40624999999999756,0,0.04870679837846661,6,0.00390279423387672,-4.454e-05,0.5,-1
c_1933,ONDOUSDT,1775624400000,0,test,control,,0.6733991783102197,0,0.18566654288897158,1,0.7999999999999945,0,-0.005179840826993942,5,0.05056591517285739,5e-05,0.5,1
c_1934,ONDOUSDT,1779814800000,0,test,control,,1.4941909241082936,0,0.04758505829169117,0,0.6976744186046535,0,0.08918172477048765,17,-0.005829717366582767,-3.448e-05,0.777079618835836,-1
c_1935,ONDOUSDT,1716102000000,0,train,control,,1.6470124929830567,0,2.119542178889362,1,0.22568093385214064,0,0.10913662380458207,7,0.0050866189986930556,5e-05,0.5,0
c_1936,ONDOUSDT,1725249600000,0,train,control,,0.47549143171248287,0,1.235403621594174,1,0.06000000000001554,0,-0.021842259677968906,4,-0.006764690802221367,-0.00024343,0.5,-1
c_1937,ONDOUSDT,1736143200000,0,train,control,,1.028147995525729,1,-0.04547521600727103,0,0.7072072072072094,0,0.08025441583524823,6,0.010482755879002312,-0.00019569,0.5,1
c_1938,ONDOUSDT,1750719600000,0,train,control,,4.963801013259511,2,9.459849797804736,0,0.24486301369862976,0,0.10851095031242049,23,0.014377616375004822,5e-05,0.5,1
c_1939,ONDOUSDT,1761307200000,0,train,control,,1.4180189960334924,0,0.84861757459622,1,0.022727272727270147,0,0.0101685134037503,12,-0.005054696322994785,4.296e-05,0.5,1
c_1940,ONDOUSDT,1714852800000,0,train,control,,0.4453520347856815,0,0.4881620698071764,0,0.26785714285713613,0,-0.07070722621775816,20,0.005683485817314702,0.00015722,0.5,1
c_1941,ONDOUSDT,1726408800000,0,train,control,,1.867341634168957,0,0.14047135945058542,1,0.6399999999999956,0,-0.022963958747453377,14,-0.005519872615339856,5e-05,0.5,0
c_1942,ONDOUSDT,1735592400000,0,train,control,,1.016055744392039,0,6.464707208900237,1,0.0656250000000066,0,0.012030407202928101,21,0.010597882543521496,2.642e-05,0.5,0
c_1943,ONDOUSDT,1751778000000,0,train,control,,0.5685717433295494,0,-0.6016385048643161,0,0.45161290322582953,0,-0.07248280032674395,5,-0.0031798439320676105,5e-05,0.5,0
c_1944,ONDOUSDT,1761868800000,0,train,control,,0.6656507567297024,0,3.3018159987993427,0,0.08333333333332452,0,-0.10066003146211674,0,-0.0019073278681809296,-0.00013487,0.5,-1
c_1945,ONDOUSDT,1714806000000,0,train,control,,0.5169404900222752,1,-0.5561600773787858,0,0.18666666666666212,0,0.038513834453886266,7,0.009505320544509473,5e-05,0.5,1
c_1946,ONDOUSDT,1727658000000,0,train,control,,2.827263934165551,1,-1.212938005390838,0,0.15725806451612934,0,0.046558720466124554,1,-0.013056739563870079,5e-05,0.5,0
c_1947,ONDOUSDT,1737655200000,0,train,control,,2.6299901798061045,4,3.4189299193369362,0,0.17336152219873155,0,0.29955221016239103,18,-0.053321299643725076,-3.214e-05,0.5,1
c_1948,ONDOUSDT,1749348000000,0,train,control,,0.8745672688454661,0,-0.04792140888941607,0,0.0857142857142762,0,-0.0411404894263782,2,0.0016186313081097406,4.081e-05,0.5,1
c_1949,ONDOUSDT,1760954400000,0,train,control,,0.6343670923479822,0,0.06588483331136447,0,0.11594202898549605,0,0.02332366578921787,10,0.004697978010662651,-2.167e-05,0.5,1
d_390,PLAYUSDT,1754550000000,1,train,standard,42.1359,8.71985629885472,1,38.60797144556813,0,0.019425675675675182,0,0.43842275973187933,7,,5e-05,0.5,0
d_391,PLAYUSDT,1756677600000,1,train,standard,25.0087,5.439814079473377,4,8.375437232802179,1,0.48372093023255797,0,0.2778978501382775,22,,0.0012123,0.5,0
d_392,PLAYUSDT,1760104800000,1,train,standard,39.8379,1.0971990334341133,2,2.541630148992115,1,0.2784810126582256,0,0.10984090946934455,14,,5e-05,0.5,0
d_393,PLAYUSDT,1760418000000,1,train,standard,17.7717,1.31541290935951,0,-0.21173623714458747,0,0.48076923076923156,0,-0.053655881469481886,5,,0.00011553,0.5,-1
d_394,PLAYUSDT,1766988000000,1,test,standard,16.5725,10.829182316162653,2,17.394726485635577,0,0.03348214285714378,0,0.7518089676373392,6,,0.00025405,0.5,1
d_395,PLAYUSDT,1769684400000,1,test,standard,23.7855,0.5075269766276495,0,0.10499606264764644,1,0.09110629067245193,0,-0.07292252318790231,11,,0.00053762,0.5,-1
d_396,PLAYUSDT,1770123600000,1,test,standard,21.503,0.5148186707591054,0,3.1831255992329712,1,0.35517241379310455,0,-0.19643651741633233,13,,0.00096276,0.5,0
d_397,PLAYUSDT,1770825600000,1,test,standard,34.9823,3.5256907497471848,1,-0.5150317403281829,0,0.5937500000000068,0,0.05062613952490645,16,,5e-05,0.5,-1
d_398,PLAYUSDT,1771092000000,1,test,standard,32.1622,0.9212045338914179,1,0.12990387113534552,0,0.19090909090909314,0,-0.0907810126168657,18,,-0.00089131,0.5,1
d_399,PLAYUSDT,1771426800000,1,test,standard,20.3287,0.8544524997202935,2,3.861880963198547,0,0.28000000000000225,0,0.0721757305134497,15,,0.00028558,0.5,0
d_400,PLAYUSDT,1771736400000,1,test,standard,21.9184,3.7211098268627563,2,4.458000938526511,1,0.3571428571428561,0,0.07098746135459001,5,,0.00042394,0.5,0
d_401,PLAYUSDT,1773277200000,1,test,standard,19.3383,0.44112299206301436,0,4.408523144746517,0,0.17120622568093255,0,-0.16883236682703506,1,,0.00043346,0.5,0
d_402,PLAYUSDT,1773363600000,1,test,standard,19.9088,0.963051404278545,0,5.544665359843188,0,0.23772609819121385,0,-0.05244392250423166,1,,5e-05,0.5,1
d_403,PLAYUSDT,1773997200000,1,test,standard,19.5206,1.098045627621334,0,-3.561718325176723,0,0.17857142857142194,0,0.01552813487635296,9,,5e-05,0.5,1
d_404,PLAYUSDT,1774843200000,1,test,standard,18.368,0.3575153706862558,0,3.1669090321538267,0,0.6634615384615397,0,-0.129675144695519,4,,0.00049144,0.5,0
d_405,PLAYUSDT,1775347200000,1,test,standard,16.7227,1.3533594618070963,3,-8.299595141700406,0,0.38211382113821496,0,1.0322106030208944,0,,5e-05,0.5,0
d_406,PLAYUSDT,1776279600000,1,test,standard,42.9697,28.442366619303666,3,76.26426649345828,0,0.0547870897748853,0,0.652938789391044,19,,5e-05,0.5,0
d_407,PLAYUSDT,1777017600000,1,test,standard,18.5088,1.508037455417336,1,0.8194519075765708,1,0.07528957528957303,0,0.11275616385179935,8,,0.00056448,0.5,0
d_408,PLAYUSDT,1778108400000,1,test,standard,59.0262,27.72046988919218,4,4.110949291672179,1,0.8618346545866367,0,0.25228064893984015,23,,0.00095729,0.5,0
d_409,PLAYUSDT,1778400000000,1,test,standard,25.1032,1.020979841779018,0,4.512398142469116,1,0.2834224598930469,0,0.08205325491388595,8,,0.00015891,0.5,0
d_410,PLAYUSDT,1778554800000,1,test,standard,20.1214,0.6864052895168009,0,0.31482541499713507,1,0.12648221343873597,0,-0.027698228914505095,3,,5e-05,0.5,0
d_411,PLAYUSDT,1778842800000,1,test,standard,24.8541,3.2193135989919353,2,-8.206872492586779,0,0.33096446700507565,0,0.11419983360051288,11,,-0.00019333,0.5,1
d_412,PLAYUSDT,1779278400000,1,test,standard,46.1023,1.9760168552632995,1,6.500591560404898,0,0.24647887323943518,0,0.13672552550161474,12,,0.00022247,0.5,0
d_413,PLAYUSDT,1779505200000,1,test,standard,33.7615,1.7575049605686992,0,9.221586064076023,0,0.2318087318087313,0,-0.07352826804301457,3,,-0.00105729,0.5,-1
d_414,PLAYUSDT,1779624000000,1,test,standard,19.3506,2.2198928018684674,2,13.152305825242713,0,0.070676691729323,0,0.08264885002385156,12,,-0.00044206,0.5,1
d_415,PLAYUSDT,1754550000000,1,train,fast,13.8731,8.71985629885472,1,38.60797144556813,0,0.019425675675675182,0,0.43842275973187933,7,,5e-05,0.5,0
d_416,PLAYUSDT,1754560800000,1,train,fast,13.065,55.05019256400905,4,89.94860079954309,1,0.16103522645578763,0,7.110055035291225,10,,0.0012444,0.5,0
d_417,PLAYUSDT,1754888400000,1,train,fast,15.3491,4.311155220909099,1,19.595835884874475,1,0.024806201550386597,0,0.3039016511448082,5,,0.00095093,0.5,1
d_418,PLAYUSDT,1760126400000,1,train,fast,32.2852,1.0231330504991396,2,-1.8600325505696398,0,0.10389610389610869,0,0.2086222404495958,20,,9.916e-05,0.5,-1
d_419,PLAYUSDT,1764086400000,1,test,fast,10.6331,12.836390113472435,3,7.800143781452186,1,0.26870748299319713,0,0.31339076927398074,16,,5e-05,0.5,0
d_420,PLAYUSDT,1769684400000,1,test,fast,14.8109,0.5075269766276495,0,0.10499606264764644,1,0.09110629067245193,0,-0.07292252318790231,11,,0.00053762,0.5,-1
d_421,PLAYUSDT,1770897600000,1,test,fast,13.1317,2.1597545193513166,1,-2.7711482365420244,0,0.11695906432748135,0,0.2052243873093407,12,,-0.00019608,0.5,1
d_422,PLAYUSDT,1770991200000,1,test,fast,17.1609,1.1788120613586741,0,-0.058823529411755504,0,0.23684210526315694,0,0.10958698339711513,14,,-0.00127676,0.5,-1
d_423,PLAYUSDT,1771153200000,1,test,fast,16.9587,0.7862196030181309,1,-1.510023431398066,0,0.1578947368421072,0,-0.034286038876161246,11,,-0.00054399,0.5,1
d_424,PLAYUSDT,1772542800000,1,test,fast,10.8825,3.8124653004079465,3,8.355228586442466,1,0.5301204819277118,0,0.4210419884695822,13,,6.736e-05,0.5,1
d_425,PLAYUSDT,1773298800000,1,test,fast,13.056,1.3400270916782255,0,-3.510063819342172,0,0.5751978891820582,0,0.06531165206558143,7,,0.00034502,0.5,0
d_426,PLAYUSDT,1773997200000,1,test,fast,19.281,1.098045627621334,0,-3.561718325176723,0,0.17857142857142194,0,0.01552813487635296,9,,5e-05,0.5,1
d_427,PLAYUSDT,1774724400000,1,test,fast,10.3047,0.23661431354526477,0,-0.7671232876712206,0,0.39130434782609613,0,-0.05330450164845138,19,,5e-05,0.5,1
d_428,PLAYUSDT,1776279600000,1,test,fast,15.1355,28.442366619303666,3,76.26426649345828,0,0.0547870897748853,0,0.652938789391044,19,,5e-05,0.5,0
d_429,PLAYUSDT,1776326400000,1,test,fast,15.0227,0.8383854728493472,0,8.279718597799276,1,0.32536520584329415,0,-0.403605404476654,8,,0.00134735,0.5,1
d_430,PLAYUSDT,1777078800000,1,test,fast,19.6719,0.3846652084832059,0,-3.0286229121907358,0,0.5234521575985017,0,-0.1555975605173378,1,,5e-05,0.5,-1
d_431,PLAYUSDT,1777698000000,1,test,fast,15.3468,1.2162186519591938,0,5.0034626038781225,1,0.11455847255369794,0,0.09568144781730836,5,,0.00032289,0.5,1
d_432,PLAYUSDT,1778108400000,1,test,fast,18.944,27.72046988919218,4,4.110949291672179,1,0.8618346545866367,0,0.25228064893984015,23,,0.00095729,0.5,0
d_433,PLAYUSDT,1778130000000,1,test,fast,15.4066,0.32221046610120596,1,-14.692349684161279,0,0.21660649819494637,0,-0.1469813769807345,5,,8.15e-05,0.5,0
d_434,PLAYUSDT,1778140800000,1,test,fast,12.5947,1.0220265815582532,0,-14.74667159763314,0,0.3256262042389204,0,-0.1160959047213167,8,,5e-05,0.5,0
d_435,PLAYUSDT,1778324400000,1,test,fast,10.9184,7.151009419287565,3,33.51239669421487,0,0.5646551724137938,0,0.38942882229738507,11,,-0.00021741,0.5,0
d_436,PLAYUSDT,1778842800000,1,test,fast,17.7629,3.2193135989919353,2,-8.206872492586779,0,0.33096446700507565,0,0.11419983360051288,11,,-0.00019333,0.5,1
d_437,PLAYUSDT,1779285600000,1,test,fast,14.5415,3.981670237420399,3,2.134361941497922,1,0.24513618677042812,0,0.12344389557793436,14,,0.00018811,0.5,0
d_438,PLAYUSDT,1779303600000,1,test,fast,10.6448,0.7657267899449884,1,-17.52688948242257,0,0.2511061946902662,0,0.057409107313052425,19,,5e-05,0.5,0
d_439,PLAYUSDT,1779321600000,1,test,fast,10.3621,0.6798206145700852,0,-12.341319079889278,0,0.2285714285714284,0,-0.1731537714676907,0,,5e-05,0.5,0
d_440,PLAYUSDT,1779418800000,1,test,fast,17.5375,1.7300714676104907,0,6.786608972899121,0,0.15220949263502448,0,0.01667595491132732,3,,-0.0004893,0.5,0
d_441,PLAYUSDT,1779454800000,1,test,fast,12.9678,0.7110060437054453,0,6.692290300700892,1,0.6260720411663807,0,-0.11154049005336204,13,,-0.00010885,0.5,0
d_442,PLAYUSDT,1779519600000,1,test,fast,13.3238,0.8794928602806016,0,-0.5466919558183692,0,0.8213058419244009,0,0.06349760106337994,7,,-0.00076363,0.5,-1
d_443,PLAYUSDT,1779883200000,1,test,fast,12.3318,2.25754688370744,4,0.7003827673263292,0,0.24733475479744313,0,0.14439369197668614,12,,0.00054512,0.5,-1
c_1950,PLAYUSDT,1754154000000,0,train,control,,1.2037106137032312,1,-0.3387533875338733,0,0.46666666666666573,0,0.0966048136083346,17,,0.00045147,0.5,-1
c_1951,PLAYUSDT,1756296000000,0,train,control,,0.5812054172163131,0,4.207506574229017,0,0.42105263157895234,0,-0.16622139411521075,12,,5e-05,0.5,1
c_1952,PLAYUSDT,1758272400000,0,train,control,,1.0858912435020895,0,0.0,0,0.4285714285714257,0,0.005748804059723003,9,,0.00018875,0.5,0
c_1953,PLAYUSDT,1759356000000,0,train,control,,0.42171829966483654,0,0.4553079319434357,1,0.41666666666665464,0,-0.06097699990706867,22,,6.865e-05,0.5,1
c_1954,PLAYUSDT,1761868800000,0,train,control,,0.3035370055200739,0,0.807428340734755,0,0.5000000000000072,0,-0.15711580856706472,0,,5e-05,0.5,-1
c_1955,PLAYUSDT,1754128800000,0,train,control,,1.3849449121009818,0,-7.893192488262906,0,0.11486486486486705,1,0.04971582117584979,10,,0.0005919,0.5,-1
c_1956,PLAYUSDT,1756155600000,0,train,control,,1.1642624516447493,0,-2.610221539811355,0,0.43243243243243495,0,0.050575466552215814,21,,0.00011193,0.5,-1
c_1957,PLAYUSDT,1758283200000,0,train,control,,8.548420275226448,1,-5.146124523506977,0,0.0,1,0.2504462665967807,12,,0.00030401,0.5,0
c_1958,PLAYUSDT,1759446000000,0,train,control,,3.2532505504451867,1,4.352913643809972,0,0.12820512820513139,0,0.04612613963479732,23,,0.00109289,0.5,1
c_1959,PLAYUSDT,1761868800000,0,train,control,,0.3035370055200739,0,0.807428340734755,0,0.5000000000000072,0,-0.15711580856706472,0,,5e-05,0.5,-1
c_1960,PLAYUSDT,1754042400000,0,train,control,,0.7323281672736648,0,-3.0081529378689758,0,0.16666666666666805,0,-0.06241420906797939,10,,0.00072957,0.5,-1
c_1961,PLAYUSDT,1756461600000,0,train,control,,2.1198935787794126,3,-2.4912689173457543,0,0.18064516129032018,0,0.17698803528012258,10,,0.00026875,0.5,-1
c_1962,PLAYUSDT,1757962800000,0,train,control,,0.31215630951416296,0,0.16003657978966762,1,0.11904761904762141,0,-0.1275546588172244,19,,6.58e-05,0.5,0
c_1963,PLAYUSDT,1759917600000,0,train,control,,3.038623051963843,1,-0.9399700918607048,0,0.3461538461538441,0,0.101216560048433,10,,0.00047359,0.5,-1
c_1964,PLAYUSDT,1761627600000,0,train,control,,2.361334270643084,3,5.142655864741117,1,0.0,0,0.8118483386733231,5,,0.00049027,0.5,-1
c_1965,PLAYUSDT,1754038800000,0,train,control,,0.666222267856735,0,-4.579310344827572,0,0.38461538461538214,0,-0.03129909107238758,9,,0.00072957,0.5,-1
c_1966,PLAYUSDT,1756432800000,0,train,control,,0.9930909436758831,0,-1.6780045351473867,0,0.2181818181818113,0,-0.12818407068455254,2,,0.00089288,0.5,0
c_1967,PLAYUSDT,1757977200000,0,train,control,,0.40619961933888127,0,-0.1369237790962975,0,0.1785714285714321,0,-0.15421414906252523,23,,0.00044512,0.5,0
c_1968,PLAYUSDT,1759881600000,0,train,control,,0.49971580101785457,0,-1.5470297029702984,0,0.1547619047619025,1,-0.06229143374644999,0,,0.00058237,0.5,-1
c_1969,PLAYUSDT,1761868800000,0,train,control,,0.3035370055200739,0,0.807428340734755,0,0.5000000000000072,0,-0.15711580856706472,0,,5e-05,0.5,-1
c_1970,PLAYUSDT,1762329600000,0,test,control,,0.2750059527966678,0,1.7461066540821086,0,0.04545454545455908,0,-0.23865169517366194,8,,5e-05,0.5,-1
c_1971,PLAYUSDT,1764468000000,0,test,control,,0.45559223868005644,1,-0.30769230769231887,0,0.5,0,-0.05774775824457387,2,,5e-05,0.5,0
c_1972,PLAYUSDT,1767996000000,0,test,control,,0.3039757806341802,0,-0.7473481195757105,0,0.21739130434783133,0,-0.2746430000130786,22,,5e-05,0.5,0
c_1973,PLAYUSDT,1772895600000,0,test,control,,1.6697155133794517,1,-2.56175663311986,0,0.36842105263158037,0,0.028043245280981836,15,,0.00026357,0.5,0
c_1974,PLAYUSDT,1779102000000,0,test,control,,2.207420505321453,4,2.015167930660889,1,0.3386581469648542,0,0.06754032218558602,11,,-0.00296679,0.5,-1
c_1975,PLAYUSDT,1762160400000,0,test,control,,5.809280331868542,1,-0.16913319238901411,0,0.38235294117646856,0,0.25007984847877945,9,,5e-05,0.5,-1
c_1976,PLAYUSDT,1764784800000,0,test,control,,3.6880454093998063,3,-7.005758157389649,0,0.14545454545454534,1,0.11781106782261072,18,,5e-05,0.5,1
c_1977,PLAYUSDT,1767772800000,0,test,control,,0.7821129407717285,0,-0.4604051565377505,0,0.2121212121212115,0,0.005094382780736549,8,,5e-05,0.5,0
c_1978,PLAYUSDT,1772942400000,0,test,control,,1.257672611991766,0,-2.5628856193640193,0,0.02439024390243799,1,-0.02548870699437081,4,,5e-05,0.5,-1
c_1979,PLAYUSDT,1779102000000,0,test,control,,2.207420505321453,4,2.015167930660889,1,0.3386581469648542,0,0.06754032218558602,11,,-0.00296679,0.5,-1
c_1980,PLAYUSDT,1761958800000,0,test,control,,0.5748773300534086,0,0.03941663381947021,0,0.03225806451612795,0,-0.04949301991353008,1,,5e-05,0.5,0
c_1981,PLAYUSDT,1765108800000,0,test,control,,2.6003547848307,3,-0.03118178983474606,0,0.6274509803921627,0,0.19533287427801646,12,,5e-05,0.5,0
c_1982,PLAYUSDT,1766674800000,0,test,control,,0.5484442255194669,2,-1.6110019646365448,0,0.4508196721311495,0,0.05100811597570914,15,,0.00038227,0.5,0
c_1983,PLAYUSDT,1772859600000,0,test,control,,1.20195367072478,0,1.5485687470671068,0,0.3000000000000014,0,0.07661145030799933,5,,0.00014364,0.5,-1
c_1984,PLAYUSDT,1777280400000,0,test,control,,0.8350280010623252,1,-0.9884117246080506,0,0.3754512635379097,0,0.0705863428868944,9,,9.717e-05,0.5,0
c_1985,PLAYUSDT,1761958800000,0,test,control,,0.5748773300534086,0,0.03941663381947021,0,0.03225806451612795,0,-0.04949301991353008,1,,5e-05,0.5,0
c_1986,PLAYUSDT,1764828000000,0,test,control,,1.4178299994889758,0,-0.43232457598935214,0,0.09615384615384565,0,0.0316541244688144,6,,5e-05,0.5,0
c_1987,PLAYUSDT,1767362400000,0,test,control,,2.07771526904494,1,-3.124999999999998,0,0.26865671641790967,1,0.05990210067912097,14,,5e-05,0.5,1
c_1988,PLAYUSDT,1772215200000,0,test,control,,0.46130171300231954,0,0.0,0,0.06896551724137684,0,-0.07320474646473402,18,,5e-05,0.5,-1
c_1989,PLAYUSDT,1779102000000,0,test,control,,2.207420505321453,4,2.015167930660889,1,0.3386581469648542,0,0.06754032218558602,11,,-0.00296679,0.5,-1
c_1990,PLAYUSDT,1762045200000,0,test,control,,0.5241123217708863,0,0.1572327044025093,1,0.42307692307691946,0,-0.02959643531916341,1,,5e-05,0.5,0
c_1991,PLAYUSDT,1764712800000,0,test,control,,0.3865497533303951,1,-1.7862642439174534,0,0.10526315789473108,0,-0.14213763390118306,22,,5e-05,0.5,1
c_1992,PLAYUSDT,1767308400000,0,test,control,,1.975809988983484,0,1.7987065481002322,0,0.47311827956989544,0,-0.18587357722130807,23,,5e-05,0.5,1
c_1993,PLAYUSDT,1769493600000,0,test,control,,1.217201890756528,0,-2.4464027357621996,0,0.2745098039215704,1,0.00694651872515198,6,,0.00016988,0.5,0
c_1994,PLAYUSDT,1776718800000,0,test,control,,0.33658424414008464,0,1.6457537734133534,1,0.4062500000000019,0,-0.3526380801629789,21,,0.00077907,0.5,1
c_1995,PLAYUSDT,1761958800000,0,test,control,,0.5748773300534086,0,0.03941663381947021,0,0.03225806451612795,0,-0.04949301991353008,1,,5e-05,0.5,0
c_1996,PLAYUSDT,1764817200000,0,test,control,,0.6163611862197398,0,1.9282814614343744,0,0.04444444444444273,0,-0.10990151070311271,3,,5e-05,0.5,1
c_1997,PLAYUSDT,1767304800000,0,test,control,,0.8101926177278568,0,1.3290374546918926,1,0.491228070175442,0,-0.17156061070553635,22,,5e-05,0.5,0
c_1998,PLAYUSDT,1772114400000,0,test,control,,1.644354521131193,0,0.23866348448686375,1,0.5,0,-0.019303782382670623,14,,5e-05,0.5,1
c_1999,PLAYUSDT,1779102000000,0,test,control,,2.207420505321453,4,2.015167930660889,1,0.3386581469648542,0,0.06754032218558602,11,,-0.00296679,0.5,-1
c_2000,PLAYUSDT,1762398000000,0,test,control,,1.4701800031108156,0,-3.293135435992574,0,0.1538461538461559,0,0.05908022076346465,3,,5e-05,0.5,1
c_2001,PLAYUSDT,1765188000000,0,test,control,,2.721300362499972,3,0.5662157911292847,0,0.0769230769230824,0,0.16480307457587837,10,,5e-05,0.5,1
c_2002,PLAYUSDT,1766721600000,0,test,control,,0.35803263815238673,0,-2.5193798449612452,0,0.3805309734513276,0,0.015785218888461298,4,,0.00038663,0.5,1
c_2003,PLAYUSDT,1772910000000,0,test,control,,1.1210731984909554,0,0.18788163457021312,0,0.6857142857142883,0,-0.04295085618668961,19,,5e-05,0.5,0
c_2004,PLAYUSDT,1779102000000,0,test,control,,2.207420505321453,4,2.015167930660889,1,0.3386581469648542,0,0.06754032218558602,11,,-0.00296679,0.5,-1
c_2005,PLAYUSDT,1761958800000,0,test,control,,0.5748773300534086,0,0.03941663381947021,0,0.03225806451612795,0,-0.04949301991353008,1,,5e-05,0.5,0
c_2006,PLAYUSDT,1764626400000,0,test,control,,0.3252663729272297,0,1.4021887824897423,1,0.40909090909091195,0,-0.11859811071061116,22,,5e-05,0.5,-1
c_2007,PLAYUSDT,1767924000000,0,test,control,,0.8010023908709325,0,0.1698204754973329,1,0.3620689655172463,0,-0.10881342745658498,2,,0.00025968,0.5,0
c_2008,PLAYUSDT,1770393600000,0,test,control,,2.8090485535256753,2,3.86891714160455,1,0.25935162094763076,0,0.11542048789580302,16,,-0.00048205,0.5,1
c_2009,PLAYUSDT,1779102000000,0,test,control,,2.207420505321453,4,2.015167930660889,1,0.3386581469648542,0,0.06754032218558602,11,,-0.00296679,0.5,-1
c_2010,PLAYUSDT,1761958800000,0,test,control,,0.5748773300534086,0,0.03941663381947021,0,0.03225806451612795,0,-0.04949301991353008,1,,5e-05,0.5,0
c_2011,PLAYUSDT,1764320400000,0,test,control,,1.2243557377243484,0,-0.41908446163764723,0,0.22413793103448534,0,-0.0031110917278213196,9,,5e-05,0.5,0
c_2012,PLAYUSDT,1767351600000,0,test,control,,0.5621157348236139,1,1.3521819299323927,1,0.21621621621621748,0,0.045086914603781336,11,,5e-05,0.5,1
c_2013,PLAYUSDT,1770548400000,0,test,control,,0.8916542364169396,0,-2.055679548925175,0,0.25641025641026277,1,-0.10518473907382825,11,,5e-05,0.5,1
c_2014,PLAYUSDT,1779102000000,0,test,control,,2.207420505321453,4,2.015167930660889,1,0.3386581469648542,0,0.06754032218558602,11,,-0.00296679,0.5,-1
c_2015,PLAYUSDT,1761958800000,0,test,control,,0.5748773300534086,0,0.03941663381947021,0,0.03225806451612795,0,-0.04949301991353008,1,,5e-05,0.5,0
c_2016,PLAYUSDT,1764691200000,0,test,control,,5.617069098756724,1,4.487389452997039,0,0.2692307692307711,0,0.165763315936139,16,,5e-05,0.5,1
c_2017,PLAYUSDT,1767412800000,0,test,control,,1.5216368160608493,0,-1.6115169746454678,0,0.14583333333333423,1,-0.010351834014296278,4,,5e-05,0.5,1
c_2018,PLAYUSDT,1770634800000,0,test,control,,1.2301894372735536,1,-0.9262475396549832,0,0.39062500000000355,0,-0.0658239662644469,11,,5e-05,0.5,-1
c_2019,PLAYUSDT,1779102000000,0,test,control,,2.207420505321453,4,2.015167930660889,1,0.3386581469648542,0,0.06754032218558602,11,,-0.00296679,0.5,-1
c_2020,PLAYUSDT,1761958800000,0,test,control,,0.5748773300534086,0,0.03941663381947021,0,0.03225806451612795,0,-0.04949301991353008,1,,5e-05,0.5,0
c_2021,PLAYUSDT,1764302400000,0,test,control,,1.1242667069024646,0,0.608389369196272,0,0.19277108433735052,0,-0.1333872428341959,4,,5e-05,0.5,0
c_2022,PLAYUSDT,1767592800000,0,test,control,,1.7382893646750421,0,-2.019982623805387,0,0.008333333333335887,1,0.11437416127420416,6,,5e-05,0.5,0
c_2023,PLAYUSDT,1772222400000,0,test,control,,0.5670205119723529,0,-0.16216216216215557,0,0.18181818181818124,0,-0.21237240782792294,20,,5e-05,0.5,-1
c_2024,PLAYUSDT,1776823200000,0,test,control,,0.3731001932611597,0,2.308095820947721,1,0.28617363344051494,0,-0.05168016867724794,2,,0.00037782,0.5,0
c_2025,PLAYUSDT,1762390800000,0,test,control,,0.922410033794771,0,-0.563115908024395,0,0.0,0,0.0007913492578902369,1,,5e-05,0.5,1
c_2026,PLAYUSDT,1764698400000,0,test,control,,1.2177509480098956,2,6.111111111111112,0,0.5952380952380906,0,0.10044759150519106,18,,5e-05,0.5,1
c_2027,PLAYUSDT,1767283200000,0,test,control,,1.118490495830535,2,-4.81740481740481,0,0.666666666666663,0,0.16007116834906585,16,,0.00069232,0.5,0
c_2028,PLAYUSDT,1772190000000,0,test,control,,2.2308205557060092,3,-2.173913043478246,0,0.328767123287673,0,0.14655506274729949,11,,5e-05,0.5,-1
c_2029,PLAYUSDT,1776686400000,0,test,control,,1.1837400040061663,2,-6.265897914193665,0,0.45026178010471196,0,0.11722921597356706,12,,0.00022479,0.5,0
c_2030,PLAYUSDT,1762434000000,0,test,control,,8.342096309322647,4,0.8746355685131175,1,0.23913043478261295,0,0.40094106639998295,13,,5e-05,0.5,0
c_2031,PLAYUSDT,1764698400000,0,test,control,,1.2177509480098956,2,6.111111111111112,0,0.5952380952380906,0,0.10044759150519106,18,,5e-05,0.5,1
c_2032,PLAYUSDT,1768028400000,0,test,control,,0.8304864575847694,0,-0.4609412906356202,0,0.16129032258065093,0,0.03946605003165496,7,,5e-05,0.5,0
c_2033,PLAYUSDT,1772287200000,0,test,control,,0.6744830370836862,0,2.304147465437794,0,0.08333333333333012,0,-0.13312721170944805,14,,5e-05,0.5,-1
c_2034,PLAYUSDT,1779102000000,0,test,control,,2.207420505321453,4,2.015167930660889,1,0.3386581469648542,0,0.06754032218558602,11,,-0.00296679,0.5,-1
c_2035,PLAYUSDT,1761958800000,0,test,control,,0.5748773300534086,0,0.03941663381947021,0,0.03225806451612795,0,-0.04949301991353008,1,,5e-05,0.5,0
c_2036,PLAYUSDT,1764529200000,0,test,control,,1.128049827250104,0,-1.0930771778734694,0,0.37037037037036896,1,-0.421811669303768,19,,5e-05,0.5,0
c_2037,PLAYUSDT,1767423600000,0,test,control,,5.123844422874884,3,-5.736467543670482,0,0.4285714285714296,1,0.32809345148058494,7,,5e-05,0.5,1
c_2038,PLAYUSDT,1772182800000,0,test,control,,4.198556030298501,1,3.8135593220338895,1,0.36296296296296343,0,0.10792626528087314,9,,5e-05,0.5,0
c_2039,PLAYUSDT,1779102000000,0,test,control,,2.207420505321453,4,2.015167930660889,1,0.3386581469648542,0,0.06754032218558602,11,,-0.00296679,0.5,-1
c_2040,PLAYUSDT,1762160400000,0,test,control,,5.809280331868542,1,-0.16913319238901411,0,0.38235294117646856,0,0.25007984847877945,9,,5e-05,0.5,-1
c_2041,PLAYUSDT,1765177200000,0,test,control,,9.03856585677893,2,-0.09517766497462642,0,0.1621621621621733,0,0.409188458401451,7,,5e-05,0.5,1
c_2042,PLAYUSDT,1767355200000,0,test,control,,1.0524659695104464,1,0.9985734664764567,0,0.6263736263736268,0,0.028513826764226508,12,,5e-05,0.5,1
c_2043,PLAYUSDT,1772906400000,0,test,control,,0.4302852896804846,0,0.5665722379603332,0,0.42105263157894257,0,-0.053081341312556686,18,,5e-05,0.5,0
c_2044,PLAYUSDT,1777453200000,0,test,control,,2.1022107516008863,4,-1.9766489143793537,0,0.2052023121387287,0,0.08421094651330452,9,,0.00036931,0.5,0
c_2045,PLAYUSDT,1762412400000,0,test,control,,1.1343632431409814,0,-1.918465227817751,0,0.2647058823529508,1,0.022702237030395037,7,,5e-05,0.5,1
c_2046,PLAYUSDT,1765166400000,0,test,control,,0.8430501485081432,0,0.4477134633834386,0,0.48571428571429137,0,0.017224902562069416,4,,5e-05,0.5,1
c_2047,PLAYUSDT,1767438000000,0,test,control,,2.03457934477321,4,-0.3663003663003514,0,0.28333333333333177,0,0.09618790745261685,11,,5e-05,0.5,0
c_2048,PLAYUSDT,1770447600000,0,test,control,,1.762413569655425,0,-1.7938166086314162,0,0.1166666666666676,1,0.16900062132628593,7,,5e-05,0.5,1
c_2049,PLAYUSDT,1777467600000,0,test,control,,1.4851712350662991,0,0.6790639364814017,1,0.6596858638743467,0,-0.040505123978820966,13,,0.00038247,0.5,1
c_2050,PLAYUSDT,1762272000000,0,test,control,,0.9595854654591169,2,-0.40632054176072147,0,0.052631578947366496,0,0.01886358325912226,16,,5e-05,0.5,-1
c_2051,PLAYUSDT,1764676800000,0,test,control,,0.833912915497028,2,0.6262359920896594,0,0.6153846153846041,0,0.12302607397294403,12,,5e-05,0.5,1
c_2052,PLAYUSDT,1767898800000,0,test,control,,0.47907463782851906,0,0.2439024390243803,1,0.5714285714285762,0,-0.03014691200669021,19,,0.0001765,0.5,0
c_2053,PLAYUSDT,1772287200000,0,test,control,,0.6744830370836862,0,2.304147465437794,0,0.08333333333333012,0,-0.13312721170944805,14,,5e-05,0.5,-1
c_2054,PLAYUSDT,1777330800000,0,test,control,,0.948568028209221,1,0.840869427256866,1,0.6315789473684185,0,0.10267657128799439,23,,0.00028918,0.5,-1
c_2055,PLAYUSDT,1761958800000,0,test,control,,0.5748773300534086,0,0.03941663381947021,0,0.03225806451612795,0,-0.04949301991353008,1,,5e-05,0.5,0
c_2056,PLAYUSDT,1764918000000,0,test,control,,1.8154228260177148,0,0.36532713384257387,0,0.12500000000000078,0,-0.013419934260839452,7,,5e-05,0.5,0
c_2057,PLAYUSDT,1767290400000,0,test,control,,1.1130608805561408,1,1.264274061990217,1,0.41772151898733845,0,0.061467120738206246,18,,9.187e-05,0.5,0
c_2058,PLAYUSDT,1772920800000,0,test,control,,0.4008241201504132,0,-0.6100422336930933,0,0.04761904761904605,0,-0.13458634585448112,22,,5e-05,0.5,-1
c_2059,PLAYUSDT,1776693600000,0,test,control,,0.43685118687925945,1,1.1664217487141746,0,0.32113821138211474,0,0.022476555136774413,14,,0.00062881,0.5,0
c_2060,PLAYUSDT,1762034400000,0,test,control,,0.5930644059456812,0,1.0362694300518127,0,0.39393939393938787,0,-0.930402247767945,22,,5e-05,0.5,0
c_2061,PLAYUSDT,1764561600000,0,test,control,,1.0011255355008475,3,0.6079027355623087,0,0.031249999999998643,0,0.2688463298985217,4,,5e-05,0.5,-1
c_2062,PLAYUSDT,1766682000000,0,test,control,,0.4218843642192814,0,0.6288032454361151,1,0.35338345864661574,0,-0.015400542282034949,17,,0.00035635,0.5,0
c_2063,PLAYUSDT,1772823600000,0,test,control,,0.5025144408700003,0,0.2396931927133338,1,0.3809523809523786,0,-0.04585520721266499,19,,5e-05,0.5,-1
c_2064,PLAYUSDT,1777413600000,0,test,control,,0.4952217671524272,0,-2.6666666666666634,0,0.5850340136054423,0,-0.06843472308181697,22,,5e-05,0.5,0
c_2065,PLAYUSDT,1761958800000,0,test,control,,0.5748773300534086,0,0.03941663381947021,0,0.03225806451612795,0,-0.04949301991353008,1,,5e-05,0.5,0
c_2066,PLAYUSDT,1764889200000,0,test,control,,0.7097550793429911,0,0.0665335994677285,1,0.3333333333333363,0,-0.12068711333751302,23,,5e-05,0.5,-1
c_2067,PLAYUSDT,1767290400000,0,test,control,,1.1130608805561408,1,1.264274061990217,1,0.41772151898733845,0,0.061467120738206246,18,,9.187e-05,0.5,0
c_2068,PLAYUSDT,1772787600000,0,test,control,,1.5459075464871874,0,0.4752851711026587,1,0.08620689655172652,0,0.07676527582234612,9,,0.00032883,0.5,-1
c_2069,PLAYUSDT,1779102000000,0,test,control,,2.207420505321453,4,2.015167930660889,1,0.3386581469648542,0,0.06754032218558602,11,,-0.00296679,0.5,-1
c_2070,PLAYUSDT,1762304400000,0,test,control,,0.7193310521188002,1,1.3935607880826626,1,0.28125000000000017,0,-0.04398310725987034,1,,5e-05,0.5,-1
c_2071,PLAYUSDT,1764514800000,0,test,control,,0.7868608349218016,0,1.786918408631162,1,0.18749999999999187,0,-0.20156447212036635,15,,5e-05,0.5,0
c_2072,PLAYUSDT,1767603600000,0,test,control,,1.6419097940152414,1,-0.39113428943937334,0,0.13698630136986256,0,0.08192633971241227,9,,5e-05,0.5,1
c_2073,PLAYUSDT,1772143200000,0,test,control,,1.9450547863139145,0,4.797687861271681,1,0.11666666666666772,0,0.025602328639842232,22,,5e-05,0.5,-1
c_2074,PLAYUSDT,1777338000000,0,test,control,,1.136186774473781,0,-0.3598529296722117,0,0.5202020202020193,0,-0.03871774476179284,1,,0.00038757,0.5,-1
c_2075,PLAYUSDT,1754038800000,0,train,control,,0.666222267856735,0,-4.579310344827572,0,0.38461538461538214,0,-0.03129909107238758,9,,0.00072957,0.5,-1
c_2076,PLAYUSDT,1756216800000,0,train,control,,3.831761576382777,2,-3.107947805456699,0,0.019999999999999168,1,0.05386949859637452,14,,5e-05,0.5,-1
c_2077,PLAYUSDT,1758423600000,0,train,control,,0.3116093505775746,1,1.0256410256410304,1,0.34374999999999595,0,-0.013979946981750231,3,,0.00077008,0.5,0
c_2078,PLAYUSDT,1759928400000,0,train,control,,2.4107106089673405,2,1.2650085763293315,0,0.513513513513513,0,0.07751766660936854,13,,0.00106969,0.5,-1
c_2079,PLAYUSDT,1761868800000,0,train,control,,0.3035370055200739,0,0.807428340734755,0,0.5000000000000072,0,-0.15711580856706472,0,,5e-05,0.5,-1
c_2080,PLAYUSDT,1754276400000,0,train,control,,1.3959134065781842,0,5.6481481481481435,0,0.30434782608695937,0,-0.011557283945403276,3,,0.00089512,0.5,1
c_2081,PLAYUSDT,1756108800000,0,train,control,,2.615748798722685,1,-1.0558069381598736,0,0.07692307692307829,0,-0.07398605181335241,8,,0.00033511,0.5,-1
c_2082,PLAYUSDT,1758268800000,0,train,control,,0.6530285787205738,0,0.4253509145044636,0,0.3214285714285719,0,0.0008052442613368595,8,,0.00060537,0.5,0
c_2083,PLAYUSDT,1759431600000,0,train,control,,0.9171889119604055,0,2.691660658495544,1,0.09302325581396587,0,0.05396835605911565,19,,0.0003297,0.5,1
c_2084,PLAYUSDT,1761692400000,0,train,control,,0.2488579773228474,0,-1.421969427657297,0,0.2499999999999988,0,-0.055137847157666744,23,,5e-05,0.5,0
c_2085,PLAYUSDT,1754038800000,0,train,control,,0.666222267856735,0,-4.579310344827572,0,0.38461538461538214,0,-0.03129909107238758,9,,0.00072957,0.5,-1
c_2086,PLAYUSDT,1756324800000,0,train,control,,0.9387944287552995,0,-4.042056074766345,0,0.06593406593406317,1,0.01135697822621259,20,,5e-05,0.5,0
c_2087,PLAYUSDT,1758142800000,0,train,control,,0.5107512155873979,0,0.7415254237288201,0,0.31666666666666937,0,-0.007264436963410559,21,,0.0011743,0.5,-1
c_2088,PLAYUSDT,1759903200000,0,train,control,,1.3972319203545476,0,-1.6607105318478013,0,0.0,1,0.06665841047945113,6,,0.0007444,0.5,-1
c_2089,PLAYUSDT,1761721200000,0,train,control,,8.764596905742335,3,3.168244719592144,1,0.3636363636363625,0,0.26725550264737397,7,,5e-05,0.5,0
c_2090,PLAYUSDT,1754038800000,0,train,control,,0.666222267856735,0,-4.579310344827572,0,0.38461538461538214,0,-0.03129909107238758,9,,0.00072957,0.5,-1
c_2091,PLAYUSDT,1756072800000,0,train,control,,1.3947352390885905,2,-12.333145328069191,0,0.4596774193548377,0,0.24476898116259754,22,,0.00084946,0.5,-1
c_2092,PLAYUSDT,1758355200000,0,train,control,,1.4230806805675713,0,-0.6313416009019222,0,0.3684210526315746,1,0.11978886708298302,8,,0.00086701,0.5,0
c_2093,PLAYUSDT,1759744800000,0,train,control,,3.7110697065463176,2,4.0802823114248,1,0.573426573426572,0,-0.029199235863759283,10,,0.0004144,0.5,0
c_2094,PLAYUSDT,1761868800000,0,train,control,,0.3035370055200739,0,0.807428340734755,0,0.5000000000000072,0,-0.15711580856706472,0,,5e-05,0.5,-1
c_2095,PLAYUSDT,1762167600000,0,test,control,,5.727741457026263,3,-2.5063721325403434,0,0.5729166666666655,0,0.28030766327359546,11,,5e-05,0.5,-1
c_2096,PLAYUSDT,1764291600000,0,test,control,,0.868902124175092,1,1.5903927296332387,1,0.4754098360655719,0,0.040809510181489345,1,,5e-05,0.5,0
c_2097,PLAYUSDT,1767499200000,0,test,control,,0.2919589498669016,0,-0.5534646889528453,0,0.09090909090908804,0,-0.13549685226030753,4,,5e-05,0.5,1
c_2098,PLAYUSDT,1772110800000,0,test,control,,0.532250447995904,0,2.064359441408622,0,0.14285714285715229,0,0.005589796526105184,13,,5e-05,0.5,1
c_2099,PLAYUSDT,1777924800000,0,test,control,,0.9898269944597788,1,-0.13510905230650572,0,0.19655172413793143,0,-0.0028233483669207055,20,,0.00049387,0.5,1
c_2100,PLAYUSDT,1761958800000,0,test,control,,0.5748773300534086,0,0.03941663381947021,0,0.03225806451612795,0,-0.04949301991353008,1,,5e-05,0.5,0
c_2101,PLAYUSDT,1764403200000,0,test,control,,0.43840145911363015,0,-0.19993335554814246,0,0.15873015873016275,0,0.18549766170656803,8,,5e-05,0.5,0
c_2102,PLAYUSDT,1766736000000,0,test,control,,1.5385179930249928,0,0.03976933784052333,0,0.5797101449275356,0,-0.016974693940262405,8,,0.00025124,0.5,0
c_2103,PLAYUSDT,1771995600000,0,test,control,,0.4543471624927689,0,0.0,0,0.14814814814814245,0,0.05502935264103582,5,,5e-05,0.5,1
c_2104,PLAYUSDT,1776704400000,0,test,control,,0.5005273819963741,0,-1.0882273585754139,0,0.10130718954248542,0,-0.09107777387898061,17,,0.00022408,0.5,0
c_2105,PLAYUSDT,1762347600000,0,test,control,,0.843727478529433,0,-0.5147402901263406,0,0.21739130434781953,0,-0.02591937702825158,13,,5e-05,0.5,-1
c_2106,PLAYUSDT,1765065600000,0,test,control,,2.4116216784126423,1,1.5559157212317594,0,0.6153846153846215,0,0.04838574788869537,0,,5e-05,0.5,0
c_2107,PLAYUSDT,1767798000000,0,test,control,,4.370232429606159,2,-3.4778576396939513,0,0.34177215189873383,0,0.5291262489135826,15,,5e-05,0.5,-1
c_2108,PLAYUSDT,1772888400000,0,test,control,,0.8294939895911694,2,-1.2126865671641782,0,0.30555555555556013,1,0.05456828068588875,13,,0.00026357,0.5,-1
c_2109,PLAYUSDT,1779102000000,0,test,control,,2.207420505321453,4,2.015167930660889,1,0.3386581469648542,0,0.06754032218558602,11,,-0.00296679,0.5,-1
c_2110,PLAYUSDT,1762246800000,0,test,control,,0.882394195127159,0,-1.5445719329214458,0,0.48979591836734737,0,0.07335302174150136,9,,5e-05,0.5,-1
c_2111,PLAYUSDT,1764950400000,0,test,control,,4.356550031832768,1,0.8595041322314043,0,0.3504273504273507,0,0.08508586735891362,16,,5e-05,0.5,-1
c_2112,PLAYUSDT,1767351600000,0,test,control,,0.5621157348236139,1,1.3521819299323927,1,0.21621621621621748,0,0.045086914603781336,11,,5e-05,0.5,1
c_2113,PLAYUSDT,1772269200000,0,test,control,,0.9445198390389024,1,-6.684350132625981,0,0.4838709677419362,0,0.2189613592473007,9,,5e-05,0.5,-1
c_2114,PLAYUSDT,1777352400000,0,test,control,,0.9134221518788135,1,-9.934034867284442,0,0.08227848101265717,1,-0.02057715259845618,5,,5e-05,0.5,-1
c_2115,PLAYUSDT,1761958800000,0,test,control,,0.5748773300534086,0,0.03941663381947021,0,0.03225806451612795,0,-0.04949301991353008,1,,5e-05,0.5,0
c_2116,PLAYUSDT,1764594000000,0,test,control,,1.4863494075653703,2,-0.13240648791791407,0,0.17142857142857454,0,-0.013150596712604627,13,,5e-05,0.5,-1
c_2117,PLAYUSDT,1766660400000,0,test,control,,0.548781380888806,0,-0.7797270955165645,0,0.36885245901639296,0,-0.03394203448674717,11,,0.0006368,0.5,0
c_2118,PLAYUSDT,1772366400000,0,test,control,,1.3055774200945787,0,1.0144153764014907,0,0.1333333333333359,0,0.022103866939580538,12,,5e-05,0.5,1
c_2119,PLAYUSDT,1777417200000,0,test,control,,2.0859379983621595,1,-4.022366522366527,0,0.0508021390374321,1,-0.005108419360787694,23,,5e-05,0.5,-1
c_2120,PLAYUSDT,1761958800000,0,test,control,,0.5748773300534086,0,0.03941663381947021,0,0.03225806451612795,0,-0.04949301991353008,1,,5e-05,0.5,0
c_2121,PLAYUSDT,1764622800000,0,test,control,,0.4333119758180312,0,-1.0357500835282252,0,0.5,0,-0.14299691462643013,21,,5e-05,0.5,-1
c_2122,PLAYUSDT,1767614400000,0,test,control,,2.338718154984967,1,-1.5656452695146483,0,0.0,1,0.03851563244949108,12,,5e-05,0.5,1
c_2123,PLAYUSDT,1770364800000,0,test,control,,2.309903015467338,1,1.2570437798006007,0,0.20670391061452642,0,-0.009093888866387753,8,,5e-05,0.5,-1
c_2124,PLAYUSDT,1779098400000,0,test,control,,2.511457878385475,4,3.4211094323332523,0,0.26462395543175593,0,0.10087844442420195,10,,-0.00296679,0.5,-1
c_2125,PLAYUSDT,1762009200000,0,test,control,,0.9004942094282841,1,-1.8232263178755395,0,0.07317073170732244,1,0.10782828688466452,15,,8.134e-05,0.5,0
c_2126,PLAYUSDT,1765065600000,0,test,control,,2.4116216784126423,1,1.5559157212317594,0,0.6153846153846215,0,0.04838574788869537,0,,5e-05,0.5,0
c_2127,PLAYUSDT,1767888000000,0,test,control,,0.7417453380406551,1,-0.4841442749939453,0,0.3199999999999867,0,0.004395693720015853,16,,0.0001765,0.5,0
c_2128,PLAYUSDT,1772146800000,0,test,control,,1.0040557178949399,0,3.13568985176738,0,0.4523809523809502,0,0.019235431653783303,23,,5e-05,0.5,-1
c_2129,PLAYUSDT,1779102000000,0,test,control,,2.207420505321453,4,2.015167930660889,1,0.3386581469648542,0,0.06754032218558602,11,,-0.00296679,0.5,-1
c_2130,PLAYUSDT,1761958800000,0,test,control,,0.5748773300534086,0,0.03941663381947021,0,0.03225806451612795,0,-0.04949301991353008,1,,5e-05,0.5,0
c_2131,PLAYUSDT,1764414000000,0,test,control,,0.6796958258079715,1,-1.8731514952349575,0,0.6153846153846174,0,0.1648881976372575,11,,5e-05,0.5,-1
c_2132,PLAYUSDT,1768006800000,0,test,control,,0.8150697999627551,0,0.731528895391372,0,0.7777777777777607,0,-0.0867883588831361,1,,5e-05,0.5,0
c_2133,PLAYUSDT,1772938800000,0,test,control,,0.9221128762126775,0,-0.1441614608361306,0,0.3225806451612907,1,-0.01218969357713996,3,,5e-05,0.5,-1
c_2134,PLAYUSDT,1776697200000,0,test,control,,0.7295120939587236,0,0.19527617630649236,1,0.016483516483517698,0,0.012088526420049256,15,,0.00062881,0.5,-1
c_2135,PLAYUSDT,1761973200000,0,test,control,,0.6661996742875939,0,-1.8905080740448907,0,0.3793103448275846,1,-0.05266028598430477,5,,0.00021234,0.5,0
c_2136,PLAYUSDT,1764367200000,0,test,control,,0.21946144578023505,1,-0.03334444814938177,0,0.38888888888889317,0,0.05406721149917249,22,,5e-05,0.5,0
c_2137,PLAYUSDT,1767466800000,0,test,control,,0.5623960683181057,0,-2.0960698689956385,0,0.32978723404255705,0,-0.14834987923459717,19,,5e-05,0.5,0
c_2138,PLAYUSDT,1772791200000,0,test,control,,1.1580237942189016,0,-2.2865142323845116,0,0.03333333333334336,1,0.05073065182595773,10,,0.00032883,0.5,-1
c_2139,PLAYUSDT,1779102000000,0,test,control,,2.207420505321453,4,2.015167930660889,1,0.3386581469648542,0,0.06754032218558602,11,,-0.00296679,0.5,-1
c_2140,PLAYUSDT,1761966000000,0,test,control,,1.3482061978162247,0,-1.21807465618861,0,0.2926829268292644,1,-0.03993800786537779,3,,5e-05,0.5,0
c_2141,PLAYUSDT,1765152000000,0,test,control,,0.547955824552281,1,-1.1374407582938364,0,0.06666666666666435,0,-0.14211913127227324,0,,5e-05,0.5,1
c_2142,PLAYUSDT,1766808000000,0,test,control,,1.706066723661906,0,-1.0975609756097535,0,0.09659090909090726,0,-0.03360236192176738,4,,5e-05,0.5,-1
c_2143,PLAYUSDT,1770584400000,0,test,control,,0.9170672344036228,0,0.6695641959356291,1,0.12213740458015776,0,-0.029186894358546916,21,,5e-05,0.5,1
c_2144,PLAYUSDT,1777482000000,0,test,control,,1.5914113202914375,0,6.113763753373476,1,0.4661399548532729,0,0.0017668799515785532,17,,0.00027004,0.5,0
c_2145,PLAYUSDT,1762084800000,0,test,control,,13.019533128482044,2,-0.3132341425215357,0,0.23809523809524066,0,0.5893370789945637,12,,5e-05,0.5,0
c_2146,PLAYUSDT,1765011600000,0,test,control,,3.4891877767692603,1,2.2727272727272716,1,0.13333333333333153,0,0.08108207280026289,9,,5e-05,0.5,-1
c_2147,PLAYUSDT,1767495600000,0,test,control,,0.31134497382943693,0,0.44583147570219733,0,0.3823529411764652,0,-0.12013498060501082,3,,5e-05,0.5,0
c_2148,PLAYUSDT,1772330400000,0,test,control,,0.45000070988107127,0,-0.31039834454216775,0,0.2812500000000017,0,-0.24979953516737693,2,,5e-05,0.5,1
c_2149,PLAYUSDT,1779102000000,0,test,control,,2.207420505321453,4,2.015167930660889,1,0.3386581469648542,0,0.06754032218558602,11,,-0.00296679,0.5,-1
c_2150,PLAYUSDT,1762434000000,0,test,control,,8.342096309322647,4,0.8746355685131175,1,0.23913043478261295,0,0.40094106639998295,13,,5e-05,0.5,0
c_2151,PLAYUSDT,1764766800000,0,test,control,,3.1698550470512594,3,-2.00878844946641,0,0.1797752808988772,1,0.2311081615163072,13,,5e-05,0.5,1
c_2152,PLAYUSDT,1767657600000,0,test,control,,0.47229105567510316,0,0.5522319374137232,1,0.4324324324324309,0,-0.22066278993382,0,,5e-05,0.5,1
c_2153,PLAYUSDT,1772150400000,0,test,control,,1.2912117391210562,0,3.6199095022624332,1,0.13888888888889317,0,0.014920032794869179,0,,5e-05,0.5,0
c_2154,PLAYUSDT,1779102000000,0,test,control,,2.207420505321453,4,2.015167930660889,1,0.3386581469648542,0,0.06754032218558602,11,,-0.00296679,0.5,-1
c_2155,PLAYUSDT,1762128000000,0,test,control,,0.5813557999061455,0,1.5139442231075633,1,0.18421052631579188,0,-1.297472009140378,0,,5e-05,0.5,0
c_2156,PLAYUSDT,1764806400000,0,test,control,,1.5252967329136513,0,-0.06861063464836771,0,0.1515151515151512,1,-0.05838638915220007,0,,5e-05,0.5,1
c_2157,PLAYUSDT,1767880800000,0,test,control,,0.5392474603227598,0,0.04855547462976253,0,0.4000000000000111,0,-0.07215637283504386,14,,5e-05,0.5,-1
c_2158,PLAYUSDT,1769508000000,0,test,control,,0.4380905488637298,1,0.040431266846364215,1,0.05263157894737226,0,-0.007936005152300007,10,,0.00010514,0.5,0
c_2159,PLAYUSDT,1776704400000,0,test,control,,0.5005273819963741,0,-1.0882273585754139,0,0.10130718954248542,0,-0.09107777387898061,17,,0.00022408,0.5,0
c_2160,PLAYUSDT,1762135200000,0,test,control,,0.9795736295717644,0,-0.6379585326953765,0,0.29999999999999827,1,-0.33839849815923395,2,,5e-05,0.5,0
c_2161,PLAYUSDT,1764781200000,0,test,control,,10.475872347887076,2,-6.272,0,0.02890173410404703,1,0.1874847930042438,17,,5e-05,0.5,1
c_2162,PLAYUSDT,1767513600000,0,test,control,,1.4098862593164947,0,0.8902737591809583,0,0.2359550561797709,0,0.05312233221208128,8,,5e-05,0.5,1
c_2163,PLAYUSDT,1772056800000,0,test,control,,0.454570531344814,0,-0.8455467869221949,0,0.6521739130434737,0,-0.08076512767251025,22,,5e-05,0.5,1
c_2164,PLAYUSDT,1779102000000,0,test,control,,2.207420505321453,4,2.015167930660889,1,0.3386581469648542,0,0.06754032218558602,11,,-0.00296679,0.5,-1
c_2165,PLAYUSDT,1762095600000,0,test,control,,3.521375990108029,4,-4.080031384856804,0,0.02631578947368313,1,0.7477405306894578,15,,5e-05,0.5,0
c_2166,PLAYUSDT,1764856800000,0,test,control,,0.46148801056200794,0,-0.06635700066356731,0,0.3333333333333301,0,-0.04536035149875538,14,,5e-05,0.5,0
c_2167,PLAYUSDT,1767474000000,0,test,control,,0.22732136783597906,0,1.2018695748942774,0,0.07936507936508182,0,-0.17961399945157017,21,,5e-05,0.5,0
c_2168,PLAYUSDT,1772085600000,0,test,control,,1.085737776383933,1,-1.556195965417864,0,0.08108108108107805,0,0.09625176618172857,6,,5e-05,0.5,1
c_2169,PLAYUSDT,1776783600000,0,test,control,,2.610721689045516,2,3.4647762516614944,1,0.6416040100250632,0,0.04014639186142719,15,,5e-05,0.5,0
c_2170,PLAYUSDT,1762275600000,0,test,control,,0.8884570367128455,1,-0.18223234624146623,0,0.37142857142857283,0,0.008500365042173294,17,,5e-05,0.5,-1
c_2171,PLAYUSDT,1764658800000,0,test,control,,0.43827169381032455,0,0.8375209380234396,0,0.2692307692307682,0,0.02737672835625112,7,,5e-05,0.5,0
c_2172,PLAYUSDT,1766772000000,0,test,control,,0.46994371472423335,0,2.597132765426971,1,0.24074074074074275,0,-0.04246302466582289,18,,5e-05,0.5,0
c_2173,PLAYUSDT,1772838000000,0,test,control,,1.1674100311208913,0,2.7233635929287985,0,0.08219178082191944,0,-0.04783220755646253,23,,5e-05,0.5,-1
c_2174,PLAYUSDT,1776733200000,0,test,control,,0.8892340622629249,0,3.4519763906277965,0,0.19300911854103237,0,-0.0674327012797532,1,,0.00046014,0.5,1
c_2175,PLAYUSDT,1762012800000,0,test,control,,0.5733253433014079,0,-2.0110410094637223,0,0.2258064516129043,0,-0.00441023141031102,16,,5e-05,0.5,0
c_2176,PLAYUSDT,1764766800000,0,test,control,,3.1698550470512594,3,-2.00878844946641,0,0.1797752808988772,1,0.2311081615163072,13,,5e-05,0.5,1
c_2177,PLAYUSDT,1767520800000,0,test,control,,1.1357897471745453,0,1.6291006471769571,0,0.6612903225806509,0,0.02038570402207339,10,,5e-05,0.5,1
c_2178,PLAYUSDT,1772856000000,0,test,control,,1.4574742465879607,0,0.2347417840375654,0,0.2769230769230758,0,0.06301875919320747,4,,0.00024415,0.5,-1
c_2179,PLAYUSDT,1779102000000,0,test,control,,2.207420505321453,4,2.015167930660889,1,0.3386581469648542,0,0.06754032218558602,11,,-0.00296679,0.5,-1
c_2180,PLAYUSDT,1762020000000,0,test,control,,0.45276862552658675,0,0.5206247496996462,1,0.0,0,-0.23708322067532858,18,,5e-05,0.5,0
c_2181,PLAYUSDT,1765080000000,0,test,control,,1.093681033648147,0,-1.564495530012774,0,0.2142857142857063,0,0.08074687206187532,4,,5e-05,0.5,0
c_2182,PLAYUSDT,1767873600000,0,test,control,,0.5624364368527986,0,-1.2918660287081312,0,0.16666666666665944,0,-0.04747430151486955,12,,5e-05,0.5,-1
c_2183,PLAYUSDT,1772730000000,0,test,control,,1.9484097146201635,1,-0.6360078277886407,0,0.3921568627451024,0,0.035448817045198415,17,,5e-05,0.5,-1
c_2184,PLAYUSDT,1779102000000,0,test,control,,2.207420505321453,4,2.015167930660889,1,0.3386581469648542,0,0.06754032218558602,11,,-0.00296679,0.5,-1
c_2185,PLAYUSDT,1761958800000,0,test,control,,0.5748773300534086,0,0.03941663381947021,0,0.03225806451612795,0,-0.04949301991353008,1,,5e-05,0.5,0
c_2186,PLAYUSDT,1764770400000,0,test,control,,0.8522605061663452,2,-3.3096195484070354,0,0.6451612903225742,0,0.14301105163684694,14,,5e-05,0.5,1
c_2187,PLAYUSDT,1767913200000,0,test,control,,0.9250737365231207,0,0.9252495738982186,0,0.0,0,-0.050192417992630446,23,,0.00040657,0.5,0
c_2188,PLAYUSDT,1770382800000,0,test,control,,1.8996351777625289,0,2.1955215729109754,0,0.23837209302325532,0,0.05630723798763509,13,,5e-05,0.5,-1
c_2189,PLAYUSDT,1779102000000,0,test,control,,2.207420505321453,4,2.015167930660889,1,0.3386581469648542,0,0.06754032218558602,11,,-0.00296679,0.5,-1
c_2190,PLAYUSDT,1761958800000,0,test,control,,0.5748773300534086,0,0.03941663381947021,0,0.03225806451612795,0,-0.04949301991353008,1,,5e-05,0.5,0
c_2191,PLAYUSDT,1764997200000,0,test,control,,0.470115821434594,0,-0.4916420845624299,0,0.17021276595744664,0,-0.03894813495770674,5,,5e-05,0.5,-1
c_2192,PLAYUSDT,1766811600000,0,test,control,,1.0858714468562984,0,0.5529387671513402,0,0.4100719424460453,0,0.06686298517098006,5,,5e-05,0.5,-1
c_2193,PLAYUSDT,1770645600000,0,test,control,,0.9792709126942326,0,1.186046511627915,1,0.0,0,-0.10798276413121824,14,,5e-05,0.5,-1
c_2194,PLAYUSDT,1777420800000,0,test,control,,0.6455462035400504,1,-3.129289047488327,0,0.48837209302325224,0,0.012575224426687006,0,,5e-05,0.5,-1
c_2195,PLAYUSDT,1761958800000,0,test,control,,0.5748773300534086,0,0.03941663381947021,0,0.03225806451612795,0,-0.04949301991353008,1,,5e-05,0.5,0
c_2196,PLAYUSDT,1764846000000,0,test,control,,0.9562106530965876,0,1.337345369441662,0,0.2222222222222233,0,-0.04054475880149153,11,,5e-05,0.5,0
c_2197,PLAYUSDT,1767747600000,0,test,control,,1.0050616213260195,0,-1.5234197362437405,0,0.03797468354429791,1,-0.07820690054528355,1,,0.00059748,0.5,-1
c_2198,PLAYUSDT,1772308800000,0,test,control,,1.0074582134689787,1,8.783783783783777,1,0.32954545454545336,0,0.2035339259144193,20,,5e-05,0.5,1
c_2199,PLAYUSDT,1776679200000,0,test,control,,4.063376882895306,1,-1.0459299681673597,0,0.19620667102681494,1,0.1234349593900283,10,,0.00022479,0.5,0
c_2200,PLAYUSDT,1762164000000,0,test,control,,4.917990103039725,2,-3.044397463002122,0,0.11904761904762239,1,0.28299194624452134,10,,5e-05,0.5,-1
c_2201,PLAYUSDT,1764655200000,0,test,control,,0.45623380836483896,0,1.814516129032254,0,0.16129032258063974,0,0.037217061965058834,6,,5e-05,0.5,1
c_2202,PLAYUSDT,1766700000000,0,test,control,,0.8651516492073686,0,3.502101260756457,0,0.26804123711340105,0,-0.26234182689193186,22,,0.00019091,0.5,0
c_2203,PLAYUSDT,1770386400000,0,test,control,,2.823797022347053,1,6.369773519163756,0,0.0616016427104712,0,0.14968994209356487,14,,5e-05,0.5,-1
c_2204,PLAYUSDT,1776776400000,0,test,control,,1.4637261057159268,0,-0.696035242290748,0,0.31840796019900397,0,-0.050670222488706146,13,,5e-05,0.5,0
c_2205,PLAYUSDT,1761958800000,0,test,control,,0.5748773300534086,0,0.03941663381947021,0,0.03225806451612795,0,-0.04949301991353008,1,,5e-05,0.5,0
c_2206,PLAYUSDT,1764691200000,0,test,control,,5.617069098756724,1,4.487389452997039,0,0.2692307692307711,0,0.165763315936139,16,,5e-05,0.5,1
c_2207,PLAYUSDT,1767891600000,0,test,control,,1.3681886888156227,1,-0.31545741324920695,0,0.5227272727272799,0,0.028366714724273052,17,,0.0001765,0.5,0
c_2208,PLAYUSDT,1772046000000,0,test,control,,0.6151466761115364,1,0.5652911249293352,0,0.5789473684210498,0,0.0543361178975574,19,,5e-05,0.5,1
c_2209,PLAYUSDT,1779102000000,0,test,control,,2.207420505321453,4,2.015167930660889,1,0.3386581469648542,0,0.06754032218558602,11,,-0.00296679,0.5,-1
c_2210,PLAYUSDT,1762146000000,0,test,control,,1.555067400203374,1,-5.774591796097172,0,0.29166666666666846,0,0.16723753452769768,5,,5e-05,0.5,-1
c_2211,PLAYUSDT,1764748800000,0,test,control,,0.5486505641031878,1,0.9831906121154385,0,0.5,0,-0.0803446762480942,8,,5e-05,0.5,1
c_2212,PLAYUSDT,1767326400000,0,test,control,,0.845599654139984,0,-1.591723040191011,0,0.4590163934426274,0,-0.013767061886056739,4,,5e-05,0.5,1
c_2213,PLAYUSDT,1772110800000,0,test,control,,0.532250447995904,0,2.064359441408622,0,0.14285714285715229,0,0.005589796526105184,13,,5e-05,0.5,1
c_2214,PLAYUSDT,1779102000000,0,test,control,,2.207420505321453,4,2.015167930660889,1,0.3386581469648542,0,0.06754032218558602,11,,-0.00296679,0.5,-1
c_2215,PLAYUSDT,1761958800000,0,test,control,,0.5748773300534086,0,0.03941663381947021,0,0.03225806451612795,0,-0.04949301991353008,1,,5e-05,0.5,0
c_2216,PLAYUSDT,1764604800000,0,test,control,,1.4569968054553333,0,0.535654502845666,1,0.3734939759036114,0,-0.036846455985803696,16,,5e-05,0.5,-1
c_2217,PLAYUSDT,1767873600000,0,test,control,,0.5624364368527986,0,-1.2918660287081312,0,0.16666666666665944,0,-0.04747430151486955,12,,5e-05,0.5,-1
c_2218,PLAYUSDT,1769504400000,0,test,control,,0.6622223585692212,1,-0.47993600853219476,0,0.03000000000000222,0,0.009341185906787206,9,,0.00010514,0.5,0
c_2219,PLAYUSDT,1779102000000,0,test,control,,2.207420505321453,4,2.015167930660889,1,0.3386581469648542,0,0.06754032218558602,11,,-0.00296679,0.5,-1
d_444,SOLUSDT,1722772800000,1,train,standard,22.8187,0.7362769456980794,0,1.8793948433837737,1,0.38237490664675206,0,0.020498448116321233,12,-0.007679574887130683,8.871e-05,0.5,-1
d_445,SOLUSDT,1734606000000,1,train,standard,16.3172,0.605723004864979,0,0.014273479874393917,1,0.4719626168224287,0,-0.152316801395724,11,0.001021172951346712,-1.903e-05,0.5,-1
d_446,SOLUSDT,1737284400000,1,train,standard,18.8996,2.1297435245344483,2,3.5370829083491317,0,0.31865585168018556,0,0.08859966652486637,11,-0.07802599446572989,9.252e-05,0.5,1
d_447,SOLUSDT,1738458000000,1,train,standard,15.0301,2.4879307777187556,2,-0.5771609179606939,0,0.14571948998178247,0,0.09141188204456205,1,0.014577142216024692,-5.306e-05,0.5,-1
d_448,SOLUSDT,1740351600000,1,train,standard,16.4919,1.1057717028387741,0,-0.3159463487332347,0,0.0,0,-0.0927155341818846,23,0.006608230964578789,-5.162e-05,0.5,0
d_449,SOLUSDT,1740956400000,1,train,standard,21.7644,1.2632080424807417,3,4.6992592592592635,0,0.35483870967741765,0,-0.015438752121253698,23,0.0021931641059710796,7.81e-05,0.5,1
d_450,SOLUSDT,1743930000000,1,train,standard,18.8905,1.1631137013030033,0,-0.25043826696720206,0,0.053571428571431066,0,0.019418871726564074,9,0.027065111454775644,0.0001,0.5,0
d_451,SOLUSDT,1760101200000,1,train,standard,18.5975,0.66214866313626,0,0.7957439068752273,1,0.03738317757011183,0,-0.013805091031522146,13,0.005593514643381847,2.784e-05,0.5,-1
d_452,SOLUSDT,1770282000000,1,test,standard,18.4384,0.6707136415735341,0,0.7136583223539807,0,0.3678756476683919,0,-0.019828476810267986,9,0.006783214267801488,9.48e-06,0.5,-1
c_2220,SOLUSDT,1715734800000,0,train,control,,0.9960396476557846,0,-0.8962993541886819,0,0.6383424026789448,1,-0.1923346460183345,1,-0.0023228452464399835,1.738e-05,0.5,-1
c_2221,SOLUSDT,1727733600000,0,train,control,,0.3940560113352109,0,0.08097842503390475,1,0.17977528089888947,0,-0.08017264002578953,22,0.0012572313673539649,0.0001,0.5,-1
c_2222,SOLUSDT,1739422800000,0,train,control,,0.9234910768566444,0,0.07162957278076991,1,0.09696969696969457,0,-0.12145292819031335,5,-0.013127622593845766,3.627e-05,0.5,1
c_2223,SOLUSDT,1748703600000,0,train,control,,0.9798661197446723,0,1.4209359926997829,0,0.2113821138211508,0,0.02223406856033867,15,0.012498514046435864,1.633e-05,0.5,0
c_2224,SOLUSDT,1761868800000,0,train,control,,0.7008090350306345,0,3.1466577241225266,1,0.018604651162786947,0,-0.11997578306208305,0,0.05965924720356215,-0.00022069,0.5,-1
c_2225,SOLUSDT,1714608000000,0,train,control,,0.7196936817924201,0,3.747657713928783,1,0.27104013810962985,0,0.011870481490318593,0,0.013004297913950804,3.78e-06,0.5,0
c_2226,SOLUSDT,1727164800000,0,train,control,,0.9388144410769296,0,0.39162709459089556,0,0.13886792452830118,0,0.012701261992190845,8,0.015996809549139745,6.92e-05,0.5,0
c_2227,SOLUSDT,1737766800000,0,train,control,,1.1938258870701577,0,-3.541302235179791,0,0.06445672191528433,1,-0.03922048340564212,1,0.011124395683588419,-1.473e-05,0.5,0
c_2228,SOLUSDT,1749142800000,0,train,control,,3.1911956956524943,3,-3.437967115097155,0,0.07829181494661874,0,0.17024375506120634,17,-0.04074971784107903,-6.04e-06,0.5,-1
c_2229,SOLUSDT,1761840000000,0,train,control,,1.4837243967675802,2,-3.5462842242503316,0,0.11464968152866727,0,0.005004665771476223,16,0.003311718708766316,2.026e-05,0.5,-1
c_2230,SOLUSDT,1714608000000,0,train,control,,0.7196936817924201,0,3.747657713928783,1,0.27104013810962985,0,0.011870481490318593,0,0.013004297913950804,3.78e-06,0.5,0
c_2231,SOLUSDT,1725847200000,0,train,control,,1.2084842205042978,1,0.47858005761545935,0,0.46545667447306105,0,0.008863413220631318,2,-0.0026133140871525185,3.966e-05,0.5,1
c_2232,SOLUSDT,1739779200000,0,train,control,,3.017217445081153,3,-2.6741126563926274,0,0.12211221122112356,0,0.1641017731401012,8,0.035074888539651274,-0.00016029,0.5,-1
c_2233,SOLUSDT,1749052800000,0,train,control,,2.0410700734292675,2,0.782904447153949,0,0.6027397260273909,0,0.14888226867361756,16,-0.04834993568812781,1.795e-05,0.5,-1
c_2234,SOLUSDT,1761868800000,0,train,control,,0.7008090350306345,0,3.1466577241225266,1,0.018604651162786947,0,-0.11997578306208305,0,0.05965924720356215,-0.00022069,0.5,-1
c_2235,SOLUSDT,1716170400000,0,train,control,,1.4637462220917543,0,0.20464809936017167,1,0.14633413461539146,0,-0.04875360841203959,2,0.005281960259342514,0.0001,0.5,0
c_2236,SOLUSDT,1725922800000,0,train,control,,0.9021066281715642,0,0.9123470973846075,1,0.3183352080989905,0,0.006718470178201286,23,-0.04089739791388462,-4.794e-05,0.5,1
c_2237,SOLUSDT,1739703600000,0,train,control,,1.0146833105729838,1,-1.1834016393442635,0,0.31578947368420135,0,0.057082121621518475,11,0.008826068838694896,-2.569e-05,0.5,0
c_2238,SOLUSDT,1752238800000,0,train,control,,0.7721947787105713,0,0.8485958485958403,0,0.005128205128200494,0,-0.016902579178859033,13,-0.000330815385707728,4.064e-05,0.5,1
c_2239,SOLUSDT,1761868800000,0,train,control,,0.7008090350306345,0,3.1466577241225266,1,0.018604651162786947,0,-0.11997578306208305,0,0.05965924720356215,-0.00022069,0.5,-1
c_2240,SOLUSDT,1714924800000,0,train,control,,1.752969773227716,0,0.5703914959813219,1,0.13005780346820153,0,0.05327555448874684,16,-0.003067099648556112,7.548e-05,0.5,1
c_2241,SOLUSDT,1724284800000,0,train,control,,0.8081945335818995,1,-0.4311307065520671,0,0.3240589198035874,0,-0.12237550584356192,0,-0.022118577086732646,6.11e-06,0.5,1
c_2242,SOLUSDT,1740643200000,0,train,control,,0.5759472092807997,0,1.776429809358758,1,0.21678321678322165,0,-0.09668468898455548,8,0.02764176975987144,2.605e-05,0.5,-1
c_2243,SOLUSDT,1752058800000,0,train,control,,0.6330740399298053,0,0.15703723091014896,0,0.13432835820896283,0,0.007647301018150473,11,0.00703551361837539,1.7e-07,0.5,0
c_2244,SOLUSDT,1761602400000,0,train,control,,0.8829162606989834,0,-1.7411950929956521,0,0.4179104477611976,0,0.015873401032054497,22,-0.00558785415667941,3.983e-05,0.5,0
c_2245,SOLUSDT,1716062400000,0,train,control,,0.31405576154853515,0,-0.10676879333855425,0,0.19958419958417986,0,-0.040130342347084506,20,0.00048448064682603633,6.893e-05,0.5,0
c_2246,SOLUSDT,1724626800000,0,train,control,,1.5136596588102529,1,0.6533693668838304,0,0.3797752808988753,0,0.013607504782765787,23,0.019096931497157733,-1.338e-05,0.5,1
c_2247,SOLUSDT,1740722400000,0,train,control,,1.888814928481691,3,-2.407435623952458,0,0.22222222222221738,0,0.15584526871523063,6,-0.00516664043454986,0.0001,0.5,-1
c_2248,SOLUSDT,1751259600000,0,train,control,,0.7801786475638715,0,-0.9768570117354023,0,0.22641509433963072,1,0.025048760179306635,5,-0.017094581212435876,6.987e-05,0.5,0
c_2249,SOLUSDT,1761868800000,0,train,control,,0.7008090350306345,0,3.1466577241225266,1,0.018604651162786947,0,-0.11997578306208305,0,0.05965924720356215,-0.00022069,0.5,-1
c_2250,SOLUSDT,1714608000000,0,train,control,,0.7196936817924201,0,3.747657713928783,1,0.27104013810962985,0,0.011870481490318593,0,0.013004297913950804,3.78e-06,0.5,0
c_2251,SOLUSDT,1724536800000,0,train,control,,2.3482395453992266,1,-2.0682664743083454,0,0.016719242902207408,1,0.016384053629324914,22,-0.009431947350992623,6.232e-05,0.5,-1
c_2252,SOLUSDT,1735347600000,0,train,control,,0.7513031470787168,0,-0.40877796901892804,0,0.23076923076923841,0,-0.18043770136875387,1,-0.006230955950201656,9.283e-05,0.5,-1
c_2253,SOLUSDT,1751691600000,0,train,control,,0.807641640828083,0,-0.701754385964907,0,0.3809523809523713,0,-0.0644146809492537,5,0.006778485400465181,-0.00015145,0.5,0
c_2254,SOLUSDT,1760349600000,0,train,control,,0.8358529447818531,0,1.510776528823351,1,0.0,0,0.02415046299813342,10,0.002634182378025763,-0.00023311,0.5,1
c_2255,SOLUSDT,1716303600000,0,train,control,,1.1866410670386844,0,-3.0469232746222805,0,0.314481268011526,1,0.0662898723362408,15,-0.07192159080804555,0.0001,0.5,1
c_2256,SOLUSDT,1727197200000,0,train,control,,1.0661381438043755,1,-0.5785253036918168,0,0.15931034482758058,0,0.09012584553263428,17,0.006389063638419015,5.57e-06,0.5,0
c_2257,SOLUSDT,1739808000000,0,train,control,,2.4265982720394264,1,-2.133782169616683,0,0.09139784946236422,1,-0.025543422975409014,16,0.007576128676826912,2.136e-05,0.5,-1
c_2258,SOLUSDT,1749283200000,0,train,control,,1.0653756394876663,0,1.941097724230258,0,0.3649635036496338,0,0.07380851489036462,8,0.01652906162859347,1.3e-05,0.5,1
c_2259,SOLUSDT,1761868800000,0,train,control,,0.7008090350306345,0,3.1466577241225266,1,0.018604651162786947,0,-0.11997578306208305,0,0.05965924720356215,-0.00022069,0.5,-1
c_2260,SOLUSDT,1761958800000,0,test,control,,0.613924958526186,0,0.1016967296472717,1,0.1102941176470619,0,-0.0994345782173301,1,-0.005956510490564354,1.5e-06,0.5,0
c_2261,SOLUSDT,1765461600000,0,test,control,,0.49691446658881044,0,0.3056935422239249,1,0.307692307692301,0,-0.21837009054629017,14,0.009187786097900233,-0.00016369,0.5,-1
c_2262,SOLUSDT,1771009200000,0,test,control,,1.9946878128555554,2,4.968638543844536,1,0.14666666666666592,0,0.10781073859862018,19,-0.01622050625874224,7.1e-06,0.5,1
c_2263,SOLUSDT,1774627200000,0,test,control,,2.233976655573179,1,-0.08402352658745335,0,0.6666666666666712,0,0.07614329020712822,16,0.009423327155070917,-0.0003981,0.5,-1
c_2264,SOLUSDT,1778950800000,0,test,control,,1.4258603943278576,0,0.4408864137370872,0,0.37209302325583316,0,-0.10897455342736007,17,0.010625145504569876,-0.00015361,0.5,-1
d_453,SUIUSDT,1718647200000,1,train,standard,17.4919,1.2660121030040616,1,2.1410155812128693,0,0.2781954887218054,0,0.03202731869192192,18,0.019612787282118585,3.955e-05,0.5,0
d_454,SUIUSDT,1720069200000,1,train,standard,21.9606,0.6362015171334648,2,-2.4052760894866094,0,0.15789473684210142,0,0.11730800285078867,5,-0.053355785335253314,0.0001,0.5,-1
d_455,SUIUSDT,1722772800000,1,train,standard,24.6386,0.7321163100598681,0,1.4784727863525584,0,0.7818181818181836,0,-0.017461120769637337,12,0.0020677671086260707,1.649e-05,0.5,-1
d_456,SUIUSDT,1727917200000,1,train,standard,17.2971,1.5982527598411929,0,5.68478321212458,0,0.13396481732070378,0,-0.01826640975739309,1,0.0036780950973290343,-0.00041381,0.5,0
d_457,SUIUSDT,1734606000000,1,train,standard,22.9488,0.9340570588599771,0,1.6574459329705953,0,0.09175531914893527,0,-0.15140729905553893,11,-0.004391905655297776,-0.00013661,0.5,-1
d_458,SUIUSDT,1738458000000,1,train,standard,28.5127,1.540481560415227,0,-1.274644420839916,0,0.1686507936507927,0,0.04303695874737109,1,-0.00423064774038079,0.0001,0.5,-1
d_459,SUIUSDT,1740387600000,1,train,standard,17.7817,1.6812205910010325,0,-0.14437106435263855,0,0.04147465437788063,0,0.046582252730667906,9,0.01566380707877055,9.871e-05,0.5,0
d_460,SUIUSDT,1741017600000,1,train,standard,18.363,1.7823808993188954,1,-2.3941318300675793,0,0.7833553500660503,0,0.09554948714790298,16,-0.008851941333787946,-9.06e-05,0.5,1
d_461,SUIUSDT,1741604400000,1,train,standard,15.2272,0.8726939771994856,1,-0.680588434223885,0,0.20038167938932056,0,0.003214320325981769,11,-0.048128906695743684,-5.586e-05,0.5,-1
d_462,SUIUSDT,1743926400000,1,train,standard,19.6125,1.2029709939458644,0,-1.6428604025008002,0,0.7025316455696116,0,0.0664084599359252,8,0.018203828880568547,-1.618e-05,0.5,0
d_463,SUIUSDT,1760097600000,1,train,standard,27.2691,0.6859779403798041,0,1.4486391571554025,1,0.14044943820224565,0,-0.0035407139680811613,12,-0.0020470689225002676,0.0001,0.5,0
d_464,SUIUSDT,1763640000000,1,test,standard,18.9558,0.5370011914237378,0,-0.5486132276744967,0,0.10625000000000208,0,-0.05935438464084014,12,0.03758255513623883,0.0001,0.5,0
d_465,SUIUSDT,1770249600000,1,test,standard,19.2621,1.2683984442934215,0,-2.0959436263438334,0,0.3918367346938712,0,-0.02036102694096257,0,-0.012757406032882957,5e-06,0.5,-1
d_466,SUIUSDT,1738540800000,1,train,fast,14.3941,2.3162307807897085,2,-2.856890926726037,0,0.06153846153846292,0,0.0693241886643151,0,-0.07417516355332361,2.796e-05,0.5,-1
d_467,SUIUSDT,1760126400000,1,train,fast,17.9882,3.6533690194169623,3,-1.9237177739404372,0,0.12999999999999393,1,0.19989932878750535,20,-0.005130287771910882,0.0001,0.5,-1
c_2265,SUIUSDT,1714608000000,0,train,control,,0.5237366544813457,0,2.714324106423004,0,0.31297709923663797,0,-0.030747351767575166,0,-0.011180846666375368,-0.00021122,0.5,0
c_2266,SUIUSDT,1726930800000,0,train,control,,1.4641559398543171,0,1.1216334206461254,0,0.041198501872654725,0,-0.032779306982054196,15,-0.018557837525612145,0.0001,0.5,0
c_2267,SUIUSDT,1740690000000,0,train,control,,1.5801207562160053,0,-0.8978835601795727,0,0.06772009029345662,0,0.016948057838075316,21,-0.0037488990638574974,5.188e-05,0.5,-1
c_2268,SUIUSDT,1750507200000,0,train,control,,0.5210517352569779,0,-0.23081996043086292,0,0.7260273972602769,0,0.049713264554938935,12,0.020194516900279073,9.935e-05,0.5,-1
c_2269,SUIUSDT,1761868800000,0,train,control,,1.0052552703003041,0,3.4242862305746335,1,0.1268115942028923,0,-0.07765637899026824,0,-0.01275853572634956,-0.00017406,0.5,-1
c_2270,SUIUSDT,1715234400000,0,train,control,,1.6043782642178286,1,-0.6866354861180124,0,0.16000000000000356,0,0.022986504871747034,6,-0.01722485608761418,-8.943e-05,0.5,-1
c_2271,SUIUSDT,1726347600000,0,train,control,,1.1171956316547873,0,0.03931590328287359,0,0.3189189189189205,0,-0.014095512255884504,21,0.0020499114969950954,-3.732e-05,0.5,0
c_2272,SUIUSDT,1736517600000,0,train,control,,3.0236291672771096,1,-3.723383319557611,0,0.008351893095768701,1,0.10259666704056603,14,-0.02813520180056279,-1.644e-05,0.5,1
c_2273,SUIUSDT,1750845600000,0,train,control,,1.1395424891388677,0,0.12252252252252503,1,0.402912621359223,0,0.06902483844368854,10,-0.01574477496625411,1.704e-05,0.5,1
c_2274,SUIUSDT,1760310000000,0,train,control,,0.9443625181040501,0,0.1293103448275879,0,0.5747863247863305,0,-0.04955599537164318,23,-0.023988044967164664,-0.00014842,0.5,1
c_2275,SUIUSDT,1714608000000,0,train,control,,0.5237366544813457,0,2.714324106423004,0,0.31297709923663797,0,-0.030747351767575166,0,-0.011180846666375368,-0.00021122,0.5,0
c_2276,SUIUSDT,1727712000000,0,train,control,,1.4598156717993342,0,-0.22871519240665583,0,0.5994475138121499,0,0.03029738263626034,16,-0.011349909924043548,1.942e-05,0.5,-1
c_2277,SUIUSDT,1736694000000,0,train,control,,1.4202454795104615,0,-0.494370819658502,0,0.4892205638474251,0,0.03741422490950567,15,0.020633682212018077,0.0001,0.5,0
c_2278,SUIUSDT,1750168800000,0,train,control,,1.4405092681001317,0,-1.310206713960821,0,0.5606557377049077,0,0.06718916322341996,14,0.0401612759367221,0.0001,0.5,-1
c_2279,SUIUSDT,1761868800000,0,train,control,,1.0052552703003041,0,3.4242862305746335,1,0.1268115942028923,0,-0.07765637899026824,0,-0.01275853572634956,-0.00017406,0.5,-1
c_2280,SUIUSDT,1716555600000,0,train,control,,0.4891793376925943,0,-0.4639272864987811,0,0.12790697674417284,0,0.01438669637493067,13,0.003539535540929431,0.0001,0.5,-1
c_2281,SUIUSDT,1728810000000,0,train,control,,1.0446650751199695,0,-1.3560687432867882,0,0.341603053435115,1,-0.05171808669374925,9,0.001468408343784898,9.501e-05,0.5,0
c_2282,SUIUSDT,1737885600000,0,train,control,,0.9318778698163044,0,-1.0624805570843896,0,0.4438356164383522,1,-0.004673881978448784,10,0.00599315008747316,0.0001,0.5,0
c_2283,SUIUSDT,1752300000000,0,train,control,,0.8375820476368285,0,-1.1608623548922006,0,0.43749999999999767,1,-0.05433213739627202,6,0.004096184706569813,0.0001,0.5,0
c_2284,SUIUSDT,1761868800000,0,train,control,,1.0052552703003041,0,3.4242862305746335,1,0.1268115942028923,0,-0.07765637899026824,0,-0.01275853572634956,-0.00017406,0.5,-1
c_2285,SUIUSDT,1715814000000,0,train,control,,0.6623534184066044,2,-0.1511944360447481,0,0.6060606060606054,0,-0.02251003862889298,23,0.02582654317369131,-0.00028519,0.5,1
c_2286,SUIUSDT,1727542800000,0,train,control,,0.8353157052580612,0,1.9633265419522168,1,0.10256410256410986,0,-0.034981888426992194,17,-0.0016276000421343508,0.0001,0.5,-1
c_2287,SUIUSDT,1736002800000,0,train,control,,1.9941532661016486,0,1.135466984854011,0,0.5564766839378258,0,0.11031979432035907,15,0.02974972130035347,0.0001,0.5,1
c_2288,SUIUSDT,1750262400000,0,train,control,,1.2299306569294437,2,0.24922343422668156,0,0.6676557863501461,0,0.054407853093363066,16,-0.019154598650791672,4.214e-05,0.5,0
c_2289,SUIUSDT,1761868800000,0,train,control,,1.0052552703003041,0,3.4242862305746335,1,0.1268115942028923,0,-0.07765637899026824,0,-0.01275853572634956,-0.00017406,0.5,-1
c_2290,SUIUSDT,1714608000000,0,train,control,,0.5237366544813457,0,2.714324106423004,0,0.31297709923663797,0,-0.030747351767575166,0,-0.011180846666375368,-0.00021122,0.5,0
c_2291,SUIUSDT,1724824800000,0,train,control,,0.46727438414150735,0,0.14456089627756777,1,0.540816326530619,0,-0.06211408258327994,6,-0.009974362567002995,-6.229e-05,0.5,-1
c_2292,SUIUSDT,1737666000000,0,train,control,,3.612479434185117,1,-1.5293176363013008,0,0.657062146892656,0,0.1057917618744535,21,-0.0038689365182856816,0.0001,0.5,-1
c_2293,SUIUSDT,1752919200000,0,train,control,,0.4359269990525166,0,-0.9799531097705514,0,0.6796657381615543,0,-0.04784587425547721,10,0.006402685842182961,0.0001,0.5,0
c_2294,SUIUSDT,1761868800000,0,train,control,,1.0052552703003041,0,3.4242862305746335,1,0.1268115942028923,0,-0.07765637899026824,0,-0.01275853572634956,-0.00017406,0.5,-1
c_2295,SUIUSDT,1716570000000,0,train,control,,0.8883258112148337,1,0.0,0,0.00877192982456055,0,-0.001976412567449426,17,-0.02586663045580588,0.0001,0.5,0
c_2296,SUIUSDT,1727164800000,0,train,control,,0.8974505928068567,0,-0.49299429164504743,0,0.32957746478873284,0,0.04259698545417291,8,0.05043364384724141,0.0001,0.5,0
c_2297,SUIUSDT,1737648000000,0,train,control,,5.066573909733517,2,1.2402600396514534,1,0.14956011730205945,0,0.2222719037541728,16,-0.02645008914419904,0.0001,0.5,1
c_2298,SUIUSDT,1751454000000,0,train,control,,1.4018974815286687,0,1.4541059263057594,0,0.1376811594202912,0,0.04609312253435693,11,-0.011374832712410026,-9.729e-05,0.5,1
c_2299,SUIUSDT,1761868800000,0,train,control,,1.0052552703003041,0,3.4242862305746335,1,0.1268115942028923,0,-0.07765637899026824,0,-0.01275853572634956,-0.00017406,0.5,-1
c_2300,SUIUSDT,1716148800000,0,train,control,,1.2572589110060928,0,-0.3395091667474863,0,0.7033898305084705,0,-0.0014107237017829553,20,-0.006262239465417061,-2.35e-06,0.5,-1
c_2301,SUIUSDT,1728961200000,0,train,control,,1.4368422840622188,1,-1.939740488233992,0,0.3067484662576702,0,0.05031507745709515,3,-0.014759493685978951,5.334e-05,0.5,1
c_2302,SUIUSDT,1736514000000,0,train,control,,1.5864001734301434,0,-1.694882005610361,0,0.061525129982671733,1,0.056560171488410825,13,-0.008692304527749365,-1.644e-05,0.5,1
c_2303,SUIUSDT,1750150800000,0,train,control,,1.1015845288538986,0,-2.1940259053661193,0,0.02301790281330243,1,-0.12088158529657796,9,-0.0061892625414644116,0.0001,0.5,0
c_2304,SUIUSDT,1760450400000,0,train,control,,1.9123190935381984,0,-1.0241029955012626,0,0.2672750977835698,0,-0.006167916889065248,14,0.009309180489077536,7.198e-05,0.5,-1
c_2305,SUIUSDT,1714852800000,0,train,control,,0.6100941319151152,0,-0.6492318946598286,0,0.30693069306929516,0,-0.01469569680358674,20,0.0034621717881136134,-0.00020626,0.5,1
c_2306,SUIUSDT,1728705600000,0,train,control,,0.6297544019312028,0,-1.8992889841238776,0,0.20912547528517347,1,-0.0348137918248063,4,0.049813437697667204,9.101e-05,0.5,1
c_2307,SUIUSDT,1737370800000,0,train,control,,0.6395284814836583,1,0.9889223717159661,0,0.5221327967806816,0,-0.19805186083991566,11,-0.0004468581128102099,0.0001,0.5,1
c_2308,SUIUSDT,1748988000000,0,train,control,,1.586303500944894,0,-1.9576896227274174,0,0.10947930574098784,1,0.034233970781288994,22,-0.020474539011573863,-2.536e-05,0.5,0
c_2309,SUIUSDT,1759802400000,0,train,control,,1.0017382098969467,0,-1.4659314260755525,0,0.20655737704917962,1,-0.11113955043887307,2,-0.0021939213569960895,0.0001,0.5,0
c_2310,SUIUSDT,1714608000000,0,train,control,,0.5237366544813457,0,2.714324106423004,0,0.31297709923663797,0,-0.030747351767575166,0,-0.011180846666375368,-0.00021122,0.5,0
c_2311,SUIUSDT,1724911200000,0,train,control,,0.38773606711087594,0,0.07312614259598355,0,0.32758620689654594,0,-0.19171832511661355,6,-0.03412574888052808,2.36e-05,0.5,0
c_2312,SUIUSDT,1738101600000,0,train,control,,1.4703780118118792,0,-3.6190324464977928,0,0.5681570338058922,1,0.011633634117251206,22,0.023211868235984496,3.306e-05,0.5,0
c_2313,SUIUSDT,1751720400000,0,train,control,,0.904037604062729,0,-0.1064999312903628,0,0.1602209944751327,0,-0.01284143440527664,13,0.006883075631065086,-1.571e-05,0.5,0
c_2314,SUIUSDT,1761537600000,0,train,control,,0.976335944827071,1,-0.23928811784938833,0,0.20948616600790756,0,0.0780019764510971,4,0.02222477583839263,0.0001,0.5,1
c_2315,SUIUSDT,1714608000000,0,train,control,,0.5237366544813457,0,2.714324106423004,0,0.31297709923663797,0,-0.030747351767575166,0,-0.011180846666375368,-0.00021122,0.5,0
c_2316,SUIUSDT,1724598000000,0,train,control,,1.175626157777732,0,3.5138189664029595,0,0.33035714285714324,0,0.0152200238822304,15,0.05860156771863752,0.0001,0.5,0
c_2317,SUIUSDT,1739872800000,0,train,control,,2.678923885879837,3,-0.7279607478433744,0,0.005636978579478288,0,0.18273187698673513,10,0.013242514027522662,5.317e-05,0.5,0
c_2318,SUIUSDT,1749621600000,0,train,control,,0.5444507164462211,0,1.1836900884132078,1,0.08999999999999808,0,-0.09308139969387157,6,0.002286257510375563,0.0001,0.5,0
c_2319,SUIUSDT,1761868800000,0,train,control,,1.0052552703003041,0,3.4242862305746335,1,0.1268115942028923,0,-0.07765637899026824,0,-0.01275853572634956,-0.00017406,0.5,-1
c_2320,SUIUSDT,1762318800000,0,test,control,,0.4677024606616762,0,3.486821864424176,1,0.26898734177214273,0,-0.1293796175201682,5,-0.03086343204865787,0.0001,0.5,-1
c_2321,SUIUSDT,1767096000000,0,test,control,,0.7583531241727355,1,0.700819959352443,1,0.43037974683542274,0,-0.011637135935391832,12,-0.030685609073741536,1.404e-05,0.5,0
c_2322,SUIUSDT,1770649200000,0,test,control,,3.334638292931711,1,1.8052869116698944,0,0.20930232558139436,0,0.15397628482128467,15,0.017661419579803536,-5.286e-05,0.5,-1
c_2323,SUIUSDT,1775595600000,0,test,control,,2.876469457841858,1,3.0961182994454637,0,0.6944444444444466,0,0.02810771485727682,21,-0.006346406972634919,3.46e-05,0.5,0
c_2324,SUIUSDT,1779814800000,0,test,control,,1.899442170200373,2,-2.10445762387603,0,0.034965034965031165,0,0.11282788981706779,17,0.008920405452042186,9.3e-05,0.022930431888175642,-1
c_2325,SUIUSDT,1762639200000,0,test,control,,0.3431862428752037,0,0.6142564639779122,1,0.445378151260502,0,-0.04854241617779206,22,-0.010551260297606295,5.205e-05,0.5,-1
c_2326,SUIUSDT,1765908000000,0,test,control,,1.5102770870771969,3,0.7326745983733219,1,0.5285714285714296,0,0.1192891096113876,18,0.027229669533855985,8.436e-05,0.5,1
c_2327,SUIUSDT,1771552800000,0,test,control,,0.7734274471895612,0,2.235794525029988,1,0.3968253968253901,0,-0.101163004912449,2,-0.006849090536719817,1.674e-05,0.5,0
c_2328,SUIUSDT,1776189600000,0,test,control,,1.2615580877220471,2,-1.9062499999999982,0,0.3333333333333333,0,0.11333364051979203,18,-0.014344072853446672,-9.71e-06,0.03584796173840039,1
c_2329,SUIUSDT,1779210000000,0,test,control,,0.6481941474214814,1,0.04698806503147683,0,0.12244897959184552,0,-0.020584261153277123,17,-0.004814630466639049,7.26e-06,0.06344185876952516,0
c_2330,SUIUSDT,1714608000000,0,train,control,,0.5237366544813457,0,2.714324106423004,0,0.31297709923663797,0,-0.030747351767575166,0,-0.011180846666375368,-0.00021122,0.5,0
c_2331,SUIUSDT,1727719200000,0,train,control,,1.2641917225272834,0,2.523119077520266,0,0.02834008097166123,0,0.018786814238707532,18,0.0101842407872543,1.942e-05,0.5,-1
c_2332,SUIUSDT,1740758400000,0,train,control,,1.4124546842305217,1,6.635667187559559,1,0.3903903903903906,0,0.019046952525669646,16,-0.01051576835651929,-0.00010124,0.5,-1
c_2333,SUIUSDT,1751241600000,0,train,control,,2.2335773600694107,2,3.4844698322027816,1,0.4862068965517256,0,0.14184091700018772,0,0.022920098437192046,0.0001,0.5,0
c_2334,SUIUSDT,1760677200000,0,train,control,,0.5089985598359607,0,0.5842607313195523,1,0.21311475409837377,0,-0.08589113092076528,5,0.03795810701964474,7.88e-05,0.5,-1
c_2335,SUIUSDT,1714608000000,0,train,control,,0.5237366544813457,0,2.714324106423004,0,0.31297709923663797,0,-0.030747351767575166,0,-0.011180846666375368,-0.00021122,0.5,0
c_2336,SUIUSDT,1726714800000,0,train,control,,1.12172829812061,1,7.834970530451876,0,0.21212121212120574,0,0.024464991057853405,3,-0.05276622245277282,-7.656e-05,0.5,1
c_2337,SUIUSDT,1739044800000,0,train,control,,1.081675511178499,0,2.7459335159446736,0,0.7,0,0.02626466848237362,20,-0.012205481289399562,-2.951e-05,0.5,0
c_2338,SUIUSDT,1752343200000,0,train,control,,0.6396825153889099,0,0.3148203148203197,0,0.09523809523809428,0,0.05406110351364757,18,-0.019487960502155215,0.0001,0.5,0
c_2339,SUIUSDT,1761868800000,0,train,control,,1.0052552703003041,0,3.4242862305746335,1,0.1268115942028923,0,-0.07765637899026824,0,-0.01275853572634956,-0.00017406,0.5,-1
d_468,TAOUSDT,1719885600000,1,train,standard,16.4349,0.48069551110886616,1,-1.6489399671639675,0,0.1844919786096246,0,-0.015996537545528045,2,0.00010152667577598106,5e-05,0.5,-1
d_469,TAOUSDT,1720058400000,1,train,standard,16.2908,2.3087541899877055,1,-2.4291838278557623,0,0.156342182890856,1,0.03665877331246931,2,-0.01929138210113351,5e-05,0.5,-1
d_470,TAOUSDT,1722751200000,1,train,standard,30.1646,0.37800509454398495,0,0.6266066838046281,0,0.5948905109489014,0,-0.16136354352074908,6,-0.0017595095574828516,5e-05,0.5,-1
d_471,TAOUSDT,1733760000000,1,train,standard,19.019,1.9068278977552817,0,0.20851859801907538,0,0.04711347047113714,0,0.043577812464583615,16,0.004878204047644813,5e-05,0.5,-1
d_472,TAOUSDT,1734606000000,1,train,standard,18.0389,0.7511266713509046,0,0.9450294303346273,0,0.29237002025658226,0,-0.21298400061372932,11,0.00519801292352235,5e-05,0.5,-1
d_473,TAOUSDT,1737363600000,1,train,standard,16.623,0.5064960347954289,1,7.578742493650757,1,0.32781168265039073,0,-0.0731291537848669,9,-0.0011492766507857767,5e-05,0.5,1
d_474,TAOUSDT,1737910800000,1,train,standard,15.1925,1.8265995632052103,2,4.214173670779388,0,0.5534979423868325,0,0.16307149741077825,17,0.026446247477116915,5e-05,0.5,0
d_475,TAOUSDT,1738458000000,1,train,standard,30.4388,0.6965742708716919,0,-0.5898897379097505,0,0.24491978609625828,0,-0.007175536134242264,1,0.011724512006261142,3.028e-05,0.5,-1
d_476,TAOUSDT,1740412800000,1,train,standard,17.2192,4.4644387987267615,2,0.08183497392972076,1,0.5466477474281669,0,0.1384594696584081,16,0.013274787123113077,5e-05,0.5,-1
d_477,TAOUSDT,1740639600000,1,train,standard,18.5659,0.4518360412032789,0,2.6828103491867163,1,0.4962686567164213,0,-0.17246828284767207,7,-0.0030633079764038748,5e-05,0.5,-1
d_478,TAOUSDT,1741017600000,1,train,standard,16.9038,1.7883448628800627,1,-2.7954372623574137,0,0.6851248642779605,0,0.04742487533430175,16,-0.028416386969467224,4.023e-05,0.5,1
d_479,TAOUSDT,1741579200000,1,train,standard,16.3666,0.7453567523836834,0,3.5551541524693113,1,0.4338709677419359,0,-0.09109491799870365,4,-0.0046795446483615865,5e-05,0.5,-1
d_480,TAOUSDT,1743926400000,1,train,standard,21.3285,1.2043930922221375,0,-1.1306705887760167,0,0.16025641025641002,1,0.02349880451987955,8,0.006404253338595694,-4.154e-05,0.5,0
d_481,TAOUSDT,1760097600000,1,train,standard,29.3356,2.762365634378263,4,7.863022164789153,1,0.33963963963964244,0,0.1283035451331477,12,0.04828040100362291,5e-05,0.5,0
d_482,TAOUSDT,1760630400000,1,train,standard,15.0278,1.7933973911681003,1,-2.546273384143329,0,0.16056572379367726,0,0.06182835399737026,16,0.005249733674104134,-4.776e-05,0.5,-1
d_483,TAOUSDT,1762189200000,1,test,standard,18.9678,3.8932420363294127,2,3.561802079322302,0,0.1497499264489548,0,0.24353720610222515,17,0.057709834031370456,2.977e-05,0.5,-1
d_484,TAOUSDT,1770253200000,1,test,standard,15.9458,0.7706768810028538,0,-1.6169676606467787,0,0.6685393258426949,0,-0.08246041525949498,1,0.03540351853721966,5e-05,0.5,-1
d_485,TAOUSDT,1775772000000,1,test,standard,22.7211,0.8968156302965148,0,-0.06860961131164221,0,0.25231910946195923,0,-0.02080822385296699,22,0.001308097870126266,-0.00010896,0.5,1
d_486,TAOUSDT,1738540800000,1,train,fast,15.319,1.8466078588402453,1,-4.7807899168794386,0,0.0036630036630038026,0,0.06835746388520694,0,-0.022860944592883386,-7.079e-05,0.5,-1
d_487,TAOUSDT,1760126400000,1,train,fast,12.067,1.4739496506351992,0,-1.5200491544893537,0,0.1988636363636374,0,0.01335540798032578,20,0.09023056381833211,5e-05,0.5,-1
c_2340,TAOUSDT,1714842000000,0,train,control,,0.99845650043942,1,-0.10005336179295372,0,0.3464818763326228,0,0.00349250367576735,17,-0.00430351497348411,5e-05,0.5,1
c_2341,TAOUSDT,1726783200000,0,train,control,,0.6088856072629283,0,-2.2726054563970526,0,0.33201581027668103,1,-0.16199685713902598,22,-0.024666645999105466,5e-05,0.5,1
c_2342,TAOUSDT,1738191600000,0,train,control,,0.4629400005089377,2,-1.3277488719531894,0,0.17416378316032158,0,0.017377237809024424,23,-0.03310757994855757,5e-05,0.5,1
c_2343,TAOUSDT,1751551200000,0,train,control,,1.834958258733286,1,-0.7135575942915524,0,0.34604105571847743,0,0.01275767712177632,14,0.010791228339257875,5e-05,0.5,1
c_2344,TAOUSDT,1761868800000,0,train,control,,0.7509857286418862,0,6.222108232880238,1,0.2284541723666154,0,-0.06343193502771183,0,-0.03269867123539518,-0.00017519,0.5,-1
c_2345,TAOUSDT,1714608000000,0,train,control,,0.4855505236095368,0,1.7293454146954341,0,0.44078947368420346,0,-0.04255478696608753,0,0.011617568635146206,1.56e-05,0.5,0
c_2346,TAOUSDT,1727478000000,0,train,control,,0.42850050225272673,0,1.6530780163063863,0,0.3886255924170611,0,-0.09518084642409556,23,0.03760822923654336,5e-05,0.5,1
c_2347,TAOUSDT,1737129600000,0,train,control,,2.9051967996474293,3,1.3250640306500414,1,0.3017955801104972,0,0.1371238427321305,16,-0.0014259311118426938,5e-05,0.5,1
c_2348,TAOUSDT,1751248800000,0,train,control,,0.7903141002164193,0,-0.09956950830234919,0,0.022364217252394018,1,0.020485201786250958,2,-0.011967663584007191,5e-05,0.5,1
c_2349,TAOUSDT,1761868800000,0,train,control,,0.7509857286418862,0,6.222108232880238,1,0.2284541723666154,0,-0.06343193502771183,0,-0.03269867123539518,-0.00017519,0.5,-1
c_2350,TAOUSDT,1715688000000,0,train,control,,0.8168473995614677,0,-1.9773524170834038,0,0.40993788819875215,0,0.03229012765948751,12,0.02428773624171165,5e-05,0.5,-1
c_2351,TAOUSDT,1726156800000,0,train,control,,1.5832687034697381,1,-2.0854402789886723,0,0.3681885125184114,1,0.0784810484608314,16,-0.005455784301551026,1.988e-05,0.5,1
c_2352,TAOUSDT,1736647200000,0,train,control,,0.945696134206089,1,-1.6839178124517216,0,0.05853658536585555,0,0.05890464944603288,2,0.012316803067449828,2.629e-05,0.5,0
c_2353,TAOUSDT,1751889600000,0,train,control,,1.2405682123029276,0,-1.3281867363686113,0,0.48106060606061285,0,0.011727925077599784,12,-0.0006347610618558134,5e-05,0.5,0
c_2354,TAOUSDT,1759582800000,0,train,control,,1.420492015047101,0,-0.16713970356355393,0,0.6306306306306287,0,0.057282627432195206,13,0.0013158024536845064,5e-05,0.5,1
c_2355,TAOUSDT,1714608000000,0,train,control,,0.4855505236095368,0,1.7293454146954341,0,0.44078947368420346,0,-0.04255478696608753,0,0.011617568635146206,1.56e-05,0.5,0
c_2356,TAOUSDT,1726207200000,0,train,control,,0.31345618807712106,0,-1.5214054238444412,0,0.5590909090909203,0,-0.13088676670889823,6,-0.006873002101964168,5e-05,0.5,0
c_2357,TAOUSDT,1739685600000,0,train,control,,0.6706920366367065,1,-0.5942733657482412,0,0.2747474747474781,0,0.008623848584386265,6,-0.027146333900442653,5e-05,0.5,0
c_2358,TAOUSDT,1749376800000,0,train,control,,1.6902673986309067,0,-0.5477059850769945,0,0.07547169811321919,1,-0.041690015551744564,10,-0.01715780809587701,5e-05,0.5,0
c_2359,TAOUSDT,1761868800000,0,train,control,,0.7509857286418862,0,6.222108232880238,1,0.2284541723666154,0,-0.06343193502771183,0,-0.03269867123539518,-0.00017519,0.5,-1
c_2360,TAOUSDT,1715562000000,0,train,control,,1.084823755819194,0,-0.7229509543500405,0,0.763829787234039,0,-0.09068211698942258,1,-0.01859550425633617,5e-05,0.5,0
c_2361,TAOUSDT,1726077600000,0,train,control,,1.7954259109406936,3,4.00000000000001,1,0.34166666666666856,0,0.1456388359116525,18,0.00960312273270782,-7.26e-05,0.5,0
c_2362,TAOUSDT,1736056800000,0,train,control,,0.31092368547821964,0,0.8724590753732726,0,0.15811965811965792,0,-0.143514052828843,6,0.0026429444858466857,5e-05,0.5,0
c_2363,TAOUSDT,1751788800000,0,train,control,,1.055996992055375,0,0.14373203349580663,1,0.8114285714285805,0,-0.05051959042771059,8,5.216037474629442e-05,-5.719e-05,0.5,0
c_2364,TAOUSDT,1759701600000,0,train,control,,0.5967877954897259,0,-0.22505388614176375,0,0.2763157894736855,0,0.014514028665130725,22,-0.00711922595651592,5e-05,0.5,0
c_2365,TAOUSDT,1715018400000,0,train,control,,0.8740550087646952,0,-3.261178218038052,0,0.4742606790799547,0,0.002612134242230671,18,-0.019263622637950773,5e-05,0.5,-1
c_2366,TAOUSDT,1727870400000,0,train,control,,1.2950719528960677,0,-5.063846207815899,0,0.6685584562996577,1,0.052444632536932295,12,-0.07911007477777421,5e-05,0.5,-1
c_2367,TAOUSDT,1738724400000,0,train,control,,0.6150764829579234,0,0.5022601707684612,0,0.24321503131523883,0,-0.06299636812543535,3,-0.005652376486783579,5e-05,0.5,-1
c_2368,TAOUSDT,1751058000000,0,train,control,,0.6068919901947448,0,0.11045316478998976,1,0.16434540389971564,0,-0.004052428069743616,21,0.00225897295070065,2.73e-06,0.5,0
c_2369,TAOUSDT,1761868800000,0,train,control,,0.7509857286418862,0,6.222108232880238,1,0.2284541723666154,0,-0.06343193502771183,0,-0.03269867123539518,-0.00017519,0.5,-1
c_2370,TAOUSDT,1714608000000,0,train,control,,0.4855505236095368,0,1.7293454146954341,0,0.44078947368420346,0,-0.04255478696608753,0,0.011617568635146206,1.56e-05,0.5,0
c_2371,TAOUSDT,1725703200000,0,train,control,,0.3908641328250913,0,-2.349298100743187,0,0.25539568345324015,1,-0.03653227138550567,10,-0.027596723430103203,-1.457e-05,0.5,-1
c_2372,TAOUSDT,1739649600000,0,train,control,,1.0666391952738878,0,-0.996083996951305,0,0.26232741617356725,0,0.0010566578922235471,20,-0.010416812159714664,5e-05,0.5,0
c_2373,TAOUSDT,1749150000000,0,train,control,,2.4693862526276695,3,-1.8147600483936013,0,0.1778846153846173,0,0.039036075342282255,19,-0.0214635355067335,-2.34e-06,0.5,-1
c_2374,TAOUSDT,1759590000000,0,train,control,,1.2054137569169578,0,0.19277565338305902,1,0.7352185089974208,0,0.046346085217741535,15,0.0004796682572806893,5e-05,0.5,0
c_2375,TAOUSDT,1714608000000,0,train,control,,0.4855505236095368,0,1.7293454146954341,0,0.44078947368420346,0,-0.04255478696608753,0,0.011617568635146206,1.56e-05,0.5,0
c_2376,TAOUSDT,1724007600000,0,train,control,,0.7890213220374174,0,-2.78607302836975,0,0.28064516129032197,1,0.0023756737858403373,19,0.026204908050637115,-6.14e-06,0.5,0
c_2377,TAOUSDT,1741834800000,0,train,control,,0.48148115452980916,0,-0.6440664892591368,0,0.5741525423728857,0,-0.2249580546702882,3,-0.018835554696234123,2.786e-05,0.5,1
c_2378,TAOUSDT,1752181200000,0,train,control,,1.374891226953798,2,2.8916472862786833,1,0.10126582278481377,0,0.10329683705237477,21,0.0499286623683033,5e-05,0.5,1
c_2379,TAOUSDT,1760893200000,0,train,control,,2.055096267402514,4,0.49341370841706556,1,0.26706484641638123,0,0.05838446190253853,17,0.07830283943725862,5e-05,0.5,1
c_2380,TAOUSDT,1714608000000,0,train,control,,0.4855505236095368,0,1.7293454146954341,0,0.44078947368420346,0,-0.04255478696608753,0,0.011617568635146206,1.56e-05,0.5,0
c_2381,TAOUSDT,1727002800000,0,train,control,,1.368648443536238,2,-0.24306083031315884,0,0.6126279863481269,0,0.11039942640488182,11,0.007589558794896811,-0.00027417,0.5,0
c_2382,TAOUSDT,1736539200000,0,train,control,,0.4754090812025149,0,2.1892410476917092,1,0.0813008130081252,0,0.009433442279932267,20,0.0008398668649771576,5e-05,0.5,1
c_2383,TAOUSDT,1750240800000,0,train,control,,0.7713150734345451,0,-2.013348164627366,0,0.2844036697247656,0,-0.06386032209209935,10,0.014615903772275665,5e-05,0.5,-1
c_2384,TAOUSDT,1761325200000,0,train,control,,1.243474272795806,2,-3.5061941073645353,0,0.1830985915493019,0,0.04868167399088925,17,-0.030434466286366514,-1.622e-05,0.5,0
c_2385,TAOUSDT,1714608000000,0,train,control,,0.4855505236095368,0,1.7293454146954341,0,0.44078947368420346,0,-0.04255478696608753,0,0.011617568635146206,1.56e-05,0.5,0
c_2386,TAOUSDT,1726196400000,0,train,control,,0.6384358812640826,0,-1.3379062107372057,0,0.060317460317460034,1,-0.06421721003260207,3,-0.007140224957655663,-5.31e-05,0.5,0
c_2387,TAOUSDT,1739646000000,0,train,control,,0.9964294346252439,0,-0.19705727798213346,0,0.3720565149136582,0,0.004085185358032116,19,-0.018257222631484344,5e-05,0.5,0
c_2388,TAOUSDT,1750402800000,0,train,control,,0.7661275439122696,0,-0.7433557201079248,0,0.2071713147410473,0,-0.049494206126099,7,-0.004809253166854733,5e-05,0.5,0
c_2389,TAOUSDT,1761868800000,0,train,control,,0.7509857286418862,0,6.222108232880238,1,0.2284541723666154,0,-0.06343193502771183,0,-0.03269867123539518,-0.00017519,0.5,-1
c_2390,TAOUSDT,1714608000000,0,train,control,,0.4855505236095368,0,1.7293454146954341,0,0.44078947368420346,0,-0.04255478696608753,0,0.011617568635146206,1.56e-05,0.5,0
c_2391,TAOUSDT,1726084800000,0,train,control,,0.7616988298851767,0,-1.4982981859012532,0,0.25560538116591414,0,0.03607532557794848,20,0.005701062739177397,-9.218e-05,0.5,0
c_2392,TAOUSDT,1740078000000,0,train,control,,0.8793036387152909,0,2.5960330281816537,0,0.09343200740055418,0,-0.029874163030218507,19,-0.013485124643885793,5e-05,0.5,1
c_2393,TAOUSDT,1749679200000,0,train,control,,2.3179660321310007,3,-5.2304298854890225,0,0.22376409366869335,1,0.025012610047516336,22,-0.028521477156254,5e-05,0.5,-1
c_2394,TAOUSDT,1761868800000,0,train,control,,0.7509857286418862,0,6.222108232880238,1,0.2284541723666154,0,-0.06343193502771183,0,-0.03269867123539518,-0.00017519,0.5,-1
c_2395,TAOUSDT,1714608000000,0,train,control,,0.4855505236095368,0,1.7293454146954341,0,0.44078947368420346,0,-0.04255478696608753,0,0.011617568635146206,1.56e-05,0.5,0
c_2396,TAOUSDT,1724032800000,0,train,control,,0.714290037885648,0,-0.7843551053427661,0,0.43707093821510823,0,-0.059616167661372614,2,-0.020752084823338717,5e-05,0.5,-1
c_2397,TAOUSDT,1739858400000,0,train,control,,0.7901645930089823,0,-2.92358803986711,0,0.00128369704749562,1,-0.13212579152416576,6,0.0251952569921138,5e-05,0.5,0
c_2398,TAOUSDT,1748793600000,0,train,control,,0.7304999426054775,0,0.031113132135077774,0,0.13389830508474976,0,0.013521332259213072,16,-0.004731646044437481,-7.181e-05,0.5,0
c_2399,TAOUSDT,1761318000000,0,train,control,,2.066513591279829,3,-1.8226221079691451,0,0.0,1,0.08468003639004547,15,-0.010638635498144451,5e-05,0.5,0
c_2400,TAOUSDT,1714608000000,0,train,control,,0.4855505236095368,0,1.7293454146954341,0,0.44078947368420346,0,-0.04255478696608753,0,0.011617568635146206,1.56e-05,0.5,0
c_2401,TAOUSDT,1725836400000,0,train,control,,3.308841017376865,1,1.6315375377862429,1,0.9344790547798052,0,0.03318569518413284,23,0.027729120706422934,3.74e-05,0.5,1
c_2402,TAOUSDT,1739901600000,0,train,control,,1.7560232784259984,3,-3.7144405310214132,0,0.6789340101522875,0,0.06217881398288851,18,-0.026170391714478283,-0.00015179,0.5,-1
c_2403,TAOUSDT,1749351600000,0,train,control,,0.45401851533798104,0,0.24349177567672523,1,0.5670995670995675,0,-0.05513922806268404,3,0.0007512129699615268,4.367e-05,0.5,0
c_2404,TAOUSDT,1761868800000,0,train,control,,0.7509857286418862,0,6.222108232880238,1,0.2284541723666154,0,-0.06343193502771183,0,-0.03269867123539518,-0.00017519,0.5,-1
c_2405,TAOUSDT,1715565600000,0,train,control,,7.771880490598185,1,-2.7543719092742567,0,0.04279421019509157,1,0.05086343118666728,2,-0.023176391588125834,5e-05,0.5,0
c_2406,TAOUSDT,1727002800000,0,train,control,,1.368648443536238,2,-0.24306083031315884,0,0.6126279863481269,0,0.11039942640488182,11,0.007589558794896811,-0.00027417,0.5,0
c_2407,TAOUSDT,1735236000000,0,train,control,,1.5055528959246933,0,-1.1020734996628494,0,0.041482789055606845,1,-0.008701672608556912,18,0.002308135678730268,5e-05,0.5,-1
c_2408,TAOUSDT,1752728400000,0,train,control,,0.6485281716633906,1,-1.8536066748330224,0,0.13333333333333555,0,0.04365337699802569,5,-0.0066286215550585845,5e-05,0.5,0
c_2409,TAOUSDT,1761868800000,0,train,control,,0.7509857286418862,0,6.222108232880238,1,0.2284541723666154,0,-0.06343193502771183,0,-0.03269867123539518,-0.00017519,0.5,-1
c_2410,TAOUSDT,1716458400000,0,train,control,,1.6103824932451647,1,3.2325740709025568,1,0.5189873417721491,0,0.0665265868535914,10,0.021034675357439664,5e-05,0.5,0
c_2411,TAOUSDT,1726963200000,0,train,control,,0.9570450379311826,0,0.730538664833153,0,0.3356242840778924,0,-0.0696919472815528,0,-0.012293390235721721,-0.00012952,0.5,0
c_2412,TAOUSDT,1735509600000,0,train,control,,0.7341114848463539,0,0.1511864852428839,1,0.14121510673235094,0,-0.05204867656457261,22,0.004474092111912115,5e-05,0.5,-1
c_2413,TAOUSDT,1750204800000,0,train,control,,0.7930786363806608,0,0.42208631234387894,1,0.5860735009671173,0,-0.06916286801314635,0,0.03494695890703805,-1.185e-05,0.5,-1
c_2414,TAOUSDT,1761868800000,0,train,control,,0.7509857286418862,0,6.222108232880238,1,0.2284541723666154,0,-0.06343193502771183,0,-0.03269867123539518,-0.00017519,0.5,-1
c_2415,TAOUSDT,1761958800000,0,test,control,,0.7086923002527017,0,1.4222647953021499,0,0.3138297872340421,0,-0.2503999445489611,1,0.02844283588614876,9.342e-05,0.5,0
c_2416,TAOUSDT,1766005200000,0,test,control,,0.8552558405081346,1,-1.2050696031581158,0,0.48295454545454475,0,0.07804462052753358,21,0.019791923295594357,5e-05,0.5,-1
c_2417,TAOUSDT,1770541200000,0,test,control,,2.4457179712239285,1,0.8916656557078726,0,0.21883656509694988,0,0.0728015197495109,9,0.04908210286772778,-3.65e-05,0.5,1
c_2418,TAOUSDT,1776081600000,0,test,control,,0.6769435272356743,0,1.091373505166606,1,0.2270742358078751,0,-0.04577861631427526,12,0.0069280315546267,-0.00014721,0.5,0
c_2419,TAOUSDT,1779814800000,0,test,control,,1.0576581932937816,0,0.9430337745799967,0,0.03602305475504324,0,0.010063761763356056,17,-0.007701705876396969,1.8e-07,0.013241272499098473,-1
c_2420,TAOUSDT,1762617600000,0,test,control,,1.6987103208969137,0,-3.4226465998360087,0,0.03342128408091428,1,0.008509307789842463,16,-0.006330995436701018,2.816e-05,0.5,0
c_2421,TAOUSDT,1767294000000,0,test,control,,0.7095583720165539,0,1.1773659235383631,1,0.2478632478632437,0,0.02086294196742142,19,0.00916569171506273,5e-05,0.5,0
c_2422,TAOUSDT,1770048000000,0,test,control,,1.9603603335288333,0,4.320795772458814,1,0.2572533849129569,0,0.010229521026175073,16,0.01009117144252173,-7.301e-05,0.5,1
c_2423,TAOUSDT,1774904400000,0,test,control,,0.4684139022814781,0,0.6188557614826804,0,0.10888888888889091,0,-0.01822934814096387,21,-0.005114854679515143,5e-05,0.5,0
c_2424,TAOUSDT,1779339600000,0,test,control,,0.7695502149882826,0,1.4593214155417729,1,0.2685950413223029,0,-0.0496293861888029,5,-0.0002887354608825552,-7.695e-05,0.9968800745774944,1
c_2425,TAOUSDT,1761958800000,0,test,control,,0.7086923002527017,0,1.4222647953021499,0,0.3138297872340421,0,-0.2503999445489611,1,0.02844283588614876,9.342e-05,0.5,0
c_2426,TAOUSDT,1766570400000,0,test,control,,0.5283950353760664,0,-0.18307959144343583,0,0.5398230088495466,0,-0.08358535879764632,10,0.00811664136976138,5e-05,0.5,0
c_2427,TAOUSDT,1771416000000,0,test,control,,1.2875232213659373,0,-0.7050952135872386,0,0.1698113207547154,0,-0.002459587582531164,12,-0.01183485157096458,-0.00011032,0.5,0
c_2428,TAOUSDT,1774584000000,0,test,control,,0.7605501032601465,0,0.26383659917589397,1,0.18429003021147577,0,-0.024155681063541354,4,-0.005357552704468063,1.594e-05,0.5,-1
c_2429,TAOUSDT,1779814800000,0,test,control,,1.0576581932937816,0,0.9430337745799967,0,0.03602305475504324,0,0.010063761763356056,17,-0.007701705876396969,1.8e-07,0.013241272499098473,-1
c_2430,TAOUSDT,1714608000000,0,train,control,,0.4855505236095368,0,1.7293454146954341,0,0.44078947368420346,0,-0.04255478696608753,0,0.011617568635146206,1.56e-05,0.5,0
c_2431,TAOUSDT,1725339600000,0,train,control,,0.6300987164818573,0,-1.0429970200085135,0,0.24522292993630102,1,0.0041505854618220815,5,-0.00029792653772331944,-2.985e-05,0.5,1
c_2432,TAOUSDT,1736154000000,0,train,control,,0.9307549131125878,0,-1.8703529537025472,0,0.17216117216118101,0,0.01447003052925002,9,0.005576155429577675,5e-05,0.5,1
c_2433,TAOUSDT,1750554000000,0,train,control,,3.291525128858273,3,1.6567558113651473,0,0.3230625583566747,0,0.07427488761992933,1,0.015346929031098137,5e-05,0.5,0
c_2434,TAOUSDT,1761174000000,0,train,control,,0.8767702571667643,1,-3.468148605536693,0,0.5445544554455498,0,0.027164376841731223,23,-0.040753018893030866,5e-05,0.5,-1
c_2435,TAOUSDT,1716465600000,0,train,control,,2.401169080349441,1,-0.08301855464695887,0,0.23389175257731956,0,0.13550561762850402,12,0.0016143719492137574,0.00011484,0.5,0
c_2436,TAOUSDT,1727114400000,0,train,control,,0.5238627832645671,0,2.1027061904581026,1,0.5512465373961223,0,-0.036848226266139046,18,0.051616277720362445,5e-05,0.5,0
c_2437,TAOUSDT,1735927200000,0,train,control,,1.0775322339982174,3,1.8406037180195105,1,0.5245901639344271,0,0.03469481368023564,18,-0.0008538728053075269,5e-05,0.5,1
c_2438,TAOUSDT,1749992400000,0,train,control,,0.8174561427953277,0,1.2740252608456855,0,0.08333333333333898,0,-0.018853332336520298,13,-0.005471136613868457,5e-05,0.5,0
c_2439,TAOUSDT,1761868800000,0,train,control,,0.7509857286418862,0,6.222108232880238,1,0.2284541723666154,0,-0.06343193502771183,0,-0.03269867123539518,-0.00017519,0.5,-1
d_488,TONUSDT,1722776400000,1,train,standard,20.3613,2.2106091209447793,2,3.0169883781381532,0,0.0761736049601374,0,0.1623332933841925,13,0.02579333285670975,5e-05,0.5,-1
d_489,TONUSDT,1724515200000,1,train,standard,21.6113,2.0025651249673007,1,2.002473292906408,0,0.17994100294985213,0,0.09586880185853904,16,-0.0007148205111706424,5e-05,0.5,1
d_490,TONUSDT,1738508400000,1,train,standard,29.2155,0.9381212400946509,1,0.5207425483702339,0,0.14531043593130877,0,0.04118789714311462,15,-0.0011670859978339476,2.338e-05,0.5,-1
d_491,TONUSDT,1740978000000,1,train,standard,15.1721,0.5610792257713929,0,-1.1054520199097055,0,0.16176470588235078,0,-0.12543811444181294,5,-0.00034090496891010964,5e-05,0.5,1
d_492,TONUSDT,1760101200000,1,train,standard,30.8326,0.7513765293675135,0,0.6977516890021013,0,0.03883495145634794,0,-0.0195566713017366,13,0.0011180793102639388,5e-05,0.5,-1
d_493,TONUSDT,1778133600000,1,test,standard,17.917,1.4051364062958884,0,8.200986292859096,1,0.6239554317548751,0,0.11724263977373652,6,0.012613109143177696,8.68e-06,0.9258920372941247,0
d_494,TONUSDT,1738540800000,1,train,fast,13.9709,2.9884060170192037,2,-4.514125755686773,0,0.0,0,0.12113291480969197,0,-0.01132398460049773,-0.00011257,0.5,-1
d_495,TONUSDT,1760126400000,1,train,fast,19.5456,6.229676960090914,3,-0.6809555704398298,0,0.07815275310834709,1,0.35074871833282706,20,-0.00267755322261122,-2.348e-05,0.5,-1
c_2440,TONUSDT,1714608000000,0,train,control,,0.4063531637711008,0,2.3379673313623193,0,0.7019064124783364,0,-0.05506042587261454,0,0.001497145090907265,5e-05,0.5,0
c_2441,TONUSDT,1724770800000,0,train,control,,1.0943266270777292,0,0.48789502864536405,1,0.45122985581000524,0,0.04255377307450863,15,-7.220283670891272e-05,5e-05,0.5,-1
c_2442,TONUSDT,1738054800000,0,train,control,,0.4790434940657209,0,-1.0168142473385717,0,0.03146853146855134,0,-0.10524939845884788,9,0.019205280789847623,5e-05,0.5,1
c_2443,TONUSDT,1750089600000,0,train,control,,0.9261844615591157,0,0.5277749941543921,1,0.4071856287425194,0,0.041427277501929545,16,-0.009165068300703166,5e-05,0.5,1
c_2444,TONUSDT,1761868800000,0,train,control,,0.47608299536448856,0,3.6167756829549687,1,0.05494505494505727,0,-0.06444282968923355,0,0.010789984087182979,-5.945e-05,0.5,-1
c_2445,TONUSDT,1715947200000,0,train,control,,0.6897301140488916,0,-1.6262570908067584,0,0.34345351043642597,0,0.018188327162389176,12,0.006755853027445286,5e-05,0.5,0
c_2446,TONUSDT,1726934400000,0,train,control,,1.9401416435081371,0,0.6563374219926988,0,0.17355371900826372,0,0.055903373980041325,16,-0.0018184988658264108,5e-05,0.5,0
c_2447,TONUSDT,1736002800000,0,train,control,,1.0541338615085818,0,0.861754434734261,0,0.12131147540984466,0,0.056263372734506614,15,-0.010946363858143652,5e-05,0.5,1
c_2448,TONUSDT,1751695200000,0,train,control,,0.4952431627970262,0,0.26057914632803186,1,0.09756097560977987,0,-0.06305665454782784,6,-0.0008351825208218887,1.92e-06,0.5,0
c_2449,TONUSDT,1761868800000,0,train,control,,0.47608299536448856,0,3.6167756829549687,1,0.05494505494505727,0,-0.06444282968923355,0,0.010789984087182979,-5.945e-05,0.5,-1
c_2450,TONUSDT,1714608000000,0,train,control,,0.4063531637711008,0,2.3379673313623193,0,0.7019064124783364,0,-0.05506042587261454,0,0.001497145090907265,5e-05,0.5,0
c_2451,TONUSDT,1724320800000,0,train,control,,0.9345278174796797,1,-0.7672673361150633,0,0.04147465437788575,0,0.0054050354403722065,10,-0.002762324775566631,5e-05,0.5,1
c_2452,TONUSDT,1740027600000,0,train,control,,0.8314500128435824,0,0.5690621742682479,1,0.5112994350282473,0,-0.054084814129206814,5,0.013969059768212486,3.608e-05,0.5,1
c_2453,TONUSDT,1751950800000,0,train,control,,0.5086767025377076,0,0.2447935696017511,0,0.21084337349396673,0,-0.04642830832106853,5,0.0043255953482823056,5e-05,0.5,0
c_2454,TONUSDT,1761868800000,0,train,control,,0.47608299536448856,0,3.6167756829549687,1,0.05494505494505727,0,-0.06444282968923355,0,0.010789984087182979,-5.945e-05,0.5,-1
c_2455,TONUSDT,1714608000000,0,train,control,,0.4063531637711008,0,2.3379673313623193,0,0.7019064124783364,0,-0.05506042587261454,0,0.001497145090907265,5e-05,0.5,0
c_2456,TONUSDT,1727272800000,0,train,control,,0.8244679585750883,0,0.9621859162916054,1,0.10820244328097374,0,-0.10391700467167939,14,0.0026379678943244987,5e-05,0.5,0
c_2457,TONUSDT,1738238400000,0,train,control,,1.975857920049136,1,-1.1843671743503534,0,0.0,1,0.1441447210755075,12,-0.025082494528113054,5e-05,0.5,1
c_2458,TONUSDT,1750078800000,0,train,control,,1.187933340720038,0,-1.0750547481584705,0,0.04419889502761943,0,0.03249775446108492,13,0.009979778462282797,5e-05,0.5,1
c_2459,TONUSDT,1760968800000,0,train,control,,1.2953434747174681,0,-0.6163328197226605,0,0.1333333333333441,0,-0.007511854545281408,14,-0.0003979332430301012,1.163e-05,0.5,1
c_2460,TONUSDT,1716670800000,0,train,control,,0.49517596451361345,0,-1.6332316415518764,0,0.20560747663552992,0,-0.060951330002233885,21,-0.00011591587395977383,0.00015113,0.5,0
c_2461,TONUSDT,1727038800000,0,train,control,,0.48174178437912485,0,-0.0071691011739395275,0,0.7186440677966085,0,-0.13541817614527824,21,0.00278761364085333,2.145e-05,0.5,0
c_2462,TONUSDT,1736899200000,0,train,control,,1.1931404577377818,0,-1.2146122087879694,0,0.04737732656515369,1,-0.23553872958265462,0,-0.011646367966077542,5e-05,0.5,1
c_2463,TONUSDT,1750719600000,0,train,control,,4.640283805927825,2,2.9937585951549686,0,0.06489184692180065,0,0.027623374835667774,23,-0.010099001219606064,3.302e-05,0.5,1
c_2464,TONUSDT,1761418800000,0,train,control,,1.0177413516039617,0,0.10667408747275027,0,0.30000000000001775,0,0.01097901891367702,19,0.000983630257744821,-6.21e-06,0.5,1
c_2465,TONUSDT,1762048800000,0,test,control,,0.45652793315954365,0,0.2611079681448378,1,0.6260869565217559,0,-0.10586394331763539,2,-0.0020182639873265913,6.82e-06,0.5,0
c_2466,TONUSDT,1765720800000,0,test,control,,1.3389097974818889,1,0.7128564282141119,0,0.010989010989009649,0,0.11320830681372625,14,0.009641520897956507,-4.225e-05,0.5,0
c_2467,TONUSDT,1769853600000,0,test,control,,0.8406228968527203,0,-0.9215302987992096,0,0.23076923076923264,0,0.05971200210343356,10,-0.006982626981167396,-9.318e-05,0.5,0
c_2468,TONUSDT,1775664000000,0,test,control,,0.7701853997353013,0,0.10381728158441773,0,0.1666666666666703,0,0.003636160284164085,16,-0.003655940404089252,5e-05,0.5,1
c_2469,TONUSDT,1779814800000,0,test,control,,0.6647844534129278,0,-0.05707170281208368,0,0.19732441471572082,0,0.029209840799464783,17,0.10039668707932534,-0.0005482,0.14611021297294322,-1
c_2470,TONUSDT,1714608000000,0,train,control,,0.4063531637711008,0,2.3379673313623193,0,0.7019064124783364,0,-0.05506042587261454,0,0.001497145090907265,5e-05,0.5,0
c_2471,TONUSDT,1726232400000,0,train,control,,2.480492605373357,1,0.7872736136942208,0,0.2622779519331259,0,0.08645247142343412,13,0.0002595035571160872,-7.372e-05,0.5,0
c_2472,TONUSDT,1740128400000,0,train,control,,0.8052838479837591,0,0.4572193258802858,0,0.03664921465969365,0,-0.03002528391032068,9,0.0026991746311876936,2.79e-06,0.5,1
c_2473,TONUSDT,1749956400000,0,train,control,,0.6095819566344837,0,0.19326619875902887,1,0.776785714285721,0,-0.2218757539585958,3,0.0014779062368585779,4.844e-05,0.5,0
c_2474,TONUSDT,1761868800000,0,train,control,,0.47608299536448856,0,3.6167756829549687,1,0.05494505494505727,0,-0.06444282968923355,0,0.010789984087182979,-5.945e-05,0.5,-1
c_2475,TONUSDT,1714608000000,0,train,control,,0.4063531637711008,0,2.3379673313623193,0,0.7019064124783364,0,-0.05506042587261454,0,0.001497145090907265,5e-05,0.5,0
c_2476,TONUSDT,1725343200000,0,train,control,,0.5114948875378683,0,0.301515209343164,0,0.0,0,-0.03352459802704193,6,0.003626266912527521,5e-05,0.5,1
c_2477,TONUSDT,1740243600000,0,train,control,,1.145037422582325,0,0.13363879343261134,1,0.7462686567164156,0,-0.005752515625532441,17,-0.0033899216546192123,5e-05,0.5,-1
c_2478,TONUSDT,1752357600000,0,train,control,,1.4960186645299536,0,1.2742718446601886,0,0.07356321839080691,0,-0.0917208288828377,22,0.00395274176420946,5e-05,0.5,0
c_2479,TONUSDT,1761598800000,0,train,control,,1.4625649026568437,0,-0.2586629799759287,0,0.0,1,0.04167774607164714,21,-0.008482570590183315,3.126e-05,0.5,1
d_496,UBUSDT,1761087600000,1,train,standard,20.5737,0.7439671928493827,0,2.0588501175194245,0,0.12235415591120338,0,-0.16474619967417192,23,0.03276290284324657,0.00016188,0.5,-1
d_497,UBUSDT,1766494800000,1,test,standard,22.4886,3.087476755370311,1,1.1675991243006598,0,0.19696969696969394,0,-0.052139217653544054,13,0.003221479187548933,5e-05,0.5,-1
d_498,UBUSDT,1767924000000,1,test,standard,19.0866,1.1334832618877326,0,0.0,0,0.43137254901961064,0,-0.6519571424398081,2,0.039034590415517434,0.00064687,0.5,0
d_499,UBUSDT,1769947200000,1,test,standard,18.3733,1.4603767294881853,0,0.07995735607676506,1,0.6923076923076944,0,-0.045376574677190216,12,0.004862488941137764,5e-05,0.5,-1
d_500,UBUSDT,1771380000000,1,test,standard,17.9348,1.3954603511291146,0,2.2194565442854066,0,0.013888888888893173,0,-0.09444769033646869,2,0.0008921803425449745,5e-05,0.5,-1
d_501,UBUSDT,1772107200000,1,test,standard,26.8675,4.941180522138629,4,3.2786885245901654,1,0.030508474576271108,0,0.2251438591571718,12,-0.01032380416790241,5e-05,0.5,1
d_502,UBUSDT,1774458000000,1,test,standard,28.6737,5.425172352756963,3,9.892408846383743,0,0.8015267175572545,0,0.2906836819373751,17,0.0650178961037249,5e-05,0.5,1
d_503,UBUSDT,1774846800000,1,test,standard,23.6495,8.832410496042945,2,10.789106145251406,0,0.1666666666666673,0,0.2574918664323226,5,0.07722716195391863,0.00060525,0.5,1
d_504,UBUSDT,1775088000000,1,test,standard,18.1102,0.2151168255962119,0,-0.2792181890705909,0,0.2666666666666659,0,-0.21477141586768958,0,-0.005554518421129466,8.781e-05,0.5,0
d_505,UBUSDT,1775242800000,1,test,standard,19.2912,3.5110958187766106,2,6.2581486310299885,1,0.46376811594202927,0,0.20046098249175176,19,0.0584911212689636,0.00014158,0.5,0
d_506,UBUSDT,1775444400000,1,test,standard,17.8897,1.8293975068696027,0,3.3031674208144706,0,0.5333333333333335,0,0.043772696921595244,3,-0.003405463773131473,0.00022293,0.5,1
d_507,UBUSDT,1775660400000,1,test,standard,18.6161,1.8749053598073628,1,0.4516711833784977,1,0.5344827586206912,0,0.12419375463489901,15,-0.035007401253620354,5e-05,0.5,1
d_508,UBUSDT,1776891600000,1,test,standard,40.6194,13.895134945320041,4,26.478196600147815,0,0.06266318537858998,0,0.6492445248346527,21,0.7399235369918689,0.00121695,0.4497241440359194,1
d_509,UBUSDT,1777532400000,1,test,standard,17.9821,0.919361745014535,0,4.833432480666275,1,0.1821428571428561,0,0.02880084282445456,7,0.015968317717112986,5e-05,0.5,-1
d_510,UBUSDT,1777647600000,1,test,standard,32.5116,9.012368516177025,4,28.79953828395536,0,0.11511511511511503,0,0.1935483404482125,15,0.09933843179537483,-0.00035348,0.5,1
d_511,UBUSDT,1777755600000,1,test,standard,37.0645,0.4373918674397759,0,3.991736638677859,1,0.20599250936329408,0,-0.08184807603527183,21,0.0760118160774461,5e-05,0.5,0
d_512,UBUSDT,1778918400000,1,test,standard,34.7726,3.150545304559769,2,-5.278167579557288,0,0.18119948957890317,0,0.07907593572213932,8,0.04103994596770568,5e-05,0.5,-1
d_513,UBUSDT,1757761200000,1,train,fast,22.3114,6.991936408127895,3,63.95967411926641,1,0.5977533762463711,0,0.5191205194427558,11,1.0453268781947476,0.00128794,0.5,0
d_514,UBUSDT,1760673600000,1,train,fast,11.248,1.5876201653473443,1,-5.354408367723019,0,0.2693514644351477,0,0.0874576053252609,4,-0.03475337002617772,5e-05,0.5,-1
d_515,UBUSDT,1761130800000,1,train,fast,12.4232,0.8040373517658267,1,-2.082554482879943,0,0.20415647921760469,1,-0.06860107940363737,11,0.02483542798194648,5.878e-05,0.5,0
d_516,UBUSDT,1761224400000,1,train,fast,13.3022,4.732404559126607,1,4.966232202004557,1,0.5016158818097877,0,0.06093262389343537,13,0.22558681587979865,0.00036886,0.5,1
d_517,UBUSDT,1761566400000,1,train,fast,11.8681,7.805337018773082,4,4.318705333412092,0,0.3873809862157177,0,0.7574451610054521,12,0.07678270298622901,0.00082485,0.5,1
d_518,UBUSDT,1763096400000,1,test,fast,12.2183,1.7723307073079557,1,-4.315789473684218,0,0.2790697674418573,1,-0.11772966386503834,5,-0.02248922339255991,5e-05,0.5,-1
d_519,UBUSDT,1767877200000,1,test,fast,12.1803,4.209113946691888,1,9.523809523809518,0,0.22988505747126517,0,0.14680303335613634,13,0.0440402334716053,0.00058947,0.5,-1
d_520,UBUSDT,1774508400000,1,test,fast,12.4096,4.083049680647239,1,-11.53103448275861,0,0.22516556291390769,1,0.0822438441276825,7,0.010801784992229632,5e-05,0.5,-1
d_521,UBUSDT,1774522800000,1,test,fast,12.7707,8.787613656540016,4,-8.69971936389149,0,0.012048192771083842,0,0.7719385368306046,11,0.20285636138646668,5e-05,0.5,-1
d_522,UBUSDT,1774573200000,1,test,fast,16.5595,0.17342313212244212,0,1.2820512820512966,0,0.33035714285713885,0,-0.25267293529692264,1,-0.01718785556834894,5e-05,0.5,-1
d_523,UBUSDT,1776880800000,1,test,fast,12.0176,15.47214754664703,3,19.38299167850618,1,0.33691164327002493,0,0.5549955782278754,18,0.5701810704855728,0.00021168,0.5,1
d_524,UBUSDT,1776902400000,1,test,fast,16.3416,10.406415612419684,4,12.656536984471536,1,0.19035846724351055,0,0.145948663207824,0,-0.010277733562854444,0.00149303,0.5133351625669771,1
d_525,UBUSDT,1776934800000,1,test,fast,13.9907,0.2968579031621833,0,0.0,0,0.4406779661016953,0,-0.14530026571081328,9,-0.005313953996158433,0.00020184,0.852281632382336,0
d_526,UBUSDT,1776952800000,1,test,fast,13.4158,0.6773160219162966,0,-23.843074459567656,0,0.5115044247787615,0,-0.03630583746524202,14,-0.15490079894379083,7.328e-05,0.017752375613922698,-1
d_527,UBUSDT,1776985200000,1,test,fast,14.6584,0.3310638931170605,0,-4.979177982980269,0,0.3217821782178216,0,-0.22229832181640571,23,-0.05546199506018069,0.00014369,0.40529498806331343,0
d_528,UBUSDT,1777654800000,1,test,fast,19.3768,5.838635305831033,4,19.289116246251556,1,0.521428571428572,0,0.09749955938258532,17,-0.027207689040654306,5e-05,0.5,1
d_529,UBUSDT,1777716000000,1,test,fast,13.6819,0.6230390933682264,0,9.764615492072377,1,0.0015540015540009525,0,-0.035612908822572203,10,0.1354148309399868,5e-05,0.5,1
d_530,UBUSDT,1777784400000,1,test,fast,11.9971,0.46136921369189626,0,4.927318637821609,1,0.25040387722132457,0,-0.11652940233539281,5,-0.008600762563532345,-7.716e-05,0.5,0
d_531,UBUSDT,1777798800000,1,test,fast,13.957,1.4426146611455533,0,-22.178861788617883,0,0.1623036649214666,1,0.05094976259499373,9,0.07478656519447069,-0.00025388,0.5,0
d_532,UBUSDT,1777867200000,1,test,fast,10.8075,0.576461419364647,0,9.768988151052763,1,0.4011627906976749,0,-0.052601097628798756,4,-0.0068566539036551315,0.000226,0.5,1
d_533,UBUSDT,1778720400000,1,test,fast,11.283,2.6783299631318673,1,10.737329458700692,0,0.1718157181571817,0,-0.0011987166724585915,1,0.09928751929601172,5e-05,0.5,-1
d_534,UBUSDT,1778774400000,1,test,fast,11.2439,0.9153462598373088,0,3.95084205735093,0,0.14623338257016116,0,-0.0011741593903622338,16,-0.02103853781737242,5e-05,0.5,1
d_535,UBUSDT,1778907600000,1,test,fast,13.2631,0.9144473614920013,0,-1.0708775750975592,0,0.3714821763602252,0,0.06305569390516137,5,0.026421302487065312,5e-05,0.5,-1
d_536,UBUSDT,1778932800000,1,test,fast,11.9965,2.0414775893606283,3,-4.831541218637984,0,0.042260442260442226,0,0.10978705006236185,12,0.04488679148815348,5e-05,0.5,-1
c_2480,UBUSDT,1758016800000,0,train,control,,0.705028433435658,0,-10.333580763434332,0,0.4941383352872198,0,-0.004612302926352326,10,0.04511276318108976,0.00011639,0.5,0
c_2481,UBUSDT,1758736800000,0,train,control,,0.8653493344637141,1,7.13015647226173,1,0.086294416243656,0,0.1481016211285742,18,-0.04424536440845537,5e-05,0.5,1
c_2482,UBUSDT,1759215600000,0,train,control,,1.4975507259303145,0,-1.9580200501253149,0,0.004362050163577471,1,0.05474181725401511,7,-0.01585172121727858,5e-05,0.5,1
c_2483,UBUSDT,1759863600000,0,train,control,,0.943788142727519,1,1.9183673469387925,1,0.2609067579127465,0,-0.03399532491294193,19,-0.05859652896409014,0.00014356,0.5,-1
c_2484,UBUSDT,1761753600000,0,train,control,,0.48692966066730553,0,0.37950205462896874,1,0.42176870748299156,0,-0.10420201497398003,16,-0.0022472476196222914,0.00015503,0.5,-1
c_2485,UBUSDT,1762293600000,0,test,control,,1.115875500069657,0,-0.4779169413315732,0,0.0080321285140559,1,0.012175553039285403,22,-0.008003580654833774,0.00065818,0.5,-1
c_2486,UBUSDT,1765713600000,0,test,control,,1.412714015758997,0,0.5287190579187646,0,0.039999999999998335,0,-0.24389368985468576,12,-0.01242819907093718,5e-05,0.5,-1
c_2487,UBUSDT,1769000400000,0,test,control,,1.4782401747966325,1,-1.0699588477366293,0,0.4499999999999939,0,0.07149979805562125,13,-0.0014377601535902537,5e-05,0.5,-1
c_2488,UBUSDT,1772971200000,0,test,control,,1.394128250143848,0,-2.0606060606060606,0,0.6129032258064526,0,0.03605383914835478,12,-0.010991984098862524,5e-05,0.5,0
c_2489,UBUSDT,1779814800000,0,test,control,,1.603601147115053,0,3.1384738794745752,0,0.6714285714285704,0,-0.06187631371584195,17,-0.02712589608934469,5e-05,0.8853516083615642,-1
c_2490,UBUSDT,1761958800000,0,test,control,,1.29169140471375,0,1.063964534515508,0,0.014354066985646997,0,-0.00232157525008467,1,0.011466975804522092,5e-05,0.5,0
c_2491,UBUSDT,1764723600000,0,test,control,,1.3490279710619029,0,-1.7165390860589294,0,0.031249999999998643,1,-1.1244457639907393,1,-0.014600634563769881,5e-05,0.5,1
c_2492,UBUSDT,1768953600000,0,test,control,,4.649952964831918,1,2.292513058618686,0,0.3283582089552258,0,-0.36646580664089384,0,0.014543785981629224,0.00014445,0.5,-1
c_2493,UBUSDT,1773460800000,0,test,control,,0.5135221079254269,0,1.6242038216560624,1,0.022727272727264124,0,-0.08405248371677433,4,0.0059317242970964934,5e-05,0.5,0
c_2494,UBUSDT,1779602400000,0,test,control,,0.5624207782606305,0,-1.8171287917179555,0,0.052356020942410014,0,-0.03211886135712954,6,0.004612166201898549,5e-05,0.5,1
c_2495,UBUSDT,1761958800000,0,test,control,,1.29169140471375,0,1.063964534515508,0,0.014354066985646997,0,-0.00232157525008467,1,0.011466975804522092,5e-05,0.5,0
c_2496,UBUSDT,1765630800000,0,test,control,,0.7914213464017782,0,0.7733204446592576,1,0.11538461538462257,0,-0.03826193916381264,13,0.003390738650308829,5e-05,0.5,-1
c_2497,UBUSDT,1769475600000,0,test,control,,3.631369136256771,4,-2.599604408024858,0,0.5,0,0.24291986294953266,1,-8.57531891881452e-05,0.00011868,0.5,1
c_2498,UBUSDT,1773817200000,0,test,control,,0.7376248905639559,2,-3.980404164115133,0,0.125,1,0.150750388702504,7,0.0010742803277191924,5e-05,0.5,0
c_2499,UBUSDT,1779332400000,0,test,control,,0.9173308412319948,0,3.9406207827260413,0,0.3797909407665535,0,-0.05484914112022885,3,-0.023036536466034825,5e-05,0.02523176841300842,1
c_2500,UBUSDT,1761958800000,0,test,control,,1.29169140471375,0,1.063964534515508,0,0.014354066985646997,0,-0.00232157525008467,1,0.011466975804522092,5e-05,0.5,0
c_2501,UBUSDT,1764738000000,0,test,control,,2.986884322366623,2,1.5584415584415605,1,0.5632183908045975,0,0.16009513297413605,5,0.002953208806062436,5e-05,0.5,1
c_2502,UBUSDT,1769677200000,0,test,control,,0.96759549074993,2,-1.021856372409876,0,0.06250000000001897,0,0.4755165109295079,9,0.009243431697891116,5e-05,0.5,0
c_2503,UBUSDT,1772884800000,0,test,control,,0.7100812317197615,0,-2.8064146620847703,0,0.48648648648649157,0,-0.0004247387307647558,12,0.04831736462646477,5e-05,0.5,-1
c_2504,UBUSDT,1779681600000,0,test,control,,0.7124604944331986,0,2.006296684980556,0,0.04555084745762855,0,-0.0948287604423865,4,-0.004018002509042904,5e-05,0.8425723595653687,0
c_2505,UBUSDT,1761958800000,0,test,control,,1.29169140471375,0,1.063964534515508,0,0.014354066985646997,0,-0.00232157525008467,1,0.011466975804522092,5e-05,0.5,0
c_2506,UBUSDT,1765087200000,0,test,control,,0.2654957096422751,0,0.16900048285852395,0,0.466666666666679,0,0.17345447179603116,6,-0.00987975808745136,0.00034521,0.5,0
c_2507,UBUSDT,1768665600000,0,test,control,,0.8887236125865234,1,1.234567901234565,1,0.3199999999999867,0,0.042290851582475676,16,-0.012378708756939808,0.00015632,0.5,1
c_2508,UBUSDT,1773396000000,0,test,control,,2.4834208448366293,2,-1.1796733212341242,0,0.20754716981132051,0,-0.010614135374124768,10,-0.0013996308486397752,5e-05,0.5,1
c_2509,UBUSDT,1779814800000,0,test,control,,1.603601147115053,0,3.1384738794745752,0,0.6714285714285704,0,-0.06187631371584195,17,-0.02712589608934469,5e-05,0.8853516083615642,-1
c_2510,UBUSDT,1761958800000,0,test,control,,1.29169140471375,0,1.063964534515508,0,0.014354066985646997,0,-0.00232157525008467,1,0.011466975804522092,5e-05,0.5,0
c_2511,UBUSDT,1765630800000,0,test,control,,0.7914213464017782,0,0.7733204446592576,1,0.11538461538462257,0,-0.03826193916381264,13,0.003390738650308829,5e-05,0.5,-1
c_2512,UBUSDT,1768957200000,0,test,control,,7.824903316598943,2,5.106751298326583,1,0.0,0,-0.20204990319932586,1,0.01907735664481579,0.00019137,0.5,-1
c_2513,UBUSDT,1773630000000,0,test,control,,5.069622328599693,1,1.62876459741857,0,0.5416666666666649,0,0.13199477454204467,3,-0.0014626872217714524,5e-05,0.5,1
c_2514,UBUSDT,1779429600000,0,test,control,,0.6124830856090074,0,-2.2775200337410326,0,0.785907859078591,0,0.013769337884702882,6,0.02983779621667911,5e-05,0.5,0
c_2515,UBUSDT,1762250400000,0,test,control,,0.5186839594925522,0,-3.0661907852044172,0,0.22999999999999815,1,0.03937809110601965,10,-0.003298663495824405,0.0006168,0.5,-1
c_2516,UBUSDT,1765155600000,0,test,control,,0.6648240243390828,1,-0.27720027720028195,0,0.29032258064515626,0,0.038259089001277814,1,0.02702314261919678,5e-05,0.5,1
c_2517,UBUSDT,1769608800000,0,test,control,,1.0782589969860759,0,-0.2282453637660392,0,0.041666666666651,0,0.041551220953505184,14,-0.0094992285055795,0.00016842,0.5,1
c_2518,UBUSDT,1773997200000,0,test,control,,1.2131843853254012,1,-1.5629884338855908,0,0.2894736842105405,0,-0.04510119139338538,9,0.0033254199122731047,5e-05,0.5,1
c_2519,UBUSDT,1779307200000,0,test,control,,0.6302349856652869,1,-2.1230175379709695,0,0.24418604651163014,0,0.006563696628746609,20,-0.020757415174746063,5e-05,0.8185815605807382,1
c_2520,UBUSDT,1761958800000,0,test,control,,1.29169140471375,0,1.063964534515508,0,0.014354066985646997,0,-0.00232157525008467,1,0.011466975804522092,5e-05,0.5,0
c_2521,UBUSDT,1765400400000,0,test,control,,1.8520717582031125,1,1.463644948064201,1,0.4313725490196145,0,0.06668025708510918,21,-0.007281483122432476,0.00011113,0.5,0
c_2522,UBUSDT,1769601600000,0,test,control,,1.2103460204328986,1,0.7173601147776191,0,0.3913043478260843,0,0.06424180652005954,12,0.02195653701615305,5e-05,0.5,1
c_2523,UBUSDT,1773381600000,0,test,control,,2.527411039327438,4,3.220762976860526,1,0.46875000000000133,0,0.4042095582562655,6,0.006219895653674566,8.105e-05,0.5,1
c_2524,UBUSDT,1779696000000,0,test,control,,1.424837942023684,0,7.891551682401353,0,0.3057090239410695,0,-0.040949593111051855,8,0.08195978865372178,5e-05,1.0,0
c_2525,UBUSDT,1762178400000,0,test,control,,1.4556036289582515,1,-4.368057640348238,0,0.45999999999999475,0,0.0010797073233533242,14,-0.025767469720589003,5e-05,0.5,-1
c_2526,UBUSDT,1765375200000,0,test,control,,1.0175533970576869,1,0.9021842355175816,0,0.40425531914892865,0,-0.1345913742575534,14,-0.00027955596848541406,0.00021924,0.5,1
c_2527,UBUSDT,1769544000000,0,test,control,,0.34962215564451515,0,0.852999715666766,0,0.2941176470588259,0,-0.005775582382651833,20,-0.005035718018234017,6.412e-05,0.5,0
c_2528,UBUSDT,1773309600000,0,test,control,,1.1134867394527912,0,0.5349276274386298,0,0.48387096774193045,0,-0.016847474919506993,10,-0.03421826869915488,5e-05,0.5,0
c_2529,UBUSDT,1779814800000,0,test,control,,1.603601147115053,0,3.1384738794745752,0,0.6714285714285704,0,-0.06187631371584195,17,-0.02712589608934469,5e-05,0.8853516083615642,-1
c_2530,UBUSDT,1761958800000,0,test,control,,1.29169140471375,0,1.063964534515508,0,0.014354066985646997,0,-0.00232157525008467,1,0.011466975804522092,5e-05,0.5,0
c_2531,UBUSDT,1765461600000,0,test,control,,3.5699634435137697,3,4.149659863945574,0,0.43312101910827977,0,0.0824609807003368,14,-0.010033029186013068,5e-05,0.5,-1
c_2532,UBUSDT,1769367600000,0,test,control,,15.375351603472337,3,4.301075268817221,0,0.3241379310344815,0,0.692388620920177,19,0.022263389802111278,5e-05,0.5,-1
c_2533,UBUSDT,1773640800000,0,test,control,,4.914612467502311,4,-1.2258657676984297,0,0.08988764044943505,0,0.49507305146173475,6,0.01578151960232581,5e-05,0.5,1
c_2534,UBUSDT,1779688800000,0,test,control,,0.7080854348264976,0,7.723061302195719,0,0.29402261712439226,0,-0.09305709906920365,6,-0.015740367347410775,5e-05,0.863234690127524,0
c_2535,UBUSDT,1761958800000,0,test,control,,1.29169140471375,0,1.063964534515508,0,0.014354066985646997,0,-0.00232157525008467,1,0.011466975804522092,5e-05,0.5,0
c_2536,UBUSDT,1765724400000,0,test,control,,2.4188996456397756,1,2.6570048309178835,0,0.4583333333333312,0,-0.18220461555620882,15,0.004020416632524404,5e-05,0.5,-1
c_2537,UBUSDT,1769587200000,0,test,control,,0.7307086125107725,0,-0.4570122822050855,0,0.11111111111110683,1,-0.07385666540070472,8,-0.07445529252256919,5e-05,0.5,0
c_2538,UBUSDT,1773388800000,0,test,control,,0.755969129860923,2,-1.0006064281382774,0,0.38709677419355776,0,0.17335721062845186,8,-0.004291661652248941,8.105e-05,0.5,1
c_2539,UBUSDT,1779814800000,0,test,control,,1.603601147115053,0,3.1384738794745752,0,0.6714285714285704,0,-0.06187631371584195,17,-0.02712589608934469,5e-05,0.8853516083615642,-1
c_2540,UBUSDT,1762146000000,0,test,control,,2.4662835618928383,1,3.686506261432407,0,0.15743440233236106,0,0.11474495137021176,5,0.002581033252661472,5e-05,0.5,-1
c_2541,UBUSDT,1765378800000,0,test,control,,1.3080436966995594,1,-0.0710732054015525,0,0.041666666666665464,0,0.023393365138195493,15,-0.0004626618107892734,0.00021924,0.5,1
c_2542,UBUSDT,1769176800000,0,test,control,,0.6033589811969361,1,-0.5599104143337033,0,0.30000000000001387,0,0.11602426519352863,14,0.012539669991329357,5e-05,0.5,0
c_2543,UBUSDT,1773475200000,0,test,control,,0.7430634928897831,0,0.21943573667711794,0,0.15625000000000405,0,-0.00875564889529786,8,-0.014840267947820687,5e-05,0.5,-1
c_2544,UBUSDT,1779339600000,0,test,control,,1.5038882368924313,0,0.6869746000180753,1,0.2050561797752813,0,0.064696063958685,5,-0.023887460320674195,5e-05,1.0,1
c_2545,UBUSDT,1761958800000,0,test,control,,1.29169140471375,0,1.063964534515508,0,0.014354066985646997,0,-0.00232157525008467,1,0.011466975804522092,5e-05,0.5,0
c_2546,UBUSDT,1765800000000,0,test,control,,0.8129453275465633,0,-0.33293697978595554,0,0.03846153846152409,0,-0.0006479538837580451,12,-0.006921997819373167,0.0002343,0.5,0
c_2547,UBUSDT,1769720400000,0,test,control,,0.9507465227043809,2,1.5705311250713732,0,0.3235294117647233,0,0.11564470299301458,21,0.007042170542257696,5e-05,0.5,-1
c_2548,UBUSDT,1773097200000,0,test,control,,0.33459672871275964,0,-1.2252591894439038,0,0.0952380952380921,1,-0.24315264808310805,23,0.008143736829507928,5e-05,0.5,1
c_2549,UBUSDT,1779814800000,0,test,control,,1.603601147115053,0,3.1384738794745752,0,0.6714285714285704,0,-0.06187631371584195,17,-0.02712589608934469,5e-05,0.8853516083615642,-1
c_2550,UBUSDT,1761994800000,0,test,control,,2.306096769735802,1,-1.0356892932120427,0,0.7744874715261976,0,0.09266880265687112,11,-0.014050078238684165,5e-05,0.5,0
c_2551,UBUSDT,1765234800000,0,test,control,,0.24113091411423704,0,0.0,0,0.21428571428572846,0,-0.23382518765848886,23,0.01020482819169202,0.00016165,0.5,1
c_2552,UBUSDT,1769572800000,0,test,control,,0.8790704238056235,0,-0.7367526211391422,0,0.40000000000000696,0,-0.023580638273070845,4,-0.005444946588235204,5e-05,0.5,0
c_2553,UBUSDT,1773997200000,0,test,control,,1.2131843853254012,1,-1.5629884338855908,0,0.2894736842105405,0,-0.04510119139338538,9,0.0033254199122731047,5e-05,0.5,1
c_2554,UBUSDT,1779606000000,0,test,control,,0.6506739852061907,0,0.14512734924897014,0,0.07249070631970293,0,-0.015621562846842012,7,-0.003366064227479287,5e-05,0.5,1
c_2555,UBUSDT,1761958800000,0,test,control,,1.29169140471375,0,1.063964534515508,0,0.014354066985646997,0,-0.00232157525008467,1,0.011466975804522092,5e-05,0.5,0
c_2556,UBUSDT,1765670400000,0,test,control,,0.9081716781380514,0,-0.6986492780624165,0,0.13636363636363732,1,-0.25247419174776703,0,-0.008008105510790679,5e-05,0.5,0
c_2557,UBUSDT,1769630400000,0,test,control,,0.6112722835690164,0,-0.4295532646048034,0,0.41666666666665464,0,-0.12203428555542511,20,0.005872470791978968,5e-05,0.5,1
c_2558,UBUSDT,1773590400000,0,test,control,,1.3869415974843533,0,1.1497824735860853,1,0.5227272727272642,0,-0.21680085947148928,16,-0.018410221485254057,5e-05,0.5,1
c_2559,UBUSDT,1779814800000,0,test,control,,1.603601147115053,0,3.1384738794745752,0,0.6714285714285704,0,-0.06187631371584195,17,-0.02712589608934469,5e-05,0.8853516083615642,-1
c_2560,UBUSDT,1761958800000,0,test,control,,1.29169140471375,0,1.063964534515508,0,0.014354066985646997,0,-0.00232157525008467,1,0.011466975804522092,5e-05,0.5,0
c_2561,UBUSDT,1765587600000,0,test,control,,0.28688301917123654,0,0.7223693715386508,0,0.25641025641026277,0,-0.40665926411396247,1,-0.01854928358417117,5e-05,0.5,-1
c_2562,UBUSDT,1769151600000,0,test,control,,0.9263389536956854,0,0.13900472616069345,0,0.4761904761904691,0,-0.01080586857866349,7,-0.004248528321475646,5e-05,0.5,0
c_2563,UBUSDT,1772996400000,0,test,control,,0.5279284907970708,0,1.9920318725099535,0,0.21739130434783133,0,-0.019059127402036656,19,-0.005498860402649906,5e-05,0.5,-1
c_2564,UBUSDT,1779814800000,0,test,control,,1.603601147115053,0,3.1384738794745752,0,0.6714285714285704,0,-0.06187631371584195,17,-0.02712589608934469,5e-05,0.8853516083615642,-1
c_2565,UBUSDT,1757941200000,0,train,control,,3.1799825812581903,3,16.55855987172947,0,0.018918556286059603,0,0.20708341549363812,13,0.03647853506677946,0.00034077,0.5,0
c_2566,UBUSDT,1758488400000,0,train,control,,1.6499588988135014,0,-4.835695956550981,0,0.15545959284392347,1,-0.0015063158557418255,21,0.07937492779906888,0.00021252,0.5,0
c_2567,UBUSDT,1759431600000,0,train,control,,3.867601360909947,4,8.3096926713948,1,0.47858672376873657,0,0.11756236153799209,19,0.0049615176949655984,5e-05,0.5,1
c_2568,UBUSDT,1760083200000,0,train,control,,1.387833130317374,0,1.783857039301576,1,0.417445482866048,0,0.08004681895210594,8,-0.011082891512531348,-0.00075696,0.5,0
c_2569,UBUSDT,1761868800000,0,train,control,,0.4867990946013576,0,1.370744954815741,0,0.16866913123844932,0,-0.07742031624665015,0,-0.03050363616663166,0.00010794,0.5,-1
c_2570,UBUSDT,1757941200000,0,train,control,,3.1799825812581903,3,16.55855987172947,0,0.018918556286059603,0,0.20708341549363812,13,0.03647853506677946,0.00034077,0.5,0
c_2571,UBUSDT,1758693600000,0,train,control,,0.17402415783169548,0,0.1427252119889246,1,0.1725521669341888,0,-0.07288696322103262,6,-0.023001125206071102,6.61e-05,0.5,0
c_2572,UBUSDT,1759262400000,0,train,control,,1.6214159718757926,0,6.703668713588411,0,0.5696400625978096,0,0.014598656538986407,20,0.02962151062767079,7.897e-05,0.5,0
c_2573,UBUSDT,1760025600000,0,train,control,,0.5884572384511856,1,-3.633207813603201,0,0.4557721139430259,0,-0.0410637947867089,16,-0.06369422315364469,5e-05,0.5,0
c_2574,UBUSDT,1761865200000,0,train,control,,0.7800163384216326,0,0.03155090212208943,0,0.38244638602065256,0,-0.0438063809082271,23,-0.020654729848452267,0.00053584,0.5,-1
c_2575,UBUSDT,1757941200000,0,train,control,,3.1799825812581903,3,16.55855987172947,0,0.018918556286059603,0,0.20708341549363812,13,0.03647853506677946,0.00034077,0.5,0
c_2576,UBUSDT,1758711600000,0,train,control,,0.11759050265701418,0,-1.3008130081300955,0,0.11497730711043792,0,-0.30304666904513033,11,0.012468042287774131,7.03e-05,0.5,0
c_2577,UBUSDT,1759248000000,0,train,control,,1.1841693094531935,0,-4.153933220147147,0,0.2571770334928229,0,0.010577405528031278,16,-0.004443830551597111,5e-05,0.5,0
c_2578,UBUSDT,1760061600000,0,train,control,,2.6101327613500027,1,-1.7795863828236607,0,0.08996359854394163,1,0.03391135216263789,2,0.0027379373322056083,5e-05,0.5,0
c_2579,UBUSDT,1761868800000,0,train,control,,0.4867990946013576,0,1.370744954815741,0,0.16866913123844932,0,-0.07742031624665015,0,-0.03050363616663166,0.00010794,0.5,-1
c_2580,UBUSDT,1757966400000,0,train,control,,1.4879064365917396,2,-8.336952621938545,0,0.013054289266473394,1,0.0413350334916045,20,0.1383583536283416,0.00071166,0.5,0
c_2581,UBUSDT,1758535200000,0,train,control,,0.3198860094918833,0,2.67883665037401,0,0.012433392539964564,0,-0.1403291101860072,10,-0.01546672627479227,5.83e-05,0.5,-1
c_2582,UBUSDT,1759446000000,0,train,control,,1.5678141503919643,0,-0.5347010039284076,0,0.1591666666666664,0,0.0184626596865953,23,-0.019449558083112706,5e-05,0.5,1
c_2583,UBUSDT,1759917600000,0,train,control,,5.924458322523697,3,-15.00634342765734,0,0.17258883248730864,1,0.5384152587127922,10,0.045392423828134826,5e-05,0.5,-1
c_2584,UBUSDT,1761868800000,0,train,control,,0.4867990946013576,0,1.370744954815741,0,0.16866913123844932,0,-0.07742031624665015,0,-0.03050363616663166,0.00010794,0.5,-1
c_2585,UBUSDT,1757941200000,0,train,control,,3.1799825812581903,3,16.55855987172947,0,0.018918556286059603,0,0.20708341549363812,13,0.03647853506677946,0.00034077,0.5,0
c_2586,UBUSDT,1758762000000,0,train,control,,0.5907464566888598,2,-7.611127994032656,0,0.02862849533954812,1,0.06469081038021303,1,-0.046373214174202565,5e-05,0.5,0
c_2587,UBUSDT,1759194000000,0,train,control,,0.9250024711008684,0,-2.2119536398757584,0,0.2740863787375418,1,-0.09838742412514374,1,-0.011117963694517743,5e-05,0.5,1
c_2588,UBUSDT,1759939200000,0,train,control,,1.599596275362681,3,0.6982655983524855,0,0.4368882019577549,0,0.03754741913249175,16,-0.02049012989297981,5e-05,0.5,0
c_2589,UBUSDT,1761868800000,0,train,control,,0.4867990946013576,0,1.370744954815741,0,0.16866913123844932,0,-0.07742031624665015,0,-0.03050363616663166,0.00010794,0.5,-1
c_2590,UBUSDT,1761958800000,0,test,control,,1.29169140471375,0,1.063964534515508,0,0.014354066985646997,0,-0.00232157525008467,1,0.011466975804522092,5e-05,0.5,0
c_2591,UBUSDT,1764860400000,0,test,control,,0.5801973009864025,0,1.575729068673558,1,0.2777777777777735,0,0.024797365985414144,15,-0.006337983498485802,0.00032611,0.5,0
c_2592,UBUSDT,1768726800000,0,test,control,,0.2858664898625394,1,-1.4243482934695046,0,0.47058823529410804,0,0.09538776894881285,9,0.00403202653159588,0.00020019,0.5,0
c_2593,UBUSDT,1773338400000,0,test,control,,0.5956737281019185,0,-0.18767594619955444,0,0.21052631578946215,0,-0.0038222457685950176,18,0.009076022299506614,5e-05,0.5,0
c_2594,UBUSDT,1779577200000,0,test,control,,0.42737289753696345,0,-1.5916092122634427,0,0.15354330708661387,0,-0.008603587791725587,23,-0.014692616803165772,5e-05,0.5,1
c_2595,UBUSDT,1762542000000,0,test,control,,3.1889059392807897,1,-6.609769384419837,0,0.012269938650306253,1,0.11339043583981284,19,0.0021026417929373583,0.00013916,0.5,0
c_2596,UBUSDT,1765378800000,0,test,control,,1.3080436966995594,1,-0.0710732054015525,0,0.041666666666665464,0,0.023393365138195493,15,-0.0004626618107892734,0.00021924,0.5,1
c_2597,UBUSDT,1768716000000,0,test,control,,1.330697060343013,0,1.5510204081632684,1,0.21739130434783133,0,-0.014362164927999159,6,-0.002005418971957992,0.00045856,0.5,0
c_2598,UBUSDT,1773356400000,0,test,control,,0.49758590400809666,0,-0.2816020025031283,0,0.14814814814814245,0,-0.1232921469051967,23,0.015627845098247658,5e-05,0.5,0
c_2599,UBUSDT,1779325200000,0,test,control,,1.0355731999672284,0,-4.679017664799659,0,0.4903474903474914,0,-0.13344209480702737,1,-0.031104139177744582,5e-05,0.0,1
c_2600,UBUSDT,1761958800000,0,test,control,,1.29169140471375,0,1.063964534515508,0,0.014354066985646997,0,-0.00232157525008467,1,0.011466975804522092,5e-05,0.5,0
c_2601,UBUSDT,1765706400000,0,test,control,,0.4659247544094626,1,-0.3347680535628915,0,0.3609022556390903,0,-0.12869698634424875,10,9.17051784327056e-05,5e-05,0.5,0
c_2602,UBUSDT,1769562000000,0,test,control,,1.0418532007911565,0,-1.377565364070839,0,0.03999999999998446,1,-0.09854639078396812,1,-0.003915238520451969,5e-05,0.5,1
c_2603,UBUSDT,1773381600000,0,test,control,,2.527411039327438,4,3.220762976860526,1,0.46875000000000133,0,0.4042095582562655,6,0.006219895653674566,8.105e-05,0.5,1
c_2604,UBUSDT,1779584400000,0,test,control,,0.37862175725154446,0,2.463833634719707,0,0.30341880341880095,0,-0.07553015625726757,1,0.014086255976865122,5e-05,0.5,1
c_2605,UBUSDT,1762135200000,0,test,control,,0.7851756352147158,0,-0.8473399083205994,0,0.6442953020134222,0,-0.04602501159432839,2,-0.03957667638072297,6.755e-05,0.5,0
c_2606,UBUSDT,1765234800000,0,test,control,,0.24113091411423704,0,0.0,0,0.21428571428572846,0,-0.23382518765848886,23,0.01020482819169202,0.00016165,0.5,1
c_2607,UBUSDT,1768888800000,0,test,control,,0.6971051866835384,1,0.027586206896560172,1,0.1851851851851909,0,-0.033707853575388705,6,0.015385367275172163,0.00010769,0.5,0
c_2608,UBUSDT,1773223200000,0,test,control,,0.8168586310919901,0,-1.6383307573415635,0,0.36842105263157704,0,0.0557181195196238,10,-0.02745308406077238,5e-05,0.5,-1
c_2609,UBUSDT,1779814800000,0,test,control,,1.603601147115053,0,3.1384738794745752,0,0.6714285714285704,0,-0.06187631371584195,17,-0.02712589608934469,5e-05,0.8853516083615642,-1
c_2610,UBUSDT,1762084800000,0,test,control,,0.9365808536198033,0,1.7509178198249153,0,0.3632812500000011,0,0.04135031393627745,12,0.010369764824173913,5e-05,0.5,0
c_2611,UBUSDT,1765717200000,0,test,control,,0.877925922194674,0,1.2521069106669869,0,0.16666666666667052,0,-0.1554209014049743,13,-0.0021164086241235443,5e-05,0.5,-1
c_2612,UBUSDT,1769212800000,0,test,control,,0.42373113435474036,1,0.2300172512938576,1,0.3333333333333333,0,0.05298527369977925,0,-0.008062889456442223,5e-05,0.5,0
c_2613,UBUSDT,1774004400000,0,test,control,,0.5234776972563729,1,1.8286814244465754,0,0.01785714285714828,0,-0.08021137998794255,11,0.0007754821940741597,5e-05,0.5,0
c_2614,UBUSDT,1779814800000,0,test,control,,1.603601147115053,0,3.1384738794745752,0,0.6714285714285704,0,-0.06187631371584195,17,-0.02712589608934469,5e-05,0.8853516083615642,-1
c_2615,UBUSDT,1761958800000,0,test,control,,1.29169140471375,0,1.063964534515508,0,0.014354066985646997,0,-0.00232157525008467,1,0.011466975804522092,5e-05,0.5,0
c_2616,UBUSDT,1764957600000,0,test,control,,1.2072061450886595,1,1.0554089709762602,1,0.0952380952380921,0,0.12731546905478355,18,-0.008987144560825866,0.00014593,0.5,-1
c_2617,UBUSDT,1769493600000,0,test,control,,0.6159391845329998,0,-0.2027809965237561,0,0.3703703703703561,0,-0.18843031953225975,6,0.0002584192968457079,0.00018043,0.5,0
c_2618,UBUSDT,1773273600000,0,test,control,,1.2672366614358572,0,0.7671064743786444,1,0.4313725490196009,0,-0.21624933382679537,0,-0.004176567329096594,5e-05,0.5,0
c_2619,UBUSDT,1779652800000,0,test,control,,2.0753578843136666,4,6.683168316831686,1,0.28683385579937165,0,0.07876682099547982,20,0.05902582638068827,5e-05,1.0,1
c_2620,UBUSDT,1762351200000,0,test,control,,0.5563839767187503,0,-0.24347826086956736,0,0.2649572649572636,0,-0.04339985220845414,14,-0.004200889730450983,0.0008015,0.5,0
c_2621,UBUSDT,1765126800000,0,test,control,,0.9874228096616295,2,0.6909697402906805,1,0.3999999999999881,0,0.054492108224569624,17,-0.01935429462942921,5e-05,0.5,0
c_2622,UBUSDT,1769731200000,0,test,control,,0.9845778335679055,0,1.6129032258064349,0,0.15909090909091195,0,-0.09246123929451547,0,-0.0015224015683790602,5e-05,0.5,-1
c_2623,UBUSDT,1773417600000,0,test,control,,2.0468777872997577,1,-0.15629884338854172,0,0.3076923076923069,0,-0.0396499194312,16,-0.008306126814930564,5e-05,0.5,1
c_2624,UBUSDT,1779814800000,0,test,control,,1.603601147115053,0,3.1384738794745752,0,0.6714285714285704,0,-0.06187631371584195,17,-0.02712589608934469,5e-05,0.8853516083615642,-1
c_2625,UBUSDT,1762315200000,0,test,control,,0.8907569657927377,0,-5.389221556886227,0,0.1575757575757597,0,-0.01905892999939105,4,0.02861673650433375,0.00088127,0.5,-1
c_2626,UBUSDT,1765846800000,0,test,control,,2.502236575979681,1,-0.5899008966493634,0,0.2641509433962274,0,-0.12821703559122866,1,-0.024095577519163223,0.00019299,0.5,-1
c_2627,UBUSDT,1769169600000,0,test,control,,2.2864669834968314,3,-1.1637572734829504,0,0.5098039215686304,0,0.27845063943565523,12,0.017515111806320576,5e-05,0.5,0
c_2628,UBUSDT,1773936000000,0,test,control,,2.463143085414122,2,1.532567049808433,0,0.35593220338982173,0,0.06919063500430961,16,-0.027751743473888132,5e-05,0.5,-1
c_2629,UBUSDT,1779537600000,0,test,control,,0.7280988661391704,1,-2.634495694432611,0,0.01052631578947326,1,0.023457964355739897,12,-0.0022299619818059403,5e-05,1.0,-1
c_2630,UBUSDT,1761958800000,0,test,control,,1.29169140471375,0,1.063964534515508,0,0.014354066985646997,0,-0.00232157525008467,1,0.011466975804522092,5e-05,0.5,0
c_2631,UBUSDT,1765425600000,0,test,control,,1.8125863220143643,0,0.20538566864445415,0,0.08955223880597633,0,0.032224854503878686,4,-0.019425648779285584,0.00014172,0.5,-1
c_2632,UBUSDT,1769702400000,0,test,control,,5.663057301945668,2,0.0,0,0.46268656716418344,0,-0.08087458601419328,16,-0.002241912666685032,0.00017318,0.5,-1
c_2633,UBUSDT,1773644400000,0,test,control,,1.741388210301042,3,-1.2077294685990267,0,0.337662337662342,0,0.34036524985042654,7,0.02758360181226021,5e-05,0.5,1
c_2634,UBUSDT,1779814800000,0,test,control,,1.603601147115053,0,3.1384738794745752,0,0.6714285714285704,0,-0.06187631371584195,17,-0.02712589608934469,5e-05,0.8853516083615642,-1
c_2635,UBUSDT,1761958800000,0,test,control,,1.29169140471375,0,1.063964534515508,0,0.014354066985646997,0,-0.00232157525008467,1,0.011466975804522092,5e-05,0.5,0
c_2636,UBUSDT,1765400400000,0,test,control,,1.8520717582031125,1,1.463644948064201,1,0.4313725490196145,0,0.06668025708510918,21,-0.007281483122432476,0.00011113,0.5,0
c_2637,UBUSDT,1768834800000,0,test,control,,0.5076756612059377,0,0.6732117812061632,1,0.2999999999999896,0,-0.07546750821833179,15,-0.010186160406334958,5e-05,0.5,-1
c_2638,UBUSDT,1773777600000,0,test,control,,0.47164084664786543,1,-1.1162790697674394,0,0.571428571428562,0,-0.14293018650827596,20,0.0009851791969819456,5e-05,0.5,0
c_2639,UBUSDT,1779224400000,0,test,control,,0.2882370667530873,0,-0.6730229949523335,0,0.19457013574660595,0,-0.2762992607747127,21,-0.00042018857860907455,5e-05,0.6892405993876289,0
c_2640,UBUSDT,1761958800000,0,test,control,,1.29169140471375,0,1.063964534515508,0,0.014354066985646997,0,-0.00232157525008467,1,0.011466975804522092,5e-05,0.5,0
c_2641,UBUSDT,1765090800000,0,test,control,,0.32332887640348273,0,0.07232401157183053,1,0.41666666666667146,0,0.05033856842499226,7,-0.005812236915525844,0.00034521,0.5,0
c_2642,UBUSDT,1768899600000,0,test,control,,5.75847797412839,1,-2.24625623960068,0,0.1726618705035948,1,0.1632636006687063,9,0.0023636352178496548,0.00012028,0.5,-1
c_2643,UBUSDT,1773259200000,0,test,control,,0.40965416758658035,0,0.7727975270479143,0,0.5652173913043524,0,-0.0782779343057883,20,-0.008532428030599183,5e-05,0.5,0
c_2644,UBUSDT,1779674400000,0,test,control,,0.6380404908578287,0,-2.6865118577075227,0,0.14561664190193263,0,-0.05408527136830619,2,-0.007052438755651455,5e-05,0.8885004781291876,0
c_2645,UBUSDT,1762279200000,0,test,control,,1.1361981063364894,0,-1.0115842714961587,0,0.02057613168724617,0,-0.011019147164542102,18,0.0018171516089146224,0.00041938,0.5,-1
c_2646,UBUSDT,1765353600000,0,test,control,,1.0401933478205738,1,0.6909697402906805,1,0.0,0,0.05425234434189183,8,-0.009042449237220307,0.00019596,0.5,1
c_2647,UBUSDT,1768647600000,0,test,control,,1.930200182637343,1,-4.491725768321503,0,0.7499999999999963,0,0.45204640492993026,11,0.014722446111558889,0.00028741,0.5,0
c_2648,UBUSDT,1773050400000,0,test,control,,1.2235172500500575,0,3.8977635782747564,0,0.14953271028037401,0,0.0045670163185195225,10,-0.03910355571432033,5e-05,0.5,0
c_2649,UBUSDT,1779786000000,0,test,control,,1.2204956851676059,1,3.0831234256926883,0,0.09783420463032146,0,0.11951847913391299,9,0.026247742382696317,5e-05,0.0,0
c_2650,UBUSDT,1762326000000,0,test,control,,0.7125466854415659,0,-0.9161624891961897,0,0.383177570093456,0,-0.028124153424172484,7,0.020159504706336755,0.00111304,0.5,-1
c_2651,UBUSDT,1764820800000,0,test,control,,0.7144145729748757,0,1.2786489746682814,1,0.8421052631578823,0,0.05905964971094913,4,-0.06600156169726895,5e-05,0.5,0
c_2652,UBUSDT,1769551200000,0,test,control,,0.36130189315711947,0,0.28153153153152005,0,0.3571428571428642,0,-0.09955428926771373,22,-0.00114620596581718,6.412e-05,0.5,1
c_2653,UBUSDT,1773057600000,0,test,control,,3.6704874055786245,2,5.342551854179761,0,0.8148148148148155,0,0.14523322821516846,12,-0.021794254741146792,5e-05,0.5,0
c_2654,UBUSDT,1779397200000,0,test,control,,0.47977242504682904,0,-3.137172333929898,0,0.1578947368421099,0,-0.04323604200990761,21,-0.011383117947635017,5e-05,0.0,0
c_2655,UBUSDT,1762279200000,0,test,control,,1.1361981063364894,0,-1.0115842714961587,0,0.02057613168724617,0,-0.011019147164542102,18,0.0018171516089146224,0.00041938,0.5,-1
c_2656,UBUSDT,1765231200000,0,test,control,,0.15118766113729842,0,-0.3323836657169855,0,0.3333333333333462,0,-0.15037182515982644,22,0.008442327684162174,0.00016165,0.5,1
c_2657,UBUSDT,1769760000000,0,test,control,,0.6825315130244961,1,0.6674082313681983,1,0.21428571428570367,0,0.17328375964971138,8,-0.012948979276079062,5e-05,0.5,-1
c_2658,UBUSDT,1773921600000,0,test,control,,0.4588581883124721,0,2.8880866425992853,1,0.39999999999998337,0,0.05387704947789139,12,-0.02928820681485487,5e-05,0.5,-1
c_2659,UBUSDT,1779814800000,0,test,control,,1.603601147115053,0,3.1384738794745752,0,0.6714285714285704,0,-0.06187631371584195,17,-0.02712589608934469,5e-05,0.8853516083615642,-1
c_2660,UBUSDT,1761980400000,0,test,control,,2.511637262702039,2,-8.817149419420696,0,0.41527446300716125,0,0.13826050823302546,7,0.01819268976918274,5e-05,0.5,0
c_2661,UBUSDT,1765418400000,0,test,control,,1.1277853728198117,0,-0.4828696252011999,0,0.3521126760563372,0,-0.05360241874807531,2,-0.024951188659736386,0.0001238,0.5,-1
c_2662,UBUSDT,1769756400000,0,test,control,,1.451433765205439,1,0.2502085070892405,1,0.12121212121211739,0,0.16085732106860579,7,-0.00815386162038529,0.00017964,0.5,-1
c_2663,UBUSDT,1772953200000,0,test,control,,0.8436083454245259,2,-1.780943900267131,0,0.4788732394366182,0,0.11902383087845211,7,-0.0014342460446783783,5e-05,0.5,0
c_2664,UBUSDT,1779814800000,0,test,control,,1.603601147115053,0,3.1384738794745752,0,0.6714285714285704,0,-0.06187631371584195,17,-0.02712589608934469,5e-05,0.8853516083615642,-1
c_2665,UBUSDT,1761958800000,0,test,control,,1.29169140471375,0,1.063964534515508,0,0.014354066985646997,0,-0.00232157525008467,1,0.011466975804522092,5e-05,0.5,0
c_2666,UBUSDT,1764723600000,0,test,control,,1.3490279710619029,0,-1.7165390860589294,0,0.031249999999998643,1,-1.1244457639907393,1,-0.014600634563769881,5e-05,0.5,1
c_2667,UBUSDT,1769673600000,0,test,control,,14.564755579306308,2,-0.7415858528237401,0,0.07482993197278848,1,0.6112001196062072,8,0.008739782851357718,5e-05,0.5,0
c_2668,UBUSDT,1773100800000,0,test,control,,0.5861016725975006,0,-0.8758210822646091,0,0.21052631578946598,0,-0.1639231322847656,0,-0.014865975528482577,5e-05,0.5,1
c_2669,UBUSDT,1779814800000,0,test,control,,1.603601147115053,0,3.1384738794745752,0,0.6714285714285704,0,-0.06187631371584195,17,-0.02712589608934469,5e-05,0.8853516083615642,-1
c_2670,UBUSDT,1761958800000,0,test,control,,1.29169140471375,0,1.063964534515508,0,0.014354066985646997,0,-0.00232157525008467,1,0.011466975804522092,5e-05,0.5,0
c_2671,UBUSDT,1764748800000,0,test,control,,1.1983158405374124,1,2.1790065604498596,0,0.11538461538461077,0,0.0745922955604698,8,-0.009124083231802003,5e-05,0.5,1
c_2672,UBUSDT,1769119200000,0,test,control,,0.268870157293745,0,0.39182759585782606,1,0.0,0,-0.28919644379592785,22,0.004805380679118152,0.00025111,0.5,-1
c_2673,UBUSDT,1772920800000,0,test,control,,0.3345186486742556,0,0.8469626168224258,0,0.16363636363636477,0,-0.0907808666033893,22,-0.004127236370893946,5e-05,0.5,-1
c_2674,UBUSDT,1779814800000,0,test,control,,1.603601147115053,0,3.1384738794745752,0,0.6714285714285704,0,-0.06187631371584195,17,-0.02712589608934469,5e-05,0.8853516083615642,-1
c_2675,UBUSDT,1761958800000,0,test,control,,1.29169140471375,0,1.063964534515508,0,0.014354066985646997,0,-0.00232157525008467,1,0.011466975804522092,5e-05,0.5,0
c_2676,UBUSDT,1765530000000,0,test,control,,1.5529039363852664,0,4.227761485826008,1,0.7548387096774208,0,0.16114290948469306,9,-0.07058453691843042,0.00011227,0.5,1
c_2677,UBUSDT,1768665600000,0,test,control,,0.8887236125865234,1,1.234567901234565,1,0.3199999999999867,0,0.042290851582475676,16,-0.012378708756939808,0.00015632,0.5,1
c_2678,UBUSDT,1773932400000,0,test,control,,1.5936194245727457,1,1.1527377521613809,0,0.11494252873563512,0,0.0647885712937922,15,-0.04120711964354892,5e-05,0.5,-1
c_2679,UBUSDT,1779354000000,0,test,control,,1.7063539096397722,2,-7.046678635547572,0,0.45644599303136124,0,0.1577871004662785,9,0.09593139164244739,5e-05,0.0,0
c_2680,UBUSDT,1762354800000,0,test,control,,0.5799510121686899,0,-1.0714913051115393,0,0.024390243902440812,0,-0.05202793875263036,15,-0.006540420065155751,0.0008015,0.5,-1
c_2681,UBUSDT,1765260000000,0,test,control,,0.6899008575345086,0,-0.3787878787878798,0,0.7142857142857284,0,-0.020897057161446516,6,-0.0013087599482279073,0.00014848,0.5,-1
c_2682,UBUSDT,1769234400000,0,test,control,,1.3858606227545638,0,2.533103051237763,1,0.15517241379310387,0,-0.20082538091052893,6,0.02303077107349895,5e-05,0.5,0
c_2683,UBUSDT,1773302400000,0,test,control,,0.4178334131618515,1,-0.1558603491271649,0,0.033333333333320225,0,0.015652895539038467,8,-0.023256244290391886,5e-05,0.5,0
c_2684,UBUSDT,1779814800000,0,test,control,,1.603601147115053,0,3.1384738794745752,0,0.6714285714285704,0,-0.06187631371584195,17,-0.02712589608934469,5e-05,0.8853516083615642,-1
d_537,WLDUSDT,1715616000000,1,train,standard,23.2727,1.0035231078700684,0,0.7681660899653902,1,0.40615224191866667,0,0.011295712803287629,16,0.032501462033943995,0.0001,0.5,1
d_538,WLDUSDT,1718586000000,1,train,standard,20.5561,1.4325737175317999,0,-0.19101091077474366,0,0.6305841924398629,0,-0.017079944370851287,1,-0.005642591707721596,0.0001,0.5,0
d_539,WLDUSDT,1720076400000,1,train,standard,24.9361,1.411259189554227,0,6.251685393258427,1,0.39635157545605126,0,0.08174666306926905,7,0.06276002708806594,0.0001,0.5,-1
d_540,WLDUSDT,1721235600000,1,train,standard,15.0006,1.7718380865065837,1,-0.9045126234179419,0,0.40127970749542824,0,0.033945109835880394,17,-0.000945635004303331,-0.00105357,0.5,0
d_541,WLDUSDT,1722772800000,1,train,standard,19.7168,0.9421401561262577,0,1.1372820690451477,0,0.2928176795580155,0,-0.016852000321238358,12,2.8987039824070696e-05,-0.00031262,0.5,-1
d_542,WLDUSDT,1727755200000,1,train,standard,15.4652,0.7683745123537061,0,4.77038476067131,0,0.11884057971014479,0,0.0035805324504124335,4,0.04920111437577995,0.0001,0.5,-1
d_543,WLDUSDT,1731391200000,1,train,standard,21.8913,0.9970970960884248,1,-2.70387821674519,0,0.5548011639185251,0,0.054292616873711126,6,-0.010815839345537447,0.00029732,0.5,1
d_544,WLDUSDT,1733767200000,1,train,standard,23.3017,0.6073072080142216,0,-2.3046411303164573,0,0.7359667359667341,0,0.0006787389880201323,18,-0.0007556277023933206,0.0001,0.5,-1
d_545,WLDUSDT,1734616800000,1,train,standard,18.2996,0.663972087820344,0,0.40377971111018784,1,0.552401746724895,0,-0.2434648168417259,14,0.020217059198095553,-0.00013106,0.5,-1
d_546,WLDUSDT,1736254800000,1,train,standard,16.3557,1.1281649999738554,0,-0.8379037172455743,0,0.16939890710381877,0,0.0313543210886884,13,-0.006702330100041732,0.0001,0.5,1
d_547,WLDUSDT,1737248400000,1,train,standard,17.4653,0.7210134660912975,0,2.7880687755295894,0,0.23846153846153978,0,-0.08054513596078024,1,-0.007809043384725952,0.0001,0.5,0
d_548,WLDUSDT,1738486800000,1,train,standard,32.2569,0.9542281090784198,0,3.3592895295707588,1,0.3785046728971946,0,-0.0026905794664262074,9,0.0018559233495291686,6.649e-05,0.5,-1
d_549,WLDUSDT,1741017600000,1,train,standard,21.0508,1.8927053254882693,1,-3.566369469210895,0,0.6876790830945578,1,0.004062445112419228,16,0.013185619503652376,0.0001,0.5,1
d_550,WLDUSDT,1741604400000,1,train,standard,15.7919,0.7471450616695361,1,0.6809222315135633,1,0.5443037974683564,0,0.002986184783967045,11,-0.00949782468315844,-6.8e-07,0.5,-1
d_551,WLDUSDT,1743933600000,1,train,standard,20.348,0.762019938128344,0,-0.20352781546810664,0,0.4186046511627733,0,0.010565549195045758,10,0.006341701360534194,1.23e-05,0.5,0
d_552,WLDUSDT,1753246800000,1,train,standard,17.3981,0.3355151329580023,0,1.4302920806985777,1,0.14356435643564977,0,-0.03194877062746115,5,0.02016747460309791,0.0001,0.5,1
d_553,WLDUSDT,1760097600000,1,train,standard,38.6696,1.2627432240094125,0,3.802436830484911,1,0.12429378531073297,0,-0.0381751906688435,12,-0.016985521812242763,0.0001,0.5,0
d_554,WLDUSDT,1763640000000,1,test,standard,16.9339,1.4288807462776667,1,1.7763541059988335,0,0.2086330935251805,0,0.128934515009499,12,-0.005413079962066541,0.0001,0.5,0
d_555,WLDUSDT,1769637600000,1,test,standard,25.0951,94.99581490658689,1,18.844984802431608,0,0.1668169522091972,0,2.062393613525412,22,0.409415386829714,0.0001,0.5,0
d_556,WLDUSDT,1769806800000,1,test,standard,19.2557,1.07445724556431,0,0.8734554750745617,0,0.12048192771084305,0,0.06572260530840751,21,0.001211655394204649,-0.0001541,0.5,0
d_557,WLDUSDT,1770249600000,1,test,standard,16.5445,1.960633996053325,0,-1.1391177896267661,0,0.428571428571431,0,-0.0032530966623282916,0,0.002896998508778582,-0.00014776,0.5,-1
d_558,WLDUSDT,1774576800000,1,test,standard,15.8273,0.6404219123317922,0,0.0,0,0.645161290322583,0,-0.1634306211621334,2,0.0058781041713795055,-0.00033521,0.5,-1
d_559,WLDUSDT,1715616000000,1,train,fast,10.5911,1.0035231078700684,0,0.7681660899653902,1,0.40615224191866667,0,0.011295712803287629,16,0.032501462033943995,0.0001,0.5,1
d_560,WLDUSDT,1738540800000,1,train,fast,13.2323,3.3286845588124567,2,-2.0767335445265807,0,0.11086956521739107,0,0.11319357081231547,0,0.013044884029779068,-4.273e-05,0.5,-1
d_561,WLDUSDT,1760126400000,1,train,fast,24.9025,2.7007882245260317,2,-4.646481590203799,0,0.08274231678487136,1,0.11286841773092218,20,-0.01998650859791242,0.0001,0.5,-1
c_2685,WLDUSDT,1714608000000,0,train,control,,0.6687388062217989,0,2.591211071136909,1,0.1506352087114363,0,-0.05399691677605182,0,-0.007247137862093759,0.0001,0.5,0
c_2686,WLDUSDT,1726700400000,0,train,control,,0.5060830644990757,1,-0.27050207824767386,0,0.7014925373134294,0,0.08320466650170179,23,0.022167752825311155,0.0001,0.5,0
c_2687,WLDUSDT,1740535200000,0,train,control,,0.4592411528752728,0,-1.4424385376031956,0,0.37599999999999545,0,-0.12587317831266728,2,-0.00275221761178524,6.335e-05,0.5,-1
c_2688,WLDUSDT,1749301200000,0,train,control,,0.9715435464055503,0,0.5343783398646247,0,0.7293233082706749,0,0.030378602415596614,13,0.007368538333857898,5.447e-05,0.5,1
c_2689,WLDUSDT,1761868800000,0,train,control,,1.3029860537480882,0,3.601144045761838,0,0.19999999999999646,0,-0.1494638361632428,0,0.005829752411197745,-0.00041725,0.5,-1
c_2690,WLDUSDT,1716112800000,0,train,control,,0.971736470582014,0,-1.1459175424413943,0,0.22675736961450635,0,0.06182495712759528,10,0.005565009760709666,0.0001,0.5,0
c_2691,WLDUSDT,1725454800000,0,train,control,,1.0203641368065723,0,-1.0582777616700454,0,0.47422680412371426,0,-0.1631942955377436,13,0.0248956613702187,-0.00029136,0.5,-1
c_2692,WLDUSDT,1739005200000,0,train,control,,0.7923446168142018,0,0.1906340654786731,0,0.14814814814815194,0,-0.07313755360545517,9,-0.002632834020429381,6.207e-05,0.5,-1
c_2693,WLDUSDT,1752451200000,0,train,control,,0.8494439418208649,0,-1.913696060037521,0,0.34426229508196604,0,-0.04972650543394662,0,-0.011866563106651837,0.0001,0.5,1
c_2694,WLDUSDT,1761868800000,0,train,control,,1.3029860537480882,0,3.601144045761838,0,0.19999999999999646,0,-0.1494638361632428,0,0.005829752411197745,-0.00041725,0.5,-1
c_2695,WLDUSDT,1714608000000,0,train,control,,0.6687388062217989,0,2.591211071136909,1,0.1506352087114363,0,-0.05399691677605182,0,-0.007247137862093759,0.0001,0.5,0
c_2696,WLDUSDT,1726819200000,0,train,control,,0.9466089710381137,0,1.311695442620955,1,0.061583577712609666,0,0.06559354859425155,8,0.012431447469485876,0.0001,0.5,1
c_2697,WLDUSDT,1740564000000,0,train,control,,0.6452557238833385,0,1.586130579122084,0,0.080924855491334,0,0.011335793764029439,10,0.00838278231586072,6.737e-05,0.5,0
c_2698,WLDUSDT,1749970800000,0,train,control,,1.0494560560208803,0,-0.24547407180117303,0,0.09923664122137159,1,-0.01068622789399696,7,0.0052523044568931745,0.0001,0.5,0
c_2699,WLDUSDT,1761868800000,0,train,control,,1.3029860537480882,0,3.601144045761838,0,0.19999999999999646,0,-0.1494638361632428,0,0.005829752411197745,-0.00041725,0.5,-1
c_2700,WLDUSDT,1714608000000,0,train,control,,0.6687388062217989,0,2.591211071136909,1,0.1506352087114363,0,-0.05399691677605182,0,-0.007247137862093759,0.0001,0.5,0
c_2701,WLDUSDT,1726059600000,0,train,control,,2.20763794003911,1,0.3698961445440385,1,0.4639498432601851,0,-0.003769281160390292,13,0.02402137542803583,3.736e-05,0.5,0
c_2702,WLDUSDT,1739343600000,0,train,control,,0.5330433800271125,0,-0.3753876285294546,0,0.10204081632653038,0,-0.08686002574421661,7,2.5258391663338537e-07,8.44e-06,0.5,-1
c_2703,WLDUSDT,1749362400000,0,train,control,,0.9250242249651089,0,-1.743306946544522,0,0.05405405405406757,1,-0.042734101981059903,6,-0.006187689489273918,-2.263e-05,0.5,0
c_2704,WLDUSDT,1761868800000,0,train,control,,1.3029860537480882,0,3.601144045761838,0,0.19999999999999646,0,-0.1494638361632428,0,0.005829752411197745,-0.00041725,0.5,-1
c_2705,WLDUSDT,1716159600000,0,train,control,,0.6264953565593585,0,-0.4583183728641741,0,0.37869822485206245,0,-0.09466834214164561,23,-0.0399220637027219,4.136e-05,0.5,0
c_2706,WLDUSDT,1725267600000,0,train,control,,1.476596063335872,0,1.9805519805519687,1,0.22902494331065856,0,-0.026877048827730517,9,0.01107106926767866,-0.00014085,0.5,0
c_2707,WLDUSDT,1740452400000,0,train,control,,1.3048659014204298,1,1.134833621850359,0,0.28421052631578714,0,0.07861396658084029,3,-0.019691907326376004,-0.00013141,0.5,-1
c_2708,WLDUSDT,1751378400000,0,train,control,,1.6633027752424199,0,-0.6507592190889415,0,0.31952662721893865,0,0.006472638200816819,14,0.009121149347357648,-1.273e-05,0.5,0
c_2709,WLDUSDT,1761868800000,0,train,control,,1.3029860537480882,0,3.601144045761838,0,0.19999999999999646,0,-0.1494638361632428,0,0.005829752411197745,-0.00041725,0.5,-1
c_2710,WLDUSDT,1716631200000,0,train,control,,1.534301269404143,1,1.804151257989365,0,0.08950617283950321,0,0.14375489080805726,10,0.0031648593103766514,0.0001,0.5,1
c_2711,WLDUSDT,1724932800000,0,train,control,,1.383226832350759,0,0.058673968316050644,0,0.6098191214470308,0,0.007997542975142335,12,-0.007815066070483528,-0.0003182,0.5,0
c_2712,WLDUSDT,1741363200000,0,train,control,,1.671849865242459,0,-0.2592285358772354,0,0.31004366812227163,0,0.1309468754280692,16,-0.00944493930387308,7.87e-05,0.5,-1
c_2713,WLDUSDT,1751025600000,0,train,control,,0.4256501849689922,0,0.4769105501919266,0,0.21052631578946857,0,-0.004314263733479402,12,0.009805598243191114,-8.503e-05,0.5,0
c_2714,WLDUSDT,1761318000000,0,train,control,,1.7719254844455175,1,0.2175157412707386,1,0.0,0,0.06423390189427851,15,-0.01407072288519341,0.0001,0.5,0
c_2715,WLDUSDT,1716249600000,0,train,control,,1.5340815047723269,1,1.3885554221688656,1,0.29101019462464955,0,0.0527647052918121,0,0.02112277497766511,0.0001,0.5,1
c_2716,WLDUSDT,1728284400000,0,train,control,,1.0689747958325821,0,1.941064065171487,0,0.6655172413793079,0,0.02635635410832722,7,0.0582797254087833,0.0001,0.5,1
c_2717,WLDUSDT,1739923200000,0,train,control,,0.5040953323337117,0,3.1091370558375635,1,0.020725388601034123,0,-0.09568276262343478,0,-0.01118384003532297,1.436e-05,0.5,0
c_2718,WLDUSDT,1750255200000,0,train,control,,3.3851996724094904,2,-1.429996674426341,0,0.03478260869565314,0,0.16300533342441254,14,-0.011602524747227956,5.653e-05,0.5,0
c_2719,WLDUSDT,1761868800000,0,train,control,,1.3029860537480882,0,3.601144045761838,0,0.19999999999999646,0,-0.1494638361632428,0,0.005829752411197745,-0.00041725,0.5,-1
c_2720,WLDUSDT,1714608000000,0,train,control,,0.6687388062217989,0,2.591211071136909,1,0.1506352087114363,0,-0.05399691677605182,0,-0.007247137862093759,0.0001,0.5,0
c_2721,WLDUSDT,1726981200000,0,train,control,,1.0577840623884165,2,-1.903135293400018,0,0.4311377245508922,0,0.10110127712155834,5,-0.03723375614717184,0.0001,0.5,0
c_2722,WLDUSDT,1739131200000,0,train,control,,0.8062822833428988,0,-1.8945834345397201,0,0.17032967032966384,0,-0.04008441156213534,20,0.005548460034904451,6.884e-05,0.5,0
c_2723,WLDUSDT,1749866400000,0,train,control,,0.6026453859767785,0,-0.3936213161081969,0,0.018348623853208953,1,-0.09502365445900193,2,0.01696693812244069,-5.63e-06,0.5,1
c_2724,WLDUSDT,1761868800000,0,train,control,,1.3029860537480882,0,3.601144045761838,0,0.19999999999999646,0,-0.1494638361632428,0,0.005829752411197745,-0.00041725,0.5,-1
c_2725,WLDUSDT,1714608000000,0,train,control,,0.6687388062217989,0,2.591211071136909,1,0.1506352087114363,0,-0.05399691677605182,0,-0.007247137862093759,0.0001,0.5,0
c_2726,WLDUSDT,1728252000000,0,train,control,,0.5408785075377149,0,-1.8344404701073094,0,0.2883211678832114,0,-0.049057339984820245,22,-0.05963603446992935,-7.23e-06,0.5,0
c_2727,WLDUSDT,1740704400000,0,train,control,,0.6534293701956481,0,-0.1140050863807839,0,0.17948717948718182,0,-0.0875606875389129,1,-0.02790324440490151,-7.567e-05,0.5,0
c_2728,WLDUSDT,1749686400000,0,train,control,,0.7418170429846496,0,-1.8503902481803138,0,0.17177914110430068,0,-0.05020063097057227,0,5.1931721468275463e-05,9.243e-05,0.5,-1
c_2729,WLDUSDT,1761868800000,0,train,control,,1.3029860537480882,0,3.601144045761838,0,0.19999999999999646,0,-0.1494638361632428,0,0.005829752411197745,-0.00041725,0.5,-1
c_2730,WLDUSDT,1714608000000,0,train,control,,0.6687388062217989,0,2.591211071136909,1,0.1506352087114363,0,-0.05399691677605182,0,-0.007247137862093759,0.0001,0.5,0
c_2731,WLDUSDT,1727560800000,0,train,control,,1.2679527557814474,0,-2.3363800772276293,0,0.07021791767554224,1,-0.03555744858509275,22,-0.043069468953141544,0.0001,0.5,0
c_2732,WLDUSDT,1741852800000,0,train,control,,1.22098884819011,0,0.1333818358190845,0,0.5728155339805855,0,0.023544291371013402,8,0.011160409252120095,0.0001,0.5,0
c_2733,WLDUSDT,1749484800000,0,train,control,,1.6018323923482374,2,-2.7719112988384444,0,0.6919191919191928,0,0.09146302322295566,16,-0.021100682798602187,9.999e-05,0.5,1
c_2734,WLDUSDT,1759485600000,0,train,control,,1.3802876134201847,1,0.34366828539409316,0,0.0495495495495541,0,0.07073093520082442,10,-0.003988504692624364,0.0001,0.5,1
c_2735,WLDUSDT,1714608000000,0,train,control,,0.6687388062217989,0,2.591211071136909,1,0.1506352087114363,0,-0.05399691677605182,0,-0.007247137862093759,0.0001,0.5,0
c_2736,WLDUSDT,1726858800000,0,train,control,,0.781122370875229,0,-0.9908911866075827,0,0.0876494023904378,0,0.0046875178761185835,19,0.04709359398187778,0.0001,0.5,-1
c_2737,WLDUSDT,1739397600000,0,train,control,,0.9393058236754485,1,1.015756218507553,0,0.43010752688172366,0,-0.02704276465616124,22,0.019242754271922843,-4.458e-05,0.5,1
c_2738,WLDUSDT,1752472800000,0,train,control,,2.6849936293137993,1,3.214252050146104,1,0.1951754385964898,0,0.12635452621987434,6,-0.008824680918832392,0.0001,0.5,1
c_2739,WLDUSDT,1761465600000,0,train,control,,0.6334960629632228,0,1.80374361883154,1,0.10810810810809514,0,-0.0743243744766428,8,-0.004945601942800604,0.0001,0.5,0
c_2740,WLDUSDT,1714770000000,0,train,control,,0.9779075160737513,1,3.484543077813477,1,0.2693661971831022,0,0.005675992673533743,21,-0.012146266540006657,0.0001,0.5,1
c_2741,WLDUSDT,1725127200000,0,train,control,,2.0714114905448935,1,-0.8713136729222453,0,0.1693548387096756,0,0.06674168919928651,18,0.03052968019054535,5.936e-05,0.5,0
c_2742,WLDUSDT,1742144400000,0,train,control,,2.4245757120545117,1,1.8832391713747663,0,0.3908045977011485,0,0.018488764866643873,17,-0.019138874727410934,1.15e-06,0.5,0
c_2743,WLDUSDT,1750899600000,0,train,control,,1.181510581405857,0,-1.326940231935774,0,0.4659090909090885,0,-0.09667649256064768,1,-0.0036640873551947845,3.976e-05,0.5,0
c_2744,WLDUSDT,1761868800000,0,train,control,,1.3029860537480882,0,3.601144045761838,0,0.19999999999999646,0,-0.1494638361632428,0,0.005829752411197745,-0.00041725,0.5,-1
c_2745,WLDUSDT,1714608000000,0,train,control,,0.6687388062217989,0,2.591211071136909,1,0.1506352087114363,0,-0.05399691677605182,0,-0.007247137862093759,0.0001,0.5,0
c_2746,WLDUSDT,1728788400000,0,train,control,,0.6856933867971091,0,-2.2449573312645468,0,0.4823943661971694,1,0.061876116715020156,3,0.01142225016601618,0.0001,0.5,0
c_2747,WLDUSDT,1739307600000,0,train,control,,0.8902470514114711,0,-2.6139674041413983,0,0.41176470588235164,0,0.020876287113418577,21,-0.017559246496907478,-6.145e-05,0.5,-1
c_2748,WLDUSDT,1751644800000,0,train,control,,1.6500489033442205,1,-2.823660714285713,0,0.12295081967212682,1,0.04812759311922898,16,-0.013542932235636655,0.0001,0.5,-1
c_2749,WLDUSDT,1761868800000,0,train,control,,1.3029860537480882,0,3.601144045761838,0,0.19999999999999646,0,-0.1494638361632428,0,0.005829752411197745,-0.00041725,0.5,-1
c_2750,WLDUSDT,1716602400000,0,train,control,,0.40084206356428964,0,0.4173677424993968,0,0.573248407643324,0,-0.22323439363565176,2,-0.0003546208581485116,0.0001,0.5,1
c_2751,WLDUSDT,1727056800000,0,train,control,,1.84617112672064,2,4.2468523713223405,0,0.23376623376623012,0,0.054906523340827684,2,0.0007194862693695638,-1.7e-05,0.5,1
c_2752,WLDUSDT,1739268000000,0,train,control,,0.8752308157342219,0,-1.1124473842453342,0,0.13522012578616333,0,-0.005996818213302809,10,-0.002166588273418632,-0.00012865,0.5,0
c_2753,WLDUSDT,1751166000000,0,train,control,,0.8020573953414496,0,-0.9777777777777811,0,0.10144927536232351,0,-0.009280379394103623,3,0.008665715183133646,0.0001,0.5,0
c_2754,WLDUSDT,1761609600000,0,train,control,,0.8066801444930936,0,-1.6541517031233104,0,0.21428571428571266,0,-0.07297030731942991,0,-0.04499241299548737,3.838e-05,0.5,0
c_2755,WLDUSDT,1714608000000,0,train,control,,0.6687388062217989,0,2.591211071136909,1,0.1506352087114363,0,-0.05399691677605182,0,-0.007247137862093759,0.0001,0.5,0
c_2756,WLDUSDT,1728540000000,0,train,control,,0.9375460792151488,0,1.2682308180088788,1,0.1424657534246602,0,-0.10515351643577109,6,0.03903480468763816,0.0001,0.5,-1
c_2757,WLDUSDT,1742576400000,0,train,control,,1.3166151591984085,0,1.0810154257257403,1,0.009708737864076519,0,-0.0007561062229609874,17,0.000625854645270356,-9.619e-05,0.5,0
c_2758,WLDUSDT,1750222800000,0,train,control,,0.8226697699603134,0,1.0129615510292969,0,0.33064516129032284,0,-0.17851016270400863,5,0.004015655404042456,0.0001,0.5,-1
c_2759,WLDUSDT,1761868800000,0,train,control,,1.3029860537480882,0,3.601144045761838,0,0.19999999999999646,0,-0.1494638361632428,0,0.005829752411197745,-0.00041725,0.5,-1
c_2760,WLDUSDT,1714608000000,0,train,control,,0.6687388062217989,0,2.591211071136909,1,0.1506352087114363,0,-0.05399691677605182,0,-0.007247137862093759,0.0001,0.5,0
c_2761,WLDUSDT,1728622800000,0,train,control,,0.7955349926706381,0,1.0454813939751948,0,0.6898395721925109,0,-0.09514627655591204,5,-0.013578530895567221,0.0001,0.5,0
c_2762,WLDUSDT,1737723600000,0,train,control,,0.5136209395172684,0,-1.0820441508778091,0,0.19590643274853714,0,-0.07019683453311897,13,0.0007105336195716763,0.0001,0.5,1
c_2763,WLDUSDT,1749754800000,0,train,control,,0.9664194122368582,1,-2.6392428103385432,0,0.08300395256917,0,0.019869281379447566,19,-0.002507013185869428,-0.00024323,0.5,-1
c_2764,WLDUSDT,1761483600000,0,train,control,,3.8426664256212715,3,3.2732500276456884,0,0.5106382978723422,0,0.2291375210228764,13,0.02379582375926598,0.0001,0.5,1
c_2765,WLDUSDT,1716314400000,0,train,control,,0.8521907138800352,0,-1.3151714419915568,0,0.28744939271254655,0,0.045866613874244684,18,0.009685372949321052,0.0001,0.5,1
c_2766,WLDUSDT,1725512400000,0,train,control,,0.5748747287140027,0,-1.1683558558558678,0,0.08247422680412667,0,-0.02147637044817576,5,-0.005160588917511677,8.533e-05,0.5,0
c_2767,WLDUSDT,1739782800000,0,train,control,,1.7156805467927154,1,0.21369277554040916,0,0.23129251700680092,0,0.04622348492901921,9,-0.003872974565123412,-1.75e-05,0.5,-1
c_2768,WLDUSDT,1751594400000,0,train,control,,0.6780511669609282,0,-0.9166578864187168,0,0.5846153846153845,0,-0.16625411413238925,2,0.0032996657890609687,0.0001,0.5,0
c_2769,WLDUSDT,1761868800000,0,train,control,,1.3029860537480882,0,3.601144045761838,0,0.19999999999999646,0,-0.1494638361632428,0,0.005829752411197745,-0.00041725,0.5,-1
c_2770,WLDUSDT,1761958800000,0,test,control,,0.5639358632911565,0,-0.05005631335252996,0,0.12162162162162385,0,-0.10926954469534837,1,-0.007121493690811491,-8.602e-05,0.5,0
c_2771,WLDUSDT,1766138400000,0,test,control,,0.3118654305958496,0,1.3673838729137286,1,0.19047619047622322,0,-0.0062201156185158896,10,0.04336735811282791,-0.0001311,0.5,0
c_2772,WLDUSDT,1771020000000,0,test,control,,0.6919210764576605,0,0.6840638459589512,1,0.4166666666666744,0,-0.020172627780361822,22,-0.007472086610593199,-4.611e-05,0.5,1
c_2773,WLDUSDT,1775030400000,0,test,control,,0.911723131683883,0,0.35855145213338147,0,0.3589743589743608,0,0.03167144476752131,8,-0.0033470458601453554,2.367e-05,0.5,1
c_2774,WLDUSDT,1779350400000,0,test,control,,1.2185572853258204,0,1.8860510805500867,1,0.047619047619055804,0,0.056026584480919496,8,-0.005463009373791895,-1.459e-05,1.0,0
c_2775,WLDUSDT,1761958800000,0,test,control,,0.5639358632911565,0,-0.05005631335252996,0,0.12162162162162385,0,-0.10926954469534837,1,-0.007121493690811491,-8.602e-05,0.5,0
c_2776,WLDUSDT,1766973600000,0,test,control,,2.2812575633135164,2,1.99441563621859,1,0.18478260869565624,0,0.007025431752593131,2,0.013236158499519488,6.599e-05,0.5,0
c_2777,WLDUSDT,1772038800000,0,test,control,,2.6530476318774068,1,3.4895314057826554,0,0.6056338028169016,0,0.09186350467353548,17,-0.007494842700480796,9.93e-06,0.5,1
c_2778,WLDUSDT,1776283200000,0,test,control,,1.678190753620866,0,1.957475531555846,1,0.43333333333334073,0,0.06332774048690727,20,-0.009388866974619783,3.222e-05,0.8479530396609577,1
c_2779,WLDUSDT,1779814800000,0,test,control,,1.44343271383027,1,2.0779887121600815,0,0.16417910447761083,0,0.060153961843574424,17,-0.03330636630559911,9.939e-05,0.4093072483536627,-1
c_2780,WLDUSDT,1762088400000,0,test,control,,0.5642950391644909,0,-0.8307980341680312,0,0.05319148936169647,0,0.018671544302543596,13,-0.0026378750596680683,-0.00027783,0.5,0
c_2781,WLDUSDT,1765872000000,0,test,control,,2.7466208901505054,2,-3.083535787703246,0,0.03289473684210166,1,0.097722665523411,8,0.0005235332858729596,-0.00013969,0.5,-1
c_2782,WLDUSDT,1772128800000,0,test,control,,0.9907412605636995,2,-2.9717682020802405,0,0.5333333333333358,0,0.1373419985957807,18,-0.01757445210968762,3.647e-05,0.5,-1
c_2783,WLDUSDT,1775988000000,0,test,control,,0.5240352958709503,0,1.4265831593597746,1,0.2368421052631629,0,-0.11550797861556587,10,0.022856602519590232,5.31e-05,0.5,-1
c_2784,WLDUSDT,1779814800000,0,test,control,,1.44343271383027,1,2.0779887121600815,0,0.16417910447761083,0,0.060153961843574424,17,-0.03330636630559911,9.939e-05,0.4093072483536627,-1
c_2785,WLDUSDT,1762005600000,0,test,control,,2.0457494984086093,3,1.4921893215201718,1,0.2823529411764719,0,0.09441001850094854,14,0.007599933667841934,-0.00017462,0.5,0
c_2786,WLDUSDT,1766736000000,0,test,control,,1.371297350687244,0,-0.2621496269409202,0,0.22826086956522743,0,-0.02677426595639927,8,-0.014741505215033,-5.817e-05,0.5,0
c_2787,WLDUSDT,1771718400000,0,test,control,,0.7775013020988766,0,-0.5138746145940396,0,0.27999999999999114,0,-0.10363987439716618,0,-0.0038825887015432646,-1.43e-05,0.5,0
c_2788,WLDUSDT,1776106800000,0,test,control,,0.49971577082658986,1,-1.6837240013205654,0,0.04545454545454087,0,0.08821516537418013,19,-0.0440389722680645,3.801e-05,0.5,1
c_2789,WLDUSDT,1779814800000,0,test,control,,1.44343271383027,1,2.0779887121600815,0,0.16417910447761083,0,0.060153961843574424,17,-0.03330636630559911,9.939e-05,0.4093072483536627,-1
c_2790,WLDUSDT,1761958800000,0,test,control,,0.5639358632911565,0,-0.05005631335252996,0,0.12162162162162385,0,-0.10926954469534837,1,-0.007121493690811491,-8.602e-05,0.5,0
c_2791,WLDUSDT,1765803600000,0,test,control,,0.7621203152756164,0,0.38101835815725316,1,0.11904761904763289,0,-0.0754490857828063,13,-0.011131992239962883,-8.1e-05,0.5,0
c_2792,WLDUSDT,1770775200000,0,test,control,,0.5387215889166856,0,0.7940709370037062,0,0.2580645161290224,0,-0.21061038498963855,2,-0.005001685972092481,1.537e-05,0.5,-1
c_2793,WLDUSDT,1775480400000,0,test,control,,0.7210446304054938,0,2.457695406929904,1,0.07407407407406646,0,0.004748972577012465,13,0.005706472967153435,-9.641e-05,0.5,1
c_2794,WLDUSDT,1779814800000,0,test,control,,1.44343271383027,1,2.0779887121600815,0,0.16417910447761083,0,0.060153961843574424,17,-0.03330636630559911,9.939e-05,0.4093072483536627,-1
c_2795,WLDUSDT,1716354000000,0,train,control,,1.3934313293504803,0,-0.8709734757964223,0,0.2771804062126645,0,0.005201931480085936,5,-0.05811325489709213,0.0001,0.5,-1
c_2796,WLDUSDT,1725753600000,0,train,control,,0.9389411635780208,0,-0.612681774562632,0,0.023809523809521293,0,-0.03507986651173651,0,-0.034707025941180684,9.301e-05,0.5,0
c_2797,WLDUSDT,1739268000000,0,train,control,,0.8752308157342219,0,-1.1124473842453342,0,0.13522012578616333,0,-0.005996818213302809,10,-0.002166588273418632,-0.00012865,0.5,0
c_2798,WLDUSDT,1751227200000,0,train,control,,0.878298278592165,0,1.6439590136245859,1,0.1935483870967892,0,-0.020742911891258306,20,-0.006226987143565984,0.0001,0.5,0
c_2799,WLDUSDT,1761213600000,0,train,control,,0.49259171460085216,0,1.8617336653622596,1,0.28070175438597106,0,-0.09708790780468282,10,0.005945916168120036,-0.00027648,0.5,1
c_2800,WLDUSDT,1714608000000,0,train,control,,0.6687388062217989,0,2.591211071136909,1,0.1506352087114363,0,-0.05399691677605182,0,-0.007247137862093759,0.0001,0.5,0
c_2801,WLDUSDT,1728964800000,0,train,control,,0.6651394528827287,0,-1.5977482511693442,0,0.030150753768840858,0,-0.01643857034913645,4,-0.016767289022572632,0.0001,0.5,1
c_2802,WLDUSDT,1738047600000,0,train,control,,0.6478433997837411,0,-0.8112521729968961,0,0.06467661691542678,0,-0.06231375567325642,7,0.003135126866980289,0.0001,0.5,1
c_2803,WLDUSDT,1752076800000,0,train,control,,1.0853222719811322,2,-0.19461934745278014,0,0.523255813953486,0,-0.06062430142089437,16,0.011407114807386294,0.0001,0.5,0
c_2804,WLDUSDT,1761868800000,0,train,control,,1.3029860537480882,0,3.601144045761838,0,0.19999999999999646,0,-0.1494638361632428,0,0.005829752411197745,-0.00041725,0.5,-1
c_2805,WLDUSDT,1716951600000,0,train,control,,0.9188634858167082,0,1.1056694967813558,1,0.2955145118733532,0,-0.02491889297161404,3,-0.024045245118274335,0.00040383,0.5,0
c_2806,WLDUSDT,1724839200000,0,train,control,,1.7738639136653411,0,4.190501529865634,0,0.01765650080256633,0,-0.08845624769601475,10,-0.02284599411860767,-0.00019085,0.5,-1
c_2807,WLDUSDT,1739052000000,0,train,control,,0.7235829576631071,0,-0.6227544910179664,0,0.2391304347826017,0,-0.007869668713865739,22,-0.010330138194661392,3.917e-05,0.5,0
c_2808,WLDUSDT,1752984000000,0,train,control,,1.0677419444121306,0,0.9997391984699507,0,0.46586345381526467,0,-0.040618147515944815,4,0.00999253976076797,0.0001,0.5,0
c_2809,WLDUSDT,1761868800000,0,train,control,,1.3029860537480882,0,3.601144045761838,0,0.19999999999999646,0,-0.1494638361632428,0,0.005829752411197745,-0.00041725,0.5,-1
d_562,XRPUSDT,1722772800000,1,train,standard,19.7229,1.488398219850578,0,-0.7668431623151327,0,0.13953488372092693,0,0.03715395982298323,12,0.0432450595710585,3.565e-05,0.5,-1
d_563,XRPUSDT,1731765600000,1,train,standard,15.7807,2.973039353584559,3,6.111005512260029,1,0.22483660130718797,0,0.156721335302455,14,0.011120491393086624,0.0001,0.5,0
d_564,XRPUSDT,1732374000000,1,train,standard,15.8541,1.0173375239822546,0,1.8475149622690739,0,0.369627507163322,0,-0.06277955862086286,15,-0.0015387785237197375,0.00019987,0.5,1
d_565,XRPUSDT,1738458000000,1,train,standard,28.5734,2.0127185563163685,2,0.1402716480208086,0,0.14785373608903168,0,0.12904474906695815,1,-0.01233088186083956,2.966e-05,0.5,-1
d_566,XRPUSDT,1740956400000,1,train,standard,21.0455,1.4654957588862303,2,4.182931633420478,1,0.2839506172839518,0,-0.030912989191023033,23,-0.0043932593943231315,8.254e-05,0.5,1
d_567,XRPUSDT,1743919200000,1,train,standard,21.5569,0.7803619927342977,0,-0.7552447552447549,0,0.2635658914728709,0,-0.0060066018773507306,6,0.005529040891752228,0.0001,0.5,0
d_568,XRPUSDT,1760072400000,1,train,standard,17.6512,0.5556177969694762,0,0.10319550209949124,1,0.6168831168831178,0,-0.06695113400381213,5,-0.005369898936179541,1.637e-05,0.5,0
d_569,XRPUSDT,1770238800000,1,test,standard,23.4127,0.9756536621192291,2,0.3397804495556778,0,0.07981220657276163,0,0.10348131365148003,21,0.007593395773952047,-2.569e-05,0.5,-1
d_570,XRPUSDT,1733227200000,1,train,fast,10.3086,2.4503397105592897,1,8.663724221900921,0,0.07904230895375465,0,0.07209704361812222,12,-0.02396387916796215,0.0001094,0.5,0
d_571,XRPUSDT,1738540800000,1,train,fast,12.3971,2.0459658685694038,2,-3.329334133173365,0,0.026572187776794577,0,0.08128523673265593,0,-0.01302353567288082,8.379e-05,0.5,-1
c_2810,XRPUSDT,1714827600000,0,train,control,,1.6947220781136612,1,1.8147448015122765,1,0.03703703703703323,0,0.09165459224784253,13,0.008821666103727695,1.211e-05,0.5,1
c_2811,XRPUSDT,1727935200000,0,train,control,,0.8637749748966048,0,0.11244377811095295,1,0.23943661971831492,0,-0.11869988183830792,6,0.002476592717031485,8.621e-05,0.5,0
c_2812,XRPUSDT,1738879200000,0,train,control,,1.3354240837915716,0,0.7750602824664052,0,0.04040404040404484,0,0.01735875288504908,22,-0.004256977343482229,0.0001,0.5,0
c_2813,XRPUSDT,1749862800000,0,train,control,,0.8464731900007031,0,-0.08409250175191786,0,0.1896551724138096,0,-0.09317094841961819,1,0.005436576140465888,5.924e-05,0.5,1
c_2814,XRPUSDT,1761868800000,0,train,control,,0.6906560169486899,0,2.2481335458434826,1,0.16402116402115843,0,-0.09629125348343837,0,0.012254392948178903,-6.577e-05,0.5,-1
c_2815,XRPUSDT,1714608000000,0,train,control,,0.46774991469392885,0,1.332027424094031,1,0.2826086956521708,0,0.012454159435621137,0,0.029121239721600637,0.0001,0.5,0
c_2816,XRPUSDT,1728216000000,0,train,control,,0.7642545465048539,0,-0.11299435028249434,0,0.41176470588236447,0,-0.008953187761619415,12,0.019546292625098466,0.0001,0.5,0
c_2817,XRPUSDT,1737514800000,0,train,control,,0.4047390357616032,0,0.6435534243982451,0,0.155737704918034,0,-0.14429499906260487,3,7.652983413521305e-05,0.0001,0.5,1
c_2818,XRPUSDT,1751277600000,0,train,control,,1.046128513535797,0,-0.835273175407366,0,0.5937500000000075,0,-0.10947624498478335,10,-0.005025664350843617,8.025e-05,0.5,0
c_2819,XRPUSDT,1761868800000,0,train,control,,0.6906560169486899,0,2.2481335458434826,1,0.16402116402115843,0,-0.09629125348343837,0,0.012254392948178903,-6.577e-05,0.5,-1
c_2820,XRPUSDT,1714608000000,0,train,control,,0.46774991469392885,0,1.332027424094031,1,0.2826086956521708,0,0.012454159435621137,0,0.029121239721600637,0.0001,0.5,0
c_2821,XRPUSDT,1728043200000,0,train,control,,0.6207725380182216,0,0.22913881993507326,0,0.1714285714285551,0,-0.06920135866924217,12,0.0024695019559360046,4.907e-05,0.5,1
c_2822,XRPUSDT,1739725200000,0,train,control,,0.8557264676692425,1,-1.130639608624755,0,0.23188405797101355,0,0.021789555890258654,17,-0.0034660712271827134,-1.948e-05,0.5,0
c_2823,XRPUSDT,1751904000000,0,train,control,,5.6092660353068045,3,2.4449020724707364,0,0.2834224598930535,0,0.5285586346465964,16,0.058429210864207486,0.0001,0.5,0
c_2824,XRPUSDT,1759716000000,0,train,control,,1.0023083485083923,0,0.1008606777837436,0,0.2727272727272801,0,0.024622396244780555,2,0.012066834312281198,9.341e-05,0.5,1
c_2825,XRPUSDT,1714608000000,0,train,control,,0.46774991469392885,0,1.332027424094031,1,0.2826086956521708,0,0.012454159435621137,0,0.029121239721600637,0.0001,0.5,0
c_2826,XRPUSDT,1726765200000,0,train,control,,2.2392175763638456,2,0.9033577637634177,0,0.13333333333333433,0,0.1218912298579478,17,0.01898683927124134,0.0001,0.5,1
c_2827,XRPUSDT,1739606400000,0,train,control,,0.7445502649561786,0,-1.806029579067128,0,0.3929824561403422,0,-0.04380879627746717,8,0.0030032064926594363,8.897e-05,0.5,0
c_2828,XRPUSDT,1750352400000,0,train,control,,0.9396842835809596,0,0.13933398355859525,0,0.22666666666666943,0,0.007275302121279461,17,-0.005022320419327955,1.495e-05,0.5,0
c_2829,XRPUSDT,1760839200000,0,train,control,,0.6093608207455253,0,-0.6094980106662232,0,0.09554140127389003,0,-0.13484237472869537,2,-0.002417940721421108,-2.915e-05,0.5,0
c_2830,XRPUSDT,1715756400000,0,train,control,,1.1379772992301096,0,-0.3397282174260551,0,0.21428571428572846,1,-0.03542202037399654,7,0.004202678541216281,4.302e-05,0.5,0
c_2831,XRPUSDT,1726822800000,0,train,control,,0.8901199061193086,0,-0.05089058524174351,0,0.06976744186045791,0,0.049941199880801854,9,0.0069671407686790416,0.0001,0.5,1
c_2832,XRPUSDT,1740232800000,0,train,control,,1.0269884784978656,0,-0.10459845814126095,0,0.4292452830188544,0,0.016527724845580204,14,0.017424888209096476,-4.878e-05,0.5,-1
c_2833,XRPUSDT,1751292000000,0,train,control,,1.6592518939666256,0,0.3314154200230194,0,0.502958579881663,0,0.043008800099894696,14,0.0067044668892451585,8.025e-05,0.5,0
c_2834,XRPUSDT,1761868800000,0,train,control,,0.6906560169486899,0,2.2481335458434826,1,0.16402116402115843,0,-0.09629125348343837,0,0.012254392948178903,-6.577e-05,0.5,-1
c_2835,XRPUSDT,1714608000000,0,train,control,,0.46774991469392885,0,1.332027424094031,1,0.2826086956521708,0,0.012454159435621137,0,0.029121239721600637,0.0001,0.5,0
c_2836,XRPUSDT,1724094000000,0,train,control,,2.007462693628479,2,4.083390764989652,0,0.28070175438596406,0,0.038105020666648545,19,-0.041232841736439145,4.149e-05,0.5,0
c_2837,XRPUSDT,1738004400000,0,train,control,,0.4799843531476176,0,-2.0471106592103037,0,0.36252189141856583,0,-0.14952255272393114,19,-0.04749834219780555,-0.00010651,0.5,-1
c_2838,XRPUSDT,1752523200000,0,train,control,,0.4623338626246547,0,-0.5868186289474608,0,0.38461538461537936,0,-0.06165102274238421,20,-0.0017185032877391488,0.0001,0.5,0
c_2839,XRPUSDT,1760976000000,0,train,control,,1.5962694959149628,0,0.2116660560914996,0,0.6565217391304456,0,0.01172974086963342,16,0.07061637456406375,9.129e-05,0.5,1
c_2840,XRPUSDT,1714608000000,0,train,control,,0.46774991469392885,0,1.332027424094031,1,0.2826086956521708,0,0.012454159435621137,0,0.029121239721600637,0.0001,0.5,0
c_2841,XRPUSDT,1724767200000,0,train,control,,2.5709458669301526,1,1.195151101246373,0,0.2857142857142857,0,0.09185585998067744,14,0.020744177381724786,1.307e-05,0.5,-1
c_2842,XRPUSDT,1736449200000,0,train,control,,1.2156326747365411,1,1.6280911731056904,1,0.34560906515580814,0,0.04395593761224475,19,-0.007532674160771493,2.825e-05,0.5,-1
c_2843,XRPUSDT,1751558400000,0,train,control,,2.554627088913115,2,-2.300052273915315,0,0.11885245901638956,1,0.10549354741992731,16,-0.020086891882711472,0.0001,0.5,0
c_2844,XRPUSDT,1760551200000,0,train,control,,1.8208891802009826,2,-2.0016109544905385,0,0.017857142857141087,0,0.08205912114064705,18,-0.005529119249540574,-3.424e-05,0.5,-1
c_2845,XRPUSDT,1761958800000,0,test,control,,0.6916578631824145,0,-0.4540928101971749,0,0.06358381502890723,1,-0.13832180733162927,1,-0.003820194851065957,6e-07,0.5,0
c_2846,XRPUSDT,1766970000000,0,test,control,,2.4304537878722714,1,0.8345897049321597,1,0.2847682119205299,0,0.04928311776255282,1,-0.011195556286527497,2.448e-05,0.5,0
c_2847,XRPUSDT,1771974000000,0,test,control,,0.6953522065887336,0,-0.5442376994925242,0,0.6374999999999847,0,-0.08030226455025943,23,-0.0331259877754555,-8.171e-05,0.5,0
c_2848,XRPUSDT,1775023200000,0,test,control,,2.1095949908832643,1,0.8543805740837783,0,0.24264705882353432,0,0.05985174471967466,6,0.009364119983529432,5.545e-05,0.5,1
c_2849,XRPUSDT,1779390000000,0,test,control,,1.9661560461067948,1,1.0617902964164554,1,0.08536585365852734,0,0.07737252034724618,19,-0.037965622792756976,-5.371e-05,0.8947176293905826,0
c_2850,XRPUSDT,1714608000000,0,train,control,,0.46774991469392885,0,1.332027424094031,1,0.2826086956521708,0,0.012454159435621137,0,0.029121239721600637,0.0001,0.5,0
c_2851,XRPUSDT,1724270400000,0,train,control,,2.395850502437985,1,1.739864864864861,1,0.31034482758619636,0,0.06419117123841567,20,0.0031610522534728353,3.5e-05,0.5,1
c_2852,XRPUSDT,1740247200000,0,train,control,,0.9476110943427823,0,1.0199728524335852,0,0.004545454545464088,0,0.023161666710960996,18,-0.012457626929193718,-3.056e-05,0.5,0
c_2853,XRPUSDT,1752278400000,0,train,control,,0.7584504892423195,0,-4.362885732279065,0,0.21412300683371843,0,-0.18239084250887136,0,-0.004188516350975209,0.0001,0.5,1
c_2854,XRPUSDT,1761868800000,0,train,control,,0.6906560169486899,0,2.2481335458434826,1,0.16402116402115843,0,-0.09629125348343837,0,0.012254392948178903,-6.577e-05,0.5,-1
c_2855,XRPUSDT,1715238000000,0,train,control,,1.6573744613217423,0,-0.3260452627541089,0,0.3499999999999889,1,-0.10272294891622166,7,0.014036577717415087,0.0001,0.5,-1
c_2856,XRPUSDT,1724547600000,0,train,control,,1.2401197941208546,1,-1.9478428847392144,0,0.2622950819672209,0,-0.1631211023298577,1,-0.014134642395207925,9.003e-05,0.5,0
c_2857,XRPUSDT,1737327600000,0,train,control,,4.152020388294423,2,-3.797588231580286,0,0.30289727831431085,1,0.10284878416243848,23,-0.04879542588693286,-1.162e-05,0.5,0
c_2858,XRPUSDT,1751148000000,0,train,control,,0.5186437746167837,0,-0.5820827648931297,0,0.10434782608694645,0,-0.014517358848561028,22,-0.014324843091898992,0.0001,0.5,0
c_2859,XRPUSDT,1759539600000,0,train,control,,0.5989793761709631,0,0.20087595086771803,0,0.6338028169013917,0,-0.16435555028312568,1,0.061901094442298604,0.0001,0.5,1
d_572,ZECUSDT,1720065600000,1,train,standard,19.1542,1.244427472510329,2,-4.04040404040404,0,0.5,0,0.12459743006968231,4,0.005219570901660657,0.0001,0.5,-1
d_573,ZECUSDT,1722751200000,1,train,standard,17.1667,0.39310406621270544,0,1.0354565422027042,1,0.24561403508771865,0,-0.10235696847459029,6,-0.023330558280538517,0.0001,0.5,-1
d_574,ZECUSDT,1733695200000,1,train,standard,23.456,0.6831467279956479,0,-1.2193487873509268,0,0.044444444444451114,0,-0.10162374069968627,22,-0.005892182428947724,0.00044248,0.5,0
d_575,ZECUSDT,1734616800000,1,train,standard,21.0867,1.1880990196777461,0,0.9824696590252459,0,0.4621848739495783,0,-0.28587578251987134,14,0.006579122921440651,0.0001,0.5,-1
d_576,ZECUSDT,1738476000000,1,train,standard,30.8591,1.5436066320651642,2,-0.465236495218402,0,0.4406779661016977,0,0.11378636693196023,6,-0.010658050807418952,0.0001,0.5,-1
d_577,ZECUSDT,1743940800000,1,train,standard,26.6096,0.8315676561971088,0,3.374730021598272,1,0.0,0,0.10464489017173756,12,0.00381112024707506,-0.00124448,0.5,0
d_578,ZECUSDT,1759410000000,1,train,standard,18.8019,0.9010516929419143,0,3.169848125957929,0,0.08633776091081569,0,-0.006002147069504509,13,0.13950084478858102,0.0001,0.5,1
d_579,ZECUSDT,1759485600000,1,train,standard,18.879,1.0659587841705147,0,11.785526018525497,0,0.4550484094052554,0,0.09016991179072069,10,0.06721562809791867,4.206e-05,0.5,1
d_580,ZECUSDT,1759798800000,1,train,standard,20.188,0.7186533085974348,0,-0.08228889732877293,0,0.22751322751323105,0,-0.13359951536030704,1,-0.010675103249378207,0.0001,0.5,1
d_581,ZECUSDT,1760072400000,1,train,standard,26.5268,0.658968399888896,0,5.512333127044469,1,0.09777015437392901,0,-0.0780249002513066,5,0.018150182713077247,0.0001,0.5,0
d_582,ZECUSDT,1760331600000,1,train,standard,19.5743,0.9432141827929628,0,7.905723394565046,1,0.08004574042309784,0,-0.06788636786169197,5,0.012593349121430042,0.0001,0.5,1
d_583,ZECUSDT,1760598000000,1,train,standard,20.2181,1.3271134380715721,0,4.579589356252977,1,0.34550084889643645,0,-0.00017503583052321924,7,0.0032372602256811505,-6.45e-06,0.5,0
d_584,ZECUSDT,1762228800000,1,test,standard,18.4699,2.572863042430986,2,8.682184877834539,0,0.1551410373066421,0,0.04492312758444503,4,0.0053328883581783264,-0.00069546,0.5,0
d_585,ZECUSDT,1762534800000,1,test,standard,29.0539,2.023764517523217,3,12.165752008271696,0,0.29967360261117965,0,0.07826716974677062,17,-0.015282510274340938,-0.00136339,0.5,0
d_586,ZECUSDT,1762758000000,1,test,standard,30.2876,0.8442759440191719,0,3.675072472803223,1,0.2433862433862427,0,-0.028764359929712748,7,-0.0005766149714150586,-0.00033618,0.5,1
d_587,ZECUSDT,1767783600000,1,test,standard,20.9753,1.3109467465460585,1,-0.8861968739202044,0,0.13703099510603992,0,0.14410546490829176,11,0.02698559687207854,0.0001,0.5,-1
d_588,ZECUSDT,1770231600000,1,test,standard,21.7391,2.351218268734642,4,-2.7602727105214697,0,0.33643771827706576,0,0.19557811722721252,19,-0.0003856740551626953,0.0001,0.5,0
d_589,ZECUSDT,1738540800000,1,train,fast,12.8889,3.1262242963594873,3,-1.8036664695446465,0,0.047619047619047734,0,0.10007558336798618,0,-0.011211582600484162,3.902e-05,0.5,-1
d_590,ZECUSDT,1743998400000,1,train,fast,17.7803,1.0920779650759584,1,-1.4174541411895443,0,0.10156249999999636,0,-0.010828892321266432,4,-0.00858775855084514,-0.00368872,0.5,-1
d_591,ZECUSDT,1760126400000,1,train,fast,13.725,1.187649438334153,0,3.581279278490437,1,0.4495305164319249,0,0.040790127505047506,20,-0.02328173374213225,0.0001,0.5,-1
d_592,ZECUSDT,1762250400000,1,test,fast,13.1211,1.0108092445354069,0,3.719713595353677,1,0.5533230293663074,0,0.007515296262955209,10,0.06872489641757097,-0.00143921,0.5,-1
c_2860,ZECUSDT,1714608000000,0,train,control,,1.1264450959961627,0,3.4965034965034967,1,0.26666666666666927,0,-0.0051690965476477386,0,0.005951635222595463,0.0001,0.5,0
c_2861,ZECUSDT,1725631200000,0,train,control,,5.337284296975257,4,-1.9664967225054595,0,0.10000000000000223,0,0.04410340125767013,14,-0.03584266547971412,0.0001,0.5,-1
c_2862,ZECUSDT,1738008000000,0,train,control,,0.5873135677879018,0,-1.4854987031360423,0,0.38596491228069957,0,-0.06112006600394369,20,-0.019696223829288352,0.0001,0.5,-1
c_2863,ZECUSDT,1747710000000,0,train,control,,0.7718701119081713,0,0.6906758756783452,1,0.6666666666666733,0,-0.06819328142553294,3,-0.012401126768618057,0.0001,0.5,1
c_2864,ZECUSDT,1761868800000,0,train,control,,0.8567183769988207,0,10.732396174337248,1,0.1592261904761937,0,-0.07550702799248038,0,0.011667722591110053,-0.00197771,0.5,-1
c_2865,ZECUSDT,1714608000000,0,train,control,,1.1264450959961627,0,3.4965034965034967,1,0.26666666666666927,0,-0.0051690965476477386,0,0.005951635222595463,0.0001,0.5,0
c_2866,ZECUSDT,1728014400000,0,train,control,,0.3269703308442781,0,1.0928961748633785,1,0.0909090909091056,0,-0.16714981178014138,4,0.0015057416625847704,9.769e-05,0.5,0
c_2867,ZECUSDT,1740412800000,0,train,control,,3.4212638710570853,1,-0.6291192330736993,0,0.17105263157894182,0,0.0962436684280249,16,-0.03165583972681873,9.471e-05,0.5,-1
c_2868,ZECUSDT,1748415600000,0,train,control,,0.9167277502191036,0,0.6912442396313353,1,0.25,0,-0.2941417789265082,7,-0.009374892709487388,-0.00021681,0.5,0
c_2869,ZECUSDT,1761868800000,0,train,control,,0.8567183769988207,0,10.732396174337248,1,0.1592261904761937,0,-0.07550702799248038,0,0.011667722591110053,-0.00197771,0.5,-1
c_2870,ZECUSDT,1714608000000,0,train,control,,1.1264450959961627,0,3.4965034965034967,1,0.26666666666666927,0,-0.0051690965476477386,0,0.005951635222595463,0.0001,0.5,0
c_2871,ZECUSDT,1727035200000,0,train,control,,0.8021285762851811,1,0.504880511612247,0,0.20000000000000712,0,-0.028010374228299186,20,0.01204486639891614,0.0001,0.5,0
c_2872,ZECUSDT,1736946000000,0,train,control,,1.0006371130309968,0,-2.6305609284332676,0,0.11111111111110891,0,-0.06748399833768975,13,-0.006385065568805854,0.0001,0.5,0
c_2873,ZECUSDT,1750726800000,0,train,control,,0.8588615953035903,1,2.8402074586317574,1,0.0,0,-0.01034365441256567,1,0.008532118224646383,0.0001,0.5,1
c_2874,ZECUSDT,1761868800000,0,train,control,,0.8567183769988207,0,10.732396174337248,1,0.1592261904761937,0,-0.07550702799248038,0,0.011667722591110053,-0.00197771,0.5,-1
c_2875,ZECUSDT,1716530400000,0,train,control,,1.7311274428578047,1,0.2265861027190284,0,0.01449275362318557,0,0.05136401038485382,6,-0.0016190418188416372,0.0001,0.5,-1
c_2876,ZECUSDT,1726822800000,0,train,control,,1.2342812617754397,0,-1.3031337263419118,0,0.01999999999999602,1,0.07447801347811193,9,-0.019495455672504835,0.0001,0.5,1
c_2877,ZECUSDT,1736938800000,0,train,control,,0.4976289827817459,0,-1.6032451226579203,0,0.6470588235294159,0,-0.03337690542012103,11,-0.0056367105848356795,0.0001,0.5,0
c_2878,ZECUSDT,1750708800000,0,train,control,,0.8502202024793079,3,2.904137753790806,1,0.04761904761905487,0,0.06588069737873381,20,-0.009946458510001241,1.959e-05,0.5,1
c_2879,ZECUSDT,1761091200000,0,train,control,,0.7843777138977235,0,-5.433218192285557,0,0.23707317073170797,1,-0.14224392448754491,0,-0.05106825144580754,0.0001,0.5,-1
c_2880,ZECUSDT,1716066000000,0,train,control,,0.5034006323324167,0,0.08517887563883975,0,0.4999999999999778,0,-0.042699845172262,21,0.004785542896582093,0.0001,0.5,0
c_2881,ZECUSDT,1725159600000,0,train,control,,2.1026071481595516,2,-2.327718223583455,0,0.016129032258061372,1,0.04814425491995746,3,-0.0026425027675510008,0.0001,0.5,-1
c_2882,ZECUSDT,1736211600000,0,train,control,,3.8615617217612592,1,-1.8325487558843248,0,0.003816793893131717,1,0.037398624567048684,1,0.02019648560927361,0.0001,0.5,1
c_2883,ZECUSDT,1748610000000,0,train,control,,1.3455683189990502,1,1.3867187499999878,0,0.11864406779661069,0,-0.007747473819036137,13,-0.0037211051920474584,-9.636e-05,0.5,-1
c_2884,ZECUSDT,1761868800000,0,train,control,,0.8567183769988207,0,10.732396174337248,1,0.1592261904761937,0,-0.07550702799248038,0,0.011667722591110053,-0.00197771,0.5,-1
c_2885,ZECUSDT,1714608000000,0,train,control,,1.1264450959961627,0,3.4965034965034967,1,0.26666666666666927,0,-0.0051690965476477386,0,0.005951635222595463,0.0001,0.5,0
c_2886,ZECUSDT,1727352000000,0,train,control,,0.5801001647797077,0,0.2412129565816688,0,0.29999999999999466,0,-0.03733605122187261,12,0.007215231384251935,0.0001,0.5,0
c_2887,ZECUSDT,1740218400000,0,train,control,,0.617102548151945,0,0.3324099722991619,0,0.4482758620689634,0,-0.044148412020694985,10,-0.0036120973157405885,8.051e-05,0.5,-1
c_2888,ZECUSDT,1750435200000,0,train,control,,1.8017824297756528,1,-2.444870565675925,0,0.5,1,0.06735320299169922,16,0.0005010087643042622,2.389e-05,0.5,0
c_2889,ZECUSDT,1758589200000,0,train,control,,0.8430572890965913,0,1.1021002287377708,1,0.2600000000000051,0,-0.04521724163796324,1,-0.008429230058049351,-0.00010279,0.5,-1
c_2890,ZECUSDT,1716037200000,0,train,control,,1.4313921632430875,0,-0.5942275042444696,0,0.25000000000000444,1,-0.005924651432990558,13,-0.0182640972487361,0.0001,0.5,0
c_2891,ZECUSDT,1725645600000,0,train,control,,1.0081173994960084,1,0.40861812778603057,1,0.17142857142856882,0,0.03271837579569963,18,-0.005822414283274858,0.0001,0.5,-1
c_2892,ZECUSDT,1737543600000,0,train,control,,1.0110537595086497,0,1.0069872585285697,0,0.0,0,-0.01640237543486233,11,0.013176371186901082,0.0001,0.5,1
c_2893,ZECUSDT,1748300400000,0,train,control,,0.31463646820970265,0,0.27818991097922585,1,0.06451612903225695,0,-0.08575982059716604,23,0.0026603014092264933,-0.00017654,0.5,0
c_2894,ZECUSDT,1761868800000,0,train,control,,0.8567183769988207,0,10.732396174337248,1,0.1592261904761937,0,-0.07550702799248038,0,0.011667722591110053,-0.00197771,0.5,-1
c_2895,ZECUSDT,1714608000000,0,train,control,,1.1264450959961627,0,3.4965034965034967,1,0.26666666666666927,0,-0.0051690965476477386,0,0.005951635222595463,0.0001,0.5,0
c_2896,ZECUSDT,1726822800000,0,train,control,,1.2342812617754397,0,-1.3031337263419118,0,0.01999999999999602,1,0.07447801347811193,9,-0.019495455672504835,0.0001,0.5,1
c_2897,ZECUSDT,1738965600000,0,train,control,,1.3952750040604724,0,-4.423635776557951,0,0.4202898550724669,1,0.022911352204191465,22,0.013359017247951974,0.0001,0.5,0
c_2898,ZECUSDT,1747911600000,0,train,control,,0.8118766916827305,0,-0.30043910330483603,0,0.6874999999999959,0,-0.0886163198401648,11,0.005251377900255911,0.0001,0.5,1
c_2899,ZECUSDT,1761868800000,0,train,control,,0.8567183769988207,0,10.732396174337248,1,0.1592261904761937,0,-0.07550702799248038,0,0.011667722591110053,-0.00197771,0.5,-1
c_2900,ZECUSDT,1714608000000,0,train,control,,1.1264450959961627,0,3.4965034965034967,1,0.26666666666666927,0,-0.0051690965476477386,0,0.005951635222595463,0.0001,0.5,0
c_2901,ZECUSDT,1725940800000,0,train,control,,0.5901237310902303,0,-1.056938288441864,0,0.16666666666667324,1,-0.12052357724186638,4,-0.003992205825961749,0.0001,0.5,1
c_2902,ZECUSDT,1738076400000,0,train,control,,2.2065753102452232,1,1.6226240148354263,1,0.36363636363635776,0,0.06601570053062071,15,-0.0033616355745153207,0.0001,0.5,0
c_2903,ZECUSDT,1749524400000,0,train,control,,0.8345511843727745,1,1.1530815109344044,1,0.060000000000002274,0,0.045144651345109914,3,-0.020146306080139068,-0.0001578,0.5,1
c_2904,ZECUSDT,1758679200000,0,train,control,,0.8660984418618335,1,1.782729805013929,0,0.38666666666666555,0,-0.0989048118787397,2,0.010368441798519796,0.0001,0.5,0
c_2905,ZECUSDT,1714608000000,0,train,control,,1.1264450959961627,0,3.4965034965034967,1,0.26666666666666927,0,-0.0051690965476477386,0,0.005951635222595463,0.0001,0.5,0
c_2906,ZECUSDT,1728093600000,0,train,control,,0.2806495226324568,0,0.5235602094240859,1,0.0,0,-0.136079526783248,2,-0.0065688055406335445,0.0001,0.5,1
c_2907,ZECUSDT,1740240000000,0,train,control,,0.7649497440570272,0,-0.6329113924050742,0,0.23529411764705638,0,-0.03767920865562519,16,-0.01261063127875538,0.0001,0.5,-1
c_2908,ZECUSDT,1748278800000,0,train,control,,0.94341266792325,0,0.9690644800596406,1,0.33980582524271946,0,0.0454543991003444,17,0.0202878728946487,-0.00017654,0.5,1
c_2909,ZECUSDT,1761868800000,0,train,control,,0.8567183769988207,0,10.732396174337248,1,0.1592261904761937,0,-0.07550702799248038,0,0.011667722591110053,-0.00197771,0.5,-1
c_2910,ZECUSDT,1714608000000,0,train,control,,1.1264450959961627,0,3.4965034965034967,1,0.26666666666666927,0,-0.0051690965476477386,0,0.005951635222595463,0.0001,0.5,0
c_2911,ZECUSDT,1725501600000,0,train,control,,0.672194572414427,0,-0.6384408602150581,0,0.9285714285714177,0,-0.2297879484035418,2,0.006524817581494564,7.8e-06,0.5,1
c_2912,ZECUSDT,1737424800000,0,train,control,,0.9862611574338103,0,-1.8608585324592992,0,0.47272727272727494,1,-0.1739167972169959,2,-0.007236122668780169,0.0001,0.5,0
c_2913,ZECUSDT,1750834800000,0,train,control,,0.5091157558666076,0,-1.0352941176470536,0,0.2916666666666654,0,-0.07891068446607957,7,-0.005699856101394786,0.0001,0.5,0
c_2914,ZECUSDT,1761868800000,0,train,control,,0.8567183769988207,0,10.732396174337248,1,0.1592261904761937,0,-0.07550702799248038,0,0.011667722591110053,-0.00197771,0.5,-1
c_2915,ZECUSDT,1714608000000,0,train,control,,1.1264450959961627,0,3.4965034965034967,1,0.26666666666666927,0,-0.0051690965476477386,0,0.005951635222595463,0.0001,0.5,0
c_2916,ZECUSDT,1727744400000,0,train,control,,1.6783874762824724,1,-0.35486160397445504,0,0.10714285714286077,0,0.055038804901443535,1,0.013277302666370148,0.0001,0.5,-1
c_2917,ZECUSDT,1739311200000,0,train,control,,1.0210774065703614,0,-0.391920410009052,0,0.45348837209302423,0,-0.06116647701156889,22,0.01702333444801408,2.545e-05,0.5,-1
c_2918,ZECUSDT,1747846800000,0,train,control,,2.269738933822806,2,1.924482338611465,0,0.3902439024390193,0,0.04545146033770515,17,-0.03303198289310689,0.0001,0.5,1
c_2919,ZECUSDT,1761868800000,0,train,control,,0.8567183769988207,0,10.732396174337248,1,0.1592261904761937,0,-0.07550702799248038,0,0.011667722591110053,-0.00197771,0.5,-1
c_2920,ZECUSDT,1763215200000,0,test,control,,1.6741642028133903,0,4.104816722205378,0,0.050599700149925875,0,-0.03481114086089988,14,0.0016890540477232903,-0.00060827,0.5,1
c_2921,ZECUSDT,1766516400000,0,test,control,,0.5252144995503929,0,1.1175887176758037,1,0.37647058823529556,0,0.03714082588637063,19,0.004787053694828983,0.0001,0.5,-1
c_2922,ZECUSDT,1771848000000,0,test,control,,1.0690303467017381,0,0.33503575076608505,1,0.7656903765690382,0,-0.1111265735566436,12,-0.0003207381785391584,5.89e-06,0.5,-1
c_2923,ZECUSDT,1776114000000,0,test,control,,0.8310424157561177,0,3.0349662306574268,0,0.18135593220338764,0,0.014457678013039132,21,-0.0018295362112806385,0.0001,0.5,1
c_2924,ZECUSDT,1779814800000,0,test,control,,1.0343807782143584,0,-0.8654704879434992,0,0.5142095914742423,0,0.04144058224833971,17,-0.006263492021554304,3.431e-05,0.04201204153522514,-1
c_2925,ZECUSDT,1761958800000,0,test,control,,0.7132522460837056,0,5.3956834532374005,1,0.18463302752293798,0,-0.01847237488997482,1,0.055958693147726266,-0.00153392,0.5,0
c_2926,ZECUSDT,1766786400000,0,test,control,,0.622689285612832,0,0.9605388057677531,0,0.2632850241545979,0,-0.022542944776085722,22,0.006383276773753348,0.0001,0.5,0
c_2927,ZECUSDT,1771898400000,0,test,control,,1.7290683093969095,0,-0.8358408559010365,0,0.21216617210682565,0,-0.0799665128911995,2,-0.012278538255334313,2.778e-05,0.5,0
c_2928,ZECUSDT,1775826000000,0,test,control,,0.9158201245444341,1,1.2055583708958957,1,0.48628048780487754,0,0.05380791096337877,13,0.010330467743384314,-0.00023678,0.5,1
c_2929,ZECUSDT,1779379200000,0,test,control,,1.1210651157953602,1,0.19105262353462638,1,0.4986945169712806,0,0.07265178500873354,16,-0.009546333043419834,-0.00019542,0.9070596172886742,0
c_2930,ZECUSDT,1761958800000,0,test,control,,0.7132522460837056,0,5.3956834532374005,1,0.18463302752293798,0,-0.01847237488997482,1,0.055958693147726266,-0.00153392,0.5,0
c_2931,ZECUSDT,1768057200000,0,test,control,,1.823256737862518,1,-1.1242711846680815,0,0.01924839596700604,1,-0.1015500738294119,15,0.009995006678733858,-1.975e-05,0.5,0
c_2932,ZECUSDT,1771776000000,0,test,control,,1.2767947778148587,2,-1.191526919682259,0,0.20689655172413166,0,0.03981426804690026,16,0.0055041464658506425,1.245e-05,0.5,-1
c_2933,ZECUSDT,1776470400000,0,test,control,,0.5149286369289697,0,-0.5115786287271069,0,0.2051948051948093,0,-0.14174055378626993,0,0.010839825233037947,7.732e-05,0.03888366778151532,1
c_2934,ZECUSDT,1779814800000,0,test,control,,1.0343807782143584,0,-0.8654704879434992,0,0.5142095914742423,0,0.04144058224833971,17,-0.006263492021554304,3.431e-05,0.04201204153522514,-1
c_2935,ZECUSDT,1763600400000,0,test,control,,0.7536552124736003,0,3.3342016150039058,1,0.1407528641571214,0,-0.04537710839692821,1,0.04629871753044381,-0.00017567,0.5,0
c_2936,ZECUSDT,1766858400000,0,test,control,,1.7415459335989993,1,2.9259828857604746,0,0.4312736443884001,0,0.053231424817629124,18,0.027377121732724854,8.765e-05,0.5,0
c_2937,ZECUSDT,1771689600000,0,test,control,,1.8060962750374288,0,-0.7109548199678976,0,0.07076923076923637,0,0.08604984391358457,16,-0.009956498577466234,2.193e-05,0.5,1
c_2938,ZECUSDT,1775901600000,0,test,control,,0.9813367534993456,0,1.1215648753521572,0,0.09411764705881819,0,0.02284966821679218,10,0.01953726614523214,-0.00014195,0.5,1
c_2939,ZECUSDT,1779814800000,0,test,control,,1.0343807782143584,0,-0.8654704879434992,0,0.5142095914742423,0,0.04144058224833971,17,-0.006263492021554304,3.431e-05,0.04201204153522514,-1
c_2940,ZECUSDT,1761958800000,0,test,control,,0.7132522460837056,0,5.3956834532374005,1,0.18463302752293798,0,-0.01847237488997482,1,0.055958693147726266,-0.00153392,0.5,0
c_2941,ZECUSDT,1768129200000,0,test,control,,1.7246470178616815,0,1.4861995753715407,0,0.818759936406998,0,0.040331140451590045,11,0.004459307508565287,6.628e-05,0.5,0
c_2942,ZECUSDT,1771786800000,0,test,control,,0.8917379677961896,1,-1.6510197474911024,0,0.5570469798657768,0,-0.07406479483423516,19,-0.017425789844881467,1.245e-05,0.5,-1
c_2943,ZECUSDT,1775300400000,0,test,control,,5.876601539424616,1,2.9915611814346006,0,0.13620689655172316,0,0.20016455527196333,11,0.014481966501459451,-0.00019722,0.5,0
c_2944,ZECUSDT,1779343200000,0,test,control,,0.4456195470038476,0,-0.9360997323316781,0,0.49768160741884954,0,-0.20418743108042386,6,0.012289559562749323,-0.00051705,0.0,0
c_2945,ZECUSDT,1715230800000,0,train,control,,0.9210108946734974,0,-0.042900042900034366,0,0.5128205128205102,0,-0.043858797731069474,5,0.01347055003193931,0.0001,0.5,-1
c_2946,ZECUSDT,1727330400000,0,train,control,,1.296029052139098,0,1.8603018603018644,1,0.3750000000000028,0,-0.03107386251085395,6,0.02357391787452953,0.0001,0.5,0
c_2947,ZECUSDT,1737025200000,0,train,control,,0.6030849602762729,0,-1.847448326321575,0,0.3191489361702256,0,-0.12330175220082265,11,-0.0021839687461824566,0.0001,0.5,1
c_2948,ZECUSDT,1747904400000,0,train,control,,1.1502747266288722,0,-0.48275862068965714,0,0.46341463414633977,0,-0.034708427120712364,9,0.01422134864565299,0.0001,0.5,1
c_2949,ZECUSDT,1761868800000,0,train,control,,0.8567183769988207,0,10.732396174337248,1,0.1592261904761937,0,-0.07550702799248038,0,0.011667722591110053,-0.00197771,0.5,-1
c_2950,ZECUSDT,1714608000000,0,train,control,,1.1264450959961627,0,3.4965034965034967,1,0.26666666666666927,0,-0.0051690965476477386,0,0.005951635222595463,0.0001,0.5,0
c_2951,ZECUSDT,1724497200000,0,train,control,,2.9709417167956427,1,5.746573695599888,1,0.3833333333333354,0,0.10501765996510772,11,-0.02238027279870662,0.0001,0.5,1
c_2952,ZECUSDT,1739520000000,0,train,control,,0.3102519002722737,0,-2.0006062443164705,0,0.466666666666673,0,-0.10606981674106455,8,-0.00991552442327868,0.0001,0.5,0
c_2953,ZECUSDT,1748530800000,0,train,control,,2.701041256891017,3,-0.3444525018129038,0,0.04807692307692689,0,0.1955097399309338,15,-0.0033192863195823574,-0.00045477,0.5,0
c_2954,ZECUSDT,1761868800000,0,train,control,,0.8567183769988207,0,10.732396174337248,1,0.1592261904761937,0,-0.07550702799248038,0,0.011667722591110053,-0.00197771,0.5,-1
c_2955,ZECUSDT,1715104800000,0,train,control,,0.9611856245837261,0,0.8775778850372941,1,0.4210526315789543,0,-0.007732755280697268,18,-0.003891415747293706,0.0001,0.5,0
c_2956,ZECUSDT,1727103600000,0,train,control,,2.3274999587078424,3,0.06851661527920375,0,0.5151515151515123,0,0.12162331103472343,15,-0.004349888355939428,0.0001,0.5,1
c_2957,ZECUSDT,1736240400000,0,train,control,,0.7455552851342008,0,0.6951685783802547,0,0.194029850746272,0,-0.04595300029814238,9,0.012951229806045997,0.0001,0.5,1
c_2958,ZECUSDT,1748912400000,0,train,control,,1.001291764012932,0,0.22363026462915497,0,0.4761904761904751,0,-0.007068120373799924,1,0.005331987249785177,-0.0001397,0.5,0
c_2959,ZECUSDT,1761868800000,0,train,control,,0.8567183769988207,0,10.732396174337248,1,0.1592261904761937,0,-0.07550702799248038,0,0.011667722591110053,-0.00197771,0.5,-1
c_2960,ZECUSDT,1761958800000,0,test,control,,0.7132522460837056,0,5.3956834532374005,1,0.18463302752293798,0,-0.01847237488997482,1,0.055958693147726266,-0.00153392,0.5,0
c_2961,ZECUSDT,1768107600000,0,test,control,,1.1112779772985533,0,-0.38839568801522595,0,0.15048543689320482,0,-0.21080181173026957,5,-0.011353004299639006,0.0001,0.5,0
c_2962,ZECUSDT,1771678800000,0,test,control,,1.4800960213679253,0,-1.2878960565306752,0,0.16060606060605456,1,-0.008143460988724396,13,-0.0005722118365990963,2.193e-05,0.5,1
c_2963,ZECUSDT,1776038400000,0,test,control,,0.663656140961276,0,-1.2489773656940235,0,0.08407079646017632,0,-0.08931100477061421,0,-0.00609124710249682,0.0001,0.5,-1
c_2964,ZECUSDT,1779760800000,0,test,control,,1.2289219325147371,1,-2.9112327755905607,0,0.32692307692307826,0,-0.0008081375579488045,2,-0.04554794128727247,-6.607e-05,0.027078996939839905,0
