run_ts,symbol,setup,score,grade,pump_score,direction,price_entry,funding,oi_24h_pct,outcome_4h,outcome_24h,change_4h_pct,change_24h_pct
2026-04-12T09:56:48,SIRENUSDT,breakout,179,—,179,ЛОНГ,0.84181,-1.57743,6.218855989417977,LOSS,LOSS,-6.94,-6.94
2026-04-12T09:56:48,TRUUSDT,breakout,155,—,155,ЛОНГ,0.010641,-0.882971,44.03402851074754,STOP,STOP,-28.0,-28.0
2026-04-12T09:56:48,FFUSDT,breakout,144,—,144,ЛОНГ,0.08507,0.00125,-1.6626479780825587,STOP,STOP,-8.7,-8.7
2026-04-12T09:56:48,RAVEUSDT,breakout,142,—,142,ЛОНГ,2.54168,-0.352784,-23.06588543108839,TP1,TP1,279.85,279.72
2026-04-12T09:56:48,MAGMAUSDT,breakout,142,—,142,ЛОНГ,0.212,0.10523500000000001,-9.29358838699483,STOP,STOP,-16.32,-16.32
2026-04-12T09:56:48,DASHUSDT,bos_fvg,136,—,79,ШОРТ,43.36,-0.001157,-8.72084897929653,WIN,WIN,-4.5,-4.5
2026-04-12T09:56:48,SOLUSDT,squeeze,134,—,56,ЛОНГ,82.146,-0.011072,-5.81520438299293,TP1,TP1,1.53,1.53
2026-04-12T09:56:48,NOMUSDT,breakout,134,—,134,ЛОНГ,0.004247,-0.743877,11.876304911310399,STOP,STOP,-14.95,-14.93
2026-04-12T09:56:48,TONUSDT,bos_fvg,133,—,84,ЛОНГ,1.4228,-0.017265,8.706426427356394,WIN,WIN,1.37,1.37
2026-04-12T09:56:48,TAOUSDT,bos_fvg,125,—,66,ШОРТ,267.17,-0.028996,12.535031172310218,WIN,WIN,-2.58,-2.58
2026-04-12T09:56:48,BLESSUSDT,bos_fvg,125,—,122,ЛОНГ,0.00819,0.005,67.76601443955863,TP1,TP1,63.77,63.39
2026-04-12T09:56:48,LITUSDT,breakout,117,—,117,ЛОНГ,1.0949,-0.00092,-0.2315759640281771,WIN,WIN,3.89,3.88
2026-04-12T09:56:48,1000PEPEUSDT,squeeze,114,—,97,ЛОНГ,0.003499,-0.008723,7.78870640779596,WIN,WIN,1.54,1.54
2026-04-12T09:56:48,WLFIUSDT,bos_fvg,113,—,40,ШОРТ,0.07963,0.003651,-1.8227882380052174,FLAT,FLAT,-0.09,-0.09
2026-04-12T09:56:48,LABUSDT,breakout,113,—,113,ЛОНГ,0.48646,0.005,-3.5817126268002144,TP1,TP1,20.01,20.01
2026-04-12T09:56:48,CLUSDT,bos_fvg,112,—,32,ЛОНГ,93.572,0.601154,53.935323062672566,TP1,TP1,2.62,2.62
2026-04-12T09:56:48,VVVUSDT,bos_fvg,111,—,79,ЛОНГ,7.9678,0.005,-0.7595431446186713,TP1,TP1,11.0,11.0
2026-04-12T09:56:48,ENJUSDT,breakout,110,—,110,ЛОНГ,0.033415,-0.055756999999999994,11.559376020597757,TP1,TP1,44.6,44.78
2026-04-12T09:56:48,HYPEUSDT,breakout,107,—,107,ЛОНГ,40.884,0.01,-2.2938322862844847,TP1,TP1,4.15,4.15
2026-04-12T09:56:48,SHIB1000USDT,squeeze,106,—,76,ЛОНГ,0.005823,-0.015397,8.698430809453985,FLAT,FLAT,-0.26,-0.26
2026-04-12T09:56:48,XAUTUSDT,bos_fvg,105,—,47,ЖДАТЬ,4700.9,0.005,-0.040111770845858895,TP1,TP1,-0.3,-0.3
2026-04-12T09:56:48,APTUSDT,bos_fvg,105,—,79,ШОРТ,0.8216,-0.056041,1.3949468988430125,LOSS,LOSS,1.92,1.92
2026-04-12T09:56:48,PUMPFUNUSDT,squeeze,104,—,73,ЛОНГ,0.0017875,-0.031286,-3.062445112734581,WIN,WIN,2.05,2.05
2026-04-12T09:56:48,ADAUSDT,breakout,103,—,103,ЛОНГ,0.2396,0.01,0.3837177561361634,WIN,WIN,0.92,0.88
2026-04-12T09:56:48,MONUSDT,breakout,103,—,103,ЛОНГ,0.033565,0.01,2.5319101759492386,WIN,WIN,2.77,2.77
2026-04-12T09:56:48,CRVUSDT,breakout,102,—,102,ЛОНГ,0.2124,-0.001475,0.9791705991717097,LOSS,LOSS,-0.52,-0.52
2026-04-12T09:56:48,QUSDT,bos_fvg,102,—,32,ЛОНГ,0.009193,0.067524,29.77223595981376,WIN,WIN,2.3,2.3
2026-04-12T09:56:48,ENAUSDT,breakout,101,—,101,ЛОНГ,0.09178,0.003515,3.7140139677465975,TP1,TP1,2.72,2.72
2026-04-12T09:56:48,DRIFTUSDT,breakout,100,—,100,ЛОНГ,0.03704,0.005,-3.1610631504175735,TP1,TP1,11.26,11.26
2026-04-12T09:56:48,DOTUSDT,bos_fvg,99,—,71,ШОРТ,1.2156,-0.141067,7.586494675563596,TP1,TP1,-3.39,-3.38
2026-04-12T09:56:48,BTCUSDT,squeeze,98,—,45,ЛОНГ,71506.4,-0.001413,-6.369300044712105,WIN,WIN,0.72,0.72
2026-04-12T09:56:48,BNBUSDT,squeeze,98,—,44,ЛОНГ,593.4,-0.013698,0.5237199012736989,TP1,TP1,1.35,1.35
2026-04-12T09:56:48,WLDUSDT,squeeze,98,—,91,ЛОНГ,0.2918,-0.009866,-0.0389524978243571,TP1,TP1,3.67,3.67
2026-04-12T09:56:48,VIRTUALUSDT,squeeze,98,—,69,ЛОНГ,0.6513,-0.021104,2.0339760082222864,TP1,TP1,3.68,3.7
2026-04-12T09:56:48,BCHUSDT,squeeze,98,—,51,ЛОНГ,425.2,-0.014393000000000001,3.456968556207243,FLAT,FLAT,0.38,0.38
2026-04-12T09:56:48,GALAUSDT,squeeze,98,—,95,ЛОНГ,0.002937,-0.013241,-3.699145735367801,FLAT,FLAT,0.37,0.37
2026-04-12T09:56:48,ARBUSDT,breakout,96,—,96,ЛОНГ,0.11002,0.01,-0.19111605089000872,WIN,WIN,1.02,1.02
2026-04-12T09:56:48,ASTERUSDT,squeeze,96,—,60,ЛОНГ,0.6654,0.005,-1.2099843177384726,FLAT,FLAT,-0.47,-0.47
2026-04-12T09:56:48,RIVERUSDT,bos_fvg,95,—,31,ШОРТ,8.744,0.13092399999999998,1.3344213847560136,TP1,TP1,-12.21,-12.24
2026-04-12T09:56:48,ZECUSDT,bos_fvg,94,—,92,ЛОНГ,367.62,0.01,-7.185607266560089,LOSS,LOSS,-2.07,-2.06
2026-04-12T09:56:48,FARTCOINUSDT,bos_fvg,94,—,68,ЛОНГ,0.19308,0.005,-5.5734927519584545,LOSS,LOSS,-2.94,-2.94
2026-04-12T09:56:48,DOGEUSDT,squeeze,92,—,55,ЛОНГ,0.09113,-0.016363,1.2521706804481965,WIN,WIN,1.05,1.08
2026-04-12T09:56:48,AAVEUSDT,squeeze,92,—,41,ЛОНГ,89.78,-0.029406,3.0541957462772604,TP1,TP1,5.74,5.77
2026-04-12T09:56:48,AVAXUSDT,squeeze,90,—,58,ЛОНГ,9.012,-0.015782,-0.43529800834568183,TP1,TP1,2.85,2.85
2026-04-12T09:56:48,TRUMPUSDT,bos_fvg,89,—,50,ШОРТ,2.79,-0.14262999999999998,9.660707198621697,LOSS,LOSS,1.0,1.0
2026-04-12T09:56:48,OPUSDT,breakout,87,—,87,ЛОНГ,0.10815,0.002045,-1.0087979741826703,WIN,WIN,0.86,0.86
2026-04-12T09:56:48,XPLUSDT,breakout,86,—,86,ЛОНГ,0.12867,-0.009011,-1.0360358859656447,FLAT,FLAT,-0.12,-0.12
2026-04-12T09:56:48,LINKUSDT,squeeze,85,—,45,ЛОНГ,8.78,-0.007899,-0.509692556332254,WIN,WIN,0.93,0.92
2026-04-12T09:56:48,XRPUSDT,squeeze,84,—,36,ЛОНГ,1.3292,-0.016916,1.2247800869151662,WIN,WIN,0.91,0.92
2026-04-12T09:56:48,AKEUSDT,squeeze,84,—,49,ЛОНГ,0.0005282,0.069608,-15.769806834149128,WIN,WIN,4.7,4.7
2026-04-12T09:56:48,RENDERUSDT,breakout,83,—,83,ЛОНГ,1.8946,-0.004308,-6.83480496657335,FLAT,FLAT,0.42,0.42
2026-04-12T09:56:48,WIFUSDT,bos_fvg,80,—,71,ШОРТ,0.1893,0.005,3.609745234714222,WIN,WIN,-0.57,-0.57
2026-04-12T09:56:48,1000BONKUSDT,bos_fvg,80,—,67,ШОРТ,0.0057215,-0.00996,3.6085518801596925,FLAT,FLAT,0.18,0.18
2026-04-12T09:56:48,LTCUSDT,squeeze,79,—,44,ЛОНГ,53.71,0.002704,-1.3253890440169338,LOSS,LOSS,-0.89,-0.89
2026-04-12T09:56:48,ETHUSDT,squeeze,78,—,23,ЛОНГ,2213.15,-0.010657,-0.663894544988547,WIN,WIN,0.5,0.51
2026-04-12T09:56:48,NEARUSDT,squeeze,77,—,55,ЛОНГ,1.3279,-0.012218999999999999,-2.040699245012529,TP1,TP1,5.13,5.13
2026-04-12T09:56:48,PENGUUSDT,squeeze,77,—,71,ЛОНГ,0.006594,-0.019144,2.2254332096764737,WIN,WIN,0.55,0.53
2026-04-12T09:56:48,ONDOUSDT,bos_fvg,73,—,59,ШОРТ,0.2471,0.003745,1.314494309020677,STOP,STOP,2.31,2.27
2026-04-12T09:56:48,ARIAUSDT,squeeze,59,—,47,ЛОНГ,0.90751,0.060383,-2.7501930466009843,LOSS,LOSS,-10.49,-10.49
2026-04-12T09:56:48,SUIUSDT,bos_fvg,59,—,48,ШОРТ,0.91184,0.00204,-1.6610281296010567,LOSS,LOSS,0.65,0.65
2026-04-12T10:00:37,ENJUSDT,breakout,173,—,173,ЛОНГ,0.033383,-0.048992,11.457088360897718,TP1,TP1,41.87,41.88
2026-04-12T10:00:37,NOMUSDT,breakout,146,—,146,ЛОНГ,0.004228,-0.7149179999999999,12.427812780240464,STOP,STOP,-14.74,-14.74
2026-04-12T10:00:37,BLESSUSDT,bos_fvg,143,—,104,ЛОНГ,0.008179,0.005,59.849669496594,TP1,TP1,64.42,64.79
2026-04-12T10:00:37,SIRENUSDT,breakout,141,—,141,ЛОНГ,0.84234,-1.5643449999999999,6.213923907816544,LOSS,LOSS,-6.92,-6.92
2026-04-12T10:00:37,SOLUSDT,squeeze,134,—,44,ЛОНГ,82.144,-0.011243000000000001,-5.718048346791491,TP1,TP1,1.54,1.54
2026-04-12T10:00:37,TONUSDT,bos_fvg,133,—,101,ЛОНГ,1.4205,-0.01724,8.757525573267362,WIN,WIN,1.63,1.63
2026-04-12T10:00:37,TRUUSDT,breakout,131,—,131,ЛОНГ,0.010611,-0.8891619999999999,44.405138711009755,STOP,STOP,-27.91,-27.91
2026-04-12T10:00:37,CLUSDT,bos_fvg,130,—,85,ЛОНГ,93.623,0.599213,54.28859853001532,TP1,TP1,2.5,2.51
2026-04-12T10:00:37,DASHUSDT,bos_fvg,128,—,105,ШОРТ,43.41,0.001204,-9.000148234211194,WIN,WIN,-4.22,-4.19
2026-04-12T10:00:37,TAOUSDT,bos_fvg,127,—,60,ШОРТ,265.72,-0.030245,12.344027742424704,WIN,WIN,-2.11,-2.11
2026-04-12T10:00:37,VVVUSDT,bos_fvg,119,—,113,ЛОНГ,7.9516,0.005,-1.2984644352201444,TP1,TP1,11.49,11.44
2026-04-12T10:00:37,FFUSDT,squeeze,118,—,114,ЛОНГ,0.08499,0.00125,-1.5755484532504374,STOP,STOP,-8.44,-8.44
2026-04-12T10:00:37,RAVEUSDT,squeeze,116,—,108,ЛОНГ,2.48785,-0.388782,-23.44829857413918,TP1,TP1,286.41,286.48
2026-04-12T10:00:37,LABUSDT,breakout,116,—,116,ЛОНГ,0.48608,0.005,-2.8405195345171124,TP1,TP1,20.14,20.4
2026-04-12T10:00:37,ZECUSDT,breakout,114,—,114,ЛОНГ,367.58,0.01,-7.200036248925478,LOSS,LOSS,-1.9,-1.9
2026-04-12T10:00:37,1000PEPEUSDT,squeeze,114,—,97,ЛОНГ,0.0034992,-0.009569,7.787420357922524,WIN,WIN,1.68,1.68
2026-04-12T10:00:37,XPLUSDT,squeeze,114,—,87,ЛОНГ,0.12842,-0.009045000000000001,-1.038649000974978,FLAT,FLAT,0.12,0.12
2026-04-12T10:00:37,PUMPFUNUSDT,bos_fvg,113,—,92,ШОРТ,0.0017866,-0.032424,-3.1374808132587355,LOSS,LOSS,2.27,2.27
2026-04-12T10:00:37,VIRTUALUSDT,squeeze,112,—,84,ЛОНГ,0.6508,-0.021017,2.125088023874345,TP1,TP1,3.95,3.95
2026-04-12T10:00:37,BCHUSDT,squeeze,112,—,58,ЛОНГ,425.1,-0.014192999999999999,3.4404717544426,FLAT,FLAT,0.45,0.42
2026-04-12T10:00:37,WLDUSDT,squeeze,111,—,97,ЛОНГ,0.2914,-0.010053,-0.09377601425899096,TP1,TP1,3.91,3.91
2026-04-12T10:00:37,LITUSDT,breakout,110,—,110,ЛОНГ,1.0928,-0.0015930000000000002,-0.6039001104564482,WIN,WIN,4.43,4.43
2026-04-12T10:00:37,ADAUSDT,bos_fvg,109,—,71,ШОРТ,0.2399,0.01,0.4061435098746143,LOSS,LOSS,1.0,1.0
2026-04-12T10:00:37,HYPEUSDT,breakout,107,—,107,ЛОНГ,40.887,0.01,-2.3097546831328897,TP1,TP1,4.22,4.27
2026-04-12T10:00:37,DOTUSDT,breakout,105,—,105,ЛОНГ,1.2166,-0.142096,7.630205251239425,STOP,STOP,-3.21,-3.24
2026-04-12T10:00:37,WLFIUSDT,bos_fvg,105,—,62,ШОРТ,0.0797,0.00385,-1.8069473056882754,FLAT,FLAT,0.11,0.11
2026-04-12T10:00:37,MAGMAUSDT,breakout,104,—,104,ЛОНГ,0.21078,0.104879,-6.221850674803122,STOP,STOP,-15.49,-15.49
2026-04-12T10:00:37,BTCUSDT,squeeze,98,—,45,ЛОНГ,71495.0,-0.0015780000000000002,-6.373858621790321,TP1,TP1,1.16,1.16
2026-04-12T10:00:37,BNBUSDT,squeeze,98,—,33,ЛОНГ,593.1,-0.013852999999999999,0.5197851574860533,TP1,TP1,1.6,1.6
2026-04-12T10:00:37,GALAUSDT,squeeze,98,—,85,ЛОНГ,0.002933,-0.012334,-3.282632543775548,WIN,WIN,0.89,0.89
2026-04-12T10:00:37,APTUSDT,squeeze,98,—,61,ЛОНГ,0.8213,-0.057385,1.1663697884922688,TP1,TP1,2.56,2.54
2026-04-12T10:00:37,NEARUSDT,bos_fvg,96,—,55,ШОРТ,1.3273,-0.013350999999999998,-2.0438588920687817,STOP,STOP,5.33,5.33
2026-04-12T10:00:37,SHIB1000USDT,squeeze,96,—,36,ЛОНГ,0.005831,-0.013884999999999998,9.169304418965458,FLAT,FLAT,-0.27,-0.27
2026-04-12T10:00:37,ASTERUSDT,squeeze,96,—,58,ЛОНГ,0.6654,0.005,-1.1657961712062976,FLAT,FLAT,-0.35,-0.35
2026-04-12T10:00:37,RIVERUSDT,bos_fvg,95,—,24,ШОРТ,8.765,0.12934800000000002,1.3344213847560136,TP1,TP1,-12.71,-12.72
2026-04-12T10:00:37,FARTCOINUSDT,bos_fvg,94,—,80,ЛОНГ,0.19297,0.005,-5.540488485439425,LOSS,LOSS,-2.29,-2.27
2026-04-12T10:00:37,MONUSDT,breakout,93,—,93,ЛОНГ,0.033573,0.01,2.5333068750170553,WIN,WIN,3.48,3.48
2026-04-12T10:00:37,DOGEUSDT,squeeze,92,—,89,ЛОНГ,0.09114,-0.016233,1.3079900650310163,TP1,TP1,1.47,1.48
2026-04-12T10:00:37,AAVEUSDT,squeeze,92,—,35,ЛОНГ,89.77,-0.029001,3.054586701838011,TP1,TP1,6.06,6.09
2026-04-12T10:00:37,AVAXUSDT,squeeze,90,—,58,ЛОНГ,9.018,-0.015156,-0.43762788833683863,TP1,TP1,3.27,3.27
2026-04-12T10:00:37,QUSDT,bos_fvg,90,—,52,ЛОНГ,0.009291,0.06510300000000001,29.30749580927917,WIN,WIN,1.21,1.21
2026-04-12T10:00:37,TRUMPUSDT,bos_fvg,89,—,26,ШОРТ,2.788,-0.144433,9.625894250618483,LOSS,LOSS,1.43,1.36
2026-04-12T10:00:37,RENDERUSDT,breakout,89,—,89,ЛОНГ,1.893,-0.003974999999999999,-6.842923501681539,WIN,WIN,1.08,1.08
2026-04-12T10:00:37,XRPUSDT,squeeze,88,—,48,ЛОНГ,1.3296,-0.016611,1.28133868941861,TP1,TP1,1.2,1.17
2026-04-12T10:00:37,AKEUSDT,squeeze,88,—,61,ЛОНГ,0.0005243,0.063678,-15.837897604079204,WIN,WIN,4.77,4.77
2026-04-12T10:00:37,LTCUSDT,bos_fvg,88,—,71,ШОРТ,53.71,0.003345,-1.042363751982975,WIN,WIN,-0.67,-0.67
2026-04-12T10:00:37,1000BONKUSDT,bos_fvg,87,—,60,ШОРТ,0.0057192,-0.008553999999999999,4.208521534925069,LOSS,LOSS,0.77,0.77
2026-04-12T10:00:37,OPUSDT,breakout,87,—,87,ЛОНГ,0.10807,0.000976,-1.3761031039473777,WIN,WIN,1.39,1.37
2026-04-12T10:00:37,LINKUSDT,squeeze,85,—,57,ЛОНГ,8.782,-0.007836000000000001,-0.5068357834387728,TP1,TP1,1.38,1.41
2026-04-12T10:00:37,WIFUSDT,bos_fvg,82,—,71,ШОРТ,0.18927,0.005,3.6636656523873996,FLAT,FLAT,-0.05,-0.02
2026-04-12T10:00:37,CRVUSDT,squeeze,82,—,68,ЛОНГ,0.2122,-0.002043,1.3457107038182161,FLAT,FLAT,0.0,0.0
2026-04-12T10:00:37,ENAUSDT,bos_fvg,80,—,79,ШОРТ,0.09172,0.003371,3.702865726147057,STOP,STOP,3.64,3.65
2026-04-12T10:00:37,ARBUSDT,bos_fvg,80,—,62,ШОРТ,0.10994,0.01,-0.20213468662326775,LOSS,LOSS,1.44,1.44
2026-04-12T10:00:37,XAUTUSDT,bos_fvg,80,—,37,ЖДАТЬ,4700.64,0.005,-0.04390137263478053,TP1,TP1,-0.28,-0.28
2026-04-12T10:00:37,PENGUUSDT,squeeze,77,—,49,ЛОНГ,0.006591,-0.019881,2.1691402358254956,WIN,WIN,1.2,1.2
2026-04-12T10:00:37,ONDOUSDT,bos_fvg,73,—,37,ШОРТ,0.247,0.003984,1.3328285156707473,STOP,STOP,2.67,2.67
2026-04-12T10:00:37,ETHUSDT,bos_fvg,72,—,23,ШОРТ,2212.72,-0.010909,-0.6683361765539415,LOSS,LOSS,0.9,0.9
2026-04-12T10:00:37,DRIFTUSDT,bos_fvg,69,—,64,ЛОНГ,0.03698,0.005,-6.0835799598235845,TP1,TP1,10.76,10.76
2026-04-12T10:00:37,SUIUSDT,bos_fvg,65,—,20,ШОРТ,0.9116,0.001827,-1.6635383156317043,LOSS,LOSS,1.13,1.13
2026-04-12T10:00:37,ARIAUSDT,squeeze,59,—,47,ЛОНГ,0.90574,0.061101,-2.777695478022029,LOSS,LOSS,-10.34,-10.26
2026-04-13T14:59:38,HOLOUSDT,breakout,207,—,207,ЛОНГ,0.06356,-0.408693,90.73268276931142,LOSS,STOP,-0.74,-8.01
2026-04-13T14:59:38,DOGEUSDT,breakout,184,—,184,ЛОНГ,0.09211,0.0012649999999999998,-5.066226342922469,WIN,WIN,0.66,0.58
2026-04-13T14:59:38,GIGGLEUSDT,breakout,178,—,178,ЛОНГ,41.1,-0.00786,64.68252587614555,LOSS,TP1,-5.79,10.49
2026-04-13T14:59:38,HYPEUSDT,breakout,174,—,174,ЛОНГ,42.635,0.002026,4.546428175142117,TP1,WIN,2.28,1.03
2026-04-13T14:59:38,BLESSUSDT,breakout,170,—,170,ЛОНГ,0.013336,0.005,11.867607686826524,TP1,TP1,45.15,32.2
2026-04-13T14:59:38,MONUSDT,breakout,166,—,166,ЛОНГ,0.034527,0.01,-0.0600245820436455,FLAT,LOSS,0.34,-1.6
2026-04-13T14:59:38,1000PEPEUSDT,breakout,164,—,164,ЛОНГ,0.0035566,-0.004927,8.308870059856465,WIN,WIN,1.08,0.77
2026-04-13T14:59:38,WETUSDT,breakout,156,—,156,ЛОНГ,0.14115,-0.137408,96.08210759371833,WIN,LOSS,6.93,-1.05
2026-04-13T14:59:38,0GUSDT,squeeze,152,—,131,ЛОНГ,0.5963,-0.11701700000000001,17.181199168488117,LOSS,WIN,-2.3,2.87
2026-04-13T14:59:38,PENGUUSDT,breakout,148,—,148,ЛОНГ,0.006641,0.005,-4.906833882432771,TP1,WIN,1.9,1.75
2026-04-13T14:59:38,VVVUSDT,breakout,148,—,148,ЛОНГ,8.871,0.005,-1.7080529482433506,FLAT,LOSS,0.4,-1.57
2026-04-13T14:59:38,REDUSDT,squeeze,148,—,68,ЛОНГ,0.14005,-0.023853,-10.354752795977952,WIN,LOSS,1.11,-1.06
2026-04-13T14:59:38,ETHUSDT,breakout,145,—,145,ЛОНГ,2221.72,0.00237,-0.34836384616491345,TP1,TP1,1.59,4.14
2026-04-13T14:59:38,NEARUSDT,breakout,144,—,144,ЛОНГ,1.396,0.01,2.727888701869486,FLAT,LOSS,-0.26,-2.47
2026-04-13T14:59:38,STABLEUSDT,breakout,143,—,143,ЛОНГ,0.028011,-1.7909230000000003,17.748656769547758,LOSS,LOSS,-1.39,-8.28
2026-04-13T14:59:38,XLMUSDT,bos_fvg,143,—,49,ШОРТ,0.15279,0.00532,-0.1645689845938462,FLAT,LOSS,-0.14,1.01
2026-04-13T14:59:38,DRIFTUSDT,squeeze,141,—,133,ЛОНГ,0.04117,-0.141332,-34.65500468848214,LOSS,WIN,-3.93,8.84
2026-04-13T14:59:38,1000BONKUSDT,bos_fvg,140,—,120,ШОРТ,0.005731,0.005,-8.706255034240797,LOSS,LOSS,1.01,1.41
2026-04-13T14:59:38,ARBUSDT,squeeze,139,—,65,ЛОНГ,0.11137,-0.012650000000000002,3.9396220927251866,FLAT,LOSS,-0.22,-1.65
2026-04-13T14:59:38,MUSDT,breakout,139,—,139,ЛОНГ,2.9099,0.066636,-2.1665351873215593,STOP,LOSS,-4.57,-0.74
2026-04-13T14:59:38,FARTCOINUSDT,bos_fvg,138,—,104,ШОРТ,0.18711,0.005,1.9492627277677743,STOP,STOP,3.02,3.97
2026-04-13T14:59:38,CRVUSDT,bos_fvg,138,—,75,ШОРТ,0.2114,-0.018331,2.179234471655714,LOSS,FLAT,0.99,0.43
2026-04-13T14:59:38,LITUSDT,breakout,137,—,137,ЛОНГ,1.1357,0.005,0.20270828919749626,LOSS,STOP,-3.06,-10.24
2026-04-13T14:59:38,SOLUSDT,bos_fvg,136,—,107,ЛОНГ,83.398,0.003849,-1.3209687966396713,WIN,FLAT,0.71,0.18
2026-04-13T14:59:38,XRPUSDT,bos_fvg,136,—,79,ЖДАТЬ,1.3411,0.001582,-4.7623467150935825,STOP,STOP,0.69,1.13
2026-04-13T14:59:38,TONUSDT,bos_fvg,136,—,128,ЛОНГ,1.4423,0.005,-1.0687141876369577,LOSS,STOP,-1.32,-4.69
2026-04-13T14:59:38,PAXGUSDT,bos_fvg,136,—,40,ШОРТ,4694.3,0.005,-2.406469592901365,LOSS,STOP,0.62,2.8
2026-04-13T14:59:38,XMRUSDT,bos_fvg,135,—,90,ЛОНГ,344.81,0.01,-1.1547347861661799,FLAT,WIN,0.22,0.59
2026-04-13T14:59:38,ENAUSDT,bos_fvg,133,—,130,ЛОНГ,0.09437,-0.003907,7.029290005128204,WIN,WIN,1.54,0.93
2026-04-13T14:59:38,RAVEUSDT,squeeze,130,—,123,ЛОНГ,9.68078,-0.398453,-37.429452402574256,TP1,TP1,17.9,61.28
2026-04-13T14:59:38,VIRTUALUSDT,breakout,130,—,130,ЛОНГ,0.676,0.005,-2.178639063036079,LOSS,LOSS,-0.78,-1.36
2026-04-13T14:59:38,TAOUSDT,bos_fvg,129,—,88,ШОРТ,260.55,0.005,-5.744271861752288,WIN,TP1,-1.58,-7.87
2026-04-13T14:59:38,WLDUSDT,bos_fvg,129,—,125,ЛОНГ,0.304,0.01,7.561021750538853,LOSS,LOSS,-1.25,-2.83
2026-04-13T14:59:38,BASEDUSDT,breakout,129,—,129,ЛОНГ,0.0679,-0.020176,1.5371381365655763,LOSS,WIN,-4.86,3.83
2026-04-13T14:59:38,ENJUSDT,breakout,128,—,128,ЛОНГ,0.048815,-2.5,3.3277120191046103,LOSS,TP1,-7.93,18.83
2026-04-13T14:59:38,BTCUSDT,breakout,128,—,128,ЛОНГ,72017.36,-0.004537,-1.3917307870483109,TP1,TP1,1.66,2.83
2026-04-13T14:59:38,BNBUSDT,bos_fvg,128,—,88,ШОРТ,601.76,0.008946,-2.753993007240829,STOP,STOP,1.05,1.95
2026-04-13T14:59:38,ONDOUSDT,bos_fvg,126,—,54,ШОРТ,0.253,0.005,-3.944288880044982,WIN,WIN,-1.23,-1.26
2026-04-13T14:59:38,GALAUSDT,bos_fvg,126,—,93,ШОРТ,0.00295,-0.007428,2.4668348128103914,WIN,WIN,-0.54,-0.75
2026-04-13T14:59:38,DASHUSDT,bos_fvg,124,—,48,ШОРТ,41.41,0.01,1.9972875861292243,TP1,TP1,-3.14,-7.75
2026-04-13T14:59:38,PUMPFUNUSDT,breakout,124,—,124,ЛОНГ,0.0018254,0.005,-4.486411921116992,WIN,FLAT,0.73,-0.29
2026-04-13T14:59:38,AVAXUSDT,bos_fvg,123,—,90,ЖДАТЬ,9.263,0.008648,-0.7345322389633332,TP1,TP1,0.31,0.56
2026-04-13T14:59:38,WIFUSDT,bos_fvg,123,—,87,ШОРТ,0.18826,0.005,-7.880172188060748,FLAT,LOSS,0.47,1.45
2026-04-13T14:59:38,LINKUSDT,bos_fvg,122,—,76,ЖДАТЬ,8.859,0.002363,-1.0945965423828032,STOP,STOP,1.4,1.51
2026-04-13T14:59:38,JTOUSDT,breakout,121,—,121,ЛОНГ,0.3286,-0.06629700000000001,7.726566864843348,LOSS,STOP,-2.43,-6.66
2026-04-13T14:59:38,XAUTUSDT,bos_fvg,120,—,57,ШОРТ,4683.14,0.005,3.9060701923173617,LOSS,STOP,0.58,2.71
2026-04-13T14:59:38,WLFIUSDT,bos_fvg,119,—,31,ШОРТ,0.0796,0.005,-4.680150683333928,FLAT,FLAT,0.15,0.45
2026-04-13T14:59:38,CLUSDT,bos_fvg,117,—,79,ЛОНГ,96.115,0.0,-15.00272249992443,STOP,STOP,-3.34,-7.86
2026-04-13T14:59:38,TRXUSDT,bos_fvg,117,—,50,ЛОНГ,0.31974,-0.002316,3.6746925069045178,FLAT,TP1,0.23,1.12
2026-04-13T14:59:38,BEATUSDT,bos_fvg,115,—,61,ЛОНГ,0.38084,0.016644000000000003,1.9608992709593214,WIN,LOSS,1.45,-6.22
2026-04-13T14:59:38,APTUSDT,bos_fvg,114,—,87,ШОРТ,0.8389,-0.030861000000000003,1.9887761237341688,LOSS,STOP,1.06,1.68
2026-04-13T14:59:38,HBARUSDT,bos_fvg,114,—,57,ШОРТ,0.08593,-0.006043000000000001,3.3370570220951317,FLAT,TP1,-0.35,-1.37
2026-04-13T14:59:38,SUIUSDT,bos_fvg,112,—,94,ШОРТ,0.917,0.01,-0.5565880061947038,STOP,LOSS,1.47,1.25
2026-04-13T14:59:38,XAUUSDT,bos_fvg,111,—,55,ШОРТ,4714.74,0.0,-9.883065009068886,LOSS,STOP,0.61,2.63
2026-04-13T14:59:38,LTCUSDT,bos_fvg,111,—,67,ШОРТ,53.2,-0.004802,-6.80534025478437,FLAT,STOP,0.43,2.09
2026-04-13T14:59:38,RENDERUSDT,bos_fvg,111,—,63,ШОРТ,1.9027,-0.004467,2.4910675080965134,FLAT,TP1,-0.24,-4.03
2026-04-13T14:59:38,XAGUSDT,bos_fvg,110,—,34,ШОРТ,73.93,0.0,-4.600864625782853,STOP,STOP,2.26,7.55
2026-04-13T14:59:38,FIGHTUSDT,breakout,110,—,110,ЛОНГ,0.004172,0.005,2.5236908794072166,WIN,LOSS,9.8,-6.54
2026-04-13T14:59:38,AIOUSDT,bos_fvg,109,—,76,ЛОНГ,0.10915,0.005,15.982675618963862,LOSS,STOP,-4.43,-27.16
2026-04-13T14:59:38,DOTUSDT,bos_fvg,108,—,63,ШОРТ,1.1757,-0.16108,18.84104491072077,FLAT,WIN,0.03,-1.7
2026-04-13T14:59:38,INXUSDT,breakout,106,—,106,ЛОНГ,0.015818,0.053283,115.82134451452497,LOSS,LOSS,-5.77,-20.82
2026-04-13T14:59:38,ADAUSDT,bos_fvg,106,—,71,ШОРТ,0.2419,-0.00136,3.309485806924755,WIN,WIN,-0.74,-0.7
2026-04-13T14:59:38,BCHUSDT,bos_fvg,106,—,45,ШОРТ,426.93,-0.003677,0.7821732176955506,LOSS,STOP,0.53,1.75
2026-04-13T14:59:38,AKEUSDT,bos_fvg,105,—,56,ЛОНГ,0.0005565,0.007498,-2.8246254835682683,LOSS,TP1,-0.88,19.48
2026-04-13T14:59:38,LABUSDT,bos_fvg,104,—,85,ЛОНГ,0.58367,0.005,3.0838018285283364,WIN,STOP,1.61,-12.98
2026-04-13T14:59:38,AAVEUSDT,bos_fvg,102,—,85,ЖДАТЬ,94.82,0.01,-4.84435656862276,TP1,STOP,1.78,3.3
2026-04-13T14:59:38,XPLUSDT,bos_fvg,102,—,87,ЛОНГ,0.12851,0.005,-11.105190768405981,WIN,TP1,2.11,3.58
2026-04-13T14:59:38,ARIAUSDT,bos_fvg,100,—,96,ЛОНГ,0.82152,0.00125,-24.62750324034568,LOSS,STOP,-4.19,-87.45
2026-04-13T14:59:38,OPUSDT,bos_fvg,98,—,66,ШОРТ,0.10925,0.005872,0.4579949143246882,LOSS,LOSS,1.67,0.9
2026-04-13T14:59:38,KITEUSDT,breakout,97,—,97,ЛОНГ,0.13518,0.005,0.1928295826517849,LOSS,WIN,-0.81,0.92
2026-04-13T14:59:38,TRUMPUSDT,bos_fvg,95,—,93,ШОРТ,2.815,-0.120885,-2.1547034593057615,LOSS,TP1,0.64,-1.46
2026-04-13T14:59:38,IPUSDT,bos_fvg,94,—,78,ШОРТ,0.4769,-0.038979,-0.6278376114693144,LOSS,STOP,1.53,3.86
2026-04-13T14:59:38,RIVERUSDT,bos_fvg,92,—,82,ШОРТ,7.733,0.009037,1.077194722085213,WIN,STOP,-4.33,14.47
2026-04-13T14:59:38,BANUSDT,breakout,91,—,91,ЛОНГ,0.08097,0.005,0.5447495978518802,WIN,LOSS,8.78,-2.46
2026-04-13T14:59:38,FFUSDT,bos_fvg,86,—,57,ШОРТ,0.07767,0.005,4.491861724779592,LOSS,FLAT,1.88,-0.1
2026-04-13T14:59:38,EDGEUSDT,bos_fvg,84,—,27,ШОРТ,0.8564,0.005,7.815948604763741,LOSS,STOP,1.93,16.23
2026-04-13T14:59:38,NOMUSDT,squeeze,82,—,64,ЛОНГ,0.003611,-0.34795400000000004,-3.951714956484356,LOSS,STOP,-4.46,-6.78
2026-04-13T14:59:38,ZECUSDT,breakout,79,—,79,ЛОНГ,359.89,0.01,-2.215891051874728,WIN,STOP,0.79,-3.19
2026-04-13T14:59:38,SIRENUSDT,squeeze,79,—,72,ЛОНГ,0.78526,-0.578167,-7.171598686355793,LOSS,STOP,-1.0,-13.36
2026-04-13T14:59:38,PIPPINUSDT,bos_fvg,79,—,52,ШОРТ,0.02581,0.005,-1.448174732461103,LOSS,LOSS,1.86,1.86
2026-04-13T21:17:10,RAVEUSDT,breakout,205,—,184,ЛОНГ,10.99798,-1.85121,-47.25027986108876,WIN,TP1,7.2,68.08
2026-04-13T21:17:10,BLESSUSDT,breakout,187,—,174,ЛОНГ,0.019079,0.005,31.60979935390938,WIN,WIN,9.33,18.05
2026-04-13T21:17:10,STABLEUSDT,breakout,159,—,146,ЛОНГ,0.027717,-0.25476499999999996,7.690411985664829,LOSS,LOSS,-4.66,-6.41
2026-04-13T21:17:10,BROCCOLIUSDT,breakout,157,—,157,ЛОНГ,0.016566,0.091668,143.18922713884638,LOSS,FLAT,-4.33,0.33
2026-04-13T21:17:10,GIGGLEUSDT,bos_fvg,156,—,112,ЛОНГ,38.7,0.005,56.67706807109661,LOSS,TP1,-2.71,28.17
2026-04-13T21:17:10,DOTUSDT,bos_fvg,152,—,76,ШОРТ,1.1769,-0.230236,17.385070056670568,LOSS,WIN,1.17,-0.59
2026-04-13T21:17:10,DRIFTUSDT,squeeze,147,—,122,ЛОНГ,0.03953,-0.056817,-37.118798489520735,TP1,TP1,19.76,16.95
2026-04-13T21:17:10,FIGHTUSDT,bos_fvg,141,—,105,ЛОНГ,0.004581,0.005,1.1445829410504866,LOSS,LOSS,-6.68,-15.78
2026-04-13T21:17:10,HYPEUSDT,breakout,139,—,131,ЛОНГ,43.65,-0.002023,4.102429105808715,TP1,FLAT,2.65,0.18
2026-04-13T21:17:10,LABUSDT,breakout,139,—,134,ЛОНГ,0.58889,0.005,1.479547510792776,WIN,STOP,7.39,-20.17
2026-04-13T21:17:10,TONUSDT,bos_fvg,134,—,40,ЛОНГ,1.4238,0.005,-3.277950135306367,WIN,STOP,0.67,-2.78
2026-04-13T21:17:10,LTCUSDT,bos_fvg,132,—,28,ШОРТ,53.41,-0.008366,-6.44870967380222,STOP,STOP,1.39,1.78
2026-04-13T21:17:10,WETUSDT,breakout,130,—,109,ЛОНГ,0.15098,-0.073922,82.77576458920926,FLAT,LOSS,-0.09,-1.23
2026-04-13T21:17:10,ADAUSDT,bos_fvg,127,—,84,ШОРТ,0.2402,-0.001817,1.9670520596366319,LOSS,FLAT,1.21,0.0
2026-04-13T21:17:10,WIFUSDT,squeeze,127,—,92,ЛОНГ,0.1892,-0.054831,-10.220908058190645,TP1,TP1,4.28,2.53
2026-04-13T21:17:10,1000PEPEUSDT,bos_fvg,125,—,102,ЛОНГ,0.003598,0.01,1.143915098367017,TP1,FLAT,2.17,-0.06
2026-04-13T21:17:10,ARBUSDT,squeeze,125,—,73,ЛОНГ,0.11113,-0.0009480000000000001,1.8713090605090823,TP1,LOSS,1.63,-0.5
2026-04-13T21:17:10,ENJUSDT,breakout,122,—,101,ЛОНГ,0.045081,-0.245515,6.382853586059232,LOSS,TP1,-2.22,31.95
2026-04-13T21:17:10,SUIUSDT,bos_fvg,122,—,59,ЛОНГ,0.9299,0.01,0.13672096644468434,WIN,WIN,1.67,0.79
2026-04-13T21:17:10,APTUSDT,bos_fvg,122,—,82,ЛОНГ,0.848,-0.010089,-2.866570152422638,TP1,WIN,2.5,1.49
2026-04-13T21:17:10,XAGUSDT,breakout,121,—,113,ЛОНГ,75.6,0.0,-5.781750223511585,TP1,TP1,1.88,5.54
2026-04-13T21:17:10,ETHUSDT,bos_fvg,119,—,103,ЛОНГ,2258.42,0.008145,0.7517785368087514,TP1,TP1,4.55,3.23
2026-04-13T21:17:10,DOGEUSDT,breakout,119,—,106,ЛОНГ,0.09277,0.008823,-8.396042287626852,FLAT,FLAT,0.26,0.47
2026-04-13T21:17:10,SIRENUSDT,bos_fvg,119,—,91,ЛОНГ,0.77635,0.005,-5.198888091404135,WIN,STOP,2.7,-9.06
2026-04-13T21:17:10,FARTCOINUSDT,bos_fvg,117,—,57,ЛОНГ,0.19241,0.005,0.5798817239954182,TP1,FLAT,9.19,0.2
2026-04-13T21:17:10,INXUSDT,bos_fvg,117,—,98,ЛОНГ,0.014953,0.015362,43.48508465608816,LOSS,LOSS,-1.2,-16.89
2026-04-13T21:17:10,ZECUSDT,bos_fvg,114,—,52,ШОРТ,363.53,0.01,-7.019300852365896,FLAT,WIN,0.22,-1.03
2026-04-13T21:17:10,NEARUSDT,bos_fvg,114,—,88,ЛОНГ,1.3939,0.01,4.232422081898464,WIN,LOSS,0.78,-2.35
2026-04-13T21:17:10,AVAXUSDT,bos_fvg,114,—,80,ЛОНГ,9.294,0.01,-1.8036805618706055,WIN,FLAT,1.09,0.36
2026-04-13T21:17:10,BTCUSDT,breakout,113,—,100,ЛОНГ,73250.0,-0.008601,2.1396886296103856,TP1,TP1,1.4,1.69
2026-04-13T21:17:10,TAOUSDT,bos_fvg,108,—,58,ШОРТ,256.27,0.005,0.2598880320696715,FLAT,TP1,-0.05,-4.77
2026-04-13T21:17:10,SOLUSDT,bos_fvg,107,—,92,ЛОНГ,84.052,0.01,-1.090319547592832,TP1,LOSS,1.94,-0.53
2026-04-13T21:17:10,ARIAUSDT,squeeze,107,—,80,ЛОНГ,0.78611,0.00125,-23.38818670543166,WIN,STOP,0.85,-83.8
2026-04-13T21:17:10,ENAUSDT,bos_fvg,102,—,58,ЛОНГ,0.09577,0.005,0.8514388990031834,WIN,WIN,2.1,1.16
2026-04-13T21:17:10,CRVUSDT,bos_fvg,101,—,76,ЛОНГ,0.2135,0.002818,1.596460922014578,WIN,WIN,1.26,1.64
2026-04-13T21:17:10,XRPUSDT,bos_fvg,100,—,42,ЛОНГ,1.351,0.01,-6.152505209853442,WIN,WIN,0.79,0.72
2026-04-13T21:17:10,XPLUSDT,breakout,100,—,95,ЛОНГ,0.13102,0.005,-7.6170040552006215,TP1,WIN,10.04,3.15
2026-04-13T21:17:10,LINKUSDT,bos_fvg,99,—,66,ЛОНГ,8.984,0.01,-1.0751663041301023,TP1,WIN,2.35,0.59
2026-04-13T21:17:10,VIRTUALUSDT,bos_fvg,99,—,88,ЛОНГ,0.6707,0.005,-3.7265034519240854,TP1,FLAT,2.64,0.21
2026-04-13T21:17:10,CLUSDT,bos_fvg,98,—,36,ШОРТ,92.877,-0.032362,4.091840716431216,WIN,TP1,-1.28,-5.68
2026-04-13T21:17:10,MONUSDT,bos_fvg,98,—,79,ЛОНГ,0.034643,0.01,1.2598412831868795,WIN,WIN,1.91,0.52
2026-04-13T21:17:10,BEATUSDT,bos_fvg,94,—,75,ЛОНГ,0.38893,0.005,8.121026720401064,FLAT,LOSS,-0.35,-7.42
2026-04-13T21:17:10,AAVEUSDT,bos_fvg,93,—,59,ЛОНГ,96.52,0.01,-7.5322875650064205,TP1,TP1,3.65,3.96
2026-04-13T21:17:10,BNBUSDT,bos_fvg,92,—,44,ЛОНГ,608.2,0.01,-0.5420484438470639,WIN,TP1,0.76,1.33
2026-04-13T21:17:10,WLDUSDT,squeeze,90,—,63,ЛОНГ,0.3001,-0.015255999999999999,0.9296643450690318,TP1,LOSS,5.7,-2.57
2026-04-13T21:17:10,XAUUSDT,breakout,88,—,88,ЛОНГ,4743.32,0.000691,0.6481116767616664,WIN,TP1,0.51,1.96
2026-04-13T21:17:10,RIVERUSDT,bos_fvg,87,—,54,ШОРТ,7.401,0.005,1.342685369879806,STOP,STOP,12.07,22.21
2026-04-13T21:17:10,XAUTUSDT,bos_fvg,86,—,46,ЛОНГ,4710.43,0.0017269999999999998,3.0776660252668253,WIN,TP1,0.56,2.06
2026-04-13T21:17:10,PAXGUSDT,bos_fvg,81,—,46,ЛОНГ,4723.3,0.005,-4.922749794598722,WIN,TP1,0.52,2.14
2026-04-13T21:17:10,TRUMPUSDT,bos_fvg,67,—,27,ШОРТ,2.829,-0.042924000000000004,-3.544394997046634,LOSS,TP1,0.64,-1.31
2026-04-13T22:12:09,BLESSUSDT,breakout,221,—,208,ЛОНГ,0.024134,0.005,41.88424794006737,LOSS,LOSS,-17.53,-5.89
2026-04-13T22:12:09,RAVEUSDT,squeeze,192,—,152,ЛОНГ,10.78456,-0.47492,-42.36379230226434,WIN,TP1,9.08,72.01
2026-04-13T22:12:09,WETUSDT,breakout,158,—,137,ЛОНГ,0.16089,-0.059826,92.7567681018629,LOSS,LOSS,-6.62,-7.3
2026-04-13T22:12:09,XAUUSDT,breakout,151,—,151,ЛОНГ,4751.83,0.002454,1.6300813792087194,FLAT,TP1,0.33,1.77
2026-04-13T22:12:09,DOTUSDT,bos_fvg,149,—,34,ШОРТ,1.1854,-0.192909,18.129498299204105,FLAT,WIN,0.31,-1.31
2026-04-13T22:12:09,DASHUSDT,bos_fvg,144,—,109,ЛОНГ,41.26,0.01,-6.950004120482313,LOSS,STOP,-2.16,-6.81
2026-04-13T22:12:09,BTCUSDT,breakout,141,—,128,ЛОНГ,73360.0,-0.006862,2.5187480425748485,TP1,TP1,1.31,1.53
2026-04-13T22:12:09,ENJUSDT,breakout,138,—,130,ЛОНГ,0.043818,0.00125,7.163780776580563,WIN,TP1,0.88,36.14
2026-04-13T22:12:09,TAOUSDT,bos_fvg,138,—,68,ШОРТ,260.1,0.005,1.3436808197925503,WIN,TP1,-1.46,-6.32
2026-04-13T22:12:09,LTCUSDT,bos_fvg,134,—,-6,ШОРТ,53.69,-0.008444,-5.743820105615015,LOSS,LOSS,0.8,1.17
2026-04-13T22:12:09,GIGGLEUSDT,breakout,133,—,120,ЛОНГ,39.43,0.005,55.4333662091692,LOSS,TP1,-4.54,24.93
2026-04-13T22:12:09,BEATUSDT,bos_fvg,133,—,81,ЛОНГ,0.38022,0.005,7.926073043251463,WIN,LOSS,2.07,-5.34
2026-04-13T22:12:09,FIGHTUSDT,bos_fvg,133,—,100,ЛОНГ,0.004517,0.005,1.4120190518200701,LOSS,LOSS,-5.29,-14.59
2026-04-13T22:12:09,INXUSDT,bos_fvg,129,—,54,ЛОНГ,0.015123,0.01494,43.64190645695234,LOSS,LOSS,-2.47,-17.69
2026-04-13T22:12:09,HYPEUSDT,breakout,127,—,119,ЛОНГ,43.789,0.0,4.9295743196493085,TP1,FLAT,2.26,-0.14
2026-04-13T22:12:09,BROCCOLIUSDT,bos_fvg,127,—,97,ЛОНГ,0.017762,0.138156,192.35973977633648,LOSS,LOSS,-10.62,-6.18
2026-04-13T22:12:09,ZECUSDT,breakout,126,—,113,ЛОНГ,377.69,0.01,-5.656099345040181,LOSS,STOP,-3.53,-4.81
2026-04-13T22:12:09,TONUSDT,bos_fvg,126,—,104,ЛОНГ,1.4263,0.005,-2.6389914375911547,WIN,STOP,0.55,-3.05
2026-04-13T22:12:09,DRIFTUSDT,squeeze,124,—,88,ЛОНГ,0.04034,-0.100499,-39.285175841588455,TP1,TP1,16.41,14.58
2026-04-13T22:12:09,STABLEUSDT,squeeze,123,—,86,ЛОНГ,0.02736,-0.16143100000000002,6.977243461585612,LOSS,LOSS,-3.49,-5.19
2026-04-13T22:12:09,ARBUSDT,squeeze,123,—,112,ЛОНГ,0.11149,-0.003642,1.8606711255054764,WIN,LOSS,1.28,-0.85
2026-04-13T22:12:09,NEARUSDT,breakout,121,—,108,ЛОНГ,1.3981,0.01,4.6439889290652205,WIN,LOSS,0.55,-2.64
2026-04-13T22:12:09,AVAXUSDT,breakout,121,—,116,ЛОНГ,9.363,0.01,-1.5171249646568414,FLAT,FLAT,0.43,-0.41
2026-04-13T22:12:09,FARTCOINUSDT,bos_fvg,118,—,104,ЛОНГ,0.19372,0.005,-4.330161822389247,TP1,LOSS,8.69,-0.58
2026-04-13T22:12:09,XAGUSDT,squeeze,116,—,96,ЛОНГ,75.71,0.0,-12.171854982985048,TP1,TP1,1.78,5.27
2026-04-13T22:12:09,LABUSDT,breakout,115,—,110,ЛОНГ,0.5957,0.005,1.627279898064438,WIN,STOP,5.63,-21.82
2026-04-13T22:12:09,SIRENUSDT,breakout,112,—,104,ЛОНГ,0.77426,0.005,-5.508758843115191,WIN,STOP,2.64,-8.63
2026-04-13T22:12:09,MONUSDT,breakout,111,—,98,ЛОНГ,0.034407,0.01,1.5824412018174847,WIN,WIN,2.68,1.35
2026-04-13T22:12:09,1000PEPEUSDT,bos_fvg,109,—,88,ЛОНГ,0.003619,0.01,1.4157623576981277,WIN,LOSS,1.24,-0.75
2026-04-13T22:12:09,ETHUSDT,bos_fvg,107,—,92,ЛОНГ,2273.97,0.00724,1.4072069455562302,TP1,TP1,3.77,2.52
2026-04-13T22:12:09,ADAUSDT,bos_fvg,105,—,86,ШОРТ,0.241,0.00419,0.9146442247536934,LOSS,FLAT,0.71,-0.33
2026-04-13T22:12:09,WLDUSDT,breakout,104,—,96,ЛОНГ,0.3025,-0.0058980000000000005,2.3242552308549635,TP1,LOSS,4.89,-3.27
2026-04-13T22:12:09,WIFUSDT,breakout,104,—,96,ЛОНГ,0.19146,0.000458,-11.236465211782248,TP1,WIN,2.74,1.18
2026-04-13T22:12:09,DOGEUSDT,squeeze,103,—,87,ЛОНГ,0.09302,0.01,-7.401680713143019,FLAT,FLAT,-0.05,0.13
2026-04-13T22:12:09,CLUSDT,bos_fvg,103,—,54,ШОРТ,93.001,0.0,2.6703247906353815,WIN,TP1,-1.34,-5.75
2026-04-13T22:12:09,ARIAUSDT,squeeze,103,—,68,ЛОНГ,0.80604,0.020358,-22.715218437329728,LOSS,STOP,-1.97,-84.16
2026-04-13T22:12:09,ENAUSDT,breakout,101,—,88,ЛОНГ,0.09699,0.005,2.884801278125788,WIN,FLAT,0.88,-0.15
2026-04-13T22:12:09,LINKUSDT,breakout,101,—,96,ЛОНГ,9.058,0.01,-1.280989914761049,TP1,FLAT,1.51,-0.25
2026-04-13T22:12:09,XRPUSDT,bos_fvg,100,—,70,ЛОНГ,1.3539,0.01,-6.1952572757639235,WIN,WIN,0.56,0.5
2026-04-13T22:12:09,SUIUSDT,bos_fvg,99,—,92,ЛОНГ,0.9339,0.01,-0.338317268587406,WIN,FLAT,1.11,0.29
2026-04-13T22:12:09,VIRTUALUSDT,bos_fvg,99,—,72,ЛОНГ,0.6779,0.005,-1.5193993670531902,WIN,LOSS,1.55,-0.89
2026-04-13T22:12:09,RIVERUSDT,bos_fvg,95,—,10,ШОРТ,7.592,0.005,1.1645858582369109,STOP,STOP,9.29,18.57
2026-04-13T22:12:09,APTUSDT,bos_fvg,95,—,86,ЛОНГ,0.858,0.000495,-3.4019331724721256,WIN,FLAT,1.26,0.22
2026-04-13T22:12:09,XAUTUSDT,bos_fvg,93,—,60,ЛОНГ,4720.9,0.005,2.7167406989583074,FLAT,TP1,0.34,1.82
2026-04-13T22:12:09,XPLUSDT,bos_fvg,93,—,81,ЛОНГ,0.13285,0.005,-6.729594915066249,TP1,WIN,8.57,1.68
2026-04-13T22:12:09,CRVUSDT,bos_fvg,93,—,35,ЛОНГ,0.2154,0.01,2.373723930870524,FLAT,WIN,0.42,0.65
2026-04-13T22:12:09,SOLUSDT,bos_fvg,92,—,81,ЛОНГ,84.35,0.01,-0.09029233129417259,TP1,LOSS,1.59,-0.82
2026-04-13T22:12:09,BNBUSDT,range_sweep,92,—,64,ЛОНГ,610.0,0.01,0.629729638048365,FLAT,TP1,0.46,1.07
2026-04-13T22:12:09,AAVEUSDT,breakout,79,—,74,ЛОНГ,98.54,0.01,-7.562121124112818,WIN,WIN,1.37,1.92
2026-04-13T22:12:09,TRUMPUSDT,breakout,74,—,69,ЛОНГ,2.845,-0.035674,-3.5419918015520455,FLAT,STOP,0.11,-1.9
2026-04-13T22:16:15,BLESSUSDT,breakout,221,—,208,ЛОНГ,0.024109,0.005,38.357839324202196,LOSS,LOSS,-16.12,-6.46
2026-04-13T22:16:15,RAVEUSDT,breakout,195,—,174,ЛОНГ,10.59661,-0.582541,-43.08370462198965,WIN,TP1,11.36,79.06
2026-04-13T22:16:15,WETUSDT,breakout,158,—,137,ЛОНГ,0.1607,-0.064659,93.77162093214433,LOSS,LOSS,-6.75,-7.55
2026-04-13T22:16:15,BEATUSDT,bos_fvg,149,—,95,ЛОНГ,0.37686,0.005,8.229706475018714,WIN,LOSS,3.11,-4.24
2026-04-13T22:16:15,DRIFTUSDT,breakout,144,—,136,ЛОНГ,0.04071,-0.100967,-39.39755976542559,TP1,TP1,15.62,13.41
2026-04-13T22:16:15,DASHUSDT,bos_fvg,144,—,87,ЛОНГ,41.33,0.01,-7.317396438296751,LOSS,STOP,-2.25,-6.97
2026-04-13T22:16:15,ENJUSDT,breakout,143,—,130,ЛОНГ,0.043879,-0.008813,6.436806360813918,WIN,TP1,0.73,35.32
2026-04-13T22:16:15,DOTUSDT,bos_fvg,141,—,46,ШОРТ,1.1908,-0.190332,17.90446371310702,FLAT,WIN,-0.14,-1.92
2026-04-13T22:16:15,TAOUSDT,bos_fvg,138,—,56,ШОРТ,260.74,0.005,1.4870922519953638,WIN,TP1,-1.78,-6.55
2026-04-13T22:16:15,GIGGLEUSDT,breakout,133,—,120,ЛОНГ,39.59,0.005,57.9156312967333,LOSS,TP1,-4.57,23.87
2026-04-13T22:16:15,TONUSDT,bos_fvg,133,—,82,ЛОНГ,1.4309,0.005,-2.662941722525296,FLAT,STOP,0.27,-3.43
2026-04-13T22:16:15,ENAUSDT,breakout,131,—,118,ЛОНГ,0.09789,0.005,3.7587625126356583,FLAT,LOSS,-0.06,-1.01
2026-04-13T22:16:15,STABLEUSDT,squeeze,131,—,108,ЛОНГ,0.027371,-0.16201200000000002,6.896514952003993,LOSS,LOSS,-3.49,-5.23
2026-04-13T22:16:15,BROCCOLIUSDT,breakout,131,—,131,ЛОНГ,0.017753,0.142473,199.91097572512066,LOSS,LOSS,-10.58,-6.07
2026-04-13T22:16:15,ZECUSDT,breakout,130,—,117,ЛОНГ,379.28,0.01,-5.5963098632584245,STOP,STOP,-3.75,-5.23
2026-04-13T22:16:15,INXUSDT,bos_fvg,129,—,54,ЛОНГ,0.01509,0.018973,43.57294315100283,LOSS,LOSS,-2.28,-17.62
2026-04-13T22:16:15,FIGHTUSDT,bos_fvg,125,—,106,ЛОНГ,0.004603,0.005,2.1345686094209437,LOSS,LOSS,-6.89,-16.21
2026-04-13T22:16:15,FARTCOINUSDT,breakout,124,—,111,ЛОНГ,0.19498,0.005,-4.370379669900756,TP1,LOSS,8.02,-1.04
2026-04-13T22:16:15,ARIAUSDT,squeeze,120,—,86,ЛОНГ,0.81089,0.022555000000000002,-22.656372996533953,LOSS,STOP,-2.26,-84.18
2026-04-13T22:16:15,LTCUSDT,bos_fvg,119,—,-6,ШОРТ,53.81,-0.008402,-5.601210961463684,LOSS,LOSS,0.56,0.97
2026-04-13T22:16:15,ARBUSDT,bos_fvg,118,—,90,ЛОНГ,0.11198,-0.004406,1.7762300745159851,WIN,LOSS,0.83,-1.29
2026-04-13T22:16:15,XAGUSDT,squeeze,116,—,96,ЛОНГ,75.7,0.0,-12.059241646215305,TP1,TP1,1.84,5.14
2026-04-13T22:16:15,AVAXUSDT,breakout,115,—,110,ЛОНГ,9.415,0.01,-1.4966473070019277,FLAT,LOSS,-0.15,-0.93
2026-04-13T22:16:15,1000PEPEUSDT,breakout,113,—,100,ЛОНГ,0.0036432,0.01,0.6894132957248101,WIN,LOSS,0.52,-1.38
2026-04-13T22:16:15,AAVEUSDT,breakout,113,—,108,ЛОНГ,99.16,0.01,-8.893943756714137,WIN,WIN,0.72,1.33
2026-04-13T22:16:15,XAUUSDT,breakout,113,—,113,ЛОНГ,4750.83,0.003038,1.6889511294536264,FLAT,TP1,0.34,1.74
2026-04-13T22:16:15,NEARUSDT,breakout,109,—,96,ЛОНГ,1.4055,0.01,4.693165699708462,FLAT,STOP,0.04,-3.19
2026-04-13T22:16:15,LINKUSDT,breakout,109,—,104,ЛОНГ,9.136,0.01,-1.1760786108201193,WIN,LOSS,0.63,-1.07
2026-04-13T22:16:15,BTCUSDT,breakout,107,—,94,ЛОНГ,73760.72,-0.006765,2.014254384004586,WIN,WIN,0.74,1.03
2026-04-13T22:16:15,MONUSDT,breakout,107,—,94,ЛОНГ,0.034986,0.01,1.4740543648491058,WIN,FLAT,0.93,-0.41
2026-04-13T22:16:15,HYPEUSDT,breakout,105,—,97,ЛОНГ,43.747,-0.00023099999999999998,4.823755887390298,TP1,FLAT,2.34,-0.03
2026-04-13T22:16:15,ETHUSDT,breakout,105,—,100,ЛОНГ,2295.1,0.007132,1.9780561625118214,TP1,TP1,2.79,1.6
2026-04-13T22:16:15,WLDUSDT,breakout,104,—,96,ЛОНГ,0.3046,-0.006115,2.3874482645641684,TP1,STOP,4.01,-3.97
2026-04-13T22:16:15,DOGEUSDT,squeeze,103,—,61,ЛОНГ,0.09344,0.01,-6.497939472150358,LOSS,FLAT,-0.58,-0.3
2026-04-13T22:16:15,CLUSDT,bos_fvg,103,—,42,ШОРТ,92.936,0.0,2.6426319431484364,WIN,TP1,-1.29,-5.76
2026-04-13T22:16:15,CRVUSDT,bos_fvg,101,—,35,ЛОНГ,0.2166,0.01,2.761886121629751,FLAT,FLAT,-0.18,0.09
2026-04-13T22:16:15,SOLUSDT,bos_fvg,100,—,77,ЛОНГ,84.85,0.01,1.6536044540706865,WIN,LOSS,0.97,-1.44
2026-04-13T22:16:15,SUIUSDT,bos_fvg,99,—,70,ЛОНГ,0.93937,0.01,-0.4347600213076608,WIN,FLAT,0.52,-0.29
2026-04-13T22:16:15,SIRENUSDT,bos_fvg,96,—,70,ЛОНГ,0.77364,0.005,-5.568422980458658,WIN,STOP,2.85,-9.1
2026-04-13T22:16:15,RIVERUSDT,bos_fvg,95,—,22,ШОРТ,7.614,0.005,1.1765395391413362,STOP,STOP,9.29,18.19
2026-04-13T22:16:15,APTUSDT,bos_fvg,95,—,74,ЛОНГ,0.8613,0.00023999999999999998,-3.446146371001191,WIN,FLAT,0.89,-0.17
2026-04-13T22:16:15,ADAUSDT,breakout,94,—,86,ЛОНГ,0.2423,0.003846,1.1418845822445143,FLAT,LOSS,0.25,-0.87
2026-04-13T22:16:15,XAUTUSDT,bos_fvg,93,—,60,ЛОНГ,4719.4,0.005,2.7740810712959743,FLAT,TP1,0.37,1.83
2026-04-13T22:16:15,XPLUSDT,bos_fvg,93,—,69,ЛОНГ,0.13344,0.005,-6.684660291236103,TP1,WIN,8.21,1.03
2026-04-13T22:16:15,BNBUSDT,range_sweep,92,—,71,ЛОНГ,612.1,0.01,0.524417562380016,FLAT,WIN,0.08,0.72
2026-04-13T22:16:15,VIRTUALUSDT,bos_fvg,91,—,72,ЛОНГ,0.6812,0.005,-1.5155365665968183,WIN,LOSS,1.0,-1.39
2026-04-13T22:16:15,LABUSDT,bos_fvg,85,—,76,ЛОНГ,0.59403,0.005,1.6146454358698763,WIN,STOP,5.89,-21.34
2026-04-13T22:16:15,WIFUSDT,bos_fvg,80,—,63,ЛОНГ,0.1938,0.000575,-11.532499858602588,WIN,FLAT,1.41,-0.08
2026-04-13T22:16:15,XRPUSDT,bos_fvg,77,—,44,ЛОНГ,1.3604,0.01,-6.349294921566023,FLAT,FLAT,0.08,-0.01
2026-04-13T22:16:15,TRUMPUSDT,squeeze,60,—,35,ЛОНГ,2.855,-0.036109999999999996,-3.7828778391373414,FLAT,STOP,-0.25,-2.21
2026-04-13T22:22:52,BLESSUSDT,breakout,199,—,186,ЛОНГ,0.024644,0.004791,37.871686801809695,LOSS,LOSS,-17.02,-8.85
2026-04-13T22:22:52,RAVEUSDT,breakout,195,—,174,ЛОНГ,10.58776,-0.589446,-42.95333419212577,WIN,TP1,12.11,81.59
2026-04-13T22:22:52,WETUSDT,breakout,192,—,171,ЛОНГ,0.16424,-0.05967499999999999,94.23476374171959,LOSS,LOSS,-8.55,-9.54
2026-04-13T22:22:52,DOTUSDT,bos_fvg,157,—,34,ШОРТ,1.2024,-0.186076,17.240751221083706,WIN,TP1,-1.1,-3.01
2026-04-13T22:22:52,GIGGLEUSDT,breakout,155,—,142,ЛОНГ,39.33,0.005,58.03315463512647,LOSS,TP1,-3.84,25.12
2026-04-13T22:22:52,ENJUSDT,bos_fvg,146,—,114,ЛОНГ,0.043944,-0.030350000000000002,5.326947417550782,WIN,TP1,1.05,35.14
2026-04-13T22:22:52,NEARUSDT,breakout,143,—,130,ЛОНГ,1.4079,0.01,4.657807495598919,FLAT,STOP,-0.13,-3.43
2026-04-13T22:22:52,ENAUSDT,breakout,139,—,126,ЛОНГ,0.10055,0.005,3.8533364404222836,LOSS,LOSS,-2.72,-3.46
2026-04-13T22:22:52,TAOUSDT,bos_fvg,138,—,56,ШОРТ,262.57,0.005,1.647062401090555,TP1,TP1,-2.46,-7.26
2026-04-13T22:22:52,ZECUSDT,breakout,138,—,125,ЛОНГ,378.56,0.01,-4.895138787419123,STOP,STOP,-3.75,-5.01
2026-04-13T22:22:52,DASHUSDT,bos_fvg,134,—,87,ЛОНГ,41.54,0.01,-6.515008125432447,LOSS,STOP,-2.72,-7.61
2026-04-13T22:22:52,INXUSDT,bos_fvg,129,—,76,ЛОНГ,0.01507,0.023596000000000002,44.42723135980186,LOSS,LOSS,-1.98,-17.39
2026-04-13T22:22:52,BROCCOLIUSDT,bos_fvg,129,—,109,ЛОНГ,0.017955,0.15412900000000002,220.33050351584507,LOSS,LOSS,-11.86,-7.21
2026-04-13T22:22:52,STABLEUSDT,squeeze,128,—,106,ЛОНГ,0.027118,-0.157469,6.653571491837298,LOSS,LOSS,-2.56,-4.34
2026-04-13T22:22:52,FIGHTUSDT,bos_fvg,125,—,106,ЛОНГ,0.004633,0.005,1.689394620786396,LOSS,LOSS,-7.36,-16.49
2026-04-13T22:22:52,1000PEPEUSDT,breakout,123,—,118,ЛОНГ,0.0036964,0.01,-0.47014523770185457,LOSS,STOP,-0.9,-2.77
2026-04-13T22:22:52,DRIFTUSDT,breakout,120,—,112,ЛОНГ,0.04053,-0.094906,-39.63721391258339,TP1,TP1,16.14,13.99
2026-04-13T22:22:52,BTCUSDT,breakout,119,—,106,ЛОНГ,74188.2,-0.006161,1.2604436936806132,FLAT,FLAT,0.16,0.46
2026-04-13T22:22:52,XAGUSDT,squeeze,116,—,84,ЛОНГ,75.72,0.0,-11.243122146051611,TP1,TP1,1.85,4.91
2026-04-13T22:22:52,BEATUSDT,breakout,116,—,103,ЛОНГ,0.38191,0.005,8.120679048259479,WIN,LOSS,1.63,-5.3
2026-04-13T22:22:52,XPLUSDT,breakout,116,—,111,ЛОНГ,0.13518,0.005,-6.746283732886235,TP1,FLAT,6.82,-0.27
2026-04-13T22:22:52,SOLUSDT,breakout,106,—,93,ЛОНГ,85.64,0.01,0.8066010247539968,FLAT,STOP,0.04,-2.35
2026-04-13T22:22:52,ETHUSDT,breakout,105,—,100,ЛОНГ,2329.71,0.007904999999999999,1.42132949765927,WIN,FLAT,1.27,0.08
2026-04-13T22:22:52,TONUSDT,breakout,105,—,100,ЛОНГ,1.4373,0.005,-2.653578520905803,FLAT,STOP,-0.2,-3.88
2026-04-13T22:22:52,LTCUSDT,squeeze,102,—,12,ЛОНГ,54.29,-0.007692,-5.61911868300426,FLAT,FLAT,-0.29,0.09
2026-04-13T22:22:52,FARTCOINUSDT,bos_fvg,101,—,77,ЛОНГ,0.19925,0.005,-4.194294988946281,TP1,LOSS,5.55,-3.32
2026-04-13T22:22:52,XAUUSDT,breakout,101,—,101,ЛОНГ,4749.78,0.004839,1.5698764897310407,FLAT,TP1,0.37,1.7
2026-04-13T22:22:52,AVAXUSDT,breakout,101,—,96,ЛОНГ,9.501,0.01,-2.0029458908550075,LOSS,LOSS,-1.04,-1.84
2026-04-13T22:22:52,LABUSDT,bos_fvg,101,—,68,ЛОНГ,0.59213,0.005,1.4900621494881552,WIN,STOP,6.66,-20.99
2026-04-13T22:22:52,VIRTUALUSDT,breakout,101,—,88,ЛОНГ,0.6884,0.005,1.1220789298002178,FLAT,LOSS,-0.09,-2.45
2026-04-13T22:22:52,DOGEUSDT,bos_fvg,100,—,76,ЛОНГ,0.09415,0.01,-5.087662141630876,LOSS,LOSS,-1.32,-1.04
2026-04-13T22:22:52,ARBUSDT,bos_fvg,100,—,72,ЛОНГ,0.11306,-0.004628,1.665483344195217,FLAT,STOP,-0.14,-2.11
2026-04-13T22:22:52,XRPUSDT,breakout,98,—,93,ЛОНГ,1.3727,0.01,-5.754192159169307,LOSS,LOSS,-0.8,-0.9
2026-04-13T22:22:52,CRVUSDT,breakout,97,—,84,ЛОНГ,0.2194,0.01,2.264476375906338,LOSS,LOSS,-1.41,-1.19
2026-04-13T22:22:52,CLUSDT,bos_fvg,94,—,76,ШОРТ,92.726,0.0,2.524246292011673,WIN,TP1,-1.12,-5.44
2026-04-13T22:22:52,BNBUSDT,range_sweep,92,—,71,ЛОНГ,614.3,0.01,0.36813857416327433,FLAT,FLAT,-0.28,0.37
2026-04-13T22:22:52,HYPEUSDT,breakout,90,—,77,ЛОНГ,44.036,0.000329,4.405378276151742,WIN,LOSS,1.69,-0.68
2026-04-13T22:22:52,WIFUSDT,breakout,90,—,82,ЛОНГ,0.1974,0.005,-12.543302310154033,LOSS,LOSS,-0.5,-2.02
2026-04-13T22:22:52,MONUSDT,breakout,89,—,76,ЛОНГ,0.035539,0.01,1.0968477301769783,LOSS,LOSS,-0.56,-1.99
2026-04-13T22:22:52,SIRENUSDT,bos_fvg,88,—,76,ЛОНГ,0.78849,0.005,-4.676915530145763,WIN,STOP,0.64,-11.55
2026-04-13T22:22:52,RIVERUSDT,bos_fvg,87,—,38,ШОРТ,7.717,0.005,1.2269366359523117,STOP,STOP,8.01,16.22
2026-04-13T22:22:52,XAUTUSDT,bos_fvg,86,—,54,ЛОНГ,4717.98,0.005,2.633138548632447,FLAT,TP1,0.41,1.79
2026-04-13T22:22:52,WLDUSDT,breakout,86,—,78,ЛОНГ,0.3087,-0.0050609999999999995,2.9755971020730727,WIN,STOP,2.66,-5.25
2026-04-13T22:22:52,LINKUSDT,breakout,83,—,78,ЛОНГ,9.253,0.01,-0.5186949729925473,LOSS,STOP,-0.63,-2.36
2026-04-13T22:22:52,APTUSDT,breakout,82,—,82,ЛОНГ,0.8699,0.0020829999999999998,-3.6473462228417652,FLAT,LOSS,-0.14,-1.17
2026-04-13T22:22:52,TRUMPUSDT,breakout,81,—,76,ЛОНГ,2.87,-0.035656,-4.311565766158038,LOSS,STOP,-0.84,-2.65
2026-04-13T22:22:52,AAVEUSDT,breakout,79,—,74,ЛОНГ,100.99,0.01,-9.133577643927982,LOSS,LOSS,-1.18,-0.59
2026-04-13T22:22:52,SUIUSDT,breakout,79,—,74,ЛОНГ,0.9531,0.01,-0.16923617308830038,LOSS,LOSS,-0.91,-1.77
2026-04-13T22:22:52,ADAUSDT,breakout,72,—,64,ЛОНГ,0.2457,0.0049039999999999995,0.7398226488156148,LOSS,STOP,-1.14,-2.24
2026-04-13T22:22:52,ARIAUSDT,squeeze,69,—,50,ЛОНГ,0.79639,0.053483,-22.87449266430716,LOSS,STOP,-0.7,-84.2
2026-04-14T01:00:36,BLESSUSDT,bos_fvg,187,—,122,ЛОНГ,0.023307,0.380581,34.78555390958883,LOSS,FLAT,-11.93,-0.24
2026-04-14T01:00:36,WETUSDT,breakout,177,—,156,ЛОНГ,0.15378,-0.09798299999999999,75.6255255638414,LOSS,LOSS,-1.71,-15.46
2026-04-14T01:00:36,RAVEUSDT,squeeze,161,—,106,ЛОНГ,7.43187,-0.061209,-39.42620381806588,TP1,TP1,58.72,118.55
2026-04-14T01:00:36,LINKUSDT,breakout,161,—,148,ЛОНГ,9.219,0.01,3.096413674224946,FLAT,LOSS,-0.25,-1.36
2026-04-14T01:00:36,BROCCOLIUSDT,bos_fvg,158,—,90,ЛОНГ,0.016992,0.052172,170.29011039323174,LOSS,LOSS,-6.81,-1.78
2026-04-14T01:00:36,ENJUSDT,breakout,156,—,135,ЛОНГ,0.044713,-0.44726499999999997,16.261410698805644,FLAT,TP1,-0.39,51.56
2026-04-14T01:00:36,GIGGLEUSDT,bos_fvg,156,—,112,ЛОНГ,38.75,0.005,50.032378380106714,LOSS,TP1,-2.55,13.73
2026-04-14T01:00:36,STABLEUSDT,squeeze,154,—,64,ЛОНГ,0.026694,-0.155561,5.10195912485561,LOSS,LOSS,-1.0,-1.64
2026-04-14T01:00:36,TAOUSDT,bos_fvg,150,—,68,ШОРТ,255.61,0.005,-1.9273197333391006,FLAT,TP1,0.28,-3.76
2026-04-14T01:00:36,ETHUSDT,breakout,147,—,134,ЛОНГ,2360.61,0.01,3.725683908837811,FLAT,LOSS,0.0,-1.1
2026-04-14T01:00:36,VIRTUALUSDT,breakout,145,—,140,ЛОНГ,0.6903,0.005,-1.133939914442566,FLAT,LOSS,-0.28,-1.62
2026-04-14T01:00:36,XAUTUSDT,breakout,139,—,134,ЛОНГ,4738.5,0.003008,-1.0436894202005422,FLAT,TP1,-0.01,1.32
2026-04-14T01:00:36,ENAUSDT,breakout,138,—,130,ЛОНГ,0.0996,0.005,5.834475635805495,LOSS,LOSS,-1.73,-2.44
2026-04-14T01:00:36,DOTUSDT,bos_fvg,135,—,34,ШОРТ,1.2168,-0.116569,20.892597246491036,WIN,TP1,-2.31,-3.77
2026-04-14T01:00:36,AAVEUSDT,breakout,135,—,130,ЛОНГ,100.78,0.01,-6.956751410888523,LOSS,FLAT,-0.91,0.02
2026-04-14T01:00:36,XPLUSDT,breakout,133,—,128,ЛОНГ,0.14157,0.005,-5.813360241087045,WIN,STOP,2.06,-5.98
2026-04-14T01:00:36,XRPUSDT,bos_fvg,131,—,83,ЛОНГ,1.3618,0.01,0.8175873580341566,FLAT,FLAT,0.03,-0.14
2026-04-14T01:00:36,LTCUSDT,bos_fvg,131,—,83,ЛОНГ,54.19,0.0041789999999999996,-3.9899998921799713,FLAT,FLAT,-0.15,0.02
2026-04-14T01:00:36,BCHUSDT,bos_fvg,131,—,70,ЛОНГ,434.4,0.01,-3.022534604727447,WIN,FLAT,0.74,0.0
2026-04-14T01:00:36,SOLUSDT,breakout,130,—,117,ЛОНГ,85.895,0.01,4.275616859284481,FLAT,STOP,-0.19,-2.67
2026-04-14T01:00:36,AVAXUSDT,bos_fvg,130,—,106,ЛОНГ,9.505,0.01,0.6512571492177004,LOSS,LOSS,-1.0,-0.85
2026-04-14T01:00:36,1000PEPEUSDT,breakout,129,—,124,ЛОНГ,0.0037221,0.01,-2.9297879933811304,LOSS,LOSS,-1.45,-3.23
2026-04-14T01:00:36,BTCUSDT,breakout,128,—,120,ЛОНГ,74137.99,0.008982,5.454920947883101,FLAT,FLAT,0.3,0.26
2026-04-14T01:00:36,WLDUSDT,breakout,126,—,113,ЛОНГ,0.3088,0.01,0.8890206959118009,WIN,LOSS,2.62,-1.98
2026-04-14T01:00:36,TONUSDT,bos_fvg,126,—,81,ЛОНГ,1.4303,0.005,-1.7436121739564385,FLAT,STOP,0.3,-3.19
2026-04-14T01:00:36,ZECUSDT,bos_fvg,124,—,66,ЖДАТЬ,363.31,0.01,-6.42243945003389,TP1,TP1,0.32,-2.08
2026-04-14T01:00:36,ARBUSDT,bos_fvg,123,—,112,ЛОНГ,0.1124,-0.028199,0.043432676411205684,FLAT,WIN,0.45,1.8
2026-04-14T01:00:36,GALAUSDT,bos_fvg,123,—,91,ЛОНГ,0.003015,0.01,5.946024236167643,LOSS,FLAT,-0.9,0.0
2026-04-14T01:00:36,ONDOUSDT,breakout,121,—,116,ЛОНГ,0.2544,0.005,-6.347439352393323,FLAT,FLAT,-0.39,-0.43
2026-04-14T01:00:36,ARIAUSDT,squeeze,119,—,106,ЛОНГ,0.79176,0.00125,-21.77951035362681,FLAT,STOP,-0.12,-81.38
2026-04-14T01:00:36,RIVERUSDT,bos_fvg,119,—,13,ШОРТ,8.067,0.005,-1.4901071356348672,LOSS,STOP,3.51,14.71
2026-04-14T01:00:36,INXUSDT,bos_fvg,117,—,102,ЛОНГ,0.014907,0.005,19.527094311806962,LOSS,STOP,-0.9,-13.87
2026-04-14T01:00:36,DRIFTUSDT,breakout,117,—,109,ЛОНГ,0.03939,-0.027320000000000004,-38.99028722908086,TP1,TP1,17.95,9.65
2026-04-14T01:00:36,CRVUSDT,bos_fvg,116,—,56,ЛОНГ,0.2179,0.01,2.603904267669658,LOSS,FLAT,-0.73,0.18
2026-04-14T01:00:36,SUIUSDT,bos_fvg,115,—,96,ЛОНГ,0.94856,0.01,0.8404614604509255,FLAT,LOSS,-0.42,-0.64
2026-04-14T01:00:36,BNBUSDT,bos_fvg,115,—,86,ЛОНГ,612.12,0.01,1.3480498971025465,FLAT,WIN,0.14,0.57
2026-04-14T01:00:36,XAUUSDT,breakout,114,—,106,ЛОНГ,4769.52,0.0,-4.997277827427475,FLAT,TP1,-0.03,1.24
2026-04-14T01:00:36,WIFUSDT,breakout,114,—,109,ЛОНГ,0.19974,0.005,-8.468255552776435,LOSS,LOSS,-1.64,-2.24
2026-04-14T01:00:36,CLUSDT,bos_fvg,112,—,46,ШОРТ,91.181,0.0,15.574527427992791,LOSS,TP1,0.61,-2.59
2026-04-14T01:00:36,NEARUSDT,breakout,112,—,104,ЛОНГ,1.4119,0.01,7.018585927109795,LOSS,STOP,-0.52,-2.88
2026-04-14T01:00:36,LABUSDT,breakout,112,—,99,ЛОНГ,0.58778,0.02216,2.3232017814464356,TP1,STOP,7.15,-21.48
2026-04-14T01:00:36,TRUMPUSDT,breakout,109,—,104,ЛОНГ,2.848,-0.019729,-3.677593991017573,FLAT,LOSS,-0.07,-1.37
2026-04-14T01:00:36,XAGUSDT,squeeze,105,—,93,ЛОНГ,75.97,0.0,-5.972913577633834,TP1,TP1,1.57,5.19
2026-04-14T01:00:36,APTUSDT,breakout,105,—,100,ЛОНГ,0.8712,0.01,-3.9702060788748015,FLAT,FLAT,-0.29,0.01
2026-04-14T01:00:36,MONUSDT,breakout,103,—,98,ЛОНГ,0.034951,0.008383999999999999,-1.7497847598453593,WIN,LOSS,1.12,-0.72
2026-04-14T01:00:36,BEATUSDT,breakout,103,—,98,ЛОНГ,0.38548,0.005,5.471551854488502,WIN,LOSS,0.86,-4.52
2026-04-14T01:00:36,FARTCOINUSDT,breakout,102,—,97,ЛОНГ,0.19775,0.005,-3.6768696140251933,TP1,LOSS,6.32,-0.92
2026-04-14T01:00:36,ADAUSDT,bos_fvg,101,—,38,ШОРТ,0.2449,0.01,-1.1729823308175091,WIN,WIN,-0.86,-1.43
2026-04-14T05:17:59,MYXUSDT,breakout,184,—,171,ЛОНГ,0.47765,0.005,27.487939254204925,STOP,STOP,-32.15,-29.4
2026-04-14T05:17:59,DRIFTUSDT,breakout,181,—,173,ЛОНГ,0.04743,-0.050604,-33.568924127017645,STOP,STOP,-8.01,-9.68
2026-04-14T05:17:59,RAVEUSDT,breakout,174,—,153,ЛОНГ,11.71194,-0.69606,-37.068186228685526,WIN,TP1,24.97,30.04
2026-04-14T05:17:59,LABUSDT,breakout,151,—,146,ЛОНГ,0.6337,0.005,-4.517708512407231,LOSS,STOP,-11.23,-27.19
2026-04-14T05:17:59,XAGUSDT,breakout,144,—,136,ЛОНГ,76.97,0.0,-12.299401887462121,TP1,TP1,1.1,3.08
2026-04-14T05:17:59,HYPEUSDT,breakout,143,—,130,ЛОНГ,44.793,-0.007365,3.911924881090055,FLAT,STOP,-0.06,-2.69
2026-04-14T05:17:59,DOTUSDT,bos_fvg,143,—,61,ШОРТ,1.1906,-0.088565,9.23717155634943,WIN,TP1,-1.37,-2.93
2026-04-14T05:17:59,1000BONKUSDT,bos_fvg,142,—,48,ЛОНГ,0.0059357,0.005,7.9255802787151,FLAT,LOSS,0.09,-0.7
2026-04-14T05:17:59,ENJUSDT,breakout,141,—,120,ЛОНГ,0.044294,-0.367902,14.029509126456205,WIN,TP1,7.89,52.9
2026-04-14T05:17:59,SOLUSDT,breakout,140,—,127,ЛОНГ,85.76,0.01,8.139764238555907,FLAT,STOP,0.17,-3.04
2026-04-14T05:17:59,WETUSDT,breakout,137,—,116,ЛОНГ,0.15004,-0.12162099999999999,60.813665680305505,FLAT,STOP,-0.05,-17.09
2026-04-14T05:17:59,WLDUSDT,breakout,134,—,121,ЛОНГ,0.3168,0.01,0.2777798981208804,LOSS,STOP,-1.17,-6.63
2026-04-14T05:17:59,LTCUSDT,bos_fvg,131,—,81,ЛОНГ,54.18,0.01,-3.766475974937661,WIN,FLAT,0.87,0.39
2026-04-14T05:17:59,BROCCOLIUSDT,bos_fvg,131,—,88,ЛОНГ,0.015815,0.005,82.77668239232797,WIN,WIN,3.26,5.48
2026-04-14T05:17:59,TAOUSDT,bos_fvg,125,—,21,ШОРТ,256.24,-0.001861,-1.5801681732300021,TP1,TP1,-2.88,-3.19
2026-04-14T05:17:59,NEARUSDT,bos_fvg,125,—,84,ЛОНГ,1.4064,0.008006000000000001,6.232397711469886,FLAT,STOP,0.28,-4.07
2026-04-14T05:17:59,AVAXUSDT,bos_fvg,123,—,80,ЛОНГ,9.421,0.01,0.38466380019842156,FLAT,LOSS,-0.41,-0.72
2026-04-14T05:17:59,ONDOUSDT,bos_fvg,123,—,65,ШОРТ,0.2541,0.005,-6.389763924572897,FLAT,WIN,0.28,-0.91
2026-04-14T05:17:59,BLESSUSDT,breakout,120,—,107,ЛОНГ,0.020627,0.005,36.407746790711144,LOSS,TP1,-7.91,37.22
2026-04-14T05:17:59,FARTCOINUSDT,breakout,118,—,113,ЛОНГ,0.21046,0.005,-1.4076895583802287,WIN,STOP,1.71,-7.55
2026-04-14T05:17:59,PUMPFUNUSDT,bos_fvg,118,—,77,ЖДАТЬ,0.0018795,0.005,10.569475525917102,STOP,TP1,2.18,-2.31
2026-04-14T05:17:59,ZECUSDT,bos_fvg,116,—,79,ЖДАТЬ,365.09,0.01,-3.7094399213630767,TP1,TP1,1.08,-1.5
2026-04-14T05:17:59,ADAUSDT,bos_fvg,116,—,15,ШОРТ,0.2433,0.01,-2.291122399418141,FLAT,WIN,0.08,-1.36
2026-04-14T05:17:59,RIVERUSDT,bos_fvg,116,—,4,ШОРТ,8.294,0.06507299999999999,-1.7786899257076347,LOSS,TP1,6.16,-7.73
2026-04-14T05:17:59,DOGEUSDT,bos_fvg,115,—,88,ЛОНГ,0.09317,0.01,0.32237166389290606,WIN,FLAT,1.13,-0.03
2026-04-14T05:17:59,XRPUSDT,bos_fvg,115,—,62,ЛОНГ,1.3632,0.01,1.95879231887564,WIN,LOSS,0.51,-0.56
2026-04-14T05:17:59,BTCUSDT,bos_fvg,113,—,91,ЛОНГ,74329.05,0.0066370000000000005,6.926725724526575,FLAT,FLAT,0.08,-0.3
2026-04-14T05:17:59,AAVEUSDT,bos_fvg,113,—,58,ЛОНГ,100.03,0.01,1.6742599304630685,FLAT,WIN,0.05,0.84
2026-04-14T05:17:59,1000PEPEUSDT,bos_fvg,111,—,60,ЛОНГ,0.0036761,0.01,-3.212241424988685,WIN,LOSS,0.54,-2.7
2026-04-14T05:17:59,ENAUSDT,bos_fvg,110,—,92,ЛОНГ,0.0979,0.005,-1.0650262910938364,LOSS,LOSS,-1.68,-2.06
2026-04-14T05:17:59,XPLUSDT,breakout,109,—,104,ЛОНГ,0.14411,0.005,-6.48231340118117,LOSS,STOP,-2.11,-9.6
2026-04-14T05:17:59,TONUSDT,bos_fvg,109,—,78,ЛОНГ,1.4337,0.005,-2.882681204861571,FLAT,STOP,0.03,-5.03
2026-04-14T05:17:59,INXUSDT,bos_fvg,106,—,85,ЛОНГ,0.014752,0.005,7.314525051667106,LOSS,STOP,-6.43,-9.27
2026-04-14T05:17:59,CRVUSDT,bos_fvg,105,—,70,ЛОНГ,0.2165,0.01,2.844365924402202,WIN,FLAT,1.02,0.46
2026-04-14T05:17:59,WIFUSDT,breakout,104,—,99,ЛОНГ,0.1974,0.005,-6.208484800033808,FLAT,LOSS,-0.36,-2.21
2026-04-14T05:17:59,ETHUSDT,bos_fvg,103,—,88,ЛОНГ,2361.73,0.01,9.183056776072597,WIN,LOSS,0.61,-1.42
2026-04-14T05:17:59,LINKUSDT,bos_fvg,102,—,70,ЛОНГ,9.206,0.01,2.7826847945342505,FLAT,LOSS,-0.42,-1.41
2026-04-14T05:17:59,WLFIUSDT,bos_fvg,101,—,71,ЖДАТЬ,0.08069,0.005,-11.693919642621207,STOP,TP1,2.84,-0.9
2026-04-14T05:17:59,MONUSDT,bos_fvg,98,—,90,ЛОНГ,0.03536,0.01,-0.3474508296193024,TP1,LOSS,5.68,-4.34
2026-04-14T05:17:59,SUIUSDT,breakout,97,—,84,ЛОНГ,0.9457,0.01,0.29971244757712273,FLAT,LOSS,0.26,-0.67
2026-04-14T05:17:59,VIRTUALUSDT,breakout,95,—,90,ЛОНГ,0.6886,0.005,-0.37937799538009603,LOSS,LOSS,-0.78,-2.38
2026-04-14T05:17:59,BNBUSDT,bos_fvg,94,—,76,ЛОНГ,613.3,0.01,2.996420554085908,WIN,FLAT,0.52,0.2
2026-04-14T05:17:59,ARIAUSDT,squeeze,92,—,75,ЛОНГ,0.79107,0.00125,-24.38704994552476,TP1,STOP,22.97,-85.93
2026-04-14T05:17:59,APTUSDT,breakout,88,—,83,ЛОНГ,0.8699,0.0019939999999999997,-4.133362789151822,LOSS,LOSS,-1.37,-1.02
2026-04-14T05:17:59,XAUUSDT,squeeze,85,—,67,ЛОНГ,4766.22,0.0,-1.8978598810024097,FLAT,TP1,0.26,1.16
2026-04-14T05:17:59,ARBUSDT,bos_fvg,84,—,79,ЛОНГ,0.11293,0.01,-0.34712421381797665,LOSS,FLAT,-1.88,-0.11
2026-04-14T05:17:59,XAUTUSDT,squeeze,83,—,67,ЛОНГ,4735.9,-0.002202,-2.2755779896448676,FLAT,TP1,0.33,1.19
2026-04-14T05:17:59,TRUMPUSDT,bos_fvg,83,—,20,ШОРТ,2.847,-0.014030999999999998,-5.044961637328111,FLAT,TP1,-0.07,-1.33
2026-04-14T05:17:59,CLUSDT,bos_fvg,79,—,32,ШОРТ,91.728,0.033084999999999996,-7.135598766101089,FLAT,TP1,0.07,-2.85
2026-04-14T09:00:34,ENJUSDT,breakout,223,—,202,ЛОНГ,0.048752,-0.245071,28.903233462069423,LOSS,TP1,-1.63,37.91
2026-04-14T09:00:34,BNBUSDT,breakout,191,—,178,ЛОНГ,617.6,0.01,10.079951303945304,FLAT,LOSS,-0.32,-0.5
2026-04-14T09:00:34,MYXUSDT,breakout,168,—,155,ЛОНГ,0.36826,0.005,25.932583914130326,LOSS,LOSS,-14.82,-9.22
2026-04-14T09:00:34,ETHUSDT,breakout,167,—,154,ЛОНГ,2387.81,0.01,12.778668483384678,LOSS,STOP,-0.62,-2.5
2026-04-14T09:00:34,DOGEUSDT,breakout,165,—,152,ЛОНГ,0.09439,0.01,9.963224334721168,FLAT,LOSS,-0.32,-1.32
2026-04-14T09:00:34,SUIUSDT,breakout,160,—,155,ЛОНГ,0.9496,0.01,-0.02480827056413152,LOSS,LOSS,-0.62,-1.1
2026-04-14T09:00:34,COAIUSDT,breakout,160,—,147,ЛОНГ,0.4481,0.005,28.217235015153275,LOSS,LOSS,-13.3,-11.02
2026-04-14T09:00:34,INXUSDT,breakout,159,—,146,ЛОНГ,0.015233,0.005,-11.187898004448263,STOP,STOP,-10.19,-12.18
2026-04-14T09:00:34,SOLUSDT,breakout,154,—,141,ЛОНГ,86.11,0.01,9.095348315944921,FLAT,STOP,-0.15,-3.44
2026-04-14T09:00:34,LDOUSDT,bos_fvg,154,—,119,ЛОНГ,0.354,-0.007239000000000001,33.767053533884315,WIN,FLAT,2.97,-0.11
2026-04-14T09:00:34,BTCUSDT,breakout,153,—,140,ЛОНГ,74741.73,0.01,10.93993708610512,FLAT,LOSS,-0.41,-0.84
2026-04-14T09:00:34,NEARUSDT,breakout,143,—,130,ЛОНГ,1.426,-0.000169,5.313129435406824,LOSS,STOP,-1.36,-5.34
2026-04-14T09:00:34,HYPEUSDT,breakout,141,—,128,ЛОНГ,44.962,-0.016683,4.881670092984946,FLAT,STOP,-0.08,-2.89
2026-04-14T09:00:34,1000PEPEUSDT,breakout,140,—,135,ЛОНГ,0.003671,0.01,-11.405836704589767,FLAT,LOSS,0.33,-2.53
2026-04-14T09:00:34,WIFUSDT,breakout,140,—,132,ЛОНГ,0.19558,0.005,-5.622691247562098,WIN,LOSS,0.61,-1.23
2026-04-14T09:00:34,RAVEUSDT,squeeze,139,—,110,ЛОНГ,13.15395,-0.46304700000000004,-30.94080040723316,WIN,WIN,13.57,13.01
2026-04-14T09:00:34,BROCCOLIUSDT,bos_fvg,136,—,100,ЛОНГ,0.015315,0.005,64.93590196842824,TP1,WIN,9.62,8.8
2026-04-14T09:00:34,DOTUSDT,bos_fvg,134,—,45,ШОРТ,1.1908,-0.07166499999999999,-0.031493810752048074,WIN,TP1,-1.12,-2.87
2026-04-14T09:00:34,ZECUSDT,breakout,132,—,119,ЛОНГ,372.69,0.01,-2.345919216348261,FLAT,LOSS,-0.24,-3.65
2026-04-14T09:00:34,BLESSUSDT,bos_fvg,132,—,74,ЛОНГ,0.017095,0.005,60.31925776965353,WIN,TP1,20.49,68.34
2026-04-14T09:00:34,XPLUSDT,breakout,131,—,126,ЛОНГ,0.14306,0.005,-2.7370411480161216,LOSS,STOP,-2.63,-8.98
2026-04-14T09:00:34,LABUSDT,breakout,131,—,118,ЛОНГ,0.56763,0.005,-6.1389304141941565,LOSS,STOP,-2.19,-18.14
2026-04-14T09:00:34,ARIAUSDT,squeeze,127,—,109,ЛОНГ,0.79736,0.00125,-16.18926101670923,TP1,STOP,25.82,-85.99
2026-04-14T09:00:34,MONUSDT,breakout,127,—,114,ЛОНГ,0.036128,0.01,3.0804014724739885,WIN,STOP,1.77,-6.35
2026-04-14T09:00:34,WETUSDT,bos_fvg,124,—,96,ЛОНГ,0.15091,-0.19522299999999998,60.62861266210297,LOSS,STOP,-3.17,-17.39
2026-04-14T09:00:34,WLDUSDT,breakout,123,—,123,ЛОНГ,0.3166,-0.021738,-0.04249968978395137,FLAT,STOP,-0.03,-6.44
2026-04-14T09:00:34,RIVERUSDT,bos_fvg,123,—,26,ШОРТ,8.368,0.005,-1.677007641897402,STOP,TP1,7.85,-8.46
2026-04-14T09:00:34,VIRTUALUSDT,bos_fvg,123,—,105,ЖДАТЬ,0.6824,0.005,-0.18445329806241034,TP1,TP1,-0.09,-1.51
2026-04-14T09:00:34,LTCUSDT,breakout,123,—,110,ЛОНГ,54.67,0.01,0.04112651536542731,FLAT,LOSS,-0.44,-0.62
2026-04-14T09:00:34,ONDOUSDT,bos_fvg,123,—,86,ЛОНГ,0.2554,0.005,-5.831686383522187,FLAT,LOSS,-0.12,-1.37
2026-04-14T09:00:34,XRPUSDT,breakout,120,—,107,ЛОНГ,1.3731,0.01,3.600491629298108,FLAT,LOSS,-0.38,-1.3
2026-04-14T09:00:34,AVAXUSDT,bos_fvg,118,—,107,ЛОНГ,9.437,-0.005676,0.16337452484740383,LOSS,LOSS,-0.67,-1.01
2026-04-14T09:00:34,CRVUSDT,bos_fvg,118,—,103,ЛОНГ,0.2182,0.01,2.2227963292721116,FLAT,FLAT,0.46,-0.41
2026-04-14T09:00:34,LINKUSDT,bos_fvg,116,—,92,ЛОНГ,9.222,0.01,2.815132275061682,LOSS,LOSS,-1.1,-1.68
2026-04-14T09:00:34,FARTCOINUSDT,breakout,113,—,108,ЛОНГ,0.21074,0.005,-3.3046775461790454,WIN,STOP,1.76,-7.92
2026-04-14T09:00:34,XAUTUSDT,breakout,112,—,112,ЛОНГ,4761.4,-0.003264,-4.430142331143299,FLAT,TP1,-0.25,0.62
2026-04-14T09:00:34,PUMPFUNUSDT,bos_fvg,110,—,103,ЛОНГ,0.0018945,0.005,9.29754750262922,WIN,STOP,1.5,-3.2
2026-04-14T09:00:34,ADAUSDT,bos_fvg,109,—,54,ШОРТ,0.2445,0.01,-3.4616188393878264,FLAT,TP1,-0.37,-1.88
2026-04-14T09:00:34,1000BONKUSDT,bos_fvg,108,—,80,ЖДАТЬ,0.00593,0.005,2.854769187162315,TP1,TP1,0.1,-0.59
2026-04-14T09:00:34,TRUMPUSDT,squeeze,106,—,41,ЛОНГ,2.832,-0.10910600000000001,-6.696956961867224,FLAT,LOSS,0.04,-0.85
2026-04-14T09:00:34,GIGGLEUSDT,breakout,104,—,104,ЛОНГ,40.25,-0.003379,15.953720161120586,TP1,WIN,29.14,3.8
2026-04-14T09:00:34,TONUSDT,bos_fvg,101,—,94,ЛОНГ,1.4396,0.005,-1.6435188848637288,LOSS,STOP,-0.8,-5.48
2026-04-14T09:00:34,APTUSDT,bos_fvg,101,—,66,ЛОНГ,0.8664,0.008028,-4.252157737935838,LOSS,LOSS,-0.8,-0.67
2026-04-14T09:00:34,AAVEUSDT,bos_fvg,99,—,84,ЛОНГ,101.06,0.009231999999999999,0.08135970842097129,LOSS,FLAT,-0.94,-0.33
2026-04-14T09:00:34,TAOUSDT,bos_fvg,93,—,8,ШОРТ,252.16,-0.010891999999999999,0.26072112659029323,WIN,WIN,-1.65,-1.58
2026-04-14T09:00:34,ENAUSDT,squeeze,91,—,72,ЛОНГ,0.09686,0.0,-1.8929259369108897,FLAT,LOSS,-0.29,-1.06
2026-04-14T09:00:34,XAGUSDT,breakout,91,—,91,ЛОНГ,78.15,0.0,-13.129948859732615,LOSS,TP1,-0.58,1.54
2026-04-14T09:00:34,ARBUSDT,breakout,90,—,77,ЛОНГ,0.11289,0.01,-1.3533342454124164,LOSS,FLAT,-1.53,-0.18
2026-04-14T09:00:34,CLUSDT,bos_fvg,79,—,33,ШОРТ,91.897,0.0,-7.361343066842725,WIN,TP1,-0.54,-2.98
2026-04-14T09:00:34,XAUUSDT,squeeze,76,—,64,ЛОНГ,4787.95,0.0,2.281589901534274,FLAT,TP1,-0.23,0.67
2026-04-14T05:17:59,GIGGLEUSDT,bos_fvg,118,—,94,ЛОНГ,37.72,0.005,33.022119183304575,TP1,TP1,24.63,12.62
2026-04-14T12:09:13,PENGUUSDT,breakout,185,—,172,ЛОНГ,0.007102,0.005,12.781738854697558,STOP,LOSS,-4.84,-1.06
2026-04-14T12:09:13,RAVEUSDT,breakout,183,—,170,ЛОНГ,15.21698,-2.0,-36.215572731063695,WIN,STOP,2.19,-21.7
2026-04-14T12:09:13,COAIUSDT,breakout,179,—,166,ЛОНГ,0.3902,0.005,16.057793035138666,WIN,WIN,1.46,7.94
2026-04-14T12:09:13,DOGEUSDT,bos_fvg,175,—,138,ЛОНГ,0.09422,0.01,14.168148869901733,STOP,LOSS,-1.67,-0.91
2026-04-14T12:09:13,BROCCOLIUSDT,breakout,174,—,174,ЛОНГ,0.016301,0.005,76.91077422760111,LOSS,WIN,-3.21,1.28
2026-04-14T12:09:13,GIGGLEUSDT,breakout,170,—,162,ЛОНГ,46.92,-0.021207999999999998,2.9948567992944937,LOSS,LOSS,-2.92,-9.59
2026-04-14T12:09:13,PUMPFUNUSDT,breakout,161,—,161,ЛОНГ,0.0019189,0.005,18.302780824026595,STOP,STOP,-5.15,-2.99
2026-04-14T12:09:13,ARIAUSDT,breakout,159,—,138,ЛОНГ,0.95349,-2.0,-21.08569035206535,STOP,STOP,-89.14,-88.15
2026-04-14T12:09:13,MYXUSDT,bos_fvg,153,—,83,ЛОНГ,0.32112,-0.015105,36.02861224701094,LOSS,WIN,-8.79,6.69
2026-04-14T12:09:13,ENJUSDT,breakout,151,—,130,ЛОНГ,0.047944,-0.684292,22.530191525025657,TP1,TP1,21.29,47.16
2026-04-14T12:09:13,DOTUSDT,bos_fvg,142,—,45,ШОРТ,1.1744,-0.070392,1.9469561888958073,WIN,FLAT,-1.58,-0.21
2026-04-14T12:09:13,AVAXUSDT,bos_fvg,141,—,68,ЛОНГ,9.386,-0.014268000000000001,1.069531142145,LOSS,FLAT,-0.68,0.48
2026-04-14T12:09:13,ARBUSDT,bos_fvg,141,—,56,ШОРТ,0.11083,0.00056,-2.8159337403280666,WIN,STOP,-1.2,2.9
2026-04-14T12:09:13,LDOUSDT,breakout,140,—,127,ЛОНГ,0.3618,0.01,36.80415891482375,LOSS,WIN,-4.09,1.52
2026-04-14T12:09:13,BNBUSDT,bos_fvg,139,—,94,ЛОНГ,616.1,0.01,9.944644033581532,FLAT,FLAT,-0.39,0.28
2026-04-14T12:09:13,SOLUSDT,bos_fvg,138,—,100,ЛОНГ,85.88,0.01,10.062737852719895,STOP,STOP,-2.68,-2.68
2026-04-14T12:09:13,ASTERUSDT,breakout,136,—,123,ЛОНГ,0.6933,0.005,5.719946936488163,STOP,STOP,-4.31,-4.86
2026-04-14T12:09:13,XRPUSDT,breakout,133,—,120,ЛОНГ,1.3701,0.01,4.0450250054650025,LOSS,FLAT,-1.04,-0.38
2026-04-14T12:09:13,BTCUSDT,breakout,127,—,114,ЛОНГ,74375.7,0.006914000000000001,11.244012992012962,FLAT,FLAT,-0.4,-0.19
2026-04-14T12:09:13,BLESSUSDT,bos_fvg,126,—,87,ЛОНГ,0.01884,0.005,29.038763065515237,LOSS,WIN,-6.58,15.59
2026-04-14T12:09:13,LABUSDT,range_sweep,126,—,59,ЛОНГ,0.55907,0.034764,-8.925348421915109,LOSS,STOP,-9.11,-17.14
2026-04-14T12:09:13,NEARUSDT,squeeze,124,—,76,ЛОНГ,1.4096,-0.013690999999999998,6.142107556480333,STOP,LOSS,-3.36,-0.89
2026-04-14T12:09:13,ADAUSDT,bos_fvg,123,—,37,ШОРТ,0.2435,0.01,-3.76837107217032,WIN,WIN,-1.27,-0.7
2026-04-14T12:09:13,LINKUSDT,bos_fvg,123,—,74,ЛОНГ,9.168,0.01,2.1855377602835033,STOP,FLAT,-1.85,-0.1
2026-04-14T12:09:13,SUIUSDT,bos_fvg,123,—,110,ЛОНГ,0.94796,0.01,1.2283466301950414,STOP,FLAT,-2.03,0.39
2026-04-14T12:09:13,XAUTUSDT,breakout,120,—,120,ЛОНГ,4750.9,-0.00094,-5.783320041282891,TP1,TP1,1.24,0.8
2026-04-14T12:09:13,WETUSDT,squeeze,116,—,85,ЛОНГ,0.14944,-0.027355,-4.182849192844844,LOSS,STOP,-6.6,-19.55
2026-04-14T12:09:13,MONUSDT,breakout,116,—,103,ЛОНГ,0.037426,0.01,1.9714072520354273,STOP,STOP,-9.21,-7.94
2026-04-14T12:09:13,HYPEUSDT,breakout,115,—,107,ЛОНГ,44.718,-0.00068,2.834085914798678,STOP,LOSS,-3.59,-0.72
2026-04-14T12:09:13,AAVEUSDT,breakout,115,—,110,ЛОНГ,100.07,0.002023,-0.039052153750642145,LOSS,TP1,-2.1,2.74
2026-04-14T12:09:13,XPLUSDT,breakout,113,—,113,ЛОНГ,0.14091,0.005,-1.3781248146493488,STOP,STOP,-5.51,-6.95
2026-04-14T12:09:13,CLUSDT,range_sweep,112,—,84,ШОРТ,91.773,0.0,-10.394644055826518,TP1,TP1,-3.51,-3.17
2026-04-14T12:09:13,ENAUSDT,bos_fvg,112,—,68,ЖДАТЬ,0.0963,0.0,-2.9696524416684733,TP1,STOP,-1.17,1.62
2026-04-14T12:09:13,CRVUSDT,bos_fvg,111,—,73,ЛОНГ,0.2186,0.01,2.2552859722805523,STOP,TP1,-2.88,2.24
2026-04-14T12:09:13,WLDUSDT,bos_fvg,110,—,85,ЛОНГ,0.3131,0.005889,0.5010823572754536,STOP,STOP,-5.59,-4.76
2026-04-14T12:09:13,WIFUSDT,bos_fvg,110,—,108,ЖДАТЬ,0.19665,-0.006687,-7.501034029721421,TP1,TP1,-2.82,-0.54
2026-04-14T12:09:13,ZECUSDT,breakout,109,—,96,ЛОНГ,368.9,0.01,-3.7003021058054744,STOP,LOSS,-5.54,-3.36
2026-04-14T12:09:13,VIRTUALUSDT,bos_fvg,109,—,72,ЖДАТЬ,0.6831,0.005,0.06315926588573209,TP1,TP1,-2.4,-0.5
2026-04-14T12:09:13,1000BONKUSDT,bos_fvg,108,—,79,ЛОНГ,0.005943,0.005,1.7924171098607693,LOSS,WIN,-2.17,0.69
2026-04-14T12:09:13,TAOUSDT,squeeze,106,—,62,ЛОНГ,249.21,-0.012789,-3.4558906938769245,STOP,FLAT,-3.7,0.28
2026-04-14T12:09:13,FARTCOINUSDT,breakout,102,—,97,ЛОНГ,0.21371,0.005,-4.75653665526819,STOP,STOP,-8.85,-6.64
2026-04-14T12:09:13,LTCUSDT,bos_fvg,100,—,58,ЛОНГ,54.65,0.01,0.6712577958268642,LOSS,FLAT,-0.62,-0.04
2026-04-14T12:09:13,APTUSDT,bos_fvg,93,—,49,ЖДАТЬ,0.8588,0.001955,-4.808509040188609,TP1,STOP,-0.61,3.04
2026-04-14T12:09:13,1000PEPEUSDT,bos_fvg,92,—,82,ЛОНГ,0.0036995,0.01,-14.083117757065613,STOP,LOSS,-3.15,-1.91
2026-04-14T12:09:13,XAUUSDT,bos_fvg,91,—,86,ЛОНГ,4778.2,0.0,9.927443702589517,TP1,TP1,1.27,0.82
2026-04-14T12:09:13,RIVERUSDT,range_sweep,86,—,46,ЛОНГ,8.78,0.0245,-3.3629522528184275,WIN,STOP,0.77,-15.35
2026-04-14T12:09:13,XAGUSDT,squeeze,85,—,66,ЛОНГ,77.81,0.010309,-15.381823250236526,TP1,TP1,2.21,1.72
2026-04-14T12:09:13,TRUMPUSDT,squeeze,84,—,65,ЛОНГ,2.845,-0.060948,-4.445727537788769,STOP,FLAT,-2.43,-0.25
2026-04-14T13:01:24,ARIAUSDT,breakout,185,—,172,ЛОНГ,1.01979,-1.466251,-22.993938323052443,STOP,STOP,-89.86,-88.88
2026-04-14T13:01:24,PUMPFUNUSDT,breakout,185,—,185,ЛОНГ,0.00192,0.005,18.59377567253079,STOP,STOP,-5.18,-2.99
2026-04-14T13:01:24,GIGGLEUSDT,breakout,181,—,168,ЛОНГ,51.76,0.005,4.25582446854018,STOP,STOP,-12.02,-18.2
2026-04-14T13:01:24,RAVEUSDT,breakout,179,—,158,ЛОНГ,15.25487,-2.0,-40.060337751630556,WIN,STOP,2.08,-20.23
2026-04-14T13:01:24,COAIUSDT,breakout,179,—,166,ЛОНГ,0.3879,0.005,15.982951535922481,WIN,WIN,2.53,8.46
2026-04-14T13:01:24,ENJUSDT,breakout,177,—,156,ЛОНГ,0.047532,-0.443588,22.694658886331375,TP1,TP1,21.52,49.66
2026-04-14T13:01:24,ZAMAUSDT,bos_fvg,177,—,138,ЛОНГ,0.03588,-1.215508,89.64004537125305,LOSS,LOSS,-10.26,-13.99
2026-04-14T13:01:24,LDOUSDT,breakout,166,—,153,ЛОНГ,0.3647,0.01,41.18726763154177,STOP,WIN,-4.83,0.74
2026-04-14T13:01:24,BROCCOLIUSDT,breakout,161,—,161,ЛОНГ,0.016789,0.005,71.10251047303468,LOSS,LOSS,-5.92,-1.64
2026-04-14T13:01:24,AAVEUSDT,breakout,159,—,146,ЛОНГ,100.02,0.000266,0.21326611004111218,LOSS,TP1,-2.04,2.84
2026-04-14T13:01:24,BLESSUSDT,bos_fvg,158,—,67,ЛОНГ,0.020233,0.07956,28.525106248248306,LOSS,WIN,-12.72,7.12
2026-04-14T13:01:24,XRPUSDT,breakout,157,—,144,ЛОНГ,1.3671,0.01,9.609125283594622,LOSS,FLAT,-0.82,-0.18
2026-04-14T13:01:24,HYPEUSDT,breakout,149,—,136,ЛОНГ,44.904,-0.00011200000000000001,3.0531289971864193,STOP,LOSS,-3.85,-1.14
2026-04-14T13:01:24,ETHUSDT,breakout,145,—,132,ЛОНГ,2372.97,0.01,14.794206509639352,STOP,STOP,-2.44,-1.8
2026-04-14T13:01:24,DOGEUSDT,bos_fvg,145,—,110,ЛОНГ,0.09409,0.01,11.696057760086102,STOP,LOSS,-1.51,-0.72
2026-04-14T13:01:24,BTCUSDT,breakout,145,—,132,ЛОНГ,74423.38,0.006047,11.046682007385247,FLAT,FLAT,-0.44,-0.26
2026-04-14T13:01:24,ASTERUSDT,breakout,142,—,129,ЛОНГ,0.6838,0.005,3.7030244444793734,STOP,STOP,-2.94,-3.54
2026-04-14T13:01:24,PENGUUSDT,breakout,141,—,128,ЛОНГ,0.007097,0.005,13.537772011745705,STOP,LOSS,-4.71,-0.83
2026-04-14T13:01:24,DOTUSDT,bos_fvg,134,—,66,ШОРТ,1.1776,-0.065104,-0.01751690100189916,WIN,FLAT,-1.84,-0.48
2026-04-14T13:01:24,ARBUSDT,bos_fvg,134,—,50,ЖДАТЬ,0.11132,0.001508,-2.409692499758679,TP1,STOP,-1.64,2.42
2026-04-14T13:01:24,MYXUSDT,bos_fvg,133,—,71,ЛОНГ,0.31664,0.005,33.68353946070139,LOSS,WIN,-7.53,8.64
2026-04-14T13:01:24,AVAXUSDT,bos_fvg,133,—,72,ЛОНГ,9.37,-0.005959,2.403771986517339,LOSS,WIN,-0.5,0.65
2026-04-14T13:01:24,SOLUSDT,bos_fvg,131,—,94,ЛОНГ,85.92,0.01,10.374027189796864,STOP,STOP,-2.71,-2.75
2026-04-14T13:01:24,SUIUSDT,breakout,131,—,118,ЛОНГ,0.94358,0.01,1.8168098982895704,STOP,WIN,-1.61,0.85
2026-04-14T13:01:24,FARTCOINUSDT,breakout,130,—,125,ЛОНГ,0.21385,0.005,-4.070733744801195,STOP,STOP,-9.09,-6.73
2026-04-14T13:01:24,NEARUSDT,bos_fvg,124,—,86,ЛОНГ,1.4069,-0.006449,5.910895109203907,STOP,LOSS,-3.21,-0.81
2026-04-14T13:01:24,ADAUSDT,bos_fvg,123,—,37,ШОРТ,0.2434,0.01,-3.083152143893707,WIN,WIN,-1.27,-0.7
2026-04-14T13:01:24,WIFUSDT,bos_fvg,123,—,86,ЖДАТЬ,0.1963,0.005,-9.4379568318069,TP1,TP1,-2.66,-0.37
2026-04-14T13:01:24,XPLUSDT,bos_fvg,118,—,90,ЛОНГ,0.13884,0.005,-0.12900646919718256,LOSS,STOP,-3.98,-5.61
2026-04-14T13:01:24,ENAUSDT,bos_fvg,117,—,73,ЖДАТЬ,0.09649,0.005,-2.647346563029197,TP1,STOP,-1.48,1.41
2026-04-14T13:01:24,XAUTUSDT,squeeze,117,—,75,ЛОНГ,4748.6,0.0020440000000000002,-6.383827211144089,TP1,TP1,1.29,0.83
2026-04-14T13:01:24,CRVUSDT,breakout,117,—,109,ЛОНГ,0.2192,0.01,1.9032331151912218,STOP,TP1,-3.15,1.87
2026-04-14T13:01:24,1000BONKUSDT,bos_fvg,116,—,101,ЖДАТЬ,0.005925,0.005,1.9144638721506981,TP1,TP1,-1.87,0.98
2026-04-14T13:01:24,1000PEPEUSDT,bos_fvg,115,—,90,ЛОНГ,0.0036834,0.01,-13.493862045922636,STOP,LOSS,-2.73,-1.5
2026-04-14T13:01:24,LTCUSDT,bos_fvg,115,—,78,ЛОНГ,54.42,0.01,1.2650422867920734,FLAT,FLAT,-0.24,0.39
2026-04-14T13:01:24,ZECUSDT,breakout,113,—,100,ЛОНГ,372.03,0.01,-3.7945753741015027,STOP,STOP,-6.33,-4.19
2026-04-14T13:01:24,LINKUSDT,bos_fvg,109,—,60,ЖДАТЬ,9.116,0.01,0.8743516469101128,TP1,TP1,-1.35,0.42
2026-04-14T13:01:24,BNBUSDT,bos_fvg,109,—,96,ЛОНГ,615.57,0.01,6.985248905504444,FLAT,FLAT,-0.32,0.35
2026-04-14T13:01:24,VIRTUALUSDT,bos_fvg,109,—,84,ЖДАТЬ,0.6814,0.005,0.6620233571251917,TP1,TP1,-2.17,-0.28
2026-04-14T13:01:24,LABUSDT,squeeze,108,—,55,ЛОНГ,0.55172,0.015281,-8.355067249365609,LOSS,STOP,-7.77,-16.11
2026-04-14T13:01:24,MONUSDT,breakout,107,—,94,ЛОНГ,0.036677,0.01,2.760848239060197,STOP,STOP,-7.22,-6.09
2026-04-14T13:01:24,WLDUSDT,bos_fvg,99,—,71,ЛОНГ,0.3156,-0.001982,-2.250678769470327,STOP,STOP,-6.34,-5.51
2026-04-14T13:01:24,CLUSDT,bos_fvg,95,—,21,ШОРТ,91.459,0.0,-4.377986974348718,TP1,TP1,-3.19,-2.9
2026-04-14T13:01:24,XAUUSDT,breakout,95,—,95,ЛОНГ,4776.32,0.0,11.540316003327721,TP1,TP1,1.31,0.85
2026-04-14T13:01:24,RIVERUSDT,breakout,94,—,89,ЛОНГ,9.021,0.005,-4.49047908519638,LOSS,STOP,-1.98,-17.55
2026-04-14T13:01:24,APTUSDT,breakout,93,—,93,ЛОНГ,0.8587,-0.002611,-4.767141637994175,LOSS,TP1,-0.65,3.02
2026-04-14T13:01:24,WETUSDT,bos_fvg,91,—,74,ЛОНГ,0.14662,-0.029862,-6.3771862649960696,LOSS,STOP,-4.8,-17.94
2026-04-14T13:01:24,XAGUSDT,breakout,84,—,84,ЛОНГ,77.66,0.0040219999999999995,-8.213349358540153,TP1,TP1,2.41,1.94
2026-04-14T13:01:24,TRUMPUSDT,squeeze,76,—,63,ЛОНГ,2.833,-0.047955,-4.951285979966014,STOP,FLAT,-2.08,0.21
2026-04-14T13:01:24,TAOUSDT,bos_fvg,72,—,61,ШОРТ,247.07,0.005,-4.479458050677927,TP1,LOSS,-2.89,0.98
2026-04-14T12:09:13,ZAMAUSDT,breakout,199,—,178,ЛОНГ,0.03705,-0.581887,90.47410449374367,LOSS,STOP,-12.98,-17.52
2026-04-14T12:09:13,ETHUSDT,breakout,179,—,166,ЛОНГ,2375.19,0.01,14.683715419163013,STOP,LOSS,-2.54,-0.59
2026-04-14T13:54:03,COAIUSDT,bos_fvg,191,—,166,ЛОНГ,0.4311,0.005,22.44329562663631,LOSS,LOSS,-7.86,-8.37
2026-04-14T13:54:03,ZAMAUSDT,breakout,179,—,158,ЛОНГ,0.03676,-0.868552,86.92927336409056,LOSS,STOP,-12.32,-16.87
2026-04-14T13:54:03,BTCUSDT,breakout,173,—,160,ЛОНГ,75311.01,0.004454,14.693149265105943,STOP,STOP,-1.67,-0.9
2026-04-14T13:54:03,GIGGLEUSDT,breakout,170,—,162,ЛОНГ,55.19,-0.03588,9.691005194022424,STOP,STOP,-17.77,-29.99
2026-04-14T13:54:03,BROCCOLIUSDT,breakout,161,—,161,ЛОНГ,0.016908,0.005,61.581627656408486,LOSS,STOP,-6.52,-9.04
2026-04-14T13:54:03,PUMPFUNUSDT,breakout,159,—,159,ЛОНГ,0.0019743,0.005,18.81983366405925,STOP,STOP,-7.82,-2.06
2026-04-14T13:54:03,ENJUSDT,breakout,155,—,134,ЛОНГ,0.04714,-0.155304,21.698237648885655,TP1,TP1,22.59,91.64
2026-04-14T13:54:03,PENGUUSDT,breakout,149,—,136,ЛОНГ,0.0072,0.005,14.094404428445365,STOP,FLAT,-6.17,-0.43
2026-04-14T13:54:03,RAVEUSDT,squeeze,145,—,124,ЛОНГ,15.12089,-2.0,-37.806816334048854,WIN,LOSS,3.11,-19.8
2026-04-14T13:54:03,XRPUSDT,breakout,145,—,132,ЛОНГ,1.391,0.01,9.997958479478449,STOP,FLAT,-2.56,-0.09
2026-04-14T13:54:03,ETHUSDT,breakout,145,—,132,ЛОНГ,2389.54,0.01,14.848509543622557,STOP,LOSS,-3.16,-1.22
2026-04-14T13:54:03,BNBUSDT,breakout,145,—,132,ЛОНГ,621.43,0.01,6.341785581726057,STOP,FLAT,-1.26,0.17
2026-04-14T13:54:03,BLESSUSDT,bos_fvg,144,—,67,ЛОНГ,0.018283,0.094819,25.636822351074994,LOSS,STOP,-2.99,-57.16
2026-04-14T13:54:03,ARIAUSDT,breakout,143,—,130,ЛОНГ,0.90329,-2.0,-21.63305206302526,STOP,STOP,-88.5,-89.6
2026-04-14T13:54:03,ARBUSDT,squeeze,142,—,50,ЛОНГ,0.11126,-0.000324,-2.23552207480461,LOSS,TP1,-1.63,4.07
2026-04-14T13:54:03,VIRTUALUSDT,breakout,137,—,124,ЛОНГ,0.6959,0.005,0.23614010192657375,STOP,LOSS,-4.21,-1.54
2026-04-14T13:54:03,HYPEUSDT,breakout,134,—,126,ЛОНГ,44.784,0.000563,2.373494826148512,STOP,LOSS,-3.62,-0.78
2026-04-14T13:54:03,DOTUSDT,bos_fvg,134,—,70,ШОРТ,1.1805,-0.07196999999999999,0.39604762941147786,TP1,FLAT,-2.08,0.26
2026-04-14T13:54:03,MYXUSDT,bos_fvg,133,—,71,ЛОНГ,0.32117,0.005,41.144431558971704,LOSS,WIN,-9.21,6.17
2026-04-14T13:54:03,DOGEUSDT,breakout,133,—,120,ЛОНГ,0.09638,0.01,14.648524857146894,STOP,LOSS,-3.89,-0.83
2026-04-14T13:54:03,SUIUSDT,breakout,133,—,120,ЛОНГ,0.9589,0.01,1.7739486469018364,STOP,WIN,-3.19,0.54
2026-04-14T13:54:03,AAVEUSDT,breakout,132,—,124,ЛОНГ,101.17,-0.001855,0.06399972221415474,STOP,TP1,-3.24,5.56
2026-04-14T13:54:03,LDOUSDT,breakout,132,—,119,ЛОНГ,0.3712,0.01,46.274887987720234,STOP,WIN,-6.41,2.53
2026-04-14T13:54:03,MONUSDT,breakout,131,—,118,ЛОНГ,0.036708,0.01,2.475194034032647,STOP,LOSS,-7.29,-4.44
2026-04-14T13:54:03,LINKUSDT,breakout,129,—,116,ЛОНГ,9.232,0.009311,1.236614641672575,STOP,FLAT,-2.61,0.48
2026-04-14T13:54:03,AVAXUSDT,breakout,127,—,114,ЛОНГ,9.471,-0.006029,3.2287319869635525,STOP,FLAT,-1.59,0.01
2026-04-14T13:54:03,XPLUSDT,bos_fvg,125,—,90,ЛОНГ,0.14071,0.005,-0.9122681746746509,STOP,STOP,-5.25,-5.17
2026-04-14T13:54:03,ASTERUSDT,bos_fvg,125,—,95,ЛОНГ,0.6875,0.005,4.563111909179223,STOP,STOP,-3.46,-3.4
2026-04-14T13:54:03,CRVUSDT,breakout,125,—,117,ЛОНГ,0.2203,0.01,1.1924267716306658,STOP,TP1,-3.63,1.68
2026-04-14T13:54:03,NEARUSDT,bos_fvg,124,—,60,ЛОНГ,1.3987,-0.007656,4.885290620333319,STOP,WIN,-2.65,0.54
2026-04-14T13:54:03,WIFUSDT,bos_fvg,123,—,94,ЛОНГ,0.19864,0.002372,-9.626360192832252,STOP,WIN,-3.79,0.96
2026-04-14T13:54:03,ENAUSDT,bos_fvg,117,—,73,ЖДАТЬ,0.09653,0.005,-2.5895998666012177,TP1,STOP,-1.58,3.32
2026-04-14T13:54:03,SOLUSDT,bos_fvg,115,—,96,ЛОНГ,87.279,0.01,9.788326234361747,STOP,STOP,-4.25,-2.82
2026-04-14T13:54:03,XAUTUSDT,breakout,115,—,110,ЛОНГ,4766.88,0.005,-6.447704166560533,TP1,FLAT,0.9,0.04
2026-04-14T13:54:03,1000PEPEUSDT,breakout,109,—,104,ЛОНГ,0.0037492,0.01,-13.588633597024863,STOP,FLAT,-4.41,-0.41
2026-04-14T13:54:03,ZECUSDT,bos_fvg,107,—,84,ЛОНГ,369.37,0.01,-3.4371304808610414,STOP,STOP,-5.67,-5.31
2026-04-14T13:54:03,WETUSDT,squeeze,105,—,66,ЛОНГ,0.14851,-0.04678,-7.424041770840503,LOSS,STOP,-5.96,-19.32
2026-04-14T13:54:03,RIVERUSDT,breakout,103,—,98,ЛОНГ,8.755,0.005,-5.089359661626475,WIN,STOP,0.88,-14.93
2026-04-14T13:54:03,TAOUSDT,bos_fvg,102,—,71,ШОРТ,253.23,-0.0024939999999999997,0.2322090982366279,TP1,TP1,-5.13,-4.48
2026-04-14T13:54:03,LTCUSDT,breakout,101,—,88,ЛОНГ,55.11,0.01,1.2319788827422802,STOP,FLAT,-1.49,0.2
2026-04-14T13:54:03,1000BONKUSDT,bos_fvg,100,—,95,ЛОНГ,0.006017,0.005,3.0257890600942647,STOP,WIN,-3.37,0.96
2026-04-14T13:54:03,TRUMPUSDT,squeeze,98,—,65,ЛОНГ,2.85,-0.063119,-5.265409320460535,STOP,FLAT,-2.63,0.46
2026-04-14T13:54:03,XAUUSDT,breakout,96,—,96,ЛОНГ,4792.49,0.0,15.132223764047362,TP1,FLAT,0.96,0.12
2026-04-14T13:54:03,LABUSDT,bos_fvg,96,—,63,ЛОНГ,0.58074,0.005,-8.575177925750985,LOSS,STOP,-12.52,-15.82
2026-04-14T13:54:03,CLUSDT,bos_fvg,94,—,32,ШОРТ,90.602,0.0,-6.727435898520391,TP1,TP1,-2.3,-2.77
2026-04-14T13:54:03,ONDOUSDT,bos_fvg,92,—,49,ЛОНГ,0.2598,0.005,-1.9532601422946847,STOP,LOSS,-3.89,-1.04
2026-04-14T13:54:03,ADAUSDT,breakout,91,—,78,ЛОНГ,0.2472,0.01,-1.8368575307017763,STOP,FLAT,-2.79,0.2
2026-04-14T13:54:03,FARTCOINUSDT,breakout,90,—,85,ЛОНГ,0.2202,0.005,-3.4798997346106946,STOP,STOP,-11.72,-6.76
2026-04-14T13:54:03,XAGUSDT,breakout,89,—,84,ЛОНГ,78.28,0.005151,-5.651097772591786,TP1,TP1,1.6,1.19
2026-04-14T13:54:03,WLDUSDT,bos_fvg,84,—,59,ЛОНГ,0.319,-0.005505,-1.6915147677933708,STOP,STOP,-7.3,-5.58
2026-04-14T21:02:52,LDOUSDT,bos_fvg,161,—,84,ЛОНГ,0.3467,-0.019934999999999998,25.89705311595504,WIN,TP1,1.62,9.32
2026-04-14T21:02:52,RAVEUSDT,breakout,160,—,139,ЛОНГ,15.67977,-0.343271,-22.25385628328152,WIN,STOP,3.09,-31.9
2026-04-14T21:02:52,1000PEPEUSDT,squeeze,159,—,81,ЛОНГ,0.003581,-0.028032,-13.559113255040028,WIN,TP1,0.56,4.36
2026-04-14T21:02:52,BTCUSDT,breakout,155,—,142,ЛОНГ,74045.2,-0.021902,12.197103882118716,FLAT,WIN,0.38,0.76
2026-04-14T21:02:52,ZAMAUSDT,breakout,152,—,139,ЛОНГ,0.03221,-0.042034,58.30607393758296,LOSS,WIN,-2.95,2.11
2026-04-14T21:02:52,DOGEUSDT,squeeze,151,—,40,ЛОНГ,0.09259,-0.012014,6.397246095363488,WIN,TP1,1.26,2.34
2026-04-14T21:02:52,VVVUSDT,squeeze,150,—,103,ЛОНГ,8.7123,-0.028925,-1.593004888895977,WIN,LOSS,0.86,-1.27
2026-04-14T21:02:52,ENJUSDT,squeeze,149,—,135,ЛОНГ,0.057862,-0.752745,-7.08479551761126,TP1,TP1,15.77,62.99
2026-04-14T21:02:52,WLDUSDT,squeeze,145,—,71,ЛОНГ,0.2952,-0.031211,-2.891567945222668,WIN,WIN,2.41,3.39
2026-04-14T21:02:52,ASTERUSDT,squeeze,145,—,33,ЛОНГ,0.6632,-0.010512,1.6737813742660985,WIN,FLAT,0.89,0.21
2026-04-14T21:02:52,ENAUSDT,breakout,143,—,130,ЛОНГ,0.09523,0.005,-10.73238144496694,TP1,TP1,2.0,4.12
2026-04-14T21:02:52,COAIUSDT,bos_fvg,139,—,121,ЛОНГ,0.3959,0.005,14.47885337348565,WIN,WIN,9.24,5.78
2026-04-14T21:02:52,ETHUSDT,squeeze,138,—,109,ЛОНГ,2313.79,-0.010327000000000001,4.8999461689238695,WIN,TP1,0.92,1.71
2026-04-14T21:02:52,BNBUSDT,bos_fvg,134,—,64,ЛОНГ,613.5,0.01,6.129659384769019,FLAT,TP1,0.34,1.37
2026-04-14T21:02:52,XAUUSDT,breakout,132,—,124,ЛОНГ,4839.02,0.0,-0.39088384384549935,FLAT,FLAT,-0.22,-0.12
2026-04-14T21:02:52,XAUTUSDT,breakout,131,—,118,ЛОНГ,4810.47,0.005,-6.6073624319532325,FLAT,FLAT,-0.2,-0.07
2026-04-14T21:02:52,VIRTUALUSDT,squeeze,131,—,71,ЛОНГ,0.6665,-0.01139,-5.003128567019719,WIN,TP1,1.89,3.12
2026-04-14T21:02:52,WETUSDT,breakout,130,—,122,ЛОНГ,0.1394,0.0,-13.435840003865632,LOSS,STOP,-6.81,-13.86
2026-04-14T21:02:52,ARIAUSDT,bos_fvg,129,—,96,ШОРТ,0.10217,-0.038407,311.8761190715151,LOSS,WIN,44.59,-8.83
2026-04-14T21:02:52,SUIUSDT,bos_fvg,128,—,46,ШОРТ,0.9288,0.004573,0.655985561165406,LOSS,STOP,1.52,2.93
2026-04-14T21:02:52,APRUSDT,breakout,127,—,114,ЛОНГ,0.27664,0.005,5.115282439743905,WIN,LOSS,15.52,-15.87
2026-04-14T21:02:52,1000BONKUSDT,bos_fvg,127,—,-2,ШОРТ,0.00581,-0.002948,8.609865715048095,STOP,STOP,2.67,4.99
2026-04-14T21:02:52,XRPUSDT,bos_fvg,125,—,54,ЛОНГ,1.3561,-0.0009310000000000001,6.208333931664038,FLAT,TP1,0.29,2.79
2026-04-14T21:02:52,MYXUSDT,breakout,124,—,111,ЛОНГ,0.29271,0.005,35.59441287446526,WIN,WIN,12.64,14.58
2026-04-14T21:02:52,PUMPFUNUSDT,squeeze,123,—,87,ЛОНГ,0.0018209,-0.004098,-3.34226557937985,WIN,TP1,2.29,4.49
2026-04-14T21:02:52,XAGUSDT,squeeze,122,—,117,ЛОНГ,79.51,0.0,-14.638919967243297,WIN,WIN,0.52,0.91
2026-04-14T21:02:52,ONDOUSDT,bos_fvg,121,—,56,ШОРТ,0.2499,0.005,-2.8172910601501253,LOSS,STOP,1.32,2.92
2026-04-14T21:02:52,DOTUSDT,bos_fvg,120,—,51,ШОРТ,1.1559,-0.217919,4.730848363216604,LOSS,LOSS,1.38,1.81
2026-04-14T21:02:52,CLUSDT,squeeze,119,—,50,ЛОНГ,88.675,-0.05143,-28.28375596506929,FLAT,LOSS,0.1,-0.91
2026-04-14T21:02:52,ADAUSDT,bos_fvg,118,—,10,ШОРТ,0.2402,-0.007313,-9.451134218050475,FLAT,LOSS,0.5,1.83
2026-04-14T21:02:52,LINKUSDT,bos_fvg,118,—,54,ШОРТ,8.997,-0.022868000000000003,2.853882579620892,LOSS,STOP,1.12,2.63
2026-04-14T21:02:52,GIGGLEUSDT,breakout,117,—,112,ЛОНГ,45.27,0.005,-3.845053363773894,LOSS,LOSS,-2.36,-15.71
2026-04-14T21:02:52,LTCUSDT,bos_fvg,116,—,64,ЛОНГ,54.3,0.0050550000000000005,-3.720632324884162,FLAT,TP1,-0.18,1.29
2026-04-14T21:02:52,XPLUSDT,bos_fvg,113,—,64,ЖДАТЬ,0.13301,-0.000681,-1.3173149963352047,TP1,TP1,0.05,-1.4
2026-04-14T21:02:52,AVAXUSDT,bos_fvg,113,—,79,ШОРТ,9.313,-0.009089,3.3233028328384098,LOSS,LOSS,1.34,0.73
2026-04-14T21:02:52,EDGEUSDT,bos_fvg,113,—,71,ЛОНГ,0.9936,0.041216,8.203028827232488,WIN,TP1,3.25,12.54
2026-04-14T21:02:52,AAVEUSDT,bos_fvg,112,—,94,ЛОНГ,97.94,-0.0037249999999999996,-1.2170952455542858,TP1,TP1,2.93,7.55
2026-04-14T21:02:52,WIFUSDT,bos_fvg,112,—,69,ШОРТ,0.19096,0.005,0.5367387738880867,LOSS,STOP,2.31,5.23
2026-04-14T21:02:52,NEARUSDT,bos_fvg,111,—,66,ШОРТ,1.3629,0.01,-4.645474094394577,LOSS,STOP,0.67,2.97
2026-04-14T21:02:52,MONUSDT,squeeze,110,—,88,ЛОНГ,0.034002,0.005547,-6.5676299599045,WIN,TP1,2.14,4.34
2026-04-14T21:02:52,BCHUSDT,bos_fvg,110,—,44,ЖДАТЬ,434.3,-0.007111999999999999,-3.003706351904167,TP1,STOP,0.02,1.34
2026-04-14T21:02:52,SOLUSDT,bos_fvg,108,—,47,ШОРТ,83.557,0.001042,-3.974307432897105,FLAT,LOSS,0.09,1.39
2026-04-14T21:02:52,BLESSUSDT,breakout,103,—,98,ЛОНГ,0.017501,0.127369,-3.339686518672713,TP1,STOP,32.88,-38.75
2026-04-14T21:02:52,ARBUSDT,breakout,102,—,89,ЛОНГ,0.1095,0.009814,-2.0987230651338167,TP1,TP1,4.58,5.42
2026-04-14T21:02:52,FARTCOINUSDT,bos_fvg,100,—,56,ЖДАТЬ,0.19428,0.005,-0.010384228882961971,TP1,STOP,0.97,5.01
2026-04-14T21:02:52,TAOUSDT,bos_fvg,85,—,66,ШОРТ,240.1,0.005,-7.115712987360011,LOSS,FLAT,2.36,0.23
2026-04-14T21:02:52,ZECUSDT,breakout,82,—,69,ЛОНГ,348.63,0.01,-1.9059388329394158,WIN,LOSS,2.07,-1.54
2026-04-14T21:02:52,RIVERUSDT,bos_fvg,75,—,68,ЛОНГ,8.868,0.005,-10.698868777304725,WIN,STOP,4.17,-16.34
2026-04-14T21:02:52,TRUMPUSDT,squeeze,53,—,22,ЛОНГ,2.775,0.005,-7.0699865718034465,WIN,TP1,1.26,6.99
2026-04-15T01:02:32,XAGUSDT,breakout,153,—,174,ЛОНГ,79.77,0.0,7.862444459657672,LOSS,TP1,-0.53,1.2
2026-04-15T01:02:32,GIGGLEUSDT,breakout,143,—,164,ЛОНГ,49.46,0.005,2.361870752266284,STOP,STOP,-15.59,-22.0
2026-04-15T01:02:32,RAVEUSDT,breakout,140,—,161,ЛОНГ,18.44702,-1.0210810000000001,-27.483360009737666,STOP,STOP,-20.03,-23.82
2026-04-15T01:02:32,WETUSDT,breakout,140,—,161,ЛОНГ,0.14861,-0.022029,-18.79158704936473,STOP,STOP,-16.09,-17.02
2026-04-15T01:02:32,ZAMAUSDT,breakout,137,—,158,ЛОНГ,0.03145,-0.076498,56.68565726731916,LOSS,WIN,-3.97,2.96
2026-04-15T01:02:32,BNBUSDT,bos_fvg,174,—,128,ЛОНГ,616.5,0.01,3.32534028833307,FLAT,TP1,-0.42,1.12
2026-04-15T01:02:32,XAUTUSDT,breakout,119,—,140,ЛОНГ,4807.4,0.004024,-5.304906424383776,FLAT,FLAT,-0.34,0.03
2026-04-15T01:02:32,XAUUSDT,breakout,119,—,140,ЛОНГ,4835.3,0.0,0.9263594325906547,FLAT,FLAT,-0.33,0.02
2026-04-15T01:02:32,COAIUSDT,bos_fvg,159,—,111,ЛОНГ,0.3921,0.005,13.201066292056202,WIN,WIN,2.32,2.45
2026-04-15T01:02:32,ADAUSDT,bos_fvg,150,—,35,ШОРТ,0.2401,-0.023393,-4.277841684214489,FLAT,STOP,-0.21,4.21
2026-04-15T01:02:32,AVAXUSDT,bos_fvg,150,—,62,ЖДАТЬ,9.327,0.008085,0.3009010491079706,TP1,STOP,0.1,1.74
2026-04-15T01:02:32,1000PEPEUSDT,bos_fvg,149,—,65,ЖДАТЬ,0.0035968,0.01,-8.912653885132318,TP1,STOP,-0.75,9.99
2026-04-15T01:02:32,DOGEUSDT,bos_fvg,149,—,57,ЖДАТЬ,0.09321,-0.0075840000000000005,-3.6410084280843655,TP1,STOP,-0.28,3.85
2026-04-15T01:02:32,XPLUSDT,bos_fvg,149,—,80,ЛОНГ,0.13522,-0.004188,-1.343591639065015,STOP,FLAT,-4.01,-0.33
2026-04-15T01:02:32,HYPEUSDT,squeeze,106,—,99,ЛОНГ,43.716,-0.019851999999999998,-3.7809177992522582,FLAT,TP1,-0.28,3.07
2026-04-15T01:02:32,WIFUSDT,bos_fvg,148,—,89,ЖДАТЬ,0.19447,-0.043663,4.551860696586345,TP1,STOP,-0.94,8.4
2026-04-15T01:02:32,LDOUSDT,breakout,106,—,127,ЛОНГ,0.3525,-0.002969,13.766353492620938,FLAT,TP1,0.11,9.62
2026-04-15T01:02:32,ASTERUSDT,squeeze,103,—,60,ЛОНГ,0.6654,-0.00562,-0.7389598815867485,LOSS,FLAT,-0.57,0.26
2026-04-15T01:02:32,AAVEUSDT,bos_fvg,142,—,100,ЛОНГ,100.38,0.005436,-1.8555245774867561,FLAT,TP1,0.19,6.02
2026-04-15T01:02:32,VIRTUALUSDT,squeeze,99,—,67,ЛОНГ,0.6724,-0.00105,-5.936137809580797,FLAT,TP1,-0.36,4.22
2026-04-15T01:02:32,SUIUSDT,bos_fvg,139,—,50,ЖДАТЬ,0.9374,0.005266,-1.149657687397109,TP1,STOP,-0.05,3.31
2026-04-15T01:02:32,TAOUSDT,bos_fvg,138,—,56,ШОРТ,244.84,0.005,-12.852728618925166,LOSS,WIN,1.19,-1.17
2026-04-15T01:02:32,BLESSUSDT,bos_fvg,138,—,109,ЛОНГ,0.022666,0.296074,-2.2162309784952,TP1,STOP,28.24,-55.23
2026-04-15T01:02:32,BTCUSDT,bos_fvg,136,—,82,ЛОНГ,74500.1,-0.018205,5.967955181821808,LOSS,WIN,-0.67,0.59
2026-04-15T01:02:32,APRUSDT,breakout,93,—,114,ЛОНГ,0.31194,0.005,9.678480519943808,LOSS,STOP,-15.47,-27.0
2026-04-15T01:02:32,DOTUSDT,bos_fvg,135,—,45,ШОРТ,1.1701,-0.25182,6.674674597548524,WIN,STOP,-1.14,4.08
2026-04-15T01:02:32,FARTCOINUSDT,squeeze,92,—,72,ЛОНГ,0.19292,0.005,-5.316857126264125,WIN,TP1,0.53,10.33
2026-04-15T01:02:32,PUMPFUNUSDT,squeeze,92,—,57,ЛОНГ,0.0018333,-0.009283,-4.41721223447336,FLAT,TP1,-0.05,6.99
2026-04-15T01:02:32,MONUSDT,squeeze,90,—,98,ЛОНГ,0.034859,-0.026468,-4.523487646991482,LOSS,WIN,-3.1,3.71
2026-04-15T01:02:32,MYXUSDT,bos_fvg,130,—,94,ЛОНГ,0.30552,0.005,29.801619152437063,WIN,WIN,8.9,5.75
2026-04-15T01:02:32,ENAUSDT,bos_fvg,130,—,95,ЖДАТЬ,0.09682,0.005,-14.0036238682725,TP1,STOP,-1.0,5.54
2026-04-15T01:02:32,VVVUSDT,squeeze,86,—,99,ЛОНГ,8.967,-0.062541,-6.232306700298242,LOSS,LOSS,-3.93,-4.63
2026-04-15T01:02:32,SIRENUSDT,bos_fvg,125,—,35,ШОРТ,0.70569,0.005,-2.752869213410461,LOSS,STOP,6.33,21.48
2026-04-15T01:02:32,SOLUSDT,bos_fvg,124,—,51,ШОРТ,83.667,-0.007461000000000001,-6.942849847916649,WIN,LOSS,-0.7,1.87
2026-04-15T01:02:32,LINKUSDT,bos_fvg,124,—,49,ЖДАТЬ,9.046,-0.015454999999999998,-2.1306320888562444,TP1,STOP,0.11,2.85
2026-04-15T01:02:32,WLDUSDT,squeeze,81,—,93,ЛОНГ,0.2923,-0.016977,-1.513815215361677,WIN,TP1,0.82,5.47
2026-04-15T01:02:32,RIVERUSDT,breakout,80,—,101,ЛОНГ,9.071,0.005,-7.678567675674862,STOP,STOP,-17.85,-13.5
2026-04-15T01:02:32,LTCUSDT,bos_fvg,116,—,61,ЛОНГ,54.35,-0.0011229999999999999,-4.230696767555185,FLAT,TP1,-0.18,1.95
2026-04-15T01:02:32,EDGEUSDT,bos_fvg,115,—,68,ЛОНГ,0.9853,0.005,8.044548980092134,FLAT,TP1,0.01,16.58
2026-04-15T01:02:32,ZECUSDT,bos_fvg,114,—,43,ШОРТ,359.71,0.007671,-2.1781539061335597,FLAT,TP1,-0.24,-5.6
2026-04-15T01:02:32,CLUSDT,bos_fvg,112,—,36,ШОРТ,87.531,0.0,-25.233971282315192,LOSS,LOSS,2.52,0.78
2026-04-15T01:02:32,CCUSDT,squeeze,70,—,73,ЛОНГ,0.14913,0.005,-8.478210067731046,FLAT,WIN,0.11,0.74
2026-04-15T01:02:32,LABUSDT,range_sweep,108,—,54,ШОРТ,0.47101,0.06965600000000001,-5.603124026965778,WIN,LOSS,-1.44,9.77
2026-04-15T01:02:32,TRUMPUSDT,squeeze,61,—,49,ЛОНГ,2.793,-0.022832,-5.359861286410431,WIN,TP1,0.79,3.44
2026-04-15T01:02:32,NEARUSDT,squeeze,57,—,55,ЛОНГ,1.3611,-0.000705,-5.9805961434345525,LOSS,TP1,-1.09,5.01
2026-04-15T01:02:32,TONUSDT,bos_fvg,94,—,57,ШОРТ,1.3842,0.005,-2.9435155472166628,TP1,LOSS,-1.89,2.0
2026-04-15T05:01:32,XAUUSDT,breakout,162,—,183,ЛОНГ,4826.59,0.0,10.513214791963952,FLAT,FLAT,-0.2,0.2
2026-04-15T05:01:32,ZAMAUSDT,bos_fvg,191,—,72,ЛОНГ,0.03143,-0.241064,52.56874040928291,LOSS,WIN,-1.81,2.8
2026-04-15T05:01:32,ENJUSDT,breakout,148,—,148,ЛОНГ,0.068477,-0.11281,4.68241183471193,WIN,TP1,3.94,20.02
2026-04-15T05:01:32,AVAXUSDT,bos_fvg,179,—,82,ЛОНГ,9.409,0.001102,1.4775550002671727,FLAT,WIN,0.13,0.86
2026-04-15T05:01:32,WETUSDT,breakout,128,—,128,ЛОНГ,0.1298,-0.06116,-15.975354531842786,LOSS,LOSS,-7.31,-5.02
2026-04-15T05:01:32,COAIUSDT,bos_fvg,165,—,124,ЛОНГ,0.4327,0.015663,6.1811018498668675,LOSS,LOSS,-2.66,-7.26
2026-04-15T05:01:32,RAVEUSDT,squeeze,122,—,125,ЛОНГ,16.86518,-2.0,-21.514881640343773,STOP,LOSS,-27.63,-17.11
2026-04-15T05:01:32,LDOUSDT,breakout,122,—,143,ЛОНГ,0.352,-0.006108000000000001,5.982634230200203,TP1,TP1,4.35,9.74
2026-04-15T05:01:32,1000PEPEUSDT,squeeze,121,—,99,ЛОНГ,0.003597,-0.009841,-10.404911930206923,WIN,TP1,0.75,9.95
2026-04-15T05:01:32,AAVEUSDT,bos_fvg,162,—,67,ЛОНГ,100.68,0.01,-1.5583358023680367,TP1,TP1,1.82,5.71
2026-04-15T05:01:32,HYPEUSDT,squeeze,115,—,95,ЛОНГ,43.825,-0.025135,-4.4173482272577065,WIN,TP1,1.13,2.77
2026-04-15T05:01:32,BNBUSDT,bos_fvg,157,—,100,ЛОНГ,615.2,0.007546999999999999,1.462124050186517,FLAT,TP1,0.39,1.32
2026-04-15T05:01:32,ARBUSDT,breakout,114,—,122,ЛОНГ,0.11401,0.01,1.641666301036052,FLAT,TP1,0.01,2.76
2026-04-15T05:01:32,MYXUSDT,breakout,113,—,113,ЛОНГ,0.33114,0.20655199999999999,1.7738479345492368,WIN,LOSS,4.13,-2.49
2026-04-15T05:01:32,ADAUSDT,bos_fvg,155,—,59,ШОРТ,0.2406,-0.022102999999999998,-0.5525024059645625,FLAT,STOP,0.33,3.95
2026-04-15T05:01:32,DOTUSDT,squeeze,113,—,83,ЛОНГ,1.1692,-0.12073500000000001,7.277017786193363,FLAT,TP1,0.13,4.19
2026-04-15T05:01:32,SOLUSDT,squeeze,112,—,51,ЛОНГ,83.595,-0.011819,-10.766551452088656,FLAT,TP1,-0.08,1.96
2026-04-15T05:01:32,ETHUSDT,bos_fvg,154,—,64,ЛОНГ,2331.85,0.0013570000000000001,-3.1870638845773054,FLAT,WIN,-0.1,0.95
2026-04-15T05:01:32,BTCUSDT,squeeze,112,—,93,ЛОНГ,74317.36,-0.008351,2.672372449276768,FLAT,WIN,-0.13,0.84
2026-04-15T05:01:32,CLUSDT,bos_fvg,154,—,5,ШОРТ,88.78,0.028142,-23.636615243281792,FLAT,WIN,0.12,-0.63
2026-04-15T05:01:32,VIRTUALUSDT,squeeze,111,—,82,ЛОНГ,0.6788,0.005,-6.8390458489669514,FLAT,TP1,-0.01,3.21
2026-04-15T05:01:32,XRPUSDT,bos_fvg,152,—,60,ЛОНГ,1.3581,0.004372,-2.618871025186121,FLAT,TP1,0.43,3.36
2026-04-15T05:01:32,XAUTUSDT,breakout,109,—,122,ЛОНГ,4799.7,-0.001983,-3.5219383831935716,FLAT,FLAT,-0.26,0.19
2026-04-15T05:01:32,ASTERUSDT,breakout,107,—,115,ЛОНГ,0.6686,-0.005352,-1.7358037789218115,LOSS,FLAT,-1.39,-0.22
2026-04-15T05:01:32,CCUSDT,breakout,107,—,123,ЛОНГ,0.15051,0.003202,-10.800995101563794,WIN,FLAT,1.69,-0.18
2026-04-15T05:01:32,DOGEUSDT,bos_fvg,147,—,62,ЛОНГ,0.09356,0.002319,-4.511836764716013,FLAT,TP1,-0.18,3.45
2026-04-15T05:01:32,SUIUSDT,bos_fvg,147,—,78,ЖДАТЬ,0.94106,0.00482,-0.8020950284452708,STOP,STOP,1.0,2.87
2026-04-15T05:01:32,WLDUSDT,squeeze,104,—,103,ЛОНГ,0.3022,-0.020069,1.3253497954530502,LOSS,WIN,-1.39,2.02
2026-04-15T05:01:32,XPLUSDT,bos_fvg,146,—,86,ЛОНГ,0.13294,0.005,-2.095899915724051,LOSS,WIN,-1.45,1.35
2026-04-15T05:01:32,LTCUSDT,bos_fvg,145,—,55,ШОРТ,54.18,-0.004919,-4.426745812735346,LOSS,STOP,0.85,2.27
2026-04-15T05:01:32,LINKUSDT,bos_fvg,144,—,83,ЖДАТЬ,9.087,-0.0018110000000000001,-0.3516060806849586,TP1,STOP,0.73,2.38
2026-04-15T05:01:32,WIFUSDT,bos_fvg,144,—,83,ЖДАТЬ,0.19486,0.005,2.521279809966348,TP1,STOP,0.45,8.32
2026-04-15T05:01:32,PUMPFUNUSDT,bos_fvg,141,—,78,ЖДАТЬ,0.0018601,0.005,-4.190919656161685,TP1,STOP,-0.04,5.39
2026-04-15T05:01:32,VVVUSDT,bos_fvg,140,—,80,ЖДАТЬ,8.7889,0.005,-4.958496842460351,TP1,TP1,1.15,-2.86
2026-04-15T05:01:32,BLESSUSDT,bos_fvg,139,—,56,ЛОНГ,0.023189,0.064236,-11.018589450982137,LOSS,STOP,-5.86,-56.46
2026-04-15T05:01:32,MONUSDT,squeeze,97,—,55,ЛОНГ,0.034746,-0.015866,-7.189098848159543,LOSS,TP1,-1.15,4.07
2026-04-15T05:01:32,ENAUSDT,bos_fvg,136,—,94,ЖДАТЬ,0.09692,0.005,-14.538157409879831,TP1,STOP,0.98,5.55
2026-04-15T05:01:32,FARTCOINUSDT,breakout,91,—,99,ЛОНГ,0.19583,0.005,-5.896633053887358,WIN,TP1,1.66,8.7
2026-04-15T05:01:32,TAOUSDT,bos_fvg,128,—,41,ШОРТ,246.29,0.005,-7.810832243336514,LOSS,WIN,1.17,-1.79
2026-04-15T05:01:32,ZECUSDT,bos_fvg,127,—,37,ШОРТ,355.39,0.01,-3.8342120183529005,FLAT,TP1,0.31,-4.39
2026-04-15T05:01:32,SIRENUSDT,bos_fvg,125,—,82,ЖДАТЬ,0.73868,0.005,-4.158947002193024,TP1,STOP,1.68,16.21
2026-04-15T05:01:32,ARIAUSDT,bos_fvg,124,—,54,ШОРТ,0.14624,0.102469,440.33708178488496,WIN,WIN,-22.11,-29.88
2026-04-15T05:01:32,NEARUSDT,breakout,80,—,88,ЛОНГ,1.3716,0.004927,-4.933027725334963,TP1,TP1,1.76,4.21
2026-04-15T05:01:32,EDGEUSDT,bos_fvg,113,—,58,ЛОНГ,1.0167,0.005,9.51444018036809,WIN,TP1,1.1,13.28
2026-04-15T05:01:32,XAGUSDT,breakout,71,—,84,ЛОНГ,79.84,0.0,6.155339101458379,LOSS,TP1,-0.88,1.1
2026-04-15T05:01:32,RIVERUSDT,range_sweep,107,—,81,ЛОНГ,9.299,0.005,-5.286883343117676,STOP,STOP,-20.34,-15.57
2026-04-15T05:01:32,TONUSDT,bos_fvg,107,—,50,ШОРТ,1.3852,0.005,-1.62175143390161,WIN,LOSS,-0.97,1.91
2026-04-15T05:01:32,GIGGLEUSDT,bos_fvg,106,—,36,ЛОНГ,43.99,0.005,3.9829953131762594,LOSS,LOSS,-3.71,-12.07
2026-04-15T05:01:32,TRUMPUSDT,bos_fvg,104,—,27,ШОРТ,2.808,-0.00505,-5.286858856253242,LOSS,STOP,1.03,2.88
2026-04-15T05:01:32,APRUSDT,breakout,54,—,62,ЛОНГ,0.31875,0.049974000000000005,2.0865174135684916,STOP,STOP,-27.32,-28.37
2026-04-15T09:18:23,XAGUSDT,breakout,188,—,188,ЛОНГ,79.33,0.0,19.693606013030024,FLAT,TP1,-0.15,1.26
2026-04-15T09:18:23,1000PEPEUSDT,squeeze,175,—,83,ЛОНГ,0.00357,-0.026935,-10.710339827104876,TP1,TP1,4.51,9.75
2026-04-15T09:18:23,VIRTUALUSDT,breakout,165,—,157,ЛОНГ,0.6716,-0.000648,-1.4450178211754519,TP1,TP1,1.85,6.18
2026-04-15T09:18:23,PUMPFUNUSDT,squeeze,161,—,140,ЛОНГ,0.0018347,-0.015870000000000002,-6.803830034819095,TP1,TP1,5.19,7.4
2026-04-15T09:18:23,VVVUSDT,breakout,160,—,152,ЛОНГ,8.6206,0.005,-3.8942402253327124,TP1,TP1,3.39,1.18
2026-04-15T09:18:23,LINKUSDT,breakout,157,—,144,ЛОНГ,9.071,0.008922000000000001,-1.7742153009045105,TP1,TP1,2.17,2.44
2026-04-15T09:18:23,XAUUSDT,breakout,153,—,145,ЛОНГ,4820.29,0.0,17.97703217905747,FLAT,STOP,-0.46,-0.02
2026-04-15T09:18:23,LTCUSDT,breakout,149,—,136,ЛОНГ,54.33,-0.008409999999999999,-4.743844849383846,TP1,TP1,1.6,2.1
2026-04-15T09:18:23,DOGEUSDT,squeeze,148,—,124,ЛОНГ,0.09307,-0.001102,-12.057580354171407,TP1,TP1,2.68,3.5
2026-04-15T09:18:23,AAVEUSDT,breakout,148,—,135,ЛОНГ,100.73,0.01,-0.999503412640263,TP1,TP1,5.94,5.48
2026-04-15T09:18:23,LDOUSDT,breakout,148,—,143,ЛОНГ,0.354,0.01,7.933552108955827,TP1,TP1,7.37,9.01
2026-04-15T09:18:23,ZAMAUSDT,squeeze,147,—,120,ЛОНГ,0.03029,-0.041347999999999996,-26.693138006326546,WIN,TP1,0.96,3.83
2026-04-15T09:18:23,HYPEUSDT,breakout,144,—,131,ЛОНГ,43.532,-0.002112,-6.4708062919111295,TP1,TP1,2.07,4.18
2026-04-15T09:18:23,SUIUSDT,bos_fvg,144,—,97,ЖДАТЬ,0.9386,-0.000876,-0.44385361754144703,STOP,TP1,2.67,3.88
2026-04-15T09:18:23,INUSDT,bos_fvg,143,—,125,ЛОНГ,0.0917,-0.512325,155.9437119497883,LOSS,TP1,-9.55,-19.59
2026-04-15T09:18:23,SOLUSDT,bos_fvg,142,—,62,ШОРТ,83.111,-0.009897,-9.131763504249536,STOP,STOP,2.02,2.66
2026-04-15T09:18:23,XAUTUSDT,breakout,138,—,138,ЛОНГ,4793.07,0.0037259999999999997,-2.740683016781096,LOSS,STOP,-0.5,0.01
2026-04-15T09:18:23,ETHUSDT,breakout,136,—,128,ЛОНГ,2327.14,-0.0018349999999999998,-5.059545876875525,TP1,TP1,1.35,1.17
2026-04-15T09:18:23,PENGUUSDT,bos_fvg,136,—,86,ЖДАТЬ,0.006926,-0.000621,4.281205614066905,STOP,TP1,3.47,7.48
2026-04-15T09:18:23,BNBUSDT,bos_fvg,135,—,88,ЛОНГ,614.2,0.008281,-4.369405504681974,TP1,TP1,1.29,1.69
2026-04-15T09:18:23,RIVERUSDT,bos_fvg,134,—,70,ШОРТ,7.711,0.005,-8.145048298464848,WIN,LOSS,-3.31,2.54
2026-04-15T09:18:23,MONUSDT,breakout,134,—,126,ЛОНГ,0.033806,-0.006436,-8.870914490953508,TP1,TP1,3.76,6.4
2026-04-15T09:18:23,COAIUSDT,bos_fvg,131,—,114,ЛОНГ,0.3992,0.005,-8.745810521457054,LOSS,WIN,-1.05,1.18
2026-04-15T09:18:23,WLDUSDT,squeeze,130,—,99,ЛОНГ,0.2958,-0.031094,0.49264471801142756,WIN,TP1,1.76,4.12
2026-04-15T09:18:23,ASTERUSDT,squeeze,130,—,49,ЛОНГ,0.6625,-0.004023,-0.06817465728320962,FLAT,TP1,0.17,0.95
2026-04-15T09:18:23,ENAUSDT,bos_fvg,129,—,77,ШОРТ,0.09575,0.005,-11.09254266151817,STOP,STOP,4.1,7.76
2026-04-15T09:18:23,MYXUSDT,bos_fvg,126,—,109,ЛОНГ,0.33931,0.005,-14.196938742470087,WIN,TP1,0.65,-5.28
2026-04-15T09:18:23,AVAXUSDT,bos_fvg,126,—,92,ЖДАТЬ,9.354,0.01,1.0679617384325162,STOP,TP1,1.22,1.66
2026-04-15T09:18:23,XPLUSDT,bos_fvg,126,—,80,ЖДАТЬ,0.12994,0.005,-3.0218365868569625,STOP,TP1,2.49,4.36
2026-04-15T09:18:23,BTCUSDT,bos_fvg,123,—,93,ЛОНГ,74099.9,-0.009323999999999999,-2.0057489455240325,WIN,TP1,0.53,1.18
2026-04-15T09:18:23,ZECUSDT,breakout,122,—,109,ЛОНГ,359.35,0.01,-4.577893936877978,STOP,STOP,-2.86,-4.85
2026-04-15T09:18:23,BLESSUSDT,bos_fvg,122,—,88,ЛОНГ,0.028604,0.23560799999999998,-18.58324219124022,STOP,TP1,-72.33,-63.01
2026-04-15T09:18:23,SIRENUSDT,bos_fvg,122,—,87,ШОРТ,0.69111,-0.0012929999999999999,-1.8363197332781054,STOP,STOP,17.98,22.37
2026-04-15T09:18:23,ARIAUSDT,bos_fvg,119,—,70,ШОРТ,0.11135,0.018017000000000002,522.8972300491442,WIN,WIN,-16.14,-10.47
2026-04-15T09:18:23,TAOUSDT,bos_fvg,118,—,37,ШОРТ,248.05,0.005,-9.728097290380822,TP1,TP1,-2.48,-2.05
2026-04-15T09:18:23,CLUSDT,bos_fvg,118,—,64,ШОРТ,89.022,0.038092999999999995,-21.417167151011913,WIN,TP1,-1.05,-1.09
2026-04-15T09:18:23,WIFUSDT,breakout,118,—,105,ЛОНГ,0.19256,0.005,-1.873808565277273,TP1,TP1,4.1,8.37
2026-04-15T09:18:23,FARTCOINUSDT,breakout,117,—,104,ЛОНГ,0.19441,0.005,-4.9466299061843415,TP1,TP1,5.96,10.31
2026-04-15T09:18:23,ADAUSDT,bos_fvg,114,—,93,ШОРТ,0.2399,0.008996,0.28324407537257235,STOP,STOP,3.17,3.92
2026-04-15T09:18:23,DOTUSDT,squeeze,113,—,71,ЛОНГ,1.156,-0.11537599999999999,7.241030152091149,TP1,TP1,2.23,6.96
2026-04-15T09:18:23,XRPUSDT,bos_fvg,112,—,54,ШОРТ,1.3553,0.00609,-5.433155954368151,STOP,STOP,2.38,3.77
2026-04-15T09:18:23,ARBUSDT,bos_fvg,110,—,98,ЛОНГ,0.11267,0.01,1.816827448202039,TP1,TP1,2.69,4.45
2026-04-15T09:18:23,WETUSDT,breakout,110,—,97,ЛОНГ,0.124,-0.049877000000000005,-7.572075773662486,LOSS,LOSS,-3.37,-3.22
2026-04-15T09:18:23,APRUSDT,breakout,109,—,104,ЛОНГ,0.26306,0.005,-0.8680591732126899,LOSS,LOSS,-9.73,-19.19
2026-04-15T09:18:23,RAVEUSDT,squeeze,107,—,86,ЛОНГ,15.21681,-1.555698,-8.193533020649507,LOSS,STOP,-20.61,-4.64
2026-04-15T09:18:23,GIGGLEUSDT,bos_fvg,97,—,82,ЛОНГ,41.85,0.005,0.7237830457489343,LOSS,STOP,-8.27,-5.33
2026-04-15T09:18:23,TRUMPUSDT,bos_fvg,91,—,72,ШОРТ,2.808,-0.0029649999999999998,-4.59138304548247,STOP,STOP,1.82,3.1
2026-04-15T09:18:23,EDGEUSDT,bos_fvg,90,—,66,ЛОНГ,0.9932,0.005,3.771953026404737,TP1,TP1,6.02,19.96
2026-04-15T09:18:23,NEARUSDT,squeeze,85,—,83,ЛОНГ,1.3491,0.0,-6.555943169812957,TP1,TP1,4.03,5.97
2026-04-15T09:18:23,ENJUSDT,breakout,79,—,74,ЛОНГ,0.068031,-0.046107999999999996,-4.452108776381629,TP1,TP1,32.53,16.97
2026-04-15T13:08:33,LDOUSDT,breakout,179,—,199,ЛОНГ,0.3663,0.01,0.5892920835405154,TP1,TP1,3.63,6.47
2026-04-15T13:08:33,AAVEUSDT,breakout,158,—,170,ЛОНГ,102.59,0.01,0.15349389633943714,TP1,TP1,3.97,2.84
2026-04-15T13:08:33,ZAMAUSDT,breakout,141,—,145,ЛОНГ,0.03082,-0.18585,-4.273574537580775,LOSS,TP1,-0.71,4.38
2026-04-15T13:08:33,CRVUSDT,breakout,139,—,156,ЛОНГ,0.2236,0.01,6.396670643117579,FLAT,TP1,0.09,-0.67
2026-04-15T13:08:33,EDGEUSDT,breakout,136,—,148,ЛОНГ,1.0164,0.096914,2.9470289460106693,WIN,TP1,3.46,18.26
2026-04-15T13:08:33,VIRTUALUSDT,breakout,133,—,145,ЛОНГ,0.6803,0.005,-1.9197562333850626,WIN,TP1,0.57,4.07
2026-04-15T13:08:33,BIOUSDT,bos_fvg,182,—,126,ЛОНГ,0.02435,-1.066782,169.4222164135099,WIN,TP1,8.05,46.2
2026-04-15T13:08:33,INUSDT,bos_fvg,179,—,106,ЛОНГ,0.0845,0.023126,127.63406484793884,LOSS,LOSS,-2.0,-15.72
2026-04-15T13:08:33,GIGGLEUSDT,breakout,121,—,138,ЛОНГ,42.0,0.0008240000000000001,-0.13859994637691553,LOSS,STOP,-8.57,-5.74
2026-04-15T13:08:33,TAOUSDT,bos_fvg,171,—,60,ШОРТ,248.75,0.005,-3.719566720705494,TP1,TP1,-2.74,-3.38
2026-04-15T13:08:33,REDUSDT,bos_fvg,171,—,102,ЛОНГ,0.15694,-0.26656,16.089847267570903,WIN,LOSS,0.57,-7.18
2026-04-15T13:08:33,DOTUSDT,bos_fvg,166,—,39,ШОРТ,1.1687,-0.09136599999999999,4.058445814577417,LOSS,STOP,1.14,7.37
2026-04-15T13:08:33,MYXUSDT,breakout,115,—,127,ЛОНГ,0.34202,0.005,-16.61760207666306,LOSS,TP1,-0.5,-9.13
2026-04-15T13:08:33,XAUUSDT,breakout,115,—,140,ЛОНГ,4816.62,0.008329,12.698271975444145,FLAT,FLAT,-0.38,-0.09
2026-04-15T13:08:33,ENAUSDT,bos_fvg,163,—,108,ЛОНГ,0.0978,0.005,-8.022543337381745,WIN,TP1,1.93,3.52
2026-04-15T13:08:33,LINKUSDT,bos_fvg,163,—,104,ЖДАТЬ,9.16,0.0044,-1.186256953662868,STOP,TP1,1.18,0.78
2026-04-15T13:08:33,WHITEWHALEUSDT,breakout,112,—,137,ЛОНГ,0.01225,0.005,58.7749222768819,LOSS,TP1,-13.31,21.06
2026-04-15T13:08:33,XAUTUSDT,bos_fvg,159,—,96,ЛОНГ,4788.6,0.004837,-0.0240561920425078,FLAT,FLAT,-0.41,-0.03
2026-04-15T13:08:33,ETHUSDT,squeeze,109,—,93,ЛОНГ,2331.82,-0.002299,-5.385990668245687,TP1,TP1,1.11,-0.1
2026-04-15T13:08:33,DOGEUSDT,bos_fvg,159,—,91,ЖДАТЬ,0.09347,0.007784,-11.855055843838251,STOP,TP1,2.19,2.39
2026-04-15T13:08:33,LTCUSDT,bos_fvg,159,—,105,ЛОНГ,54.6,0.004413,-5.519980469637749,TP1,TP1,1.08,1.17
2026-04-15T13:08:33,BNBUSDT,bos_fvg,158,—,114,ЛОНГ,617.7,0.002886,-1.3024396268233673,WIN,TP1,0.71,0.36
2026-04-15T13:08:33,AVAXUSDT,bos_fvg,158,—,87,ЛОНГ,9.423,0.01,-0.5587808395294506,WIN,TP1,0.51,-0.7
2026-04-15T13:08:33,COAIUSDT,bos_fvg,158,—,88,ЛОНГ,0.4124,0.005,0.2599767386743013,LOSS,WIN,-4.03,2.59
2026-04-15T13:08:33,WIFUSDT,bos_fvg,158,—,101,ЖДАТЬ,0.19563,0.005,4.5233401349456335,STOP,TP1,2.51,5.9
2026-04-15T13:08:33,FARTCOINUSDT,bos_fvg,155,—,103,ЖДАТЬ,0.20007,0.005,-2.3466846507230854,STOP,TP1,2.97,6.05
2026-04-15T13:08:33,XPLUSDT,bos_fvg,155,—,104,ШОРТ,0.13083,0.005,-0.7187270367136571,LOSS,STOP,1.8,3.25
2026-04-15T13:08:33,WLFIUSDT,bos_fvg,155,—,100,ЛОНГ,0.08356,0.005,12.683441449084246,STOP,STOP,-3.41,-3.6
2026-04-15T13:08:33,1000PEPEUSDT,breakout,104,—,129,ЛОНГ,0.003618,-0.002379,-6.695887169680195,TP1,TP1,3.21,4.34
2026-04-15T13:08:33,SUIUSDT,bos_fvg,152,—,92,ЛОНГ,0.9506,0.01,-1.2464340141705463,TP1,TP1,1.31,1.84
2026-04-15T13:08:33,MONUSDT,squeeze,101,—,72,ЛОНГ,0.034431,-0.020408000000000003,-11.396188925865182,WIN,TP1,1.95,3.5
2026-04-15T13:08:33,HYPEUSDT,squeeze,100,—,101,ЛОНГ,44.276,-0.002007,-7.1398929080551055,FLAT,TP1,0.14,1.9
2026-04-15T13:08:33,WLDUSDT,squeeze,98,—,84,ЛОНГ,0.2989,-0.0197,0.723868300130986,WIN,TP1,0.84,2.41
2026-04-15T13:08:33,NEARUSDT,bos_fvg,146,—,111,ЛОНГ,1.3921,0.005944,-6.6181152680967985,WIN,TP1,0.85,0.59
2026-04-15T13:08:33,TRUMPUSDT,bos_fvg,146,—,69,ЛОНГ,2.844,-0.031984,-6.547999084414438,WIN,TP1,0.56,1.55
2026-04-15T13:08:33,RIVERUSDT,bos_fvg,145,—,44,ШОРТ,7.444,0.005,-1.5478413376023872,FLAT,LOSS,0.31,5.44
2026-04-15T13:08:33,RAVEUSDT,bos_fvg,144,—,76,ЛОНГ,12.1902,0.00125,-1.542545747634886,LOSS,TP1,-1.33,24.02
2026-04-15T13:08:33,BRUSDT,breakout,94,—,106,ЛОНГ,0.20004,0.005,36.83522775276511,TP1,TP1,17.64,-21.17
2026-04-15T13:08:33,SIRENUSDT,bos_fvg,144,—,103,ЛОНГ,0.74998,0.007852,5.50464049626547,TP1,TP1,8.62,9.09
2026-04-15T13:08:33,ADAUSDT,bos_fvg,141,—,76,ШОРТ,0.2418,-0.002781,1.7230774459754683,STOP,TP1,2.36,2.48
2026-04-15T13:08:33,XRPUSDT,breakout,86,—,106,ЛОНГ,1.3649,0.004373999999999999,-8.280343153924296,TP1,TP1,1.67,3.36
2026-04-15T13:08:33,BTCUSDT,squeeze,85,—,87,ЛОНГ,74239.22,-0.0082,-3.4641359037144346,FLAT,TP1,0.41,0.19
2026-04-15T13:08:33,APRUSDT,squeeze,85,—,94,ЛОНГ,0.23519,0.034904,-9.648868435815931,WIN,LOSS,1.07,-23.06
2026-04-15T13:08:33,CLUSDT,bos_fvg,135,—,75,ШОРТ,89.148,0.0,-3.7391610110909372,WIN,FLAT,-1.21,0.19
2026-04-15T13:08:33,ZECUSDT,bos_fvg,131,—,68,ШОРТ,356.38,0.01,-2.1985723100895207,WIN,TP1,-1.92,-3.36
2026-04-15T13:08:33,ENJUSDT,breakout,76,—,101,ЛОНГ,0.07225,0.00125,-0.7505906459373644,TP1,TP1,24.69,7.2
2026-04-15T13:08:33,XAGUSDT,bos_fvg,125,—,58,ЛОНГ,78.71,0.0,2.4421859579571112,WIN,TP1,0.62,0.98
2026-04-15T13:08:33,BLESSUSDT,range_sweep,121,—,66,ЛОНГ,0.021554,0.012254000000000001,-25.226305708149212,STOP,STOP,-63.51,-45.67
2026-04-15T13:08:33,ARIAUSDT,bos_fvg,120,—,54,ШОРТ,0.11333,0.00125,587.9672716049937,WIN,WIN,-17.22,-14.47
2026-04-15T13:08:33,SOLUSDT,bos_fvg,118,—,78,ШОРТ,83.66,-0.009806,-5.751305088837108,STOP,STOP,1.29,1.45
2026-04-15T20:18:38,ORDIUSDT,breakout,195,—,182,ЛОНГ,3.17,0.005,65.38634336613164,TP1,TP1,12.4,169.56
2026-04-15T20:18:38,1000PEPEUSDT,breakout,179,—,166,ЛОНГ,0.0037368,0.01,5.691554958146606,FLAT,TP1,-0.02,4.31
2026-04-15T20:18:38,DOGEUSDT,bos_fvg,156,—,122,ЛОНГ,0.09562,0.01,0.665849794327363,LOSS,TP1,-0.92,1.88
2026-04-15T20:18:38,ADAUSDT,bos_fvg,151,—,57,ЖДАТЬ,0.2477,0.01,12.99187173231573,TP1,TP1,-1.25,1.98
2026-04-15T20:18:38,BTCUSDT,squeeze,148,—,70,ЛОНГ,74620.1,-0.0034980000000000002,-7.220814743122246,FLAT,TP1,-0.04,-0.6
2026-04-15T20:18:38,INUSDT,bos_fvg,148,—,93,ЛОНГ,0.08282,0.038969,47.6302805030353,LOSS,LOSS,-4.61,-17.71
2026-04-15T20:18:38,XRPUSDT,bos_fvg,145,—,114,ЛОНГ,1.3904,0.01,7.6288147832238025,FLAT,TP1,0.27,2.1
2026-04-15T20:18:38,REDUSDT,breakout,144,—,131,ЛОНГ,0.15799,-0.045347,11.520485935338055,LOSS,STOP,-4.15,-8.6
2026-04-15T20:18:38,SIRENUSDT,squeeze,143,—,109,ЛОНГ,0.81467,-1.376029,2.108006611016263,LOSS,TP1,-1.51,70.9
2026-04-15T20:18:38,DOTUSDT,squeeze,142,—,68,ЛОНГ,1.185,-0.08329099999999999,-2.6115155222244115,LOSS,TP1,-0.69,9.81
2026-04-15T20:18:38,LDOUSDT,breakout,140,—,127,ЛОНГ,0.3839,0.01,9.244202074457917,LOSS,TP1,-1.2,5.86
2026-04-15T20:18:38,PLAYSOUTUSDT,breakout,140,—,140,ЛОНГ,0.18572,0.313496,-2.6082310068075194,LOSS,TP1,-3.21,-32.59
2026-04-15T20:18:38,WLFIUSDT,bos_fvg,139,—,68,ШОРТ,0.08081,0.005,9.936716945464239,FLAT,FLAT,-0.31,0.46
2026-04-15T20:18:38,SUIUSDT,breakout,137,—,124,ЛОНГ,0.96372,0.01,2.0134764824781555,LOSS,TP1,-0.75,1.45
2026-04-15T20:18:38,LINKUSDT,bos_fvg,134,—,100,ЛОНГ,9.284,0.01,1.8515786148181186,LOSS,TP1,-0.52,1.01
2026-04-15T20:18:38,MONUSDT,bos_fvg,134,—,85,ШОРТ,0.035154,0.01,6.967808596284808,LOSS,TP1,0.87,-3.26
2026-04-15T20:18:38,LYNUSDT,breakout,133,—,112,ЛОНГ,0.07852,0.12173799999999999,11.045374783224888,LOSS,TP1,-8.97,4.6
2026-04-15T20:18:38,BIOUSDT,squeeze,132,—,109,ЛОНГ,0.02642,-0.403532,107.45734572546992,TP1,TP1,45.31,37.59
2026-04-15T20:18:38,CLUSDT,bos_fvg,131,—,40,ШОРТ,88.078,0.006238,4.509839177173833,FLAT,STOP,-0.22,3.89
2026-04-15T20:18:38,WLDUSDT,bos_fvg,130,—,105,ЖДАТЬ,0.3016,0.0033599999999999997,0.7650185938382927,TP1,TP1,1.26,4.01
2026-04-15T20:18:38,SOLUSDT,breakout,129,—,116,ЛОНГ,84.899,0.01,3.6519658875969885,FLAT,TP1,-0.2,1.32
2026-04-15T20:18:38,APRUSDT,bos_fvg,126,—,48,ЛОНГ,0.23515,0.06872099999999999,-10.154394484597116,LOSS,STOP,-0.85,-20.99
2026-04-15T20:18:38,FARTCOINUSDT,breakout,125,—,112,ЛОНГ,0.20463,0.005,0.2550189887248108,FLAT,TP1,-0.31,3.79
2026-04-15T20:18:38,ETHUSDT,breakout,124,—,116,ЛОНГ,2360.42,0.005268,0.6783586106754929,FLAT,STOP,-0.31,-1.58
2026-04-15T20:18:38,BLESSUSDT,bos_fvg,123,—,64,ШОРТ,0.007831,0.7993800000000001,37.14290222587173,LOSS,LOSS,36.92,32.01
2026-04-15T20:18:38,MYXUSDT,bos_fvg,118,—,51,ЛОНГ,0.3422,0.009125,-19.958919395646284,LOSS,STOP,-2.13,-10.58
2026-04-15T20:18:38,WHITEWHALEUSDT,bos_fvg,116,—,101,ЛОНГ,0.01068,0.005,24.590126271382736,WIN,TP1,8.99,-15.54
2026-04-15T20:18:38,GIGGLEUSDT,squeeze,115,—,77,ЛОНГ,38.54,0.005,-0.3823305524601059,LOSS,TP1,-0.96,-4.07
2026-04-15T20:18:38,BASEDUSDT,breakout,114,—,101,ЛОНГ,0.0939,0.005,37.65610496560072,LOSS,TP1,-4.9,146.65
2026-04-15T20:18:38,CRVUSDT,bos_fvg,114,—,78,ЛОНГ,0.2241,0.01,8.044573140195938,FLAT,TP1,-0.27,1.92
2026-04-15T20:18:38,HYPEUSDT,squeeze,112,—,101,ЛОНГ,44.479,-0.004322,-7.6734746966772835,FLAT,TP1,-0.44,-1.48
2026-04-15T20:18:38,AAVEUSDT,breakout,111,—,98,ЛОНГ,106.82,0.005896,0.4214289446939112,LOSS,TP1,-1.34,3.3
2026-04-15T20:18:38,XAUUSDT,bos_fvg,111,—,103,ЛОНГ,4797.9,0.011311,15.61947018345116,TP1,TP1,0.73,-0.16
2026-04-15T20:18:38,RAVEUSDT,squeeze,108,—,84,ЛОНГ,11.98826,0.057014,-4.503811745369013,LOSS,TP1,-11.31,38.42
2026-04-15T20:18:38,XPLUSDT,bos_fvg,108,—,77,ЖДАТЬ,0.13364,-0.002843,0.3672797897372851,TP1,TP1,-1.86,2.21
2026-04-15T20:18:38,AVAXUSDT,bos_fvg,102,—,88,ЛОНГ,9.477,0.01,2.1541069362678438,LOSS,TP1,-1.0,0.23
2026-04-15T20:18:38,BRUSDT,bos_fvg,100,—,87,ЛОНГ,0.24246,0.005,22.584899044153946,LOSS,STOP,-1.18,-35.88
2026-04-15T20:18:38,ENAUSDT,bos_fvg,99,—,85,ЛОНГ,0.09958,0.005,-0.9606254005302967,FLAT,TP1,-0.46,8.17
2026-04-15T20:18:38,BNBUSDT,breakout,97,—,92,ЛОНГ,622.6,0.008222,-0.45390049335671073,FLAT,TP1,-0.11,0.5
2026-04-15T20:18:38,ARIAUSDT,breakout,95,—,90,ЛОНГ,0.09373,0.030477999999999998,32.20617441672082,FLAT,TP1,0.1,21.51
2026-04-15T20:18:38,XAGUSDT,bos_fvg,94,—,38,ЛОНГ,79.21,0.0,-7.329048721744526,TP1,TP1,1.31,-1.02
2026-04-15T20:18:38,XAUTUSDT,bos_fvg,93,—,45,ЛОНГ,4768.52,-0.009488,-2.247871006283054,TP1,TP1,0.81,-0.06
2026-04-15T20:18:38,NEARUSDT,bos_fvg,93,—,82,ЛОНГ,1.4078,0.01,-0.046201441111120255,FLAT,TP1,-0.29,-0.74
2026-04-15T20:18:38,WIFUSDT,squeeze,93,—,72,ЛОНГ,0.20038,-0.022859,-1.9084065331647686,FLAT,TP1,0.19,7.09
2026-04-15T20:18:38,TAOUSDT,bos_fvg,88,—,41,ШОРТ,242.13,-0.007168000000000001,0.2933706793391566,WIN,TP1,-0.6,-2.02
2026-04-15T20:18:38,TRUMPUSDT,bos_fvg,86,—,75,ЛОНГ,2.864,0.005,-6.668122656592011,TP1,TP1,3.53,4.47
2026-04-15T20:18:38,ZECUSDT,bos_fvg,83,—,43,ШОРТ,350.58,0.01,-2.6437761603485246,WIN,TP1,-2.06,-3.65
2026-04-15T20:18:38,ENJUSDT,bos_fvg,74,—,48,ЛОНГ,0.09057,0.00125,9.99589754475407,WIN,TP1,4.73,-16.74
2026-04-15T20:18:38,ARBUSDT,squeeze,68,—,49,ЛОНГ,0.11593,0.006384,1.5705833922458556,FLAT,TP1,-0.42,5.65
2026-04-15T20:18:38,RIVERUSDT,bos_fvg,59,—,-2,ШОРТ,7.459,0.052399,2.709530752443635,FLAT,STOP,-0.19,0.46
2026-04-15T21:02:03,ORDIUSDT,breakout,188,—,180,ЛОНГ,3.215,-0.003824,72.9359536345635,TP1,TP1,11.01,162.46
2026-04-15T21:02:03,DOGEUSDT,breakout,171,—,158,ЛОНГ,0.09512,0.01,0.06963644895894971,FLAT,TP1,-0.44,2.66
2026-04-15T21:02:03,LYNUSDT,breakout,167,—,146,ЛОНГ,0.08424,0.092088,14.000540770562935,STOP,STOP,-15.34,-3.05
2026-04-15T21:02:03,BTCUSDT,squeeze,162,—,102,ЛОНГ,74788.1,-0.003052,-7.4279362991899385,FLAT,STOP,-0.26,-0.55
2026-04-15T21:02:03,ETHUSDT,breakout,158,—,150,ЛОНГ,2361.29,0.005167,1.4561812615216079,FLAT,STOP,-0.33,-1.5
2026-04-15T21:02:03,INUSDT,bos_fvg,157,—,81,ЛОНГ,0.08203,0.006878,47.85164656914403,LOSS,STOP,-3.82,-16.77
2026-04-15T21:02:03,1000PEPEUSDT,breakout,155,—,142,ЛОНГ,0.0037221,0.01,5.722046867564836,FLAT,TP1,0.29,5.18
2026-04-15T21:02:03,LDOUSDT,breakout,154,—,141,ЛОНГ,0.3757,0.01,4.7530307901834385,WIN,TP1,0.98,11.47
2026-04-15T21:02:03,BRUSDT,breakout,152,—,139,ЛОНГ,0.2414,0.013797,23.796153248665803,LOSS,STOP,-1.21,-35.67
2026-04-15T21:02:03,WLFIUSDT,bos_fvg,149,—,32,ШОРТ,0.08058,0.005,9.482804312841605,FLAT,LOSS,-0.07,1.63
2026-04-15T21:02:03,SIRENUSDT,squeeze,144,—,116,ЛОНГ,0.79208,-1.443963,1.7463334697410853,WIN,TP1,1.56,76.69
2026-04-15T21:02:03,XRPUSDT,bos_fvg,143,—,126,ЛОНГ,1.3874,0.01,5.633741848133581,FLAT,TP1,0.49,3.05
2026-04-15T21:02:03,DOTUSDT,squeeze,142,—,126,ЛОНГ,1.1854,-0.082761,-2.402517498150551,LOSS,TP1,-0.73,11.14
2026-04-15T21:02:03,NEARUSDT,bos_fvg,139,—,111,ЛОНГ,1.4118,0.01,-0.8697211819884733,LOSS,TP1,-0.57,-1.03
2026-04-15T21:02:03,REDUSDT,bos_fvg,139,—,121,ЛОНГ,0.15698,0.005,13.734949936041932,LOSS,STOP,-3.76,-8.28
2026-04-15T21:02:03,ADAUSDT,bos_fvg,133,—,79,ЖДАТЬ,0.2476,0.01,12.377554003086187,TP1,TP1,-1.17,2.83
2026-04-15T21:02:03,SOLUSDT,breakout,133,—,120,ЛОНГ,84.748,0.01,3.4252402194777756,FLAT,TP1,-0.01,2.41
2026-04-15T21:02:03,FARTCOINUSDT,bos_fvg,132,—,90,ЛОНГ,0.20957,0.005,-1.0699247140611459,LOSS,TP1,-2.6,1.71
2026-04-15T21:02:03,WLDUSDT,breakout,130,—,117,ЛОНГ,0.3042,0.004187,0.35515203910552057,FLAT,TP1,0.39,3.09
2026-04-15T21:02:03,CLUSDT,bos_fvg,126,—,29,ШОРТ,88.13,0.0,4.634437443803747,FLAT,STOP,-0.25,3.37
2026-04-15T21:02:03,APRUSDT,bos_fvg,126,—,84,ЛОНГ,0.23164,0.061059,-10.2551835797014,WIN,STOP,0.93,-21.36
2026-04-15T21:02:03,XAGUSDT,bos_fvg,126,—,62,ЛОНГ,79.0,0.0,-7.353320402487375,TP1,TP1,1.54,-0.75
2026-04-15T21:02:03,XPLUSDT,bos_fvg,126,—,83,ЖДАТЬ,0.13413,-0.000814,1.1242526424196568,TP1,TP1,-2.33,1.84
2026-04-15T21:02:03,LINKUSDT,bos_fvg,125,—,112,ЛОНГ,9.276,0.01,2.0610048738725237,FLAT,TP1,-0.36,1.41
2026-04-15T21:02:03,AVAXUSDT,breakout,125,—,112,ЛОНГ,9.467,0.01,2.2806373510586884,LOSS,TP1,-0.89,0.49
2026-04-15T21:02:03,WHITEWHALEUSDT,bos_fvg,124,—,109,ЛОНГ,0.01046,0.005,23.225137069705507,WIN,TP1,11.28,-13.19
2026-04-15T21:02:03,PLAYSOUTUSDT,breakout,122,—,122,ЛОНГ,0.18497,0.777516,0.38194778408301544,LOSS,TP1,-3.68,-30.43
2026-04-15T21:02:03,BASEDUSDT,bos_fvg,122,—,97,ЛОНГ,0.0872,0.005,36.07125152355527,WIN,TP1,2.64,134.29
2026-04-15T21:02:03,TAOUSDT,bos_fvg,121,—,36,ШОРТ,243.08,-0.011663,-0.7571281398437457,WIN,TP1,-1.02,-2.41
2026-04-15T21:02:03,HYPEUSDT,breakout,119,—,119,ЛОНГ,44.469,-0.002095,-7.840110356643598,FLAT,TP1,-0.34,-1.78
2026-04-15T21:02:03,MONUSDT,bos_fvg,119,—,87,ШОРТ,0.035245,0.01,6.956949848484801,LOSS,TP1,0.67,-3.45
2026-04-15T21:02:03,CRVUSDT,breakout,119,—,106,ЛОНГ,0.2244,0.01,7.2239313783225025,FLAT,TP1,-0.4,1.87
2026-04-15T21:02:03,AAVEUSDT,bos_fvg,118,—,88,ЛОНГ,105.74,0.00695,0.16234980142902472,FLAT,TP1,-0.23,5.83
2026-04-15T21:02:03,MYXUSDT,bos_fvg,118,—,87,ЛОНГ,0.34131,0.005,-19.76271531650367,LOSS,STOP,-1.5,-10.52
2026-04-15T21:02:03,SUIUSDT,breakout,115,—,102,ЛОНГ,0.96495,0.01,1.8488634370298926,LOSS,TP1,-0.82,1.44
2026-04-15T21:02:03,ARIAUSDT,bos_fvg,113,—,100,ШОРТ,0.09877,0.0015760000000000001,31.44334894512108,WIN,STOP,-5.08,23.91
2026-04-15T21:02:03,RAVEUSDT,bos_fvg,109,—,52,ЛОНГ,11.97338,0.100717,-2.8978534639639224,LOSS,TP1,-11.43,35.42
2026-04-15T21:02:03,XAUUSDT,bos_fvg,105,—,69,ЛОНГ,4794.74,0.018467,15.40385542764582,TP1,TP1,0.82,0.02
2026-04-15T21:02:03,ENAUSDT,breakout,104,—,104,ЛОНГ,0.09977,-0.0032990000000000003,-0.7487169163183593,LOSS,TP1,-0.55,10.15
2026-04-15T21:02:03,XAUTUSDT,squeeze,98,—,37,ЛОНГ,4765.46,-0.01156,-2.6076786069942757,TP1,TP1,0.88,0.09
2026-04-15T21:02:03,WIFUSDT,breakout,98,—,98,ЛОНГ,0.19933,-0.017408,-2.782304221684426,WIN,TP1,0.79,8.02
2026-04-15T21:02:03,BNBUSDT,breakout,97,—,92,ЛОНГ,623.1,0.009451,-0.18639207807400754,FLAT,TP1,-0.16,0.66
2026-04-15T21:02:03,ENJUSDT,bos_fvg,96,—,66,ЛОНГ,0.088313,0.00125,8.927227704104927,WIN,TP1,7.56,-12.9
2026-04-15T21:02:03,GIGGLEUSDT,breakout,96,—,83,ЛОНГ,38.98,0.005,-0.6500342222983816,LOSS,TP1,-1.9,-5.34
2026-04-15T21:02:03,BLESSUSDT,bos_fvg,90,—,22,ШОРТ,0.007887,0.08255,42.204049885550155,LOSS,LOSS,35.91,43.13
2026-04-15T21:02:03,ZECUSDT,breakout,89,—,89,ЛОНГ,347.22,-0.0015350000000000001,-1.9728817087586443,LOSS,TP1,-0.95,-3.24
2026-04-15T21:02:03,ARBUSDT,breakout,86,—,73,ЛОНГ,0.11628,0.0058709999999999995,1.3294365498885932,LOSS,TP1,-0.62,7.08
2026-04-15T21:02:03,TRUMPUSDT,bos_fvg,85,—,55,ЛОНГ,2.863,0.005,-7.366521627421689,TP1,TP1,3.74,4.92
2026-04-15T21:02:03,RIVERUSDT,squeeze,63,—,20,ЛОНГ,7.429,0.029356,3.3109189611140106,FLAT,TP1,0.11,-1.32
2026-04-16T01:03:18,BIOUSDT,breakout,203,—,182,ЛОНГ,0.03823,-0.07825700000000001,148.37529619351824,LOSS,TP1,-5.1,-6.77
2026-04-16T01:03:18,INUSDT,breakout,163,—,150,ЛОНГ,0.07843,0.005,-11.475810716005036,STOP,STOP,-9.37,-14.08
2026-04-16T01:03:18,REDUSDT,bos_fvg,155,—,114,ЛОНГ,0.15195,-0.39202100000000006,18.45223898914324,LOSS,TP1,-4.32,-4.66
2026-04-16T01:03:18,BTCUSDT,squeeze,154,—,113,ЛОНГ,74759.62,-0.001406,-5.455367506041092,FLAT,STOP,-0.23,0.24
2026-04-16T01:03:18,SIRENUSDT,squeeze,146,—,90,ЛОНГ,0.81478,-0.639876,3.673246563985899,WIN,TP1,0.52,102.81
2026-04-16T01:03:18,ALCHUSDT,breakout,145,—,132,ЛОНГ,0.0889,0.005,17.470842748857134,LOSS,TP1,-5.39,-9.66
2026-04-16T01:03:18,APRUSDT,breakout,143,—,130,ЛОНГ,0.23144,0.065838,-11.089167581310324,STOP,STOP,-22.24,-22.15
2026-04-16T01:03:18,GIGGLEUSDT,breakout,142,—,129,ЛОНГ,38.24,0.005,-7.721446824836763,WIN,TP1,2.38,0.18
2026-04-16T01:03:18,DOGEUSDT,bos_fvg,141,—,121,ЛОНГ,0.0949,0.01,2.9224601942301875,WIN,TP1,1.07,4.32
2026-04-16T01:03:18,CRVUSDT,breakout,138,—,125,ЛОНГ,0.2238,0.01,6.743248272628915,FLAT,TP1,0.09,3.75
2026-04-16T01:03:18,1000PEPEUSDT,bos_fvg,133,—,93,ЛОНГ,0.0037425,0.01,9.782737238088838,WIN,TP1,1.86,6.51
2026-04-16T01:03:18,AVAXUSDT,bos_fvg,133,—,58,ШОРТ,9.403,0.01,1.5299212158431286,FLAT,TP1,0.28,3.41
2026-04-16T01:03:18,ADAUSDT,bos_fvg,125,—,71,ЖДАТЬ,0.2453,0.005426,6.908826158376788,STOP,TP1,1.18,5.46
2026-04-16T01:03:18,XAUTUSDT,bos_fvg,124,—,69,ЛОНГ,4808.06,-0.001545,-3.3214691978951203,FLAT,STOP,-0.35,-0.72
2026-04-16T01:03:18,SOLUSDT,bos_fvg,123,—,106,ЖДАТЬ,84.902,0.01,4.482281305498024,TP1,TP1,0.09,4.93
2026-04-16T01:03:18,XRPUSDT,bos_fvg,123,—,89,ЛОНГ,1.3963,0.009697,5.828190298484314,WIN,TP1,0.54,3.76
2026-04-16T01:03:18,WLFIUSDT,bos_fvg,123,—,41,ШОРТ,0.08087,0.005,7.487552660470355,FLAT,LOSS,-0.01,1.38
2026-04-16T01:03:18,LDOUSDT,squeeze,123,—,80,ЛОНГ,0.379,0.01,2.2734419232121574,WIN,TP1,3.43,14.2
2026-04-16T01:03:18,RIVERUSDT,range_sweep,122,—,39,ШОРТ,7.438,0.315071,9.119928890830534,LOSS,STOP,5.4,4.83
2026-04-16T01:03:18,AAVEUSDT,bos_fvg,121,—,74,ЛОНГ,105.83,0.0038269999999999997,0.08135656930227732,WIN,TP1,0.62,9.45
2026-04-16T01:03:18,BNBUSDT,bos_fvg,118,—,101,ЛОНГ,623.0,0.01,0.4098487693842391,FLAT,TP1,-0.24,1.64
2026-04-16T01:03:18,NEARUSDT,bos_fvg,117,—,66,ЛОНГ,1.4062,0.01,-0.050089445556880274,WIN,TP1,0.75,1.62
2026-04-16T01:03:18,TRUMPUSDT,squeeze,117,—,66,ЛОНГ,2.974,-0.01252,-10.623480752751453,STOP,TP1,-2.76,2.32
2026-04-16T01:03:18,WLDUSDT,bos_fvg,116,—,66,ЛОНГ,0.3056,0.000505,-2.439024870792042,WIN,TP1,0.65,6.18
2026-04-16T01:03:18,SUIUSDT,bos_fvg,115,—,72,ЛОНГ,0.95917,0.01,2.920481584498336,WIN,TP1,1.18,4.59
2026-04-16T01:03:18,FARTCOINUSDT,bos_fvg,114,—,98,ЖДАТЬ,0.2046,0.005,5.132174911491826,STOP,TP1,4.82,9.65
2026-04-16T01:03:18,XAGUSDT,breakout,114,—,114,ЛОНГ,80.15,0.0,-6.3634577870364515,FLAT,STOP,-0.49,-1.65
2026-04-16T01:03:18,ENJUSDT,breakout,113,—,105,ЛОНГ,0.094719,0.00125,10.64384747321241,STOP,STOP,-17.44,-21.1
2026-04-16T01:03:18,PLAYSOUTUSDT,bos_fvg,113,—,106,ЛОНГ,0.1775,0.005,-8.377052931904364,LOSS,STOP,-5.87,-33.22
2026-04-16T01:03:18,WIFUSDT,breakout,113,—,108,ЛОНГ,0.20113,0.005,-2.8955852621718083,TP1,TP1,5.1,9.24
2026-04-16T01:03:18,TAOUSDT,bos_fvg,111,—,62,ШОРТ,241.23,-0.003878,1.5732475116021711,WIN,TP1,-0.51,2.37
2026-04-16T01:03:18,XAUUSDT,bos_fvg,109,—,75,ЛОНГ,4834.01,0.008313999999999998,13.062792675654277,FLAT,STOP,-0.36,-0.73
2026-04-16T01:03:18,HYPEUSDT,squeeze,107,—,39,ЛОНГ,44.403,-0.012886000000000002,-7.783207768249159,TP1,TP1,1.95,-1.94
2026-04-16T01:03:18,CLUSDT,bos_fvg,107,—,65,ШОРТ,87.798,0.044246,11.667059197012433,LOSS,STOP,1.62,2.32
2026-04-16T01:03:18,DOTUSDT,squeeze,107,—,21,ЛОНГ,1.1776,-0.067824,-3.7111638354827767,TP1,TP1,6.24,12.53
2026-04-16T01:03:18,BASEDUSDT,bos_fvg,107,—,86,ЛОНГ,0.0891,0.005,8.92458825512666,TP1,TP1,26.82,99.78
2026-04-16T01:03:18,BLESSUSDT,bos_fvg,106,—,29,ЖДАТЬ,0.011184,0.04523,27.08053453913804,TP1,TP1,11.69,1.08
2026-04-16T01:03:18,MYXUSDT,squeeze,104,—,44,ЛОНГ,0.33133,0.123867,-17.74690554090739,LOSS,STOP,-5.59,-9.67
2026-04-16T01:03:18,MONUSDT,breakout,98,—,85,ЛОНГ,0.035574,0.01,5.505712040043545,FLAT,TP1,0.14,-3.94
2026-04-16T01:03:18,WHITEWHALEUSDT,bos_fvg,97,—,74,ЛОНГ,0.01169,0.005,40.847094441570476,TP1,TP1,31.22,-20.7
2026-04-16T01:03:18,LYNUSDT,bos_fvg,95,—,84,ЛОНГ,0.07145,0.005,-3.91046586949393,WIN,TP1,13.04,16.36
2026-04-16T01:03:18,LINKUSDT,squeeze,95,—,81,ЛОНГ,9.263,0.01,-0.11994974823362654,FLAT,TP1,0.1,2.77
2026-04-16T01:03:18,ENAUSDT,breakout,93,—,88,ЛОНГ,0.09942,0.004470999999999999,-0.738458830753433,TP1,TP1,3.19,14.06
2026-04-16T01:03:18,XPLUSDT,bos_fvg,88,—,59,ЖДАТЬ,0.13145,0.0,1.8701368693213378,STOP,TP1,3.04,7.33
2026-04-16T01:03:18,ARIAUSDT,bos_fvg,83,—,76,ШОРТ,0.09274,0.00125,23.622366335234187,LOSS,STOP,5.38,34.75
2026-04-16T01:03:18,BRUSDT,bos_fvg,80,—,66,ЛОНГ,0.24022,0.005,22.791742032058877,STOP,STOP,-30.56,-37.52
2026-04-16T01:03:18,ZECUSDT,bos_fvg,75,—,67,ШОРТ,345.5,0.008213999999999999,-1.4501018991653725,WIN,TP1,-1.77,-1.87
2026-04-16T01:03:18,RAVEUSDT,breakout,71,—,66,ЛОНГ,10.71445,0.125603,6.403193089979295,TP1,TP1,44.28,49.69
2026-04-16T05:02:52,ORDIUSDT,breakout,221,—,208,ЛОНГ,4.332,-0.004661,141.34083131310547,FLAT,TP1,-0.39,110.55
2026-04-16T05:02:52,GALAUSDT,breakout,207,—,194,ЛОНГ,0.003161,0.01,11.861673518361588,LOSS,TP1,-0.57,7.18
2026-04-16T05:02:52,BIOUSDT,breakout,191,—,170,ЛОНГ,0.04486,-0.054846,161.6753363777202,STOP,STOP,-9.63,-21.38
2026-04-16T05:02:52,REDUSDT,squeeze,174,—,125,ЛОНГ,0.15082,-0.193443,6.9361546750187655,LOSS,STOP,-2.04,-4.2
2026-04-16T05:02:52,1000PEPEUSDT,breakout,173,—,160,ЛОНГ,0.0039592,0.01,10.966285122769028,STOP,STOP,-1.82,-0.03
2026-04-16T05:02:52,WHITEWHALEUSDT,breakout,169,—,169,ЛОНГ,0.01406,0.005,34.6772846587318,TP1,TP1,11.66,-34.5
2026-04-16T05:02:52,FARTCOINUSDT,bos_fvg,167,—,144,ЛОНГ,0.21249,0.005,7.767576596391544,WIN,TP1,1.29,2.76
2026-04-16T05:02:52,DOGEUSDT,bos_fvg,158,—,144,ЛОНГ,0.09686,0.01,12.129916878466581,FLAT,TP1,-0.36,1.26
2026-04-16T05:02:52,EDGEUSDT,bos_fvg,157,—,136,ЛОНГ,1.1479,0.011738,16.936502519441817,TP1,TP1,3.53,5.98
2026-04-16T05:02:52,CRVUSDT,breakout,155,—,142,ЛОНГ,0.2251,0.01,6.353100017790824,LOSS,TP1,-0.71,3.11
2026-04-16T05:02:52,SUIUSDT,breakout,153,—,140,ЛОНГ,0.96939,0.01,2.8326419876132776,FLAT,TP1,0.45,2.29
2026-04-16T05:02:52,CLUSDT,bos_fvg,151,—,44,ШОРТ,88.234,0.031958,20.28723566068697,FLAT,STOP,-0.36,2.23
2026-04-16T05:02:52,INUSDT,breakout,147,—,134,ЛОНГ,0.07554,0.005,-18.059838104895764,TP1,TP1,-2.38,-13.17
2026-04-16T05:02:52,BLURUSDT,bos_fvg,143,—,121,ЛОНГ,0.025601,-0.541736,6.897342271814111,TP1,TP1,-3.11,-0.3
2026-04-16T05:02:52,BNBUSDT,bos_fvg,141,—,98,ЛОНГ,622.9,0.005141,2.6240128304798906,FLAT,TP1,0.39,1.09
2026-04-16T05:02:52,SIRENUSDT,breakout,140,—,132,ЛОНГ,0.85364,-0.06479800000000001,4.640903148447509,LOSS,TP1,-1.41,108.03
2026-04-16T05:02:52,LDOUSDT,breakout,140,—,127,ЛОНГ,0.386,0.01,0.5711581091288814,FLAT,TP1,-0.16,11.55
2026-04-16T05:02:52,XRPUSDT,breakout,137,—,124,ЛОНГ,1.403,0.005648,5.9421976455325725,FLAT,TP1,0.26,1.76
2026-04-16T05:02:52,XPLUSDT,bos_fvg,136,—,89,ЖДАТЬ,0.13462,-0.00125,4.3778473526548884,TP1,TP1,0.6,2.5
2026-04-16T05:02:52,TRUMPUSDT,squeeze,134,—,79,ЛОНГ,2.887,-0.000314,-11.07580631410646,TP1,TP1,-0.17,5.92
2026-04-16T05:02:52,WLFIUSDT,bos_fvg,133,—,55,ЛОНГ,0.08103,0.005,5.589760751927734,FLAT,TP1,0.14,0.41
2026-04-16T05:02:52,ENAUSDT,breakout,128,—,120,ЛОНГ,0.10207,-0.00982,1.568539333898649,WIN,TP1,1.15,8.34
2026-04-16T05:02:52,WLDUSDT,breakout,128,—,123,ЛОНГ,0.3083,0.0020659999999999997,-5.0052991741746204,FLAT,TP1,-0.1,3.34
2026-04-16T05:02:52,LYNUSDT,breakout,127,—,114,ЛОНГ,0.08087,0.005,1.1256005145097872,LOSS,TP1,-4.15,-1.08
2026-04-16T05:02:52,AVAXUSDT,breakout,127,—,114,ЛОНГ,9.481,0.01,0.4019171750452503,FLAT,TP1,0.34,1.44
2026-04-16T05:02:52,BRUSDT,bos_fvg,127,—,55,ЛОНГ,0.21162,0.005,15.976697737320844,TP1,TP1,-13.26,-34.11
2026-04-16T05:02:52,HYPEUSDT,breakout,126,—,121,ЛОНГ,45.074,-0.0061719999999999995,-9.317566427104566,WIN,STOP,0.67,-3.34
2026-04-16T05:02:52,SOLUSDT,bos_fvg,126,—,103,ЛОНГ,85.198,0.01,3.5642982663048293,FLAT,TP1,0.19,3.34
2026-04-16T05:02:52,BTCUSDT,squeeze,126,—,72,ЛОНГ,74888.82,-0.005404,-2.8923306979266594,FLAT,STOP,0.11,-0.29
2026-04-16T05:02:52,RAVEUSDT,breakout,122,—,122,ЛОНГ,13.81067,0.00125,7.811322311145872,WIN,TP1,4.95,22.64
2026-04-16T05:02:52,WIFUSDT,breakout,121,—,116,ЛОНГ,0.21072,0.005,-4.20353643458631,STOP,TP1,-1.61,2.93
2026-04-16T05:02:52,MONUSDT,breakout,120,—,107,ЛОНГ,0.036138,0.01,5.880093459440607,TP1,TP1,-0.3,-6.09
2026-04-16T05:02:52,ETHUSDT,squeeze,118,—,100,ЛОНГ,2352.53,-0.00047400000000000003,3.635733357648554,FLAT,STOP,0.12,-0.9
2026-04-16T05:02:52,XAUTUSDT,bos_fvg,118,—,45,ЛОНГ,4808.06,0.005,-2.124145503570058,FLAT,STOP,-0.17,-0.84
2026-04-16T05:02:52,XAUUSDT,bos_fvg,118,—,67,ЛОНГ,4835.12,0.0,10.849174951180121,FLAT,STOP,-0.2,-0.87
2026-04-16T05:02:52,TAOUSDT,bos_fvg,116,—,27,ШОРТ,242.57,-0.005918,1.80777993464893,FLAT,TP1,-0.12,4.46
2026-04-16T05:02:52,ARIAUSDT,bos_fvg,113,—,89,ШОРТ,0.10035,0.00125,18.152029353777895,FLAT,STOP,-0.27,6.42
2026-04-16T05:02:52,LINKUSDT,breakout,112,—,99,ЛОНГ,9.294,0.01,0.38228837576338237,FLAT,TP1,-0.02,1.71
2026-04-16T05:02:52,BASEDUSDT,squeeze,112,—,91,ЛОНГ,0.0905,-0.036116,4.549163135384771,WIN,TP1,3.54,118.78
2026-04-16T05:02:52,ADAUSDT,breakout,110,—,97,ЛОНГ,0.2499,0.01,4.40880910331868,FLAT,TP1,0.04,2.32
2026-04-16T05:02:52,ENJUSDT,bos_fvg,109,—,70,ЛОНГ,0.081823,0.00125,4.703544467324639,LOSS,TP1,-2.76,-6.69
2026-04-16T05:02:52,AAVEUSDT,bos_fvg,108,—,104,ЛОНГ,106.59,-0.009541,-0.3526030446322188,FLAT,TP1,-0.31,6.34
2026-04-16T05:02:52,RIVERUSDT,bos_fvg,107,—,65,ШОРТ,7.856,0.189637,11.315411327754454,LOSS,TP1,1.54,-0.87
2026-04-16T05:02:52,BLESSUSDT,bos_fvg,106,—,101,ЖДАТЬ,0.010042,0.005,40.86520067201499,TP1,TP1,-0.7,7.52
2026-04-16T05:02:52,NEARUSDT,breakout,105,—,100,ЛОНГ,1.4278,0.01,-1.827122703150243,FLAT,STOP,0.01,-0.92
2026-04-16T05:02:52,PLAYSOUTUSDT,bos_fvg,103,—,85,ЛОНГ,0.17364,0.18842699999999998,-4.521199032896367,LOSS,STOP,-1.15,-31.22
2026-04-16T05:02:52,MYXUSDT,bos_fvg,100,—,34,ЛОНГ,0.32593,0.028099,-16.971383048974715,LOSS,LOSS,-0.53,-10.23
2026-04-16T05:02:52,XAGUSDT,squeeze,83,—,61,ЛОНГ,80.67,0.0,-3.010164724584853,FLAT,STOP,-0.2,-2.79
2026-04-16T05:02:52,ZECUSDT,breakout,74,—,61,ЛОНГ,339.36,0.01,-0.25583609172217625,FLAT,LOSS,0.49,-0.57
2026-04-16T09:02:36,ORDIUSDT,breakout,203,—,182,ЛОНГ,5.114,-0.075739,136.60176773700928,STOP,TP1,-0.82,50.66
2026-04-16T09:02:36,BLURUSDT,breakout,183,—,162,ЛОНГ,0.024672,-0.055239,4.856827818894254,FLAT,WIN,0.13,3.34
2026-04-16T09:02:36,CLUSDT,bos_fvg,180,—,45,ЖДАТЬ,89.306,0.017616999999999997,29.464494141422527,TP1,TP1,0.01,0.46
2026-04-16T09:02:36,PIPPINUSDT,bos_fvg,179,—,88,ЛОНГ,0.03382,0.070649,11.381696377628032,TP1,TP1,-0.21,4.55
2026-04-16T09:02:36,LINKUSDT,breakout,171,—,158,ЛОНГ,9.272,0.01,2.4023259012655447,FLAT,TP1,-0.44,0.85
2026-04-16T09:02:36,MOODENGUSDT,bos_fvg,164,—,138,ЛОНГ,0.05612,0.005,31.454417356918547,TP1,TP1,-1.09,0.93
2026-04-16T09:02:36,BIOUSDT,bos_fvg,161,—,90,ЛОНГ,0.03617,-0.014532,99.14314019386923,LOSS,LOSS,-1.58,-5.94
2026-04-16T09:02:36,DOGEUSDT,bos_fvg,160,—,102,ЛОНГ,0.09589,0.01,12.326403589722752,FLAT,TP1,-0.2,0.97
2026-04-16T09:02:36,LDOUSDT,breakout,160,—,147,ЛОНГ,0.392,0.01,3.406207467206298,LOSS,TP1,-0.51,6.56
2026-04-16T09:02:36,XPLUSDT,bos_fvg,156,—,95,ЛОНГ,0.13547,0.005,6.277823400077305,FLAT,TP1,-0.29,-1.0
2026-04-16T09:02:36,FARTCOINUSDT,breakout,154,—,141,ЛОНГ,0.21432,0.005,5.626376778590425,LOSS,TP1,-1.0,0.59
2026-04-16T09:02:36,BASEDUSDT,breakout,148,—,135,ЛОНГ,0.1141,0.005,26.628763563820584,TP1,TP1,10.34,19.02
2026-04-16T09:02:36,SIRENUSDT,breakout,145,—,132,ЛОНГ,0.8257,0.005,5.064807484259263,LOSS,TP1,-0.92,147.39
2026-04-16T09:02:36,SUIUSDT,bos_fvg,143,—,118,ЛОНГ,0.9713,0.01,1.177193866170548,TP1,TP1,-0.33,0.68
2026-04-16T09:02:36,AAVEUSDT,breakout,140,—,127,ЛОНГ,106.47,0.0009830000000000001,0.40024489139385755,LOSS,TP1,-0.91,5.15
2026-04-16T09:02:36,1000PEPEUSDT,bos_fvg,139,—,116,ЛОНГ,0.003816,0.01,9.352905786553405,LOSS,TP1,-1.07,0.37
2026-04-16T09:02:36,ENJUSDT,breakout,134,—,134,ЛОНГ,0.077762,0.00125,-6.262889720055758,FLAT,TP1,-0.4,-1.93
2026-04-16T09:02:36,XAUTUSDT,bos_fvg,133,—,75,ЛОНГ,4791.63,0.005,-0.8076663298072069,FLAT,STOP,-0.1,-0.47
2026-04-16T09:02:36,AVAXUSDT,bos_fvg,133,—,68,ЛОНГ,9.43,0.003911,4.932986178208553,TP1,TP1,-0.77,0.3
2026-04-16T09:02:36,CRVUSDT,bos_fvg,133,—,96,ЛОНГ,0.2238,0.01,5.655107690766895,LOSS,TP1,-0.76,1.97
2026-04-16T09:02:36,XAGUSDT,squeeze,133,—,110,ЛОНГ,79.77,0.0,-12.55956663975065,TP1,TP1,-0.36,-1.29
2026-04-16T09:02:36,DOTUSDT,breakout,132,—,119,ЛОНГ,1.2497,0.009663,-6.171953701686982,TP1,TP1,0.41,4.3
2026-04-16T09:02:36,ALCHUSDT,bos_fvg,132,—,83,ЛОНГ,0.08447,0.005,14.5620415298968,LOSS,STOP,-1.43,-8.3
2026-04-16T09:02:36,LYNUSDT,breakout,128,—,115,ЛОНГ,0.08101,0.005,0.5888606381149057,WIN,TP1,4.26,3.06
2026-04-16T09:02:36,XRPUSDT,bos_fvg,124,—,82,ЛОНГ,1.404,0.01,10.864517494724439,TP1,TP1,0.48,1.64
2026-04-16T09:02:36,SOLUSDT,bos_fvg,124,—,87,ЛОНГ,84.944,0.002575,1.8280784246337975,FLAT,TP1,-0.09,3.11
2026-04-16T09:02:36,WLFIUSDT,bos_fvg,124,—,72,ЖДАТЬ,0.08088,0.005,3.734680407729718,TP1,TP1,-0.41,-0.83
2026-04-16T09:02:36,HYPEUSDT,squeeze,123,—,91,ЛОНГ,45.221,-0.015423999999999998,-9.637966893155186,FLAT,STOP,-0.23,-3.93
2026-04-16T09:02:36,BNBUSDT,bos_fvg,123,—,35,ЛОНГ,622.0,0.005013,2.0974061247073887,FLAT,TP1,-0.34,0.92
2026-04-16T09:02:36,RIVERUSDT,bos_fvg,118,—,23,ШОРТ,7.854,0.074989,10.313043429307546,FLAT,TP1,-0.06,-2.55
2026-04-16T09:02:36,WLDUSDT,bos_fvg,118,—,114,ЛОНГ,0.3064,-0.010885,-5.28844383122675,FLAT,TP1,-0.1,3.26
2026-04-16T09:02:36,ENAUSDT,breakout,113,—,100,ЛОНГ,0.10279,0.005,3.309105451326925,LOSS,TP1,-1.51,6.33
2026-04-16T09:02:36,GALAUSDT,breakout,113,—,100,ЛОНГ,0.003187,0.01,9.722109592832556,FLAT,TP1,-0.28,3.55
2026-04-16T09:02:36,ETHUSDT,bos_fvg,111,—,43,ЛОНГ,2336.95,-0.0031569999999999997,3.4990125579780247,FLAT,TP1,-0.32,-0.61
2026-04-16T09:02:36,TAOUSDT,bos_fvg,111,—,53,ШОРТ,240.1,0.005,2.854061505969029,FLAT,TP1,0.1,2.32
2026-04-16T09:02:36,WIFUSDT,breakout,111,—,98,ЛОНГ,0.2108,0.005,1.1079723941335298,LOSS,TP1,-1.72,0.43
2026-04-16T09:02:36,XAUUSDT,bos_fvg,111,—,48,ЛОНГ,4816.13,0.008492,5.967812955708059,FLAT,STOP,-0.08,-0.51
2026-04-16T09:02:36,APTUSDT,range_sweep,107,—,103,ЛОНГ,0.927,-0.0026639999999999997,-4.709729830386404,FLAT,TP1,-0.46,4.7
2026-04-16T09:02:36,PLAYSOUTUSDT,breakout,106,—,106,ЛОНГ,0.16446,0.10429000000000001,-4.085766346031612,LOSS,STOP,-13.37,-33.41
2026-04-16T09:02:36,MONUSDT,bos_fvg,104,—,57,ЖДАТЬ,0.035622,0.01,5.4108710877782284,TP1,TP1,0.04,-7.09
2026-04-16T09:02:36,BLESSUSDT,bos_fvg,102,—,94,ЖДАТЬ,0.01262,0.042047,49.57697946706121,TP1,TP1,-7.2,-28.09
2026-04-16T09:02:36,RAVEUSDT,squeeze,101,—,86,ЛОНГ,15.37592,0.00125,-7.253859699003047,LOSS,TP1,-1.68,15.69
2026-04-16T09:02:36,EDGEUSDT,bos_fvg,101,—,84,ЛОНГ,1.2007,0.058575,13.874883784039453,FLAT,TP1,0.11,4.45
2026-04-16T09:02:36,TRUMPUSDT,bos_fvg,100,—,58,ЛОНГ,2.895,0.0011049999999999999,-9.720206308045698,FLAT,TP1,-0.24,3.32
2026-04-16T09:02:36,BTCUSDT,bos_fvg,97,—,56,ЛОНГ,74607.0,-0.005769,-3.1830077119882816,FLAT,TP1,-0.31,0.14
2026-04-16T09:02:36,NEARUSDT,breakout,96,—,96,ЛОНГ,1.4181,0.01,-3.4660477814940585,TP1,TP1,-1.26,-1.11
2026-04-16T09:02:36,ADAUSDT,bos_fvg,93,—,68,ШОРТ,0.2483,0.01,2.1961092705221756,FLAT,STOP,-0.2,1.61
2026-04-16T09:02:36,ZECUSDT,breakout,88,—,83,ЛОНГ,339.42,0.006221,1.4191241107924792,WIN,STOP,1.47,-2.77
2026-04-16T09:02:36,ARIAUSDT,bos_fvg,80,—,26,ШОРТ,0.09882,0.054055,11.71469727491047,WIN,STOP,-1.91,8.4
2026-04-16T09:02:36,WHITEWHALEUSDT,breakout,59,—,59,ЛОНГ,0.01537,0.035656,-2.4928105050229594,LOSS,STOP,-3.51,-39.82
2026-04-18T18:34:09,CLUSDT,short_dist,207,—,16,ШОРТ,85.634,0.147243,1.5188501160449774,FLAT,TP1,-0.23,-0.87
2026-04-18T18:34:09,BIOUSDT,breakout,180,—,167,ЛОНГ,0.02846,-0.024693000000000003,-17.095437299568747,STOP,TP1,2.28,2.53
2026-04-18T18:34:09,ETHUSDT,squeeze,173,—,100,ЛОНГ,2353.82,-0.020014,-7.937049541290321,FLAT,STOP,-0.36,-1.28
2026-04-18T18:34:09,SOONUSDT,squeeze,173,—,140,ЛОНГ,0.19542,-0.151584,-20.000127447435208,LOSS,STOP,-3.26,-14.0
2026-04-18T18:34:09,API3USDT,breakout,169,—,148,ЛОНГ,0.3915,-1.04593,130.07883729686483,WIN,STOP,2.43,-15.56
2026-04-18T18:34:09,MOVRUSDT,breakout,168,—,155,ЛОНГ,2.241,0.005,-21.948263904636864,LOSS,STOP,-1.71,-12.99
2026-04-18T18:34:09,SIRENUSDT,squeeze,167,—,123,ЛОНГ,0.79592,-0.41644000000000003,1.7399193182106625,LOSS,STOP,-3.17,-20.88
2026-04-18T18:34:09,ENJUSDT,squeeze,156,—,123,ЛОНГ,0.055228,-0.146882,-5.060699936321187,LOSS,TP1,-2.01,19.35
2026-04-18T18:34:09,TIAUSDT,squeeze,150,—,108,ЛОНГ,0.3979,-0.012002,-8.195078651805666,FLAT,STOP,-0.45,-2.31
2026-04-18T18:34:09,ORDIUSDT,breakout,149,—,136,ЛОНГ,5.35,0.005,-15.35392023730159,LOSS,STOP,-3.38,-18.47
2026-04-18T18:34:09,1000PEPEUSDT,breakout,144,—,136,ЛОНГ,0.003772,-0.025734,-2.785749019590559,FLAT,LOSS,-0.19,-0.9
2026-04-18T18:34:09,BTCUSDT,squeeze,143,—,83,ЛОНГ,75618.73,-0.0044020000000000005,-12.699578729869431,FLAT,STOP,-0.09,0.09
2026-04-18T18:34:09,WLDUSDT,breakout,143,—,122,ЛОНГ,0.2681,-0.067811,8.539047749431793,LOSS,STOP,-1.34,-1.27
2026-04-18T18:34:09,ONTUSDT,squeeze,140,—,89,ЛОНГ,0.08089,-0.12128900000000001,32.79459881861038,FLAT,STOP,0.16,-5.97
2026-04-18T18:34:09,THETAUSDT,squeeze,139,—,90,ЛОНГ,0.22883,-0.11065300000000002,36.5354560457551,LOSS,LOSS,-2.15,-4.1
2026-04-18T18:34:09,MONUSDT,squeeze,137,—,116,ЛОНГ,0.033414,-0.009811,-10.466514218240034,LOSS,STOP,-0.62,-1.67
2026-04-18T18:34:09,ALICEUSDT,squeeze,136,—,100,ЛОНГ,0.19102,-0.967436,180.85217878796942,LOSS,LOSS,-9.03,-18.12
2026-04-18T18:34:09,XRPUSDT,bos_fvg,134,—,87,ШОРТ,1.4269,0.000227,-1.5632318538846657,FLAT,FLAT,-0.14,-0.11
2026-04-18T18:34:09,HYPEUSDT,bos_fvg,134,—,49,ЛОНГ,44.076,0.0041990000000000005,-0.6940421364130849,LOSS,STOP,-0.75,-1.66
2026-04-18T18:34:09,SOLUSDT,short_dist,134,—,69,ШОРТ,86.33,0.01,-7.2958332002060935,FLAT,TP1,-0.42,-0.5
2026-04-18T18:34:09,CRVUSDT,squeeze,132,—,99,ЛОНГ,0.2301,-0.041157,-2.714970427969549,WIN,STOP,0.74,-0.43
2026-04-18T18:34:09,ENAUSDT,breakout,131,—,126,ЛОНГ,0.12051,0.005,3.2669101682499035,LOSS,LOSS,-1.5,-2.22
2026-04-18T18:34:09,DOTUSDT,breakout,131,—,118,ЛОНГ,1.2809,0.007696,-6.708743425915241,LOSS,STOP,-0.57,-1.09
2026-04-18T18:34:09,HIGHUSDT,bos_fvg,130,—,90,ЛОНГ,0.38299,-0.90537,441.9560160872428,LOSS,LOSS,-19.95,-19.74
2026-04-18T18:34:09,MUSDT,breakout,130,—,117,ЛОНГ,3.7738,0.053867,4.266197277651914,LOSS,STOP,-3.8,-9.59
2026-04-18T18:34:09,BASEDUSDT,short_dist,130,—,100,ШОРТ,0.1032,0.005,-10.314533870663347,WIN,TP1,-4.65,-17.73
2026-04-18T18:34:09,AXLUSDT,breakout,127,—,119,ЛОНГ,0.06458,0.005,4.80998604907066,LOSS,STOP,-1.33,-10.36
2026-04-18T18:34:09,ZECUSDT,short_dist,122,—,49,ШОРТ,322.31,0.01,-2.2441425866762286,WIN,STOP,-1.2,0.4
2026-04-18T18:34:09,XPLUSDT,breakout,121,—,108,ЛОНГ,0.11537,0.005,-4.687930595385963,STOP,STOP,-2.98,-6.49
2026-04-18T18:34:09,BNBUSDT,bos_fvg,120,—,96,ЛОНГ,631.9,-0.009779,-3.610100353373296,LOSS,STOP,-0.55,-1.28
2026-04-18T18:34:09,RIVERUSDT,short_dist,120,—,72,ШОРТ,6.646,0.016961999999999998,-2.5461440826999833,TP1,TP1,-8.22,-15.09
2026-04-18T18:34:09,XAUTUSDT,bos_fvg,119,—,104,ЛОНГ,4786.45,-0.0015789999999999999,-1.7889358069065289,STOP,STOP,-0.18,0.07
2026-04-18T18:34:09,RAVEUSDT,bos_fvg,118,—,104,ШОРТ,4.17695,-0.030708,60.6117856306607,STOP,STOP,-26.61,-76.93
2026-04-18T18:34:09,TRUMPUSDT,breakout,115,—,102,ЛОНГ,2.888,-0.027603000000000003,-7.883011837889671,LOSS,STOP,-0.93,-2.11
2026-04-18T18:34:09,DOGEUSDT,breakout,114,—,106,ЛОНГ,0.09489,0.0032530000000000002,-2.0629113597281994,FLAT,STOP,-0.26,-0.21
2026-04-18T18:34:09,ASTERUSDT,short_dist,114,—,71,ШОРТ,0.6689,0.0030859999999999998,0.9914113761046659,FLAT,LOSS,0.37,1.05
2026-04-18T18:34:09,TAOUSDT,short_dist,113,—,78,ШОРТ,244.99,-0.019209,-2.956460031013776,FLAT,FLAT,-0.29,0.5
2026-04-18T18:34:09,DYDXUSDT,squeeze,113,—,94,ЛОНГ,0.13772,-0.013722,-5.729849261122378,FLAT,TP1,-0.07,5.79
2026-04-18T18:34:09,IPUSDT,squeeze,113,—,80,ЛОНГ,0.5454,-0.041243999999999996,-11.076862703614388,FLAT,STOP,0.06,-6.99
2026-04-18T18:34:09,ADAUSDT,squeeze,112,—,93,ЛОНГ,0.2481,-0.007095000000000001,-1.4681292137971886,FLAT,FLAT,-0.12,-0.48
2026-04-18T18:34:09,AVAXUSDT,breakout,111,—,98,ЛОНГ,9.364,-0.0021950000000000003,-0.0034862127422676556,FLAT,STOP,-0.14,-1.41
2026-04-18T18:34:09,FARTCOINUSDT,short_dist,110,—,83,ШОРТ,0.20691,0.005,-1.4027845903067901,WIN,TP1,-2.22,-2.9
2026-04-18T18:34:09,WIFUSDT,short_dist,110,—,79,ЛОНГ,0.20309,0.005,-5.1912005773077565,LOSS,STOP,-0.65,-1.26
2026-04-18T18:34:09,LINKUSDT,squeeze,106,—,70,ЛОНГ,9.322,-0.004728,-1.099559692558161,LOSS,STOP,-0.64,-0.95
2026-04-18T18:34:09,GALAUSDT,breakout,105,—,92,ЛОНГ,0.003263,0.001889,-1.9515875251823724,LOSS,STOP,-1.04,-1.41
2026-04-18T18:34:09,SUIUSDT,breakout,103,—,103,ЛОНГ,0.9578,0.01,4.169572916433178,FLAT,STOP,-0.49,-0.63
2026-04-18T18:34:09,NEARUSDT,bos_fvg,102,—,99,ШОРТ,1.356,-0.005851,6.257764887221703,FLAT,STOP,-0.06,0.51
2026-04-18T18:34:09,GENIUSUSDT,bos_fvg,101,—,53,ЛОНГ,0.8266,0.005,-1.2024715687317258,LOSS,STOP,-9.73,-24.39
2026-04-18T18:34:09,EDGEUSDT,bos_fvg,98,—,30,ЛОНГ,1.3408,0.005,-0.0628409121831798,LOSS,STOP,-2.16,-2.85
2026-04-18T18:34:09,AAVEUSDT,bos_fvg,95,—,72,ШОРТ,111.53,-0.00121,-1.8970630105469426,TP1,TP1,-8.04,-17.95
2026-04-18T21:00:41,THETAUSDT,squeeze,167,—,114,ЛОНГ,0.22107,-0.020763,34.48184886512418,LOSS,LOSS,-1.09,-3.35
2026-04-18T21:00:41,SIRENUSDT,squeeze,150,—,100,ЛОНГ,0.80726,-0.172417,-2.8672439985718388,LOSS,STOP,-4.93,-20.94
2026-04-18T21:00:41,BASEDUSDT,short_dist,188,—,93,ШОРТ,0.0982,0.005,-6.588127693901392,WIN,TP1,-3.97,-12.42
2026-04-18T21:00:41,ETHUSDT,squeeze,144,—,90,ЛОНГ,2350.95,-0.020036,-3.524684906674061,FLAT,STOP,-0.14,-2.33
2026-04-18T21:00:41,ENJUSDT,squeeze,143,—,140,ЛОНГ,0.055788,-0.043832,-6.583099859863307,WIN,TP1,4.05,7.51
2026-04-18T21:00:41,SOONUSDT,breakout,142,—,155,ЛОНГ,0.18969,0.00125,-20.13872618271691,FLAT,STOP,-0.31,-11.24
2026-04-18T21:00:41,API3USDT,squeeze,141,—,132,ЛОНГ,0.4113,-0.665126,128.767759172664,LOSS,STOP,-1.99,-19.62
2026-04-18T21:00:41,ZECUSDT,short_dist,182,—,65,ШОРТ,322.76,0.01,-10.16591904483711,FLAT,TP1,-0.48,-6.27
2026-04-18T21:00:41,MOVRUSDT,breakout,140,—,148,ЛОНГ,2.2612,0.005,-12.526068817309802,LOSS,STOP,-2.1,-17.02
2026-04-18T21:00:41,ALICEUSDT,squeeze,135,—,130,ЛОНГ,0.17978,-0.531685,179.54549803869014,LOSS,LOSS,-3.06,-16.99
2026-04-18T21:00:41,CLUSDT,short_dist,175,—,36,ШОРТ,85.364,0.0,1.0038367022235488,FLAT,STOP,0.07,1.55
2026-04-18T21:00:41,WLDUSDT,squeeze,127,—,98,ЛОНГ,0.2635,-0.064669,2.7664186645010256,WIN,LOSS,0.57,-1.02
2026-04-18T21:00:41,BTCUSDT,squeeze,126,—,57,ЛОНГ,75705.54,-0.0037400000000000003,-11.328617425196995,FLAT,STOP,-0.18,-1.2
2026-04-18T21:00:41,BIOUSDT,squeeze,119,—,78,ЛОНГ,0.02918,-0.033561,-6.363044359270599,TP1,TP1,4.66,-3.32
2026-04-18T21:00:41,IPUSDT,squeeze,117,—,93,ЛОНГ,0.5458,-0.07885099999999999,-6.20181291713902,LOSS,STOP,-0.64,-7.33
2026-04-18T21:00:41,CRVUSDT,squeeze,117,—,71,ЛОНГ,0.2312,-0.026799,-4.940849191971666,LOSS,STOP,-0.69,-3.55
2026-04-18T21:00:41,ENAUSDT,bos_fvg,157,—,107,ЛОНГ,0.1203,-0.001797,-0.06329259597937399,FLAT,STOP,0.12,-4.25
2026-04-18T21:00:41,HYPEUSDT,bos_fvg,155,—,47,ЛОНГ,44.098,0.004967,-0.6009287179348566,FLAT,STOP,0.1,-5.5
2026-04-18T21:00:41,TIAUSDT,bos_fvg,153,—,106,ШОРТ,0.3945,0.005,-12.169482048214787,WIN,STOP,-0.94,-4.33
2026-04-18T21:00:41,WIFUSDT,short_dist,151,—,79,ЖДАТЬ,0.20291,0.005,-4.654476390870281,TP1,TP1,0.05,-2.15
2026-04-18T21:00:41,SUIUSDT,short_dist,149,—,68,ШОРТ,0.9571,0.01,3.787628325955441,FLAT,WIN,0.01,-1.94
2026-04-18T21:00:41,RIVERUSDT,short_dist,149,—,60,ШОРТ,6.096,0.005,-2.3643667812476528,STOP,STOP,2.35,-8.28
2026-04-18T21:00:41,XRPUSDT,bos_fvg,147,—,64,ШОРТ,1.4275,0.003788,0.1981313429507932,FLAT,WIN,0.25,-0.76
2026-04-18T21:00:41,MUSDT,breakout,105,—,113,ЛОНГ,3.542,0.006092,6.333586678377406,WIN,STOP,1.28,2.87
2026-04-18T21:00:41,ONTUSDT,squeeze,104,—,107,ЛОНГ,0.08081,-0.23730600000000002,28.61522575594953,STOP,STOP,-0.69,-6.72
2026-04-18T21:00:41,XAUTUSDT,bos_fvg,145,—,82,ЛОНГ,4785.76,0.0025340000000000002,-0.9521593532155075,FLAT,STOP,-0.1,-0.21
2026-04-18T21:00:41,AAVEUSDT,bos_fvg,148,—,110,ШОРТ,105.29,0.01,0.07760875005425634,STOP,TP1,-0.21,-14.62
2026-04-18T21:00:41,FARTCOINUSDT,short_dist,144,—,51,ШОРТ,0.20391,0.005,-2.743329339354749,WIN,WIN,-0.64,-2.29
2026-04-18T21:00:41,XPLUSDT,short_dist,144,—,100,ШОРТ,0.11264,-0.002953,-7.94316765773709,WIN,TP1,-0.83,-6.32
2026-04-18T21:00:41,SOLUSDT,short_dist,143,—,44,ШОРТ,86.126,0.005737,-7.780313587984102,FLAT,TP1,-0.24,-1.1
2026-04-18T21:00:41,RAVEUSDT,bos_fvg,142,—,66,ШОРТ,3.4558,0.00125,31.96833010820092,WIN,WIN,-7.47,-63.71
2026-04-18T21:00:41,ASTERUSDT,short_dist,142,—,40,ШОРТ,0.6728,0.005,2.3780356474851407,FLAT,WIN,0.06,-0.76
2026-04-18T21:00:41,HIGHUSDT,squeeze,99,—,85,ЛОНГ,0.33409,-1.219488,194.14295252769932,WIN,LOSS,0.7,-17.42
2026-04-18T21:00:41,GALAUSDT,breakout,96,—,104,ЛОНГ,0.003236,0.01,-1.526388656233767,FLAT,LOSS,0.12,-1.58
2026-04-18T21:00:41,TAOUSDT,short_dist,137,—,22,ШОРТ,245.53,-0.0028640000000000002,-2.975180710803007,FLAT,WIN,0.0,-2.54
2026-04-18T21:00:41,DYDXUSDT,squeeze,95,—,77,ЛОНГ,0.14337,-0.007071000000000001,-6.190883252652094,LOSS,LOSS,-1.11,-1.14
2026-04-18T21:00:41,ORDIUSDT,breakout,94,—,102,ЛОНГ,5.131,0.005,-18.959027465089378,LOSS,STOP,-1.21,-16.41
2026-04-18T21:00:41,1000PEPEUSDT,squeeze,92,—,76,ЛОНГ,0.003785,-0.022639,-2.133267053016435,FLAT,STOP,0.08,-2.25
2026-04-18T21:00:41,TRUMPUSDT,short_dist,133,—,66,ШОРТ,2.862,0.004526,-7.092809048322056,FLAT,WIN,0.21,-2.13
2026-04-18T21:00:41,DOTUSDT,squeeze,89,—,86,ЛОНГ,1.2786,0.005833,-6.299466785174229,FLAT,STOP,0.02,-1.19
2026-04-18T21:00:41,DOGEUSDT,short_dist,130,—,40,ШОРТ,0.09495,-0.002177,-2.7434718370522018,FLAT,STOP,-0.12,-0.78
2026-04-18T21:00:41,AVAXUSDT,squeeze,84,—,54,ЛОНГ,9.393,-0.004888,-1.6810216825077593,FLAT,STOP,-0.48,-2.48
2026-04-18T21:00:41,LINKUSDT,bos_fvg,121,—,40,ЖДАТЬ,9.304,-0.0076760000000000005,-1.8670859563395739,TP1,TP1,-0.27,-1.91
2026-04-18T21:00:41,GENIUSUSDT,bos_fvg,120,—,66,ЛОНГ,0.6987,0.005,-1.8002400235052225,WIN,STOP,6.63,-12.24
2026-04-18T21:00:41,BNBUSDT,squeeze,74,—,78,ЛОНГ,629.7,-0.003433,-3.1151199961629183,FLAT,STOP,-0.05,-1.49
2026-04-18T21:00:41,ADAUSDT,squeeze,72,—,43,ЛОНГ,0.2488,-0.0070539999999999995,-1.7628529669432376,FLAT,STOP,0.04,-1.49
2026-04-18T21:00:41,AXLUSDT,squeeze,69,—,72,ЛОНГ,0.06228,0.005,4.638923036184959,WIN,STOP,1.35,-6.76
2026-04-18T21:00:41,ARBUSDT,bos_fvg,109,—,73,ЖДАТЬ,0.12669,-0.009205999999999999,-2.0065950015736065,TP1,TP1,0.6,-2.18
2026-04-18T21:00:41,NEARUSDT,short_dist,108,—,65,ШОРТ,1.3529,-0.00764,5.017961129105423,WIN,STOP,-0.52,-0.21
2026-04-18T21:00:41,EDGEUSDT,breakout,46,—,54,ЛОНГ,1.3019,0.005,-1.1459502444538892,WIN,STOP,1.14,-2.3
2026-04-19T01:01:04,CLUSDT,short_dist,216,—,31,ШОРТ,84.758,0.127136,-7.845328860596681,FLAT,STOP,0.08,3.48
2026-04-19T01:01:04,PROMUSDT,squeeze,167,—,110,ЛОНГ,2.2873,-0.592947,48.18258630699555,WIN,WIN,2.16,4.21
2026-04-19T01:01:04,API3USDT,breakout,164,—,164,ЛОНГ,0.392,-1.112571,137.16113667306794,LOSS,LOSS,-11.33,-17.12
2026-04-19T01:01:04,ENJUSDT,squeeze,151,—,71,ЛОНГ,0.060639,-0.10439399999999999,-2.351903532300559,STOP,TP1,-7.24,-2.04
2026-04-19T01:01:04,IPUSDT,squeeze,148,—,141,ЛОНГ,0.523,-0.156756,-10.795087194755553,TP1,TP1,8.03,-4.34
2026-04-19T01:01:04,SOONUSDT,breakout,142,—,155,ЛОНГ,0.17523,0.00125,-17.992084441146,TP1,TP1,-2.62,-3.59
2026-04-19T01:01:04,RIVERUSDT,short_dist,181,—,90,ШОРТ,6.306,0.005,-3.218018790311153,LOSS,TP1,0.57,-9.69
2026-04-19T01:01:04,ALICEUSDT,squeeze,137,—,112,ЛОНГ,0.16151,-0.112288,129.23459924527276,LOSS,LOSS,-1.13,-9.62
2026-04-19T01:01:04,WLDUSDT,breakout,136,—,136,ЛОНГ,0.2621,-0.11329700000000001,-1.221916858799289,FLAT,LOSS,0.23,-1.53
2026-04-19T01:01:04,XAUTUSDT,breakout,134,—,142,ЛОНГ,4773.06,-0.009183,-1.2267199185645312,FLAT,TP1,0.07,-0.15
2026-04-19T01:01:04,NEARUSDT,breakout,131,—,147,ЛОНГ,1.3412,-0.016086,1.2332910367432628,FLAT,TP1,-0.16,-0.89
2026-04-19T01:01:04,DOTUSDT,breakout,131,—,139,ЛОНГ,1.2735,0.01,-3.295107954242313,FLAT,STOP,-0.08,-2.34
2026-04-19T01:01:04,BTCUSDT,squeeze,130,—,71,ЛОНГ,75655.8,-0.0030759999999999997,-9.19520623275189,FLAT,STOP,-0.08,-2.22
2026-04-19T01:01:04,BASEDUSDT,short_dist,172,—,75,ШОРТ,0.0977,0.005,-19.193232204297985,WIN,TP1,-4.4,-11.77
2026-04-19T01:01:04,MONUSDT,breakout,130,—,143,ЛОНГ,0.032303,-0.031118999999999997,-6.9430814832552565,LOSS,STOP,-1.58,-6.74
2026-04-19T01:01:04,ENAUSDT,bos_fvg,170,—,102,ЛОНГ,0.12137,0.005,-0.9748050764892623,LOSS,STOP,-0.82,-6.3
2026-04-19T01:01:04,PIEVERSEUSDT,breakout,128,—,136,ЛОНГ,0.59956,0.005,20.24252826707288,TP1,TP1,5.54,120.29
2026-04-19T01:01:04,HIGHUSDT,squeeze,127,—,120,ЛОНГ,0.30084,-0.294331,278.54817391897046,LOSS,LOSS,-6.99,-11.12
2026-04-19T01:01:04,LINKUSDT,breakout,124,—,132,ЛОНГ,9.243,-0.016906,-0.3481321341648363,FLAT,STOP,-0.24,-2.07
2026-04-19T01:01:04,MOVRUSDT,breakout,124,—,132,ЛОНГ,2.1851,0.005,-13.726205075513265,LOSS,STOP,-2.05,-11.22
2026-04-19T01:01:04,THETAUSDT,squeeze,124,—,100,ЛОНГ,0.21665,0.003955,24.768975038056038,LOSS,LOSS,-2.45,-3.07
2026-04-19T01:01:04,ONTUSDT,squeeze,124,—,90,ЛОНГ,0.07754,-0.725609,25.835632446934902,LOSS,LOSS,-0.8,-2.98
2026-04-19T01:01:04,ETHUSDT,squeeze,122,—,110,ЛОНГ,2348.42,-0.00386,-3.9222122661177994,FLAT,STOP,-0.14,-3.82
2026-04-19T01:01:04,SIRENUSDT,squeeze,121,—,131,ЛОНГ,0.7611,-0.745247,-1.89625412525989,STOP,STOP,-0.41,-12.28
2026-04-19T01:01:04,XPLUSDT,breakout,121,—,134,ЛОНГ,0.10876,-0.008114,-4.651469978876103,STOP,STOP,-2.64,-3.73
2026-04-19T01:01:04,SOLUSDT,short_dist,161,—,93,ШОРТ,86.02,0.0032969999999999996,-7.312094767929407,FLAT,TP1,-0.33,-2.35
2026-04-19T01:01:04,BIOUSDT,breakout,118,—,126,ЛОНГ,0.03134,-0.127995,-3.6790582988093283,LOSS,STOP,-2.49,-9.25
2026-04-19T01:01:04,TAOUSDT,short_dist,160,—,50,ШОРТ,242.14,0.00047099999999999996,-3.301198684986284,STOP,STOP,-0.09,-0.33
2026-04-19T01:01:04,HYPEUSDT,short_dist,159,—,77,ШОРТ,43.669,0.003861,-0.39370030596389144,FLAT,TP1,-0.2,-5.97
2026-04-19T01:01:04,1000PEPEUSDT,breakout,116,—,124,ЛОНГ,0.00378,-0.027678,-1.293044784088196,FLAT,STOP,-0.16,-3.17
2026-04-19T01:01:04,AAVEUSDT,bos_fvg,162,—,112,ШОРТ,99.05,0.01,-6.85818718066213,STOP,TP1,-1.48,-9.51
2026-04-19T01:01:04,AVAXUSDT,bos_fvg,153,—,65,ШОРТ,9.298,-0.007403,-1.7524910805897538,FLAT,TP1,-0.39,-2.82
2026-04-19T01:01:04,ZECUSDT,short_dist,149,—,88,ШОРТ,325.19,0.01,-8.709220720453612,FLAT,TP1,-0.15,-6.95
2026-04-19T01:01:04,GALAUSDT,breakout,107,—,120,ЛОНГ,0.003199,-0.007128,-1.4688682480273996,LOSS,LOSS,-0.59,-0.5
2026-04-19T01:01:04,FARTCOINUSDT,short_dist,147,—,77,ШОРТ,0.2013,0.005,-3.353834281440661,WIN,STOP,-0.77,-3.39
2026-04-19T01:01:04,TIAUSDT,breakout,105,—,118,ЛОНГ,0.389,0.001673,-8.580565588190197,LOSS,TP1,-0.77,-3.32
2026-04-19T01:01:04,DOGEUSDT,squeeze,104,—,104,ЛОНГ,0.09485,-0.011466,-1.6741866919621151,FLAT,STOP,0.08,-1.8
2026-04-19T01:01:04,SUIUSDT,breakout,104,—,120,ЛОНГ,0.95514,-0.001296,3.455968487914611,FLAT,STOP,-0.42,-3.1
2026-04-19T01:01:04,TRUMPUSDT,breakout,100,—,108,ЛОНГ,2.863,-0.005288,-5.363961534533405,FLAT,STOP,-0.42,-2.86
2026-04-19T01:01:04,DYDXUSDT,squeeze,97,—,69,ЛОНГ,0.14158,-0.011215000000000001,-4.715417568474253,LOSS,TP1,-0.68,-2.98
2026-04-19T01:01:04,XRPUSDT,short_dist,138,—,64,ШОРТ,1.4326,0.007425,-0.9361488918209905,FLAT,TP1,-0.15,-2.31
2026-04-19T01:01:04,AXLUSDT,bos_fvg,138,—,95,ЛОНГ,0.06061,-0.197152,-8.042908189442521,LOSS,STOP,-1.53,-6.29
2026-04-19T01:01:04,ARBUSDT,breakout,96,—,112,ЛОНГ,0.12796,0.01,2.526790081938004,FLAT,STOP,-0.45,-3.63
2026-04-19T01:01:04,ORDIUSDT,short_dist,137,—,99,ШОРТ,5.234,0.005,-21.41689331483342,WIN,TP1,-2.77,-18.46
2026-04-19T01:01:04,ADAUSDT,squeeze,92,—,67,ЛОНГ,0.2489,-0.005414,-1.0614452820619114,FLAT,STOP,-0.2,-2.69
2026-04-19T01:01:04,BNBUSDT,breakout,89,—,102,ЛОНГ,628.93,-0.020804,-2.659055542168851,FLAT,STOP,-0.31,-2.04
2026-04-19T01:01:04,RAVEUSDT,short_dist,130,—,25,ШОРТ,2.7954,0.00125,53.83091047646696,WIN,WIN,-19.75,-75.48
2026-04-19T01:01:04,CRVUSDT,squeeze,85,—,85,ЛОНГ,0.2273,-0.048257999999999995,-2.5308968464704553,FLAT,TP1,-0.4,-2.29
2026-04-19T01:01:04,GENIUSUSDT,bos_fvg,114,—,64,ЛОНГ,0.719,0.005,-2.9132937911802674,LOSS,STOP,-6.15,-12.04
2026-04-19T01:01:04,MUSDT,short_dist,103,—,47,ЛОНГ,3.5265,0.042164999999999994,8.903947017895938,WIN,STOP,3.22,-0.8
2026-04-19T05:01:09,PORTALUSDT,breakout,220,—,199,ЛОНГ,0.014377,-0.274778,134.51057766762042,STOP,STOP,-13.76,-21.19
2026-04-19T05:01:09,API3USDT,squeeze,192,—,124,ЛОНГ,0.3398,-0.045209,153.06815506813928,LOSS,LOSS,-2.18,-6.77
2026-04-19T05:01:09,PROMUSDT,squeeze,190,—,128,ЛОНГ,2.198,-0.236219,32.12781569070835,LOSS,WIN,-8.65,9.32
2026-04-19T05:01:09,THETAUSDT,squeeze,189,—,159,ЛОНГ,0.21244,-0.04115,8.524545044502545,WIN,WIN,0.69,1.37
2026-04-19T05:01:09,IPUSDT,squeeze,178,—,118,ЛОНГ,0.5279,-0.112134,-4.129662218681109,TP1,TP1,-1.7,-5.0
2026-04-19T05:01:09,ENJUSDT,squeeze,166,—,121,ЛОНГ,0.059255,-0.181854,-0.9517476897153295,WIN,TP1,8.92,-0.81
2026-04-19T05:01:09,MOVRUSDT,breakout,165,—,152,ЛОНГ,1.8402,0.005,-21.44751429028866,TP1,TP1,2.14,3.79
2026-04-19T05:01:09,WLDUSDT,squeeze,162,—,117,ЛОНГ,0.2602,-0.089445,-3.162642099237592,LOSS,FLAT,-0.58,0.04
2026-04-19T05:01:09,MOVEUSDT,bos_fvg,162,—,112,ЛОНГ,0.01956,0.005,81.01446988248064,WIN,TP1,0.82,-2.66
2026-04-19T05:01:09,RIVERUSDT,short_dist,159,—,58,ШОРТ,5.963,0.011273,-3.1060523548204273,WIN,WIN,-3.96,-6.84
2026-04-19T05:01:09,ALICEUSDT,breakout,158,—,145,ЛОНГ,0.15153,-0.115811,106.70082517534287,LOSS,WIN,-4.04,2.35
2026-04-19T05:01:09,CLUSDT,short_dist,158,—,43,ШОРТ,85.451,0.305118,-10.514925765420676,FLAT,STOP,0.16,1.65
2026-04-19T05:01:09,GENIUSUSDT,squeeze,153,—,89,ЛОНГ,0.669,-0.0047209999999999995,-16.006960502284894,LOSS,STOP,-4.57,-2.12
2026-04-19T05:01:09,DYDXUSDT,breakout,153,—,145,ЛОНГ,0.14475,0.01,-1.9308219687438097,FLAT,TP1,-0.35,-7.3
2026-04-19T05:01:09,GALAUSDT,breakout,145,—,140,ЛОНГ,0.003173,0.004495,0.9388906163523848,FLAT,TP1,-0.32,0.79
2026-04-19T05:01:09,BTCUSDT,squeeze,142,—,84,ЛОНГ,75618.89,-0.000784,-9.631631291617754,FLAT,STOP,-0.35,-1.67
2026-04-19T05:01:09,1000PEPEUSDT,breakout,140,—,132,ЛОНГ,0.00375,-0.02432,-1.712947303583024,FLAT,STOP,0.03,-2.03
2026-04-19T05:01:09,SIRENUSDT,squeeze,140,—,102,ЛОНГ,0.52516,-1.5109020000000002,0.4288516860568951,TP1,TP1,23.86,36.15
2026-04-19T05:01:09,ETHUSDT,squeeze,139,—,88,ЛОНГ,2331.17,-0.00635,-4.800119515471465,FLAT,STOP,-0.39,-2.43
2026-04-19T05:01:09,BASEDUSDT,short_dist,139,—,59,ШОРТ,0.0841,0.005,-12.782145907020023,STOP,STOP,2.73,8.32
2026-04-19T05:01:09,PIEVERSEUSDT,bos_fvg,137,—,78,ЛОНГ,0.59848,0.005,23.590349945466784,LOSS,TP1,-2.55,82.81
2026-04-19T05:01:09,HIGHUSDT,bos_fvg,130,—,90,ЛОНГ,0.25716,-0.23222600000000002,21.172071120357582,LOSS,TP1,-2.05,6.09
2026-04-19T05:01:09,BIOUSDT,bos_fvg,129,—,41,ЖДАТЬ,0.02956,-0.005363,10.473616928559784,TP1,TP1,1.15,-6.09
2026-04-19T05:01:09,ZROUSDT,bos_fvg,128,—,113,ШОРТ,1.5936,-0.008463,7.334108636855332,TP1,TP1,-3.02,3.56
2026-04-19T05:01:09,DOGEUSDT,breakout,127,—,119,ЛОНГ,0.09455,-0.007444999999999999,-4.469644269125362,FLAT,TP1,0.0,-0.82
2026-04-19T05:01:09,ENAUSDT,bos_fvg,127,—,70,ЛОНГ,0.12073,0.005,-0.3100496537773291,LOSS,STOP,-0.89,-4.61
2026-04-19T05:01:09,TAOUSDT,squeeze,124,—,49,ЛОНГ,241.74,-0.013092999999999999,-3.174196595148822,LOSS,TP1,-0.72,0.16
2026-04-19T05:01:09,ZECUSDT,short_dist,123,—,83,ШОРТ,322.2,0.01,0.596768366805659,FLAT,TP1,-0.19,-4.89
2026-04-19T05:01:09,XPLUSDT,squeeze,121,—,68,ЛОНГ,0.10695,-0.015161999999999998,-3.833780435685572,LOSS,STOP,-1.95,-0.68
2026-04-19T05:01:09,ADAUSDT,squeeze,120,—,77,ЛОНГ,0.2476,-0.016019,-2.3718967783821827,LOSS,STOP,-0.53,-1.33
2026-04-19T05:01:09,TRUMPUSDT,squeeze,120,—,94,ЛОНГ,2.826,-0.000957,-5.280991058808062,FLAT,STOP,0.07,-0.46
2026-04-19T05:01:09,RAVEUSDT,bos_fvg,118,—,84,ШОРТ,1.56482,0.00125,290.97813673238994,WIN,WIN,-15.38,-65.0
2026-04-19T05:01:09,SOLUSDT,short_dist,116,—,74,ШОРТ,85.51,0.004465,-6.529494837048707,FLAT,TP1,-0.33,-1.92
2026-04-19T05:01:09,ORDIUSDT,bos_fvg,116,—,88,ШОРТ,3.879,0.005,9.780616941171898,STOP,STOP,14.87,5.88
2026-04-19T05:01:09,HYPEUSDT,short_dist,115,—,72,ШОРТ,43.58,0.0071,0.8245593619225879,WIN,TP1,-0.85,-5.67
2026-04-19T05:01:09,XRPUSDT,short_dist,115,—,95,ШОРТ,1.4299,0.004305000000000001,-5.079767106201053,WIN,TP1,-0.73,-1.79
2026-04-19T05:01:09,FARTCOINUSDT,short_dist,115,—,96,ШОРТ,0.19756,0.005,-4.283132968584183,FLAT,STOP,-0.04,-2.3
2026-04-19T05:01:09,LINKUSDT,bos_fvg,115,—,80,ШОРТ,9.219,-0.002859,-2.332771952037665,WIN,TP1,-0.71,-0.92
2026-04-19T05:01:09,DOTUSDT,short_dist,115,—,95,ШОРТ,1.2712,0.002085,-3.546525982354878,WIN,TP1,-0.85,-1.69
2026-04-19T05:01:09,BNBUSDT,breakout,114,—,106,ЛОНГ,621.62,-0.019313,-2.806624014530519,FLAT,STOP,-0.16,-0.24
2026-04-19T05:01:09,AAVEUSDT,breakout,113,—,100,ЛОНГ,94.46,0.01,-0.14024155595407378,LOSS,LOSS,-2.38,-3.49
2026-04-19T05:01:09,NEARUSDT,short_dist,110,—,89,ШОРТ,1.3506,0.007272,0.17650512688938821,WIN,STOP,-1.44,-0.34
2026-04-19T05:01:09,CRVUSDT,squeeze,106,—,69,ЛОНГ,0.226,-0.019972,-0.8687354931206155,FLAT,TP1,-0.4,-1.46
2026-04-19T05:01:09,MONUSDT,squeeze,102,—,66,ЛОНГ,0.032145,-0.002456,-5.959738350623486,FLAT,STOP,-0.07,-5.87
2026-04-19T05:01:09,XAUTUSDT,bos_fvg,101,—,86,ШОРТ,4776.27,0.005,-0.2720645304955413,FLAT,TP1,-0.15,0.0
2026-04-19T05:01:09,AVAXUSDT,bos_fvg,100,—,58,ШОРТ,9.288,-0.007768000000000001,-2.5268377074952757,WIN,TP1,-0.59,-2.26
2026-04-19T05:01:09,SUIUSDT,bos_fvg,99,—,82,ШОРТ,0.94775,0.005703,0.4086152011668637,WIN,TP1,-0.62,-1.83
2026-04-19T05:01:09,MUSDT,short_dist,99,—,69,ЛОНГ,3.4848,0.005,8.704379819700382,FLAT,TP1,0.38,-1.71
2026-04-19T05:01:09,ARBUSDT,short_dist,86,—,72,ЛОНГ,0.12747,0.01,2.846107873077881,LOSS,STOP,-1.12,-1.43
2026-04-19T05:01:09,LTCUSDT,short_dist,82,—,49,ЛОНГ,55.61,-0.002797,-3.4651821033477144,FLAT,STOP,-0.34,-2.28
2026-04-19T09:05:51,ALICEUSDT,breakout,205,—,192,ЛОНГ,0.1666,-0.714747,11.947368060378587,STOP,STOP,-4.31,-1.0
2026-04-19T09:05:51,MOVEUSDT,breakout,196,—,188,ЛОНГ,0.02044,0.004979,87.34751474985138,TP1,TP1,-0.64,-7.68
2026-04-19T09:05:51,HIGHUSDT,breakout,191,—,178,ЛОНГ,0.40209,-1.9859870000000002,33.2857193372947,STOP,STOP,-18.91,-13.14
2026-04-19T09:05:51,BLURUSDT,squeeze,183,—,132,ЛОНГ,0.030748,-0.480503,27.92878602984915,LOSS,TP1,-1.58,-0.91
2026-04-19T09:05:51,PROMUSDT,squeeze,175,—,84,ЛОНГ,2.1987,-0.278368,49.33348777417414,LOSS,WIN,-0.96,4.79
2026-04-19T09:05:51,BASEDUSDT,short_dist,174,—,102,ШОРТ,0.0886,0.005,-11.937253571750274,LOSS,STOP,1.47,14.56
2026-04-19T09:05:51,DYDXUSDT,breakout,168,—,160,ЛОНГ,0.14697,0.01,-3.189898819341845,WIN,TP1,5.09,-10.09
2026-04-19T09:05:51,ENJUSDT,breakout,161,—,140,ЛОНГ,0.065079,-1.972283,15.941314252279776,WIN,STOP,4.61,-11.47
2026-04-19T09:05:51,API3USDT,squeeze,157,—,107,ЛОНГ,0.3347,-0.049392,127.28687393321576,WIN,LOSS,1.2,-5.41
2026-04-19T09:05:51,ETHUSDT,squeeze,155,—,104,ЛОНГ,2316.22,-0.003645,-5.5033383014200865,FLAT,STOP,-0.34,-2.02
2026-04-19T09:05:51,RIVERUSDT,short_dist,149,—,36,ШОРТ,5.76,0.005,-0.5230992908923237,FLAT,WIN,0.0,-8.12
2026-04-19T09:05:51,CLUSDT,short_dist,149,—,11,ШОРТ,85.852,0.6567609999999999,-15.204096690899508,FLAT,STOP,0.04,1.78
2026-04-19T09:05:51,XPLUSDT,squeeze,148,—,111,ЛОНГ,0.10522,0.0033259999999999995,-6.305766581717001,FLAT,TP1,0.05,-0.51
2026-04-19T09:05:51,REQUSDT,squeeze,148,—,122,ЛОНГ,0.11733,-0.725399,86.1764305391166,LOSS,STOP,-6.11,-25.29
2026-04-19T09:05:51,BIOUSDT,squeeze,146,—,107,ЛОНГ,0.03147,-0.150858,10.813938748073472,LOSS,STOP,-4.0,-14.49
2026-04-19T09:05:51,AVAXUSDT,squeeze,142,—,76,ЛОНГ,9.196,-0.012285,-0.9793459462674381,FLAT,STOP,-0.38,-1.51
2026-04-19T09:05:51,ARBUSDT,short_dist,139,—,93,ШОРТ,0.1252,0.004155,3.015096422408942,FLAT,STOP,-0.06,-0.72
2026-04-19T09:05:51,FARTCOINUSDT,short_dist,138,—,70,ШОРТ,0.19878,0.005,-4.375719739103957,FLAT,STOP,0.11,-2.89
2026-04-19T09:05:51,ORDIUSDT,breakout,137,—,132,ЛОНГ,4.488,0.005,9.950588955061885,FLAT,WIN,-0.04,3.05
2026-04-19T09:05:51,EDGEUSDT,breakout,136,—,123,ЛОНГ,1.1788,0.005,-6.310731367953074,WIN,TP1,0.74,14.72
2026-04-19T09:05:51,DOGEUSDT,short_dist,133,—,93,ШОРТ,0.09391,0.00046199999999999995,-6.7717610118203435,FLAT,STOP,-0.3,-0.04
2026-04-19T09:05:51,WLDUSDT,squeeze,129,—,88,ЛОНГ,0.26,-0.054295,-2.9336671745073466,FLAT,TP1,0.38,-0.19
2026-04-19T09:05:51,SOLUSDT,breakout,127,—,114,ЛОНГ,84.76,-0.012209,-2.360147869329195,FLAT,TP1,-0.21,-1.07
2026-04-19T09:05:51,BTCUSDT,squeeze,127,—,37,ЛОНГ,75190.07,-0.002972,-9.272930567656694,FLAT,TP1,-0.25,-1.23
2026-04-19T09:05:51,DOTUSDT,short_dist,126,—,101,ШОРТ,1.2575,0.01,-5.8808138619212755,FLAT,STOP,-0.14,-0.34
2026-04-19T09:05:51,XRPUSDT,bos_fvg,123,—,26,ШОРТ,1.4224,0.0064919999999999995,-3.284863656939612,FLAT,TP1,-0.2,-1.49
2026-04-19T09:05:51,HYPEUSDT,short_dist,123,—,61,ШОРТ,43.223,0.01,0.3388518676660276,WIN,TP1,-0.56,-5.2
2026-04-19T09:05:51,ZROUSDT,bos_fvg,120,—,58,ШОРТ,1.6273,0.002584,10.283326424605113,WIN,STOP,-3.92,-1.05
2026-04-19T09:05:51,ADAUSDT,squeeze,119,—,87,ЛОНГ,0.2454,0.009032,-3.2209110865888535,FLAT,TP1,-0.12,-0.57
2026-04-19T09:05:51,TAOUSDT,short_dist,118,—,74,ШОРТ,244.6,0.005,-2.3391486804205734,FLAT,STOP,0.11,-1.37
2026-04-19T09:05:51,PIEVERSEUSDT,bos_fvg,118,—,105,ЛОНГ,0.60507,0.005,15.250390899882296,WIN,TP1,5.23,121.66
2026-04-19T09:05:51,ZECUSDT,short_dist,116,—,45,ШОРТ,323.05,0.01,3.165022643987831,FLAT,TP1,0.23,-5.13
2026-04-19T09:05:51,ENAUSDT,breakout,116,—,103,ЛОНГ,0.11776,0.005,-2.5824140373422306,FLAT,STOP,-0.33,-2.78
2026-04-19T09:05:51,MUSDT,breakout,116,—,111,ЛОНГ,3.4632,0.005,7.5448863474244625,FLAT,TP1,0.49,4.47
2026-04-19T09:05:51,MONUSDT,short_dist,115,—,95,ШОРТ,0.032107,0.01,-0.8816792903916378,WIN,TP1,-0.71,-6.7
2026-04-19T09:05:51,BNBUSDT,squeeze,114,—,81,ЛОНГ,621.1,-0.00176,-1.404833371432797,FLAT,STOP,-0.27,-0.34
2026-04-19T09:05:51,AAVEUSDT,bos_fvg,112,—,82,ШОРТ,91.81,-0.021524,17.380633471773066,LOSS,FLAT,0.95,-0.4
2026-04-19T09:05:51,RAVEUSDT,bos_fvg,111,—,88,ШОРТ,1.24737,0.304224,334.0764046603763,FLAT,WIN,0.43,-55.87
2026-04-19T09:05:51,1000PEPEUSDT,short_dist,111,—,40,ШОРТ,0.0037377,0.007132,-4.0943195027779895,WIN,TP1,-0.69,-1.09
2026-04-19T09:05:51,XAUTUSDT,bos_fvg,111,—,45,ШОРТ,4778.68,0.005,-0.7216064633154889,FLAT,TP1,-0.13,-0.21
2026-04-19T09:05:51,GENIUSUSDT,squeeze,110,—,60,ЛОНГ,0.6106,-0.050384,-6.177709969441015,LOSS,STOP,-5.29,2.16
2026-04-19T09:05:51,LTCUSDT,short_dist,110,—,67,ЖДАТЬ,55.1,0.01,-4.377640715122953,TP1,TP1,-0.29,-0.91
2026-04-19T09:05:51,TRUMPUSDT,short_dist,110,—,72,ШОРТ,2.831,-0.012125,-3.432346359433465,FLAT,FLAT,-0.32,-0.21
2026-04-19T09:05:51,CRVUSDT,breakout,109,—,101,ЛОНГ,0.226,-0.009073,-4.4355914755371595,FLAT,TP1,-0.27,-0.97
2026-04-19T09:05:51,SIRENUSDT,bos_fvg,107,—,54,ШОРТ,0.64935,-1.0962939999999999,0.14631467513480334,WIN,LOSS,-1.18,8.62
2026-04-19T09:05:51,LINKUSDT,squeeze,106,—,90,ЛОНГ,9.167,-0.006337,-2.3826486224525323,FLAT,TP1,-0.47,-0.37
2026-04-19T09:05:51,SUIUSDT,bos_fvg,103,—,94,ШОРТ,0.94405,-0.007625,-4.019252560837419,FLAT,TP1,-0.38,-1.41
2026-04-19T09:05:51,NEARUSDT,short_dist,103,—,77,ШОРТ,1.3348,0.007622,-1.6116761332843343,FLAT,STOP,-0.16,0.67
2026-04-19T09:05:51,TONUSDT,short_dist,101,—,48,ШОРТ,1.2909,-0.002167,-2.655187052515642,FLAT,FLAT,-0.24,-0.12
2026-04-19T09:05:51,IPUSDT,breakout,98,—,98,ЛОНГ,0.5179,0.005,0.4316434251644144,FLAT,STOP,0.0,-3.11
2026-04-19T12:01:53,CLUSDT,short_dist,199,—,23,ШОРТ,85.343,0.274143,-10.235204874201377,FLAT,STOP,0.18,2.64
2026-04-19T12:01:53,ALICEUSDT,squeeze,196,—,180,ЛОНГ,0.1629,-0.144939,-1.9264273975398636,FLAT,STOP,0.06,-0.06
2026-04-19T12:01:53,MOVEUSDT,squeeze,191,—,132,ЛОНГ,0.02079,-0.63259,77.10486189736234,LOSS,LOSS,-1.3,-9.28
2026-04-19T12:01:53,API3USDT,squeeze,177,—,154,ЛОНГ,0.3372,-0.175705,71.12459900611931,FLAT,LOSS,0.09,-5.99
2026-04-19T12:01:53,HIGHUSDT,breakout,172,—,159,ЛОНГ,0.32475,-0.9441980000000001,3.8156402359440857,LOSS,WIN,-3.74,2.24
2026-04-19T12:01:53,BLURUSDT,breakout,171,—,150,ЛОНГ,0.032126,-0.8,50.99868366336735,LOSS,TP1,-3.91,-5.88
2026-04-19T12:01:53,GENIUSUSDT,breakout,164,—,151,ЛОНГ,0.6126,-0.985036,27.10975640369196,STOP,STOP,-0.87,3.28
2026-04-19T12:01:53,WLDUSDT,squeeze,161,—,117,ЛОНГ,0.2641,-0.083316,-1.08980262823117,WIN,STOP,1.44,-0.91
2026-04-19T12:01:53,ENJUSDT,breakout,159,—,138,ЛОНГ,0.067707,-2.226622,33.69943830199003,LOSS,STOP,-2.83,-13.3
2026-04-19T12:01:53,TAOUSDT,breakout,159,—,154,ЛОНГ,248.67,-0.112773,2.398329175122127,STOP,STOP,-0.23,-2.04
2026-04-19T12:01:53,BOMEUSDT,bos_fvg,157,—,114,ЛОНГ,0.0005722,0.005,84.70241855264729,WIN,TP1,4.95,5.1
2026-04-19T12:01:53,ARKMUSDT,bos_fvg,157,—,122,ЛОНГ,0.13732,-0.144035,23.180678879911042,WIN,LOSS,0.76,-3.79
2026-04-19T12:01:53,1000PEPEUSDT,squeeze,155,—,100,ЛОНГ,0.003742,-0.005563,-3.7776840179296114,WIN,STOP,0.77,0.8
2026-04-19T12:01:53,PROMUSDT,squeeze,152,—,131,ЛОНГ,2.276,0.005,56.78583666088796,LOSS,WIN,-2.79,5.69
2026-04-19T12:01:53,ADAUSDT,short_dist,151,—,94,ШОРТ,0.247,0.002218,-5.091425335430868,LOSS,TP1,0.53,-0.28
2026-04-19T12:01:53,DOGEUSDT,squeeze,148,—,134,ЛОНГ,0.09445,-0.005306,-1.1253987202602924,FLAT,TP1,0.36,-0.04
2026-04-19T12:01:53,ZROUSDT,bos_fvg,148,—,69,ШОРТ,1.656,-0.015372000000000002,7.1748905189269365,LOSS,WIN,5.65,-5.27
2026-04-19T12:01:53,FARTCOINUSDT,short_dist,143,—,101,ШОРТ,0.20575,0.005,-6.408965361620325,LOSS,TP1,0.56,-4.66
2026-04-19T12:01:53,REQUSDT,bos_fvg,143,—,124,ЛОНГ,0.11314,-0.5389660000000001,82.71931311409529,LOSS,LOSS,-7.69,-23.42
2026-04-19T12:01:53,BTCUSDT,squeeze,142,—,72,ЛОНГ,75543.01,0.002217,-8.639036245171496,STOP,STOP,0.24,-0.73
2026-04-19T12:01:53,ETHUSDT,squeeze,142,—,84,ЛОНГ,2327.89,-0.003936,-3.7171943228532274,FLAT,STOP,0.29,-1.11
2026-04-19T12:01:53,EDGEUSDT,short_dist,142,—,103,ШОРТ,1.2267,0.050118,-5.416106084911643,LOSS,STOP,1.59,11.81
2026-04-19T12:01:53,CRVUSDT,bos_fvg,140,—,111,ЖДАТЬ,0.2293,-0.031239,0.37554049180665816,TP1,TP1,0.92,0.0
2026-04-19T12:01:53,HYPEUSDT,bos_fvg,136,—,106,ШОРТ,43.355,0.002673,0.0040988825179182455,FLAT,TP1,0.47,-5.63
2026-04-19T12:01:53,XPLUSDT,short_dist,136,—,53,ШОРТ,0.10704,0.005,-7.177900873396472,LOSS,STOP,1.53,-1.8
2026-04-19T12:01:53,BASEDUSDT,breakout,136,—,128,ЛОНГ,0.0849,0.005,-6.27334912267685,WIN,TP1,0.71,30.51
2026-04-19T12:01:53,RAVEUSDT,squeeze,135,—,135,ЛОНГ,1.24924,-0.631464,294.0571961664748,LOSS,STOP,-1.28,-44.75
2026-04-19T12:01:53,IPUSDT,squeeze,135,—,105,ЛОНГ,0.5237,0.002762,4.79004251600249,LOSS,STOP,-0.61,-3.38
2026-04-19T12:01:53,PIEVERSEUSDT,bos_fvg,134,—,108,ЛОНГ,0.61984,0.005,16.15573432090485,FLAT,TP1,0.01,66.78
2026-04-19T12:01:53,BNBUSDT,squeeze,134,—,64,ЛОНГ,621.96,-0.002049,-0.3175987716347891,FLAT,STOP,0.3,0.46
2026-04-19T12:01:53,ORDIUSDT,short_dist,132,—,51,ШОРТ,4.291,0.005,13.859312173078319,FLAT,STOP,0.19,6.01
2026-04-19T12:01:53,ZECUSDT,bos_fvg,131,—,116,ЛОНГ,332.24,0.00055,0.5642239318529091,STOP,STOP,1.41,-6.84
2026-04-19T12:01:53,ENAUSDT,bos_fvg,130,—,106,ЛОНГ,0.12103,-0.050436999999999996,-5.469028117523373,STOP,STOP,0.83,-4.91
2026-04-19T12:01:53,LINKUSDT,short_dist,129,—,43,ШОРТ,9.213,0.004311,-1.5279105883766144,LOSS,TP1,0.73,-0.13
2026-04-19T12:01:53,DYDXUSDT,bos_fvg,129,—,76,ЛОНГ,0.1507,-0.000463,4.118583776016239,LOSS,STOP,-2.35,-10.92
2026-04-19T12:01:53,DOTUSDT,short_dist,127,—,43,ЖДАТЬ,1.2745,0.01,-5.812392886383993,TP1,TP1,0.11,-1.43
2026-04-19T12:01:53,RIVERUSDT,short_dist,125,—,76,ШОРТ,5.743,0.005,2.403712469162863,WIN,TP1,-2.39,-18.16
2026-04-19T12:01:53,AVAXUSDT,short_dist,125,—,75,ШОРТ,9.241,0.004631000000000001,-0.3998528095201029,FLAT,TP1,0.45,-0.52
2026-04-19T12:01:53,SUIUSDT,short_dist,124,—,60,ШОРТ,0.95331,-0.011199,-6.799600034702499,LOSS,TP1,0.52,-1.19
2026-04-19T12:01:53,MUSDT,short_dist,122,—,87,ШОРТ,3.0132,0.302193,12.848513116265876,STOP,STOP,12.8,15.29
2026-04-19T12:01:53,AAVEUSDT,bos_fvg,120,—,96,ШОРТ,90.71,-0.018486,21.6077726163105,LOSS,LOSS,2.88,0.98
2026-04-19T12:01:53,SOLUSDT,squeeze,119,—,72,ЛОНГ,85.53,-0.021869,-3.2621664610209153,STOP,STOP,0.76,-0.75
2026-04-19T12:01:53,MONUSDT,bos_fvg,119,—,53,ШОРТ,0.032299,0.01,-2.7051229856769377,FLAT,TP1,0.47,-5.14
2026-04-19T12:01:53,NEARUSDT,bos_fvg,115,—,69,ШОРТ,1.3591,0.01,-4.6550150171319835,LOSS,TP1,0.63,-0.91
2026-04-19T12:01:53,ARBUSDT,short_dist,113,—,101,ШОРТ,0.1262,0.01,2.524585454059335,FLAT,TP1,0.48,0.34
2026-04-19T12:01:53,BIOUSDT,breakout,111,—,103,ЛОНГ,0.03017,0.005,5.13179347923666,FLAT,STOP,0.07,-10.97
2026-04-19T12:01:53,XRPUSDT,short_dist,106,—,36,ШОРТ,1.43,0.004674,-3.396828252369232,FLAT,TP1,0.34,-1.13
2026-04-19T12:01:53,SIRENUSDT,short_dist,105,—,50,ШОРТ,0.65145,0.005,0.5430173023465734,FLAT,LOSS,0.16,8.01
2026-04-19T12:01:53,LTCUSDT,short_dist,102,—,85,ЖДАТЬ,55.15,0.0021100000000000003,-3.8388458904392215,TP1,TP1,0.44,-0.36
2026-04-19T12:01:53,XAUTUSDT,breakout,95,—,82,ЛОНГ,4775.92,0.003408,-0.6913516421210164,FLAT,STOP,0.12,-0.07
2026-04-19T13:00:55,ARKMUSDT,breakout,197,—,176,ЛОНГ,0.13891,-0.090352,25.27444431968003,LOSS,STOP,-1.94,-2.99
2026-04-19T13:00:55,BLURUSDT,bos_fvg,189,—,142,ЛОНГ,0.030519,-0.675134,45.65838687200091,WIN,TP1,2.57,0.77
2026-04-19T13:00:55,CLUSDT,short_dist,188,—,20,ШОРТ,85.442,0.48528,-8.908451554217002,WIN,STOP,-0.59,2.08
2026-04-19T13:00:55,PROMUSDT,squeeze,186,—,124,ЛОНГ,2.1672,-0.07352500000000001,59.28008174470963,WIN,WIN,6.22,6.61
2026-04-19T13:00:55,MOVEUSDT,squeeze,184,—,104,ЛОНГ,0.02045,-0.210624,73.24877093645759,LOSS,LOSS,-0.88,-6.06
2026-04-19T13:00:55,ALICEUSDT,squeeze,179,—,170,ЛОНГ,0.16136,-0.11096,-7.831155808337112,WIN,TP1,1.12,3.08
2026-04-19T13:00:55,API3USDT,squeeze,177,—,154,ЛОНГ,0.336,-0.25265499999999996,25.777107164827452,WIN,LOSS,1.31,-4.76
2026-04-19T13:00:55,WLDUSDT,squeeze,174,—,83,ЛОНГ,0.2666,-0.09675299999999999,-1.4465984118173025,STOP,STOP,0.45,-1.35
2026-04-19T13:00:55,1000PEPEUSDT,squeeze,166,—,79,ЛОНГ,0.0037623,-0.010757000000000001,-2.5854825273973616,WIN,STOP,0.63,0.31
2026-04-19T13:00:55,ENJUSDT,breakout,165,—,144,ЛОНГ,0.064872,-1.908908,34.605386258199985,WIN,LOSS,1.68,-8.48
2026-04-19T13:00:55,HIGHUSDT,squeeze,163,—,129,ЛОНГ,0.31833,-0.753361,-2.3037148173149875,LOSS,WIN,-1.32,3.5
2026-04-19T13:00:55,ADAUSDT,short_dist,155,—,10,ШОРТ,0.2478,0.005847,-5.694034996414472,FLAT,TP1,0.2,0.04
2026-04-19T13:00:55,BOMEUSDT,bos_fvg,150,—,127,ЛОНГ,0.000583,0.005,83.51283185622879,STOP,TP1,-0.91,2.97
2026-04-19T13:00:55,RAVEUSDT,breakout,149,—,144,ЛОНГ,1.23201,0.00125,333.51378509848996,LOSS,STOP,-1.54,-46.51
2026-04-19T13:00:55,REQUSDT,bos_fvg,147,—,120,ЛОНГ,0.10472,0.00125,103.10601891229298,LOSS,LOSS,-2.81,-16.99
2026-04-19T13:00:55,RIVERUSDT,short_dist,141,—,76,ШОРТ,5.618,0.021714999999999998,4.071532972584493,FLAT,TP1,0.05,-10.96
2026-04-19T13:00:55,ZROUSDT,bos_fvg,140,—,78,ШОРТ,1.7345,0.005,14.781105849934567,WIN,WIN,-2.62,-11.55
2026-04-19T13:00:55,BIOUSDT,squeeze,138,—,99,ЛОНГ,0.03033,-0.031962,4.357448504954186,FLAT,STOP,-0.23,-11.24
2026-04-19T13:00:55,AAVEUSDT,bos_fvg,136,—,64,ШОРТ,91.91,-0.020159,23.562010126149353,LOSS,WIN,0.73,-0.97
2026-04-19T13:00:55,HYPEUSDT,bos_fvg,136,—,98,ШОРТ,43.491,-0.0007379999999999999,-1.043985033367661,FLAT,TP1,-0.18,-5.49
2026-04-19T13:00:55,TAOUSDT,squeeze,135,—,100,ЛОНГ,248.14,-0.023052,3.5020589572115597,FLAT,STOP,0.15,-1.14
2026-04-19T13:00:55,DOGEUSDT,squeeze,134,—,106,ЛОНГ,0.09446,-0.0031940000000000002,-2.876472004272005,TP1,TP1,0.5,0.31
2026-04-19T13:00:55,XPLUSDT,squeeze,134,—,65,ЛОНГ,0.10765,0.0016460000000000001,-7.205983661389108,WIN,STOP,2.02,-1.47
2026-04-19T13:00:55,CRVUSDT,breakout,133,—,128,ЛОНГ,0.2316,-0.022357000000000002,1.5799830793031835,STOP,STOP,-0.26,-0.91
2026-04-19T13:00:55,ORDIUSDT,short_dist,132,—,51,ШОРТ,4.286,0.005,18.72273857510774,LOSS,STOP,1.35,5.83
2026-04-19T13:00:55,MUSDT,breakout,132,—,127,ЛОНГ,3.1721,0.020789,9.278185072989228,TP1,TP1,19.14,8.47
2026-04-19T13:00:55,NEARUSDT,bos_fvg,132,—,74,ШОРТ,1.3609,0.01,-5.442552308964191,LOSS,TP1,0.85,-0.33
2026-04-19T13:00:55,PIEVERSEUSDT,bos_fvg,131,—,56,ЛОНГ,0.61838,0.005,15.799652125369363,WIN,TP1,4.4,63.93
2026-04-19T13:00:55,SUIUSDT,short_dist,130,—,65,ШОРТ,0.95469,-0.011511,-7.0174188417653145,LOSS,TP1,0.57,-1.07
2026-04-19T13:00:55,ENAUSDT,squeeze,129,—,66,ЛОНГ,0.12113,-0.024497,-6.046521707545503,STOP,STOP,-0.61,-4.82
2026-04-19T13:00:55,DYDXUSDT,bos_fvg,129,—,70,ЛОНГ,0.14501,0.008292,1.8622825483932366,WIN,STOP,1.16,-7.32
2026-04-19T13:00:55,EDGEUSDT,short_dist,129,—,77,ШОРТ,1.2547,0.057963,-4.072947045544078,WIN,STOP,-1.04,8.3
2026-04-19T13:00:55,BTCUSDT,short_dist,128,—,58,ЛОНГ,75518.97,0.002156,-7.8156614461772165,FLAT,STOP,0.31,-0.3
2026-04-19T13:00:55,GENIUSUSDT,bos_fvg,126,—,81,ШОРТ,0.5839,-1.442206,26.989860126586095,STOP,STOP,14.4,6.68
2026-04-19T13:00:55,AVAXUSDT,short_dist,125,—,57,ШОРТ,9.262,0.007462,-1.2347415254878464,FLAT,TP1,0.16,-0.12
2026-04-19T13:00:55,DOTUSDT,short_dist,125,—,34,ШОРТ,1.2754,0.008022999999999999,-5.317252997494819,FLAT,TP1,-0.13,-0.84
2026-04-19T13:00:55,BNBUSDT,squeeze,122,—,98,ЛОНГ,622.7,-0.004678,-0.5008293610392006,FLAT,STOP,0.22,0.75
2026-04-19T13:00:55,MONUSDT,short_dist,121,—,99,ШОРТ,0.032314,0.01,-2.574661563947948,LOSS,TP1,2.45,-3.93
2026-04-19T13:00:55,ARBUSDT,breakout,121,—,116,ЛОНГ,0.12653,0.01,2.5796621057334956,WIN,STOP,0.61,1.38
2026-04-19T13:00:55,BASEDUSDT,squeeze,120,—,96,ЛОНГ,0.0851,-0.004181,-7.029523124462847,LOSS,TP1,-2.35,36.43
2026-04-19T13:00:55,SOLUSDT,squeeze,119,—,52,ЛОНГ,85.701,-0.022811,-3.4466878303508865,STOP,STOP,0.57,-0.53
2026-04-19T13:00:55,ETHUSDT,squeeze,116,—,73,ЛОНГ,2329.25,-0.007223,-4.410288537678824,FLAT,STOP,0.03,-0.64
2026-04-19T13:00:55,LINKUSDT,short_dist,115,—,59,ШОРТ,9.238,0.0,-2.448707000144177,STOP,TP1,0.37,0.11
2026-04-19T13:00:55,XAUTUSDT,bos_fvg,111,—,88,ЛОНГ,4779.55,0.001178,-0.725034515177053,FLAT,STOP,0.04,-0.11
2026-04-19T13:00:55,ZECUSDT,squeeze,110,—,82,ЛОНГ,332.31,-0.007148,1.186581734475365,STOP,STOP,-0.86,-6.29
2026-04-19T13:00:55,FARTCOINUSDT,breakout,106,—,101,ЛОНГ,0.20646,0.005,-4.727994900880104,STOP,STOP,0.1,-4.4
2026-04-19T13:00:55,IPUSDT,short_dist,95,—,79,ШОРТ,0.5192,0.005,5.157576344330468,WIN,WIN,-0.67,-2.27
2026-04-19T13:00:55,XRPUSDT,bos_fvg,94,—,77,ШОРТ,1.4303,0.001382,-2.7701113950485055,FLAT,TP1,0.33,-0.47
2026-04-19T13:00:55,LTCUSDT,short_dist,94,—,72,ЖДАТЬ,55.25,0.000494,-3.4759266518792726,TP1,TP1,0.09,-0.16
2026-04-19T13:01:23,ALICEUSDT,squeeze,205,—,184,ЛОНГ,0.16185,-0.11096,-7.895651085190658,WIN,TP1,0.82,2.77
2026-04-19T13:01:23,CLUSDT,short_dist,188,—,54,ШОРТ,85.482,0.48528,-8.881842000647728,WIN,STOP,-0.64,2.04
2026-04-19T13:01:23,PROMUSDT,squeeze,186,—,160,ЛОНГ,2.1573,-0.07352500000000001,59.28149660052592,WIN,WIN,6.71,7.1
2026-04-19T13:01:23,MOVEUSDT,squeeze,184,—,138,ЛОНГ,0.02048,-0.210912,73.05377695393321,LOSS,LOSS,-1.03,-6.2
2026-04-19T13:01:23,BLURUSDT,bos_fvg,181,—,142,ЛОНГ,0.030781,-0.675134,45.458359395323,WIN,TP1,1.69,-0.08
2026-04-19T13:01:23,API3USDT,squeeze,177,—,154,ЛОНГ,0.3365,-0.25265499999999996,25.444928213385037,WIN,LOSS,1.16,-4.9
2026-04-19T13:01:23,ARKMUSDT,breakout,175,—,154,ЛОНГ,0.13872,-0.090352,25.327672517181117,LOSS,STOP,-1.81,-2.85
2026-04-19T13:01:23,1000PEPEUSDT,squeeze,166,—,79,ЛОНГ,0.003762,-0.010757000000000001,-2.6337737340857506,WIN,STOP,0.64,0.32
2026-04-19T13:01:23,HIGHUSDT,squeeze,163,—,117,ЛОНГ,0.31775,-0.753361,-2.646128082061423,LOSS,WIN,-1.14,3.69
2026-04-19T13:01:23,WLDUSDT,squeeze,162,—,83,ЛОНГ,0.2663,-0.09675299999999999,-1.4476920034123912,WIN,STOP,0.56,-1.24
2026-04-19T13:01:23,BOMEUSDT,bos_fvg,158,—,127,ЛОНГ,0.0005825,0.005,83.29989163227634,STOP,TP1,-0.82,3.06
2026-04-19T13:01:23,ADAUSDT,short_dist,155,—,58,ШОРТ,0.2478,0.005847,-5.699811830589898,FLAT,TP1,0.2,0.04
2026-04-19T13:01:23,RAVEUSDT,breakout,149,—,144,ЛОНГ,1.23318,0.00125,333.4868308593926,LOSS,STOP,-1.64,-46.56
2026-04-19T13:01:23,ENJUSDT,squeeze,149,—,122,ЛОНГ,0.064859,-1.908908,34.706135731099586,WIN,LOSS,1.7,-8.46
2026-04-19T13:01:23,REQUSDT,bos_fvg,147,—,86,ЛОНГ,0.10461,0.00125,90.12432154974807,LOSS,LOSS,-2.71,-16.9
2026-04-19T13:01:23,DYDXUSDT,bos_fvg,145,—,70,ЛОНГ,0.14528,0.008292,1.7862635444557993,WIN,STOP,0.97,-7.49
2026-04-19T13:01:23,RIVERUSDT,short_dist,141,—,76,ШОРТ,5.627,0.021714999999999998,4.122534181234675,FLAT,TP1,-0.11,-11.11
2026-04-19T13:01:23,ZROUSDT,bos_fvg,140,—,78,ШОРТ,1.7362,0.005,14.643990865822639,WIN,WIN,-2.71,-11.63
2026-04-19T13:01:23,BIOUSDT,squeeze,139,—,100,ЛОНГ,0.03032,-0.031962,4.3355306127397375,FLAT,STOP,-0.2,-11.21
2026-04-19T13:01:23,AAVEUSDT,bos_fvg,136,—,64,ШОРТ,91.86,-0.020132,23.681018112364054,LOSS,WIN,0.78,-0.91
2026-04-19T13:01:23,HYPEUSDT,bos_fvg,136,—,93,ШОРТ,43.528,-0.0007379999999999999,-1.04679616106648,FLAT,TP1,-0.27,-5.57
2026-04-19T13:01:23,XPLUSDT,short_dist,136,—,65,ШОРТ,0.10776,0.0016460000000000001,-7.2069463643441205,LOSS,WIN,1.91,-1.57
2026-04-19T13:01:23,DOGEUSDT,squeeze,134,—,84,ЛОНГ,0.09448,-0.0031940000000000002,-2.8701070875335715,TP1,TP1,0.48,0.29
2026-04-19T13:01:23,GENIUSUSDT,bos_fvg,134,—,81,ШОРТ,0.5824,-1.442206,26.608980665799297,STOP,STOP,14.7,6.95
2026-04-19T13:01:23,CRVUSDT,breakout,133,—,128,ЛОНГ,0.2317,-0.022357000000000002,1.6319951025841206,STOP,STOP,-0.3,-0.95
2026-04-19T13:01:23,ORDIUSDT,short_dist,132,—,63,ШОРТ,4.283,0.005,18.771740561666125,LOSS,STOP,1.42,5.91
2026-04-19T13:01:23,NEARUSDT,bos_fvg,132,—,74,ШОРТ,1.3615,0.01,-5.470955965563135,LOSS,TP1,0.81,-0.37
2026-04-19T13:01:23,TAOUSDT,squeeze,130,—,100,ЛОНГ,248.38,-0.023052,3.497951457868214,FLAT,STOP,0.05,-1.24
2026-04-19T13:01:23,SUIUSDT,short_dist,130,—,73,ШОРТ,0.9553,-0.011511,-7.007299894249873,LOSS,TP1,0.5,-1.13
2026-04-19T13:01:23,BTCUSDT,squeeze,126,—,46,ЛОНГ,75556.7,0.002156,-7.810826730950344,STOP,STOP,0.26,-0.35
2026-04-19T13:01:23,DOTUSDT,short_dist,125,—,56,ШОРТ,1.2765,0.008022999999999999,-5.2714981091496735,FLAT,TP1,-0.21,-0.92
2026-04-19T13:01:23,AVAXUSDT,short_dist,125,—,57,ШОРТ,9.267,0.007462,-1.2598426128478801,FLAT,TP1,0.11,-0.17
2026-04-19T13:01:23,ENAUSDT,squeeze,124,—,78,ЛОНГ,0.12133,-0.024834,-6.066767966064819,STOP,STOP,-0.77,-4.98
2026-04-19T13:01:23,EDGEUSDT,breakout,124,—,111,ЛОНГ,1.2544,0.057963,-4.050033621847266,LOSS,WIN,-1.02,8.32
2026-04-19T13:01:23,BNBUSDT,squeeze,122,—,98,ЛОНГ,622.8,-0.0047729999999999995,-0.5140575151556483,FLAT,STOP,0.21,0.74
2026-04-19T13:01:23,ARBUSDT,breakout,121,—,116,ЛОНГ,0.12666,0.01,2.589529188022256,WIN,STOP,0.51,1.27
2026-04-19T13:01:23,MONUSDT,short_dist,121,—,99,ШОРТ,0.032322,0.01,-2.6022164613319863,LOSS,TP1,2.42,-3.95
2026-04-19T13:01:23,BASEDUSDT,squeeze,120,—,84,ЛОНГ,0.0851,-0.004181,-7.066545878169069,LOSS,TP1,-2.35,36.43
2026-04-19T13:01:23,SOLUSDT,squeeze,119,—,40,ЛОНГ,85.774,-0.022769,-3.454256442457276,STOP,STOP,0.48,-0.61
2026-04-19T13:01:23,ETHUSDT,squeeze,116,—,61,ЛОНГ,2331.5,-0.00729,-4.390308548159004,FLAT,STOP,-0.06,-0.74
2026-04-19T13:01:23,MUSDT,short_dist,116,—,105,ЖДАТЬ,3.185,0.020789,9.275009214906802,TP1,TP1,18.66,8.03
2026-04-19T13:01:23,PIEVERSEUSDT,bos_fvg,115,—,90,ЛОНГ,0.61739,0.005,15.715777830774499,WIN,TP1,4.57,64.19
2026-04-19T13:01:23,LINKUSDT,short_dist,115,—,59,ШОРТ,9.244,0.0,-2.4527254545263397,FLAT,TP1,0.3,0.04
2026-04-19T13:01:23,XAUTUSDT,bos_fvg,111,—,88,ЛОНГ,4779.8,0.001178,-0.7249790245386936,FLAT,STOP,0.03,-0.12
2026-04-19T13:01:23,ZECUSDT,squeeze,110,—,82,ЛОНГ,332.82,-0.007148,1.1574398835360447,STOP,STOP,-1.02,-6.43
2026-04-19T13:01:23,FARTCOINUSDT,bos_fvg,107,—,89,ШОРТ,0.20648,0.005,-4.740103003935446,FLAT,TP1,0.09,-4.41
2026-04-19T13:01:23,SIRENUSDT,short_dist,101,—,90,ШОРТ,0.63842,-0.195356,0.4056250891852447,LOSS,LOSS,1.73,9.9
2026-04-19T13:01:23,IPUSDT,short_dist,95,—,79,ШОРТ,0.5197,0.005,5.134313828182304,WIN,WIN,-0.77,-2.37
2026-04-19T13:01:23,XRPUSDT,bos_fvg,94,—,67,ШОРТ,1.4305,0.001382,-2.751100968860905,FLAT,TP1,0.31,-0.48
2026-04-19T13:01:23,LTCUSDT,short_dist,94,—,72,ЖДАТЬ,55.28,0.000494,-3.4792864834286905,TP1,TP1,0.04,-0.22
2026-04-19T20:08:24,HIGHUSDT,squeeze,226,—,154,ЛОНГ,0.28458,-0.285917,-22.86401276823331,LOSS,WIN,-4.45,14.09
2026-04-19T20:08:24,ALICEUSDT,squeeze,214,—,139,ЛОНГ,0.15097,-0.066056,-17.786060335950868,LOSS,TP1,-2.74,7.66
2026-04-19T20:08:24,MOVEUSDT,squeeze,204,—,99,ЛОНГ,0.01998,-0.485717,81.69669855118326,LOSS,LOSS,-4.05,-4.65
2026-04-19T20:08:24,ENJUSDT,squeeze,183,—,133,ЛОНГ,0.059536,-1.242603,23.301266317700442,LOSS,WIN,-1.11,5.18
2026-04-19T20:08:24,API3USDT,breakout,181,—,160,ЛОНГ,0.3345,-0.151275,-1.894908193814226,LOSS,STOP,-1.52,-3.65
2026-04-19T20:08:24,WLDUSDT,squeeze,176,—,48,ЛОНГ,0.2638,-0.11278200000000001,-0.5547023739207864,LOSS,STOP,-0.76,0.0
2026-04-19T20:08:24,BLURUSDT,squeeze,173,—,126,ЛОНГ,0.033464,-0.8,63.07310135038408,WIN,LOSS,4.49,-3.74
2026-04-19T20:08:24,ARKMUSDT,squeeze,169,—,88,ЛОНГ,0.13211,-0.083729,13.0173042070998,WIN,FLAT,1.57,0.08
2026-04-19T20:08:24,CLUSDT,short_dist,166,—,74,ЛОНГ,87.414,0.8,-0.5013549121106906,WIN,TP1,1.63,-0.33
2026-04-19T20:08:24,PIEVERSEUSDT,breakout,165,—,152,ЛОНГ,0.78753,0.038792,34.798229891121444,TP1,TP1,80.15,18.34
2026-04-19T20:08:24,BIOUSDT,squeeze,165,—,93,ЛОНГ,0.02832,-0.015851999999999998,11.325943586947684,WIN,LOSS,0.88,-1.84
2026-04-19T20:08:24,BNBUSDT,squeeze,150,—,94,ЛОНГ,622.6,-0.011332,2.6749527898796575,FLAT,STOP,-0.19,0.9
2026-04-19T20:08:24,XPLUSDT,short_dist,149,—,24,ШОРТ,0.10724,0.005,-7.777640539919825,WIN,WIN,-1.36,-2.51
2026-04-19T20:08:24,IPUSDT,squeeze,141,—,94,ЛОНГ,0.5103,-0.018872999999999997,1.7871558233630318,FLAT,STOP,-0.33,-0.65
2026-04-19T20:08:24,ENAUSDT,squeeze,140,—,107,ЛОНГ,0.11642,-0.0038770000000000002,-7.6677633213185645,FLAT,STOP,-0.21,-1.62
2026-04-19T20:08:24,FARTCOINUSDT,short_dist,140,—,49,ШОРТ,0.20269,0.005,-5.603364663239568,WIN,TP1,-1.74,-0.09
2026-04-19T20:08:24,1000PEPEUSDT,bos_fvg,139,—,64,ЖДАТЬ,0.0037414,0.006156999999999999,15.815162063995288,TP1,TP1,-0.92,0.87
2026-04-19T20:08:24,ADAUSDT,short_dist,137,—,12,ШОРТ,0.2465,0.01,-6.108948697677744,WIN,FLAT,-0.65,0.16
2026-04-19T20:08:24,RIVERUSDT,short_dist,135,—,106,ШОРТ,5.713,0.005,5.771405559029471,FLAT,TP1,0.19,-6.37
2026-04-19T20:08:24,EDGEUSDT,short_dist,133,—,45,ЖДАТЬ,1.2842,0.048173,-4.181000660504452,TP1,TP1,-0.33,9.76
2026-04-19T20:08:24,BOMEUSDT,bos_fvg,131,—,95,ЛОНГ,0.0006009,-0.284856,30.60872268824879,LOSS,LOSS,-1.26,-4.48
2026-04-19T20:08:24,GRIFFAINUSDT,bos_fvg,131,—,97,ЛОНГ,0.01747,0.005,-6.002660527460435,LOSS,STOP,-4.85,5.6
2026-04-19T20:08:24,NEARUSDT,squeeze,129,—,38,ЛОНГ,1.3566,-0.021699,-2.7435550891136917,FLAT,STOP,-0.49,-0.08
2026-04-19T20:08:24,WIFUSDT,bos_fvg,129,—,82,ЖДАТЬ,0.20052,0.005,3.0347563974682514,TP1,TP1,-0.73,-0.48
2026-04-19T20:08:24,CFGUSDT,bos_fvg,129,—,78,ЛОНГ,0.2638,-0.037563,31.106213961292443,WIN,TP1,1.59,0.61
2026-04-19T20:08:24,ARBUSDT,short_dist,127,—,72,ЖДАТЬ,0.12608,0.001577,2.4211987766885716,TP1,TP1,-0.98,1.87
2026-04-19T20:08:24,BTCUSDT,bos_fvg,126,—,86,ЖДАТЬ,75249.89,0.001783,-4.776421953474879,TP1,TP1,-0.8,0.46
2026-04-19T20:08:24,TAOUSDT,short_dist,125,—,27,ШОРТ,244.4,0.005,2.5507785042916513,WIN,LOSS,-0.86,1.5
2026-04-19T20:08:24,SUIUSDT,short_dist,125,—,49,ШОРТ,0.94922,0.0038550000000000004,-7.744598287699595,WIN,TP1,-1.2,-0.43
2026-04-19T20:08:24,DOTUSDT,bos_fvg,124,—,58,ШОРТ,1.2683,0.01,-5.308920369221987,FLAT,TP1,-0.27,0.44
2026-04-19T20:08:24,CRVUSDT,squeeze,124,—,77,ЛОНГ,0.2273,-0.002045,0.749557118950047,STOP,STOP,-0.88,0.48
2026-04-19T20:08:24,REQUSDT,bos_fvg,124,—,117,ЖДАТЬ,0.08803,0.00125,51.66404628602127,TP1,TP1,-0.85,2.69
2026-04-19T20:08:24,GENIUSUSDT,range_sweep,123,—,86,ШОРТ,0.6305,-0.026951999999999997,9.85550674725541,FLAT,WIN,0.17,-6.74
2026-04-19T20:08:24,SOLUSDT,short_dist,122,—,74,ЖДАТЬ,85.651,0.00738,-0.9132064651326443,TP1,TP1,-0.69,0.17
2026-04-19T20:08:24,SIRENUSDT,short_dist,122,—,98,ШОРТ,0.65251,0.040129,-9.347503749742968,LOSS,LOSS,4.27,7.99
2026-04-19T20:08:24,HYPEUSDT,short_dist,121,—,23,ШОРТ,43.142,0.007075,-1.3380145783495088,TP1,TP1,-3.97,-4.33
2026-04-19T20:08:24,RAVEUSDT,bos_fvg,118,—,90,ШОРТ,1.01758,0.186607,272.2098436620328,WIN,WIN,-25.81,-42.36
2026-04-19T20:08:24,ZROUSDT,short_dist,117,—,26,ШОРТ,1.6338,0.005,8.490412459169692,WIN,WIN,-1.18,-5.31
2026-04-19T20:08:24,AVAXUSDT,bos_fvg,116,—,17,ШОРТ,9.215,-0.004335,-0.5305633832748133,WIN,TP1,-0.75,0.04
2026-04-19T20:08:24,DYDXUSDT,squeeze,116,—,59,ЛОНГ,0.14414,-0.0025299999999999997,-0.6424023503072434,LOSS,STOP,-1.62,-3.53
2026-04-19T20:08:24,DOGEUSDT,short_dist,115,—,88,ШОРТ,0.09448,0.01,-1.3121036658592067,FLAT,FLAT,-0.48,0.39
2026-04-19T20:08:24,AAVEUSDT,bos_fvg,113,—,100,ШОРТ,91.19,-0.015829,19.004456373485414,WIN,WIN,-0.87,-2.97
2026-04-19T20:08:24,ORDIUSDT,breakout,113,—,108,ЛОНГ,4.398,0.005,18.10862230466253,LOSS,TP1,-2.75,3.87
2026-04-19T20:08:24,XAUTUSDT,breakout,112,—,99,ЛОНГ,4784.0,-0.008558,-0.5765182286124935,STOP,TP1,-0.41,0.07
2026-04-19T20:08:24,ETHUSDT,squeeze,109,—,91,ЛОНГ,2306.24,-0.0049889999999999995,-1.8745111563586312,STOP,STOP,-0.96,0.27
2026-04-19T20:08:24,MUSDT,bos_fvg,107,—,92,ЛОНГ,3.4184,0.068408,7.916771351018766,WIN,WIN,0.54,5.67
2026-04-19T20:08:24,ZECUSDT,short_dist,104,—,67,ШОРТ,318.8,0.01,0.7388343713747101,TP1,TP1,-4.51,-0.52
2026-04-19T20:08:24,LINKUSDT,bos_fvg,104,—,44,ШОРТ,9.207,-0.0047740000000000005,-3.4934151612926545,WIN,STOP,-0.91,0.65
2026-04-19T20:08:24,MONUSDT,bos_fvg,103,—,35,ШОРТ,0.032227,-0.0049629999999999995,-0.12460846572407032,TP1,TP1,-7.29,-0.2
2026-04-19T20:08:24,XRPUSDT,short_dist,101,—,58,ШОРТ,1.4202,0.003903,1.814740536498335,WIN,LOSS,-0.51,0.58
2026-04-19T21:01:11,HIGHUSDT,squeeze,225,—,170,ЛОНГ,0.27196,-0.038873,-18.674196949125868,LOSS,TP1,-1.68,15.76
2026-04-19T21:01:11,ENJUSDT,squeeze,202,—,147,ЛОНГ,0.059079,-0.47681700000000005,13.139725243351197,WIN,WIN,0.54,6.23
2026-04-19T21:01:11,CLUSDT,short_dist,185,—,111,ЛОНГ,88.869,0.8,10.971229310663912,STOP,STOP,-1.31,-1.62
2026-04-19T21:01:11,MOVEUSDT,squeeze,196,—,112,ЛОНГ,0.01929,-0.084221,-2.3503639492218364,LOSS,LOSS,-1.09,-0.88
2026-04-19T21:01:11,BLURUSDT,squeeze,192,—,159,ЛОНГ,0.035076,-0.8,60.888847398680866,LOSS,STOP,-7.27,-7.59
2026-04-19T21:01:11,WLDUSDT,squeeze,181,—,97,ЛОНГ,0.2616,-0.084439,-2.6114511633687694,LOSS,WIN,-1.34,1.72
2026-04-19T21:01:11,RIVERUSDT,short_dist,163,—,54,ШОРТ,5.758,0.009940000000000001,6.287346257284335,WIN,TP1,-1.09,-6.93
2026-04-19T21:01:11,PIEVERSEUSDT,short_dist,157,—,128,ЛОНГ,1.37839,0.423736,35.954361852224466,STOP,TP1,-4.18,-31.27
2026-04-19T21:01:11,SIRENUSDT,short_dist,157,—,65,ШОРТ,0.66658,0.39336600000000005,-7.078511952655899,FLAT,STOP,0.16,6.08
2026-04-19T21:01:11,BOMEUSDT,squeeze,167,—,113,ЛОНГ,0.0005903,-0.075781,29.570298031229413,FLAT,LOSS,-0.1,-0.59
2026-04-19T21:01:11,XPLUSDT,short_dist,143,—,48,ШОРТ,0.10544,0.005,-6.550809727730822,WIN,WIN,-0.7,-0.91
2026-04-19T21:01:11,MUSDT,short_dist,138,—,88,ЛОНГ,3.4701,0.085479,6.028021953194788,WIN,WIN,0.82,2.4
2026-04-19T21:01:11,REQUSDT,breakout,146,—,139,ЛОНГ,0.08658,0.00125,65.26182291819687,LOSS,WIN,-0.92,4.67
2026-04-19T21:01:11,ADAUSDT,short_dist,128,—,42,ШОРТ,0.2446,-0.001637,-8.383207592039783,WIN,STOP,-0.98,1.8
2026-04-19T21:01:11,ZROUSDT,bos_fvg,127,—,32,ШОРТ,1.617,0.0030889999999999997,3.0613111126027093,FLAT,WIN,-0.43,-3.91
2026-04-19T21:01:11,DYDXUSDT,squeeze,141,—,81,ЛОНГ,0.1415,-0.010864,7.743745713644818,LOSS,STOP,-2.93,-1.94
2026-04-19T21:01:11,EDGEUSDT,short_dist,126,—,95,ЖДАТЬ,1.2733,0.005,-3.4441531866474784,TP1,TP1,-1.74,8.35
2026-04-19T21:01:11,HYPEUSDT,short_dist,124,—,117,ШОРТ,41.386,0.005383,-3.8447730599580883,WIN,FLAT,-0.79,0.25
2026-04-19T21:01:11,AAVEUSDT,bos_fvg,123,—,98,ШОРТ,90.14,-0.006371,31.376414054654333,STOP,STOP,-0.57,-0.36
2026-04-19T21:01:11,RAVEUSDT,bos_fvg,123,—,122,ШОРТ,0.67706,0.00125,250.1597526652403,STOP,STOP,1.25,-9.37
2026-04-19T21:01:11,MONUSDT,short_dist,122,—,49,ШОРТ,0.029722,0.006111999999999999,-0.5347413660097399,LOSS,STOP,1.36,11.25
2026-04-19T21:01:11,BTCUSDT,short_dist,120,—,49,ШОРТ,74594.4,-0.004483,-5.123188455784053,WIN,STOP,-0.83,2.2
2026-04-19T21:01:11,ETHUSDT,squeeze,132,—,99,ЛОНГ,2279.01,-0.0036839999999999998,-1.1396899608881874,LOSS,TP1,-0.89,2.24
2026-04-19T21:01:11,BIOUSDT,squeeze,132,—,103,ЛОНГ,0.02841,0.005,-5.317386627638544,FLAT,STOP,0.11,-0.67
2026-04-19T21:01:11,XAUTUSDT,bos_fvg,116,—,70,ШОРТ,4765.3,-0.015931,-0.8283558524747976,TP1,TP1,0.01,0.55
2026-04-19T21:01:11,SOLUSDT,short_dist,115,—,13,ШОРТ,84.906,0.01,2.018519075068742,WIN,LOSS,-1.07,1.34
2026-04-19T21:01:11,DOTUSDT,short_dist,115,—,12,ШОРТ,1.2647,0.004705,-3.031236518966382,WIN,LOSS,-1.66,1.3
2026-04-19T21:01:11,SUIUSDT,short_dist,114,—,43,ШОРТ,0.9373,0.01,-7.917918407281088,WIN,LOSS,-1.26,1.32
2026-04-19T21:01:11,TAOUSDT,squeeze,127,—,34,ЛОНГ,241.36,-0.040473,-2.311348649955722,FLAT,WIN,-0.01,2.71
2026-04-19T21:01:11,ARKMUSDT,bos_fvg,110,—,107,ЛОНГ,0.13519,0.0034130000000000002,6.384571859229908,LOSS,LOSS,-0.92,-0.86
2026-04-19T21:01:11,ARBUSDT,short_dist,110,—,81,ШОРТ,0.12449,0.005135,2.6203021258898342,WIN,STOP,-0.94,3.45
2026-04-19T21:01:11,GENIUSUSDT,short_dist,109,—,64,ШОРТ,0.6301,0.005,13.986079225982575,FLAT,WIN,0.37,-5.9
2026-04-19T21:01:11,LINKUSDT,short_dist,108,—,79,ШОРТ,9.122,0.007502,-0.7591969056667275,WIN,STOP,-0.77,2.15
2026-04-19T21:01:11,ENAUSDT,squeeze,120,—,63,ЛОНГ,0.11617,-0.008289,-5.851963160130213,LOSS,STOP,-2.11,-1.25
2026-04-19T21:01:11,BNBUSDT,squeeze,120,—,40,ЛОНГ,620.53,-0.007242,0.7082475592437291,LOSS,TP1,-0.71,1.7
2026-04-19T21:01:11,LTCUSDT,short_dist,106,—,71,ШОРТ,54.49,0.004558,-2.317289442273263,FLAT,STOP,-0.4,1.41
2026-04-19T21:01:11,DOGEUSDT,bos_fvg,104,—,55,ШОРТ,0.09401,0.01,0.7937096947727552,WIN,LOSS,-0.93,1.46
2026-04-19T21:01:11,ORDIUSDT,short_dist,104,—,75,ЛОНГ,4.323,0.005,23.898337245779803,LOSS,TP1,-1.27,6.04
2026-04-19T21:01:11,1000PEPEUSDT,short_dist,103,—,77,ЖДАТЬ,0.0037032,0.01,11.515047699234596,TP1,TP1,-1.17,3.26
2026-04-19T21:01:11,WIFUSDT,short_dist,103,—,41,ШОРТ,0.19902,0.005,0.06203878259339544,WIN,LOSS,-1.52,1.46
2026-04-19T21:01:11,TRXUSDT,bos_fvg,102,—,52,ЛОНГ,0.3304,-0.009634,0.6510979055018543,FLAT,STOP,-0.35,-0.71
2026-04-19T21:01:11,XRPUSDT,short_dist,101,—,45,ШОРТ,1.4094,0.002598,1.7900037837932874,WIN,STOP,-0.7,1.58
2026-04-19T21:01:11,CRVUSDT,short_dist,99,—,88,ШОРТ,0.225,0.004376,0.5786714642027911,WIN,STOP,-1.29,3.24
2026-04-19T21:01:11,GRIFFAINUSDT,short_dist,98,—,41,ЖДАТЬ,0.016611,0.031197000000000003,5.225169365015816,TP1,TP1,0.1,11.05
2026-04-19T21:01:11,NEARUSDT,short_dist,97,—,30,ШОРТ,1.3459,0.005206,-1.4496694787444244,WIN,LOSS,-1.24,1.34
2026-04-19T21:01:11,CFGUSDT,short_dist,95,—,77,ЛОНГ,0.2673,0.005,6.075730874417987,LOSS,TP1,-2.47,-0.79
2026-04-19T21:01:11,AVAXUSDT,short_dist,92,—,41,ШОРТ,9.142,-0.006229999999999999,0.6574229587099377,WIN,STOP,-1.16,1.76
2026-04-19T21:01:11,MNTUSDT,bos_fvg,91,—,75,ШОРТ,0.637,-0.013854000000000002,1.5774124034673358,WIN,TP1,-1.66,0.46
2026-04-19T21:01:11,FARTCOINUSDT,short_dist,121,—,46,ШОРТ,0.19933,0.005,-3.407031206767304,WIN,LOSS,-2.44,2.01
2026-04-19T22:23:19,PIEVERSEUSDT,short_dist,145,—,82,ЛОНГ,1.25095,0.221238,26.14376780640199,FLAT,TP1,0.05,-33.88
2026-04-19T22:23:19,BTCUSDT,short_dist,126,—,25,ШОРТ,73816.0,-0.0037830000000000003,-6.143941346814785,STOP,STOP,0.05,3.17
2026-04-19T22:23:19,RAVEUSDT,short_dist,121,—,64,ШОРТ,0.66861,2.0,258.04370923251463,STOP,STOP,-13.19,-3.75
2026-04-19T22:23:19,ZECUSDT,short_dist,120,—,58,ШОРТ,301.41,0.01,1.109455608412726,FLAT,STOP,0.0,5.59
2026-04-19T22:23:19,HYPEUSDT,short_dist,119,—,101,ШОРТ,40.9,0.01,-4.0781110649262,FLAT,STOP,0.06,0.69
2026-04-19T22:23:19,XRPUSDT,short_dist,113,—,45,ШОРТ,1.3946,0.000779,3.393670295829544,STOP,STOP,0.01,2.45
2026-04-19T22:23:19,SOLUSDT,short_dist,98,—,49,ШОРТ,83.1,0.01,0.9365485323581999,STOP,STOP,0.51,3.3
2026-04-19T22:23:19,DOGEUSDT,short_dist,92,—,35,ШОРТ,0.09271,0.0075439999999999995,0.7363143878145577,STOP,STOP,0.16,2.91
2026-04-20T01:15:18,HIGHUSDT,breakout,222,—,194,ЛОНГ,0.30001,-0.12101799999999999,-22.96392913939559,STOP,TP1,-10.4,5.61
2026-04-20T01:15:18,BIOUSDT,squeeze,220,—,177,ЛОНГ,0.02771,-0.22953800000000002,-10.828181837830089,FLAT,FLAT,-0.07,0.47
2026-04-20T01:15:18,ENJUSDT,squeeze,193,—,131,ЛОНГ,0.059095,-0.642109,12.675128812153986,WIN,WIN,1.59,3.96
2026-04-20T01:15:18,RAVEUSDT,short_dist,175,—,81,ШОРТ,0.48881,0.00125,304.2454824835629,LOSS,STOP,10.2,98.13
2026-04-20T01:15:18,BLURUSDT,squeeze,185,—,94,ЛОНГ,0.030799,-0.8,56.726235187493245,WIN,WIN,2.45,13.04
2026-04-20T01:15:18,CLUSDT,bos_fvg,163,—,67,ЛОНГ,88.179,0.0021019999999999997,19.47223747801486,LOSS,STOP,-1.52,-2.22
2026-04-20T01:15:18,XPLUSDT,short_dist,163,—,10,ШОРТ,0.10528,0.000908,-9.259387626879438,LOSS,FLAT,0.87,-0.31
2026-04-20T01:15:18,EDGEUSDT,short_dist,162,—,75,ЖДАТЬ,1.2801,0.0672,-4.547971244931951,TP1,TP1,3.09,6.24
2026-04-20T01:15:18,BOMEUSDT,bos_fvg,158,—,116,ЛОНГ,0.0005917,-0.001955,35.14984019304792,LOSS,WIN,-5.37,0.57
2026-04-20T01:15:18,MOVEUSDT,bos_fvg,156,—,106,ЛОНГ,0.01934,-0.865865,-1.7548343753110633,LOSS,LOSS,-1.5,-1.5
2026-04-20T01:15:18,TRUMPUSDT,squeeze,170,—,119,ЛОНГ,2.82,-0.035702,0.09322415995231065,FLAT,TP1,-0.04,2.38
2026-04-20T01:15:18,MUSDT,short_dist,153,—,44,ЛОНГ,3.4143,0.08792799999999999,5.150488132270378,FLAT,WIN,0.27,1.95
2026-04-20T01:15:18,ENAUSDT,squeeze,162,—,120,ЛОНГ,0.1138,-0.00326,-6.0158095997989305,WIN,FLAT,1.41,-0.39
2026-04-20T01:15:18,DYDXUSDT,squeeze,161,—,106,ЛОНГ,0.13564,-0.0017159999999999999,-2.383294297718932,WIN,WIN,0.65,1.67
2026-04-20T01:15:18,ADAUSDT,squeeze,160,—,53,ЛОНГ,0.244,-0.016851,-9.678022091359496,FLAT,TP1,0.12,1.97
2026-04-20T01:15:18,WLDUSDT,squeeze,160,—,51,ЛОНГ,0.2606,-0.11247,-2.8801655172571707,WIN,WIN,0.54,2.03
2026-04-20T01:15:18,ORDIUSDT,breakout,158,—,146,ЛОНГ,4.232,0.005,35.10838916817185,LOSS,TP1,-2.93,18.6
2026-04-20T01:15:18,WIFUSDT,squeeze,158,—,77,ЛОНГ,0.19718,-0.07541400000000001,-2.7379672367234966,FLAT,WIN,0.08,2.05
2026-04-20T01:15:18,RIVERUSDT,short_dist,142,—,38,ШОРТ,5.67,0.027667,4.289481476301662,WIN,TP1,-1.04,-8.11
2026-04-20T01:15:18,ARBUSDT,breakout,146,—,131,ЛОНГ,0.12323,-0.036343999999999994,-3.3353245410645336,WIN,TP1,1.23,3.69
2026-04-20T01:15:18,NEARUSDT,short_dist,131,—,48,ШОРТ,1.3414,0.01,1.4278626833461447,LOSS,STOP,0.54,1.84
2026-04-20T01:15:18,SUIUSDT,short_dist,130,—,35,ШОРТ,0.92963,0.002719,-7.443146355743721,FLAT,STOP,0.31,2.12
2026-04-20T01:15:18,FARTCOINUSDT,short_dist,130,—,45,ШОРТ,0.19474,0.005,-2.1522763901526374,WIN,STOP,-0.59,4.56
2026-04-20T01:15:18,LINKUSDT,squeeze,143,—,36,ЛОНГ,9.121,-0.013923000000000001,-2.936107405946008,FLAT,TP1,0.23,2.14
2026-04-20T01:15:18,DOTUSDT,squeeze,143,—,70,ЛОНГ,1.2501,-0.052127,-5.300326088542367,FLAT,TP1,0.38,2.45
2026-04-20T01:15:18,LTCUSDT,short_dist,129,—,47,ШОРТ,54.35,0.000557,-5.874538806323735,FLAT,STOP,0.17,1.34
2026-04-20T01:15:18,ARKMUSDT,squeeze,143,—,97,ЛОНГ,0.13259,0.006462,5.995995201224302,FLAT,WIN,0.03,1.77
2026-04-20T01:15:18,BTCUSDT,short_dist,126,—,56,ШОРТ,74221.98,0.0009860000000000001,-4.506184198043162,FLAT,STOP,0.26,2.23
2026-04-20T01:15:18,MONUSDT,short_dist,123,—,91,ШОРТ,0.030496,0.01,7.077805594081727,WIN,STOP,-1.17,4.94
2026-04-20T01:15:18,DOGEUSDT,bos_fvg,122,—,48,ШОРТ,0.09387,0.0009170000000000001,9.239624273007175,FLAT,STOP,-0.09,1.96
2026-04-20T01:15:18,PIEVERSEUSDT,bos_fvg,122,—,72,ЛОНГ,0.9413,0.022821,37.04204236453709,WIN,TP1,18.79,3.93
2026-04-20T01:15:18,HYPEUSDT,short_dist,122,—,111,ШОРТ,41.184,0.01,-2.7673203765239545,FLAT,WIN,-0.27,-0.76
2026-04-20T01:15:18,TAOUSDT,bos_fvg,119,—,14,ЖДАТЬ,243.04,-0.00737,-3.722914808638934,TP1,TP1,0.02,0.89
2026-04-20T01:15:18,AAVEUSDT,bos_fvg,118,—,64,ШОРТ,91.12,-0.0136,35.545229694455685,FLAT,STOP,0.11,0.36
2026-04-20T01:15:18,MNTUSDT,breakout,130,—,123,ЛОНГ,0.62709,-0.004538,3.443419537386627,LOSS,STOP,-1.08,0.43
2026-04-20T01:15:18,GRIFFAINUSDT,short_dist,116,—,12,ЖДАТЬ,0.016621,0.047229,4.651327550164551,TP1,TP1,0.01,11.14
2026-04-20T01:15:18,AVAXUSDT,squeeze,129,—,47,ЛОНГ,9.074,-0.011909999999999999,2.2404648244050875,FLAT,TP1,0.25,3.24
2026-04-20T01:15:18,XAUTUSDT,bos_fvg,112,—,28,ШОРТ,4752.81,0.000119,-3.488617181787517,STOP,STOP,0.46,1.11
2026-04-20T01:15:18,TRXUSDT,bos_fvg,111,—,55,ЛОНГ,0.32991,0.009035,0.7854428465448876,FLAT,STOP,0.36,-0.6
2026-04-20T01:15:18,SIRENUSDT,short_dist,109,—,60,ШОРТ,0.65819,0.003507,-10.278320508021341,STOP,STOP,5.62,8.14
2026-04-20T01:15:18,BCHUSDT,squeeze,123,—,76,ЛОНГ,437.82,-0.024256,0.2034145028209116,FLAT,TP1,-0.0,1.55
2026-04-20T01:15:18,BNBUSDT,squeeze,120,—,25,ЛОНГ,619.33,-0.005005,0.6444568416390253,FLAT,TP1,0.17,1.59
2026-04-20T01:15:18,ETHUSDT,squeeze,118,—,54,ЛОНГ,2278.07,-0.0059370000000000004,-1.687671317271309,FLAT,TP1,-0.07,1.72
2026-04-20T01:15:18,1000PEPEUSDT,short_dist,101,—,46,ЖДАТЬ,0.003687,0.01,8.336261009586709,TP1,TP1,-0.08,2.58
2026-04-20T01:15:18,SOLUSDT,squeeze,114,—,45,ЛОНГ,83.93,-0.008907,1.931250058568755,FLAT,WIN,0.11,2.11
2026-04-20T01:15:18,ZROUSDT,short_dist,95,—,23,ШОРТ,1.6283,0.005,2.7287996718438334,LOSS,LOSS,2.47,3.65
2026-04-20T01:15:18,XRPUSDT,short_dist,94,—,60,ШОРТ,1.4044,-0.002969,1.3219545351055115,FLAT,STOP,-0.02,1.61
2026-04-20T01:15:18,ZECUSDT,short_dist,92,—,73,ШОРТ,304.46,0.01,0.4575496233661971,LOSS,STOP,1.54,3.61
2026-04-20T01:15:18,GENIUSUSDT,short_dist,87,—,77,ШОРТ,0.6504,0.005,6.632350748890073,FLAT,WIN,-0.09,-13.18
2026-04-20T01:15:18,CRVUSDT,squeeze,101,—,48,ЛОНГ,0.2237,-0.014407,0.5391470517384908,FLAT,TP1,-0.09,3.71
2026-04-20T05:15:05,HIGHUSDT,squeeze,238,—,184,ЛОНГ,0.32646,-0.54154,-18.935672424845823,TP1,TP1,18.17,-4.69
2026-04-20T05:15:05,BLURUSDT,squeeze,208,—,112,ЛОНГ,0.031207,-0.318332,21.67054161396234,LOSS,TP1,-2.65,13.84
2026-04-20T05:15:05,BIOUSDT,squeeze,204,—,155,ЛОНГ,0.02777,-0.046508,-20.435692303389217,LOSS,WIN,-3.1,1.62
2026-04-20T05:15:05,SIRENUSDT,short_dist,196,—,14,ШОРТ,0.70833,0.15764,-14.745375991069043,WIN,WIN,-1.14,-1.16
2026-04-20T05:15:05,ENJUSDT,squeeze,181,—,139,ЛОНГ,0.060259,-0.759715,13.36576652830466,LOSS,WIN,-4.19,3.15
2026-04-20T05:15:05,XPLUSDT,short_dist,173,—,26,ШОРТ,0.10524,0.005,-6.4518510643694436,FLAT,FLAT,-0.1,-0.39
2026-04-20T05:15:05,RAVEUSDT,short_dist,172,—,79,ШОРТ,0.53563,0.00125,80.47208178087868,LOSS,STOP,1.24,128.14
2026-04-20T05:15:05,MOVEUSDT,squeeze,169,—,141,ЛОНГ,0.0191,-0.04864,-9.30033123975054,LOSS,LOSS,-0.94,-1.47
2026-04-20T05:15:05,RIVERUSDT,short_dist,164,—,26,ШОРТ,5.549,0.029212,3.980772078556647,WIN,TP1,-5.15,0.5
2026-04-20T05:15:05,EDGEUSDT,short_dist,159,—,17,ЛОНГ,1.3251,0.076727,-4.064805260305796,WIN,TP1,3.06,2.57
2026-04-20T05:15:05,TAOUSDT,short_dist,154,—,15,ШОРТ,241.06,0.003153,-2.9371071035411442,FLAT,STOP,0.27,2.07
2026-04-20T05:15:05,WLDUSDT,squeeze,152,—,44,ЛОНГ,0.262,-0.10346400000000001,-2.285304076153122,LOSS,WIN,-0.65,0.95
2026-04-20T05:15:05,ORDIUSDT,bos_fvg,151,—,114,ЛОНГ,4.996,-0.010255,17.27875516832318,STOP,STOP,-9.13,-0.66
2026-04-20T05:15:05,GRIFFAINUSDT,short_dist,148,—,29,ЖДАТЬ,0.016597,0.093187,-1.7474986253981344,TP1,TP1,0.1,11.3
2026-04-20T05:15:05,HYPEUSDT,short_dist,144,—,71,ШОРТ,40.96,0.01,-0.6155861567013737,FLAT,WIN,0.18,-0.53
2026-04-20T05:15:05,ZECUSDT,short_dist,142,—,40,ШОРТ,308.73,0.01,-0.1114109486030139,WIN,STOP,-0.56,2.31
2026-04-20T05:15:05,ARKMUSDT,breakout,140,—,132,ЛОНГ,0.1338,0.000708,8.241895828144514,LOSS,LOSS,-2.08,-0.75
2026-04-20T05:15:05,MUSDT,bos_fvg,139,—,108,ЛОНГ,3.3359,0.005,9.288491782266144,STOP,TP1,6.49,0.8
2026-04-20T05:15:05,BNBUSDT,squeeze,139,—,51,ЛОНГ,620.6,0.0032289999999999997,0.3887786532146803,FLAT,TP1,-0.11,1.37
2026-04-20T05:15:05,DYDXUSDT,breakout,137,—,129,ЛОНГ,0.13679,0.01,-4.03302722722772,LOSS,LOSS,-3.41,-4.38
2026-04-20T05:15:05,ZROUSDT,bos_fvg,133,—,72,ШОРТ,1.6685,0.005,4.18677179786405,WIN,TP1,-3.83,-0.02
2026-04-20T05:15:05,BTCUSDT,short_dist,132,—,66,ШОРТ,74520.1,0.000628,-1.7128737473388636,FLAT,STOP,-0.29,1.56
2026-04-20T05:15:05,MNTUSDT,short_dist,132,—,77,ШОРТ,0.61352,-0.001889,2.842815329303536,WIN,STOP,-0.67,1.87
2026-04-20T05:15:05,PIEVERSEUSDT,short_dist,131,—,103,ЛОНГ,1.54397,0.011597999999999999,26.804685645681996,STOP,STOP,-23.22,-37.66
2026-04-20T05:15:05,XRPUSDT,short_dist,130,—,38,ШОРТ,1.4086,0.002747,1.1569079899827948,FLAT,STOP,-0.41,1.07
2026-04-20T05:15:05,FARTCOINUSDT,short_dist,130,—,45,ШОРТ,0.19443,0.005,-1.4259895392050648,WIN,STOP,-0.62,3.08
2026-04-20T05:15:05,1000PEPEUSDT,bos_fvg,129,—,52,ЛОНГ,0.003733,0.01,8.624287081611447,LOSS,FLAT,-0.88,0.32
2026-04-20T05:15:05,AAVEUSDT,bos_fvg,129,—,71,ШОРТ,91.98,0.004743,34.06695940418638,FLAT,TP1,-0.4,-0.12
2026-04-20T05:15:05,SOLUSDT,bos_fvg,126,—,23,ШОРТ,84.512,-0.009394,1.202924670554382,WIN,STOP,-0.7,0.86
2026-04-20T05:15:05,XAUTUSDT,short_dist,126,—,41,ШОРТ,4767.1,0.005,-3.2148376019282616,FLAT,STOP,-0.07,0.38
2026-04-20T05:15:05,GUNUSDT,short_dist,124,—,114,ЛОНГ,0.022811,0.136188,104.29702929063531,LOSS,TP1,-4.45,11.24
2026-04-20T05:15:05,WIFUSDT,squeeze,124,—,61,ЛОНГ,0.20026,-0.006223,-3.743133036225616,LOSS,LOSS,-1.42,-0.65
2026-04-20T05:15:05,DOGEUSDT,bos_fvg,122,—,108,ЛОНГ,0.09456,0.01,9.635055340154967,LOSS,WIN,-0.78,0.63
2026-04-20T05:15:05,ENAUSDT,short_dist,121,—,73,ЖДАТЬ,0.11548,-0.004408,-4.8704050255705775,TP1,TP1,-0.66,-3.99
2026-04-20T05:15:05,DOTUSDT,bos_fvg,120,—,56,ЛОНГ,1.2663,-0.032855999999999996,-4.921051435244233,LOSS,WIN,-1.04,0.59
2026-04-20T05:15:05,BOMEUSDT,squeeze,119,—,107,ЛОНГ,0.0005706,0.005,28.852511085782922,LOSS,LOSS,-2.89,-1.49
2026-04-20T05:15:05,LINKUSDT,bos_fvg,117,—,28,ШОРТ,9.186,0.000194,-2.2849908746875967,FLAT,STOP,-0.4,1.13
2026-04-20T05:15:05,TRXUSDT,bos_fvg,117,—,104,ЛОНГ,0.33205,0.01,2.0800235179350004,FLAT,STOP,-0.35,-1.24
2026-04-20T05:15:05,ADAUSDT,squeeze,116,—,23,ЛОНГ,0.2456,-0.005209,-8.771164308398578,LOSS,WIN,-0.61,0.69
2026-04-20T05:15:05,LTCUSDT,short_dist,116,—,47,ЖДАТЬ,54.79,0.01,-6.1144947872648565,TP1,TP1,-0.26,0.16
2026-04-20T05:15:05,MONUSDT,short_dist,113,—,65,ШОРТ,0.029859,0.01,4.475089748627945,FLAT,STOP,0.34,5.76
2026-04-20T05:15:05,CLUSDT,bos_fvg,112,—,35,ЖДАТЬ,87.455,0.0,15.450758133834059,TP1,TP1,0.23,-1.01
2026-04-20T05:15:05,NEARUSDT,short_dist,109,—,65,ШОРТ,1.3502,0.009243,1.6910796730494504,WIN,LOSS,-0.64,0.5
2026-04-20T05:15:05,GENIUSUSDT,bos_fvg,108,—,58,ШОРТ,0.6201,0.005,12.15735974287282,LOSS,WIN,1.9,-10.95
2026-04-20T05:15:05,ARBUSDT,short_dist,106,—,55,ЖДАТЬ,0.12572,0.01,-1.7184656826897162,TP1,TP1,-1.18,-0.1
2026-04-20T05:15:05,AVAXUSDT,short_dist,103,—,56,ШОРТ,9.139,0.009291,1.7546238929859805,WIN,STOP,-0.72,1.61
2026-04-20T05:15:05,XAGUSDT,bos_fvg,101,—,99,ШОРТ,79.91,0.0,-1.4255105797757441,FLAT,WIN,-0.25,-0.54
2026-04-20T05:15:05,SUIUSDT,short_dist,100,—,25,ШОРТ,0.9381,0.005896,-4.767225793696171,WIN,LOSS,-0.69,0.59
2026-04-20T05:15:05,CRVUSDT,bos_fvg,96,—,42,ШОРТ,0.2252,-0.00586,-0.4110595564325567,FLAT,STOP,-0.44,3.24
2026-04-20T05:15:05,ETHUSDT,squeeze,93,—,29,ЛОНГ,2282.02,-0.0031850000000000003,-0.05732986894476528,FLAT,TP1,-0.38,1.17
2026-04-20T09:14:59,HIGHUSDT,squeeze,228,—,140,ЛОНГ,0.32339,-0.313313,-15.269356347086532,WIN,FLAT,1.88,-0.25
2026-04-20T09:14:59,BLURUSDT,squeeze,220,—,144,ЛОНГ,0.030085,-0.17918599999999998,-6.7589741966622725,WIN,TP1,2.23,8.72
2026-04-20T09:14:59,ENJUSDT,squeeze,206,—,127,ЛОНГ,0.058124,-0.34869,-6.209735239677456,WIN,TP1,2.14,4.7
2026-04-20T09:14:59,BOMEUSDT,breakout,205,—,200,ЛОНГ,0.0005915,-0.016548,-4.381439167273586,WIN,LOSS,1.49,-6.56
2026-04-20T09:14:59,PIEVERSEUSDT,squeeze,183,—,84,ЛОНГ,1.00163,-0.11725800000000001,-1.1772696342070672,WIN,WIN,1.21,8.4
2026-04-20T09:14:59,TRUMPUSDT,short_dist,162,—,12,ШОРТ,2.834,0.005,2.7858433577745307,LOSS,STOP,0.56,0.53
2026-04-20T09:14:59,ENAUSDT,squeeze,159,—,114,ЛОНГ,0.11454,-0.017773,-0.4412459001005731,WIN,STOP,0.65,-2.88
2026-04-20T09:14:59,PNUTUSDT,bos_fvg,154,—,106,ЛОНГ,0.05983,0.005,29.118121518288405,TP1,TP1,-3.08,-5.53
2026-04-20T09:14:59,SIRENUSDT,short_dist,154,—,22,ШОРТ,0.70467,0.07540999999999999,-16.318616688464793,FLAT,WIN,-0.43,-0.86
2026-04-20T09:14:59,MONUSDT,short_dist,151,—,114,ШОРТ,0.030638,0.01,5.91708522990765,LOSS,STOP,1.33,3.66
2026-04-20T09:14:59,WLDUSDT,squeeze,150,—,30,ЛОНГ,0.2609,-0.171441,-1.5714450629206158,WIN,WIN,0.8,0.77
2026-04-20T09:14:59,MUSDT,short_dist,147,—,111,ЛОНГ,3.4944,0.048507999999999996,7.105572835673243,LOSS,STOP,-1.54,0.47
2026-04-20T09:14:59,DOGEUSDT,breakout,146,—,141,ЛОНГ,0.09418,-0.0038680000000000003,8.12224410716147,WIN,WIN,0.61,1.23
2026-04-20T09:14:59,DOTUSDT,short_dist,146,—,58,ЛОНГ,1.2541,0.01,-2.8520986614231516,WIN,TP1,0.85,1.73
2026-04-20T09:14:59,GRIFFAINUSDT,short_dist,146,—,80,ЖДАТЬ,0.016671,0.066396,-4.202037409398891,TP1,TP1,0.18,10.35
2026-04-20T09:14:59,TRXUSDT,squeeze,144,—,48,ЛОНГ,0.32942,-0.012100999999999999,1.2501812401455368,FLAT,STOP,0.21,-0.26
2026-04-20T09:14:59,BASEDUSDT,bos_fvg,144,—,104,ЛОНГ,0.1066,0.005,32.04324372951685,WIN,TP1,8.91,46.06
2026-04-20T09:14:59,ARKMUSDT,squeeze,143,—,128,ЛОНГ,0.13169,-0.016175000000000002,-0.20868305425138062,WIN,WIN,2.33,1.42
2026-04-20T09:14:59,WIFUSDT,short_dist,141,—,102,ШОРТ,0.19843,0.005,-3.4778095560230495,LOSS,LOSS,0.84,0.82
2026-04-20T09:14:59,1000PEPEUSDT,bos_fvg,140,—,74,ЛОНГ,0.003736,0.01,8.795880644602768,WIN,WIN,1.02,1.02
2026-04-20T09:14:59,LTCUSDT,short_dist,139,—,69,ЖДАТЬ,54.76,0.00133,-4.562251616188224,TP1,TP1,0.73,0.29
2026-04-20T09:14:59,RIVERUSDT,short_dist,137,—,80,ШОРТ,4.638,0.005,3.926132260612176,STOP,STOP,7.85,20.74
2026-04-20T09:14:59,FARTCOINUSDT,short_dist,135,—,96,ШОРТ,0.19495,0.005,-1.1533005067806923,LOSS,STOP,1.24,3.02
2026-04-20T09:14:59,ZROUSDT,bos_fvg,135,—,54,ШОРТ,1.5712,0.005,-6.558884620344116,WIN,STOP,-2.35,8.24
2026-04-20T09:14:59,HYPEUSDT,short_dist,134,—,69,ШОРТ,40.844,0.01,1.2910210472253827,LOSS,STOP,0.64,0.06
2026-04-20T09:14:59,TAOUSDT,bos_fvg,131,—,58,ЛОНГ,243.23,-0.031419,-4.352617951011722,WIN,WIN,0.85,0.83
2026-04-20T09:14:59,ZECUSDT,short_dist,129,—,38,ШОРТ,309.63,0.01,-3.1289217987770157,LOSS,STOP,0.57,1.2
2026-04-20T09:14:59,SUIUSDT,short_dist,128,—,102,ШОРТ,0.93869,0.005448,-7.9224074661975035,LOSS,LOSS,0.62,0.75
2026-04-20T09:14:59,LINKUSDT,bos_fvg,128,—,87,ШОРТ,9.162,-0.008624,-2.424456380158327,STOP,STOP,0.94,1.87
2026-04-20T09:14:59,XRPUSDT,short_dist,127,—,88,ШОРТ,1.4081,0.000366,1.171058065893782,STOP,STOP,1.1,1.47
2026-04-20T09:14:59,XAUTUSDT,bos_fvg,126,—,76,ШОРТ,4771.85,0.005,-0.9123665816538282,FLAT,STOP,0.05,-0.13
2026-04-20T09:14:59,SOLUSDT,breakout,125,—,112,ЛОНГ,84.6,-0.018572,-2.8485656219716065,WIN,WIN,0.77,1.05
2026-04-20T09:14:59,BTCUSDT,short_dist,125,—,59,ШОРТ,74674.8,-0.005437,-1.3887539950467578,LOSS,STOP,0.83,1.42
2026-04-20T09:14:59,ARBUSDT,bos_fvg,123,—,68,ЖДАТЬ,0.12592,-0.003688,-1.3426565425272015,TP1,TP1,1.87,0.18
2026-04-20T09:14:59,GENIUSUSDT,bos_fvg,121,—,41,ШОРТ,0.6365,0.005,10.85945806388658,WIN,TP1,-2.14,-7.02
2026-04-20T09:14:59,ADAUSDT,short_dist,120,—,71,ЛОНГ,0.2452,-0.0019470000000000002,-8.166112989699052,WIN,WIN,1.1,1.43
2026-04-20T09:14:59,RAVEUSDT,short_dist,116,—,104,ШОРТ,0.58237,0.00125,66.28529364098176,LOSS,STOP,13.15,204.33
2026-04-20T09:14:59,CRVUSDT,short_dist,116,—,78,ЖДАТЬ,0.2275,-0.025072,-2.5250410636087697,TP1,TP1,0.88,2.46
2026-04-20T09:14:59,MNTUSDT,bos_fvg,113,—,66,ШОРТ,0.62275,-0.008447,5.869768928550763,FLAT,STOP,-0.12,1.42
2026-04-20T09:14:59,ORDIUSDT,squeeze,112,—,90,ЛОНГ,4.485,-0.015377000000000002,4.354434206871423,WIN,WIN,1.14,12.75
2026-04-20T09:14:59,AAVEUSDT,short_dist,109,—,19,ШОРТ,91.45,-0.011242,10.179260557483405,FLAT,TP1,-0.47,2.49
2026-04-20T09:14:59,BNBUSDT,bos_fvg,108,—,84,ЖДАТЬ,623.4,0.000335,-0.1327797578900107,TP1,TP1,0.64,1.07
2026-04-20T09:14:59,XAUUSDT,short_dist,108,—,69,ЖДАТЬ,4797.71,0.0,1.787211527690705,TP1,TP1,0.01,-0.2
2026-04-20T09:14:59,CLUSDT,short_dist,104,—,83,ЖДАТЬ,87.473,0.0,1.3239441542377655,TP1,TP1,-0.29,-1.38
2026-04-20T09:14:59,DYDXUSDT,breakout,104,—,96,ЛОНГ,0.13377,0.0082,-8.201036573092951,FLAT,LOSS,0.47,-0.59
2026-04-20T09:14:59,NEARUSDT,short_dist,103,—,17,ШОРТ,1.3405,-0.005666,-0.43061560695071227,LOSS,STOP,1.19,1.62
2026-04-20T09:14:59,XAGUSDT,bos_fvg,103,—,79,ШОРТ,79.52,0.0,-3.481786868454136,FLAT,WIN,0.09,-0.75
2026-04-20T09:14:59,ETHUSDT,short_dist,96,—,43,ШОРТ,2292.37,-0.01216,0.5193940391028038,STOP,STOP,0.96,0.75
2026-04-20T09:14:59,GUNUSDT,breakout,96,—,88,ЛОНГ,0.019702,0.018042000000000002,104.68169541457047,WIN,TP1,3.43,29.24
2026-04-20T09:14:59,AVAXUSDT,short_dist,90,—,39,ШОРТ,9.157,-0.004864,1.3926963846439333,STOP,STOP,1.03,2.06
2026-04-20T17:03:59,BLURUSDT,squeeze,213,—,150,ЛОНГ,0.032345,-0.085453,-17.336915132257236,FLAT,TP1,0.21,-3.43
2026-04-20T17:03:59,HIGHUSDT,squeeze,191,—,106,ЛОНГ,0.32057,-0.164599,-5.599213387728829,LOSS,LOSS,-1.79,-11.51
2026-04-20T17:03:59,BOMEUSDT,squeeze,183,—,149,ЛОНГ,0.0005699,-0.026142,-6.761390303557689,WIN,LOSS,2.97,-6.51
2026-04-20T17:03:59,EDGEUSDT,short_dist,178,—,67,ЛОНГ,1.433,0.005,-6.084141144817717,LOSS,STOP,-3.73,-6.43
2026-04-20T17:03:59,PNUTUSDT,squeeze,163,—,114,ЛОНГ,0.05689,-0.008105000000000001,10.848383690545726,WIN,LOSS,2.48,-3.04
2026-04-20T17:03:59,HYPEUSDT,short_dist,160,—,114,ШОРТ,40.748,0.01,7.539305674655532,STOP,STOP,1.82,-0.77
2026-04-20T17:03:59,SUPERUSDT,squeeze,160,—,122,ЛОНГ,0.13923,-0.112388,84.21899846019754,LOSS,LOSS,-0.68,-6.76
2026-04-20T17:03:59,LTCUSDT,short_dist,155,—,3,ШОРТ,54.86,0.01,-3.879988759242134,LOSS,STOP,0.73,1.04
2026-04-20T17:03:59,RIVERUSDT,short_dist,152,—,58,ШОРТ,5.275,0.005,-0.36150778682808477,LOSS,STOP,1.59,4.95
2026-04-20T17:03:59,GENIUSUSDT,short_dist,151,—,94,ШОРТ,0.5885,0.005,-12.854660805172108,LOSS,FLAT,0.75,0.31
2026-04-20T17:03:59,FARTCOINUSDT,bos_fvg,145,—,23,ШОРТ,0.19922,0.005,13.864749107771193,LOSS,STOP,2.07,1.41
2026-04-20T17:03:59,MONUSDT,short_dist,143,—,35,ШОРТ,0.031703,0.01,9.258896990039604,STOP,STOP,4.3,4.11
2026-04-20T17:03:59,PIEVERSEUSDT,squeeze,142,—,124,ЛОНГ,0.93013,-0.623283,-17.697872591392557,WIN,LOSS,1.86,-3.08
2026-04-20T17:03:59,SUIUSDT,short_dist,142,—,25,ШОРТ,0.93929,0.008926,-0.09439931594698589,LOSS,STOP,1.11,0.62
2026-04-20T17:03:59,CLUSDT,short_dist,141,—,89,ШОРТ,87.252,0.0,-26.407590358168093,FLAT,LOSS,0.2,0.58
2026-04-20T17:03:59,SOLUSDT,bos_fvg,134,—,45,ШОРТ,85.265,0.01,-0.10711453042272369,LOSS,FLAT,0.91,0.44
2026-04-20T17:03:59,ZROUSDT,short_dist,131,—,32,ШОРТ,1.5319,0.005,-7.163150468594044,LOSS,STOP,1.43,4.92
2026-04-20T17:03:59,MERLUSDT,bos_fvg,131,—,49,ЖДАТЬ,0.03753,0.01,10.437858956886483,TP1,TP1,3.06,-5.65
2026-04-20T17:03:59,WIFUSDT,short_dist,131,—,3,ШОРТ,0.19848,0.005,-5.7205058405705,LOSS,STOP,1.73,-0.3
2026-04-20T17:03:59,GUNUSDT,breakout,130,—,122,ЛОНГ,0.02465,0.054126,108.60117568219812,WIN,TP1,3.57,-13.51
2026-04-20T17:03:59,DOTUSDT,bos_fvg,129,—,54,ЛОНГ,1.2663,-0.020398,-3.6578781810512675,WIN,FLAT,1.17,0.39
2026-04-20T17:03:59,ARBUSDT,breakout,126,—,113,ЛОНГ,0.128,0.003217,-0.44610422328030913,WIN,LOSS,0.62,-1.75
2026-04-20T17:03:59,AAVEUSDT,bos_fvg,122,—,53,ШОРТ,87.83,0.006909,10.352365229556955,LOSS,STOP,2.27,3.91
2026-04-20T17:03:59,ENAUSDT,short_dist,122,—,66,ШОРТ,0.11342,-0.001435,3.879650154102718,STOP,STOP,1.15,-1.84
2026-04-20T17:03:59,XRPUSDT,bos_fvg,121,—,54,ЛОНГ,1.4229,0.002369,-6.035083976025408,WIN,WIN,0.62,0.53
2026-04-20T17:03:59,GRIFFAINUSDT,short_dist,119,—,78,ЛОНГ,0.018448,0.016408,-6.804407827914309,FLAT,LOSS,-0.01,-4.08
2026-04-20T17:03:59,MNTUSDT,bos_fvg,118,—,36,ШОРТ,0.62777,0.003909,4.004248672969611,STOP,STOP,1.93,1.02
2026-04-20T17:03:59,NEARUSDT,short_dist,118,—,37,ШОРТ,1.3473,0.001795,-0.4408777171924232,LOSS,STOP,1.24,1.39
2026-04-20T17:03:59,ZECUSDT,short_dist,116,—,21,ШОРТ,312.58,0.01,-2.629980595121537,STOP,STOP,1.9,3.45
2026-04-20T17:03:59,BNBUSDT,bos_fvg,116,—,79,ЛОНГ,626.81,0.008947,-2.2873578979264675,WIN,TP1,0.68,0.65
2026-04-20T17:03:59,TRXUSDT,bos_fvg,115,—,27,ШОРТ,0.32742,-0.002954,1.234729629591331,FLAT,STOP,0.19,0.75
2026-04-20T17:03:59,XAUUSDT,short_dist,112,—,90,ЛОНГ,4809.6,0.0071790000000000005,5.552282350266643,FLAT,STOP,0.17,-0.54
2026-04-20T17:03:59,AVAXUSDT,short_dist,111,—,7,ШОРТ,9.168,0.0023499999999999997,0.5717693380640408,STOP,STOP,1.47,1.99
2026-04-20T17:03:59,RAVEUSDT,short_dist,110,—,101,ШОРТ,0.56061,0.00125,56.62223572623846,LOSS,STOP,9.45,194.86
2026-04-20T17:03:59,ADAUSDT,short_dist,109,—,13,ЛОНГ,0.2457,-0.009179,-3.4767345773131506,WIN,WIN,1.34,1.02
2026-04-20T17:03:59,MUSDT,short_dist,108,—,48,ЛОНГ,3.627,0.045732,-9.59283896881026,LOSS,TP1,-2.03,19.09
2026-04-20T17:03:59,1000PEPEUSDT,bos_fvg,107,—,62,ЛОНГ,0.003742,0.01,6.340599068640089,WIN,FLAT,2.19,0.48
2026-04-20T17:03:59,BTCUSDT,bos_fvg,106,—,52,ЛОНГ,75304.2,-0.005768,2.2212624784914303,WIN,TP1,1.24,0.65
2026-04-20T17:03:59,TRUMPUSDT,breakout,106,—,98,ЛОНГ,2.877,-0.001134,4.37672145398764,FLAT,LOSS,0.49,-0.9
2026-04-20T17:03:59,SIRENUSDT,short_dist,105,—,62,ШОРТ,0.70408,0.005,-5.065558519041282,FLAT,WIN,0.43,-1.92
2026-04-20T17:03:59,DOGEUSDT,short_dist,104,—,37,ШОРТ,0.0945,0.006490000000000001,5.288864695321774,LOSS,STOP,0.93,0.4
2026-04-20T17:03:59,BASEDUSDT,bos_fvg,104,—,95,ЛОНГ,0.1051,0.005,10.342576759256756,WIN,TP1,7.52,23.5
2026-04-20T17:03:59,ORDIUSDT,bos_fvg,103,—,68,ЖДАТЬ,4.55,-0.025656,4.361439179661089,TP1,TP1,0.75,1.8
2026-04-20T17:03:59,XAGUSDT,bos_fvg,101,—,39,ЖДАТЬ,79.93,0.0,-4.773418368728978,TP1,TP1,0.01,-1.4
2026-04-20T17:03:59,ETHUSDT,bos_fvg,98,—,33,ШОРТ,2298.96,-0.005921,3.876838154533038,LOSS,STOP,1.36,0.26
2026-04-20T17:03:59,PENGUUSDT,bos_fvg,95,—,47,ЛОНГ,0.007399,0.004398,2.7872004579348646,WIN,TP1,2.26,3.54
2026-04-20T17:03:59,LINKUSDT,squeeze,88,—,18,ЛОНГ,9.211,-0.015478,-3.1548630799496062,WIN,TP1,1.16,1.76
2026-04-20T17:03:59,XAUTUSDT,short_dist,146,—,78,ЛОНГ,4785.18,0.005,1.5118007736055818,FLAT,STOP,0.14,-0.48
2026-04-20T20:09:05,PIEVERSEUSDT,squeeze,172,—,132,ЛОНГ,0.82802,-0.043439,-27.608122899442066,WIN,WIN,19.84,12.27
2026-04-20T20:09:05,RAVEUSDT,short_dist,210,—,0,ШОРТ,0.62865,0.047043999999999996,63.73128841718956,FLAT,STOP,0.32,123.61
2026-04-20T20:09:05,HIGHUSDT,squeeze,155,—,132,ЛОНГ,0.31576,-0.015763,-10.331929797454494,WIN,LOSS,1.73,-9.15
2026-04-20T20:09:05,CLUSDT,short_dist,199,—,22,ШОРТ,86.895,0.02527,-40.03457896691902,WIN,STOP,-0.54,5.13
2026-04-20T20:09:05,HYPEUSDT,short_dist,193,—,42,ШОРТ,41.417,0.01,9.39376252374116,FLAT,TP1,-0.23,-4.07
2026-04-20T20:09:05,DOGEUSDT,short_dist,180,—,92,ЛОНГ,0.0954,0.01,3.3057894404685206,FLAT,LOSS,0.12,-1.15
2026-04-20T20:09:05,ADAUSDT,short_dist,172,—,59,ШОРТ,0.2484,0.0060550000000000005,-1.711921905454498,LOSS,WIN,0.56,-1.01
2026-04-20T20:09:05,FARTCOINUSDT,bos_fvg,171,—,72,ШОРТ,0.2029,0.005,15.17739700065909,FLAT,WIN,0.13,-1.52
2026-04-20T20:09:05,ENAUSDT,short_dist,171,—,-2,ЛОНГ,0.11387,0.005,2.6235141154991224,FLAT,LOSS,-0.11,-2.86
2026-04-20T20:09:05,AAVEUSDT,short_dist,170,—,15,ШОРТ,91.63,0.01,4.453299200264842,STOP,STOP,-0.46,-0.34
2026-04-20T20:09:05,GUNUSDT,short_dist,168,—,112,ЛОНГ,0.028321,0.111796,47.38997499580833,LOSS,STOP,-9.88,-33.71
2026-04-20T20:09:05,1000PEPEUSDT,short_dist,162,—,113,ЛОНГ,0.003797,0.01,-3.42948759069939,FLAT,LOSS,0.08,-1.42
2026-04-20T20:09:05,ZECUSDT,short_dist,157,—,39,ЖДАТЬ,318.01,0.01,-4.741838830594501,TP1,TP1,-0.1,-0.85
2026-04-20T20:09:05,MNTUSDT,short_dist,155,—,19,ШОРТ,0.6308,0.01,6.30113742098143,FLAT,FLAT,0.25,0.13
2026-04-20T20:09:05,SOLUSDT,short_dist,154,—,16,ЛОНГ,85.848,0.01,-3.317846794412091,FLAT,LOSS,-0.1,-0.6
2026-04-20T20:09:05,BTCUSDT,squeeze,100,—,78,ЛОНГ,76246.91,-0.008804000000000001,1.5521251470460127,FLAT,LOSS,-0.38,-0.98
2026-04-20T20:09:05,XRPUSDT,short_dist,147,—,60,ЛОНГ,1.4263,0.000456,-5.390687998357447,FLAT,FLAT,0.01,-0.27
2026-04-20T20:09:05,XAUTUSDT,short_dist,145,—,44,ЛОНГ,4792.62,0.0020469999999999998,0.9583678494053026,FLAT,STOP,0.05,-2.13
2026-04-20T20:09:05,ORDIUSDT,squeeze,93,—,86,ЛОНГ,4.871,-0.024568000000000003,2.775679787513466,LOSS,LOSS,-0.99,-3.39
2026-04-20T20:09:05,TAOUSDT,short_dist,142,—,43,ЛОНГ,247.41,0.005,-1.9504290415043941,FLAT,STOP,-0.42,-2.12
2026-04-20T20:09:05,ETHUSDT,short_dist,141,—,37,ШОРТ,2331.45,-0.007697000000000001,-2.4976228664758238,FLAT,WIN,-0.33,-1.37
2026-04-20T20:09:05,SUIUSDT,short_dist,141,—,23,ШОРТ,0.94693,0.0024749999999999998,-0.1642705717918728,FLAT,WIN,0.3,-1.1
2026-04-20T20:46:25,RAVEUSDT,short_dist,210,—,18,ШОРТ,0.6265,0.068986,64.29866580894698,LOSS,STOP,17.5,114.93
2026-04-20T20:46:25,HYPEUSDT,short_dist,193,—,42,ШОРТ,41.38,0.01,9.427130490813198,WIN,TP1,-0.97,-4.53
2026-04-20T20:46:25,CLUSDT,short_dist,192,—,42,ШОРТ,86.966,0.010056,-39.86488948950452,WIN,STOP,-0.6,2.87
2026-04-20T20:46:25,HIGHUSDT,squeeze,132,—,84,ЛОНГ,0.32708,-0.070031,-8.397469537035242,LOSS,STOP,-2.74,-4.8
2026-04-20T20:46:25,PIEVERSEUSDT,squeeze,130,—,92,ЛОНГ,0.89943,0.005,-21.11780399508294,WIN,WIN,11.15,1.34
2026-04-20T20:46:25,BASEDUSDT,short_dist,174,—,59,ЛОНГ,0.1127,0.005,-10.523551074894407,LOSS,TP1,-1.6,13.4
2026-04-20T20:46:25,MNTUSDT,short_dist,171,—,9,ШОРТ,0.6263,0.01,5.931888899641082,STOP,STOP,0.93,0.35
2026-04-20T20:46:25,FARTCOINUSDT,short_dist,168,—,72,ЖДАТЬ,0.20547,0.005,14.625416776525674,TP1,TP1,-0.84,-2.25
2026-04-20T20:46:25,ENAUSDT,short_dist,166,—,5,ЛОНГ,0.11483,0.000182,2.62151007231473,FLAT,STOP,-0.33,-2.85
2026-04-20T20:46:25,ZECUSDT,short_dist,165,—,35,ЖДАТЬ,318.09,0.01,-4.104383705596986,TP1,TP1,-0.67,-0.56
2026-04-20T20:46:25,ADAUSDT,short_dist,164,—,27,ЛОНГ,0.2496,0.0067399999999999995,-1.0998731408877593,FLAT,STOP,-0.04,-1.28
2026-04-20T20:46:25,XRPUSDT,short_dist,162,—,15,ЛОНГ,1.43,0.000584,-5.158885095866574,FLAT,FLAT,-0.04,-0.45
2026-04-20T20:46:25,GUNUSDT,bos_fvg,158,—,104,ЛОНГ,0.026735,0.10787800000000002,43.7581875248626,LOSS,TP1,-3.77,-29.39
2026-04-20T20:46:25,SOLUSDT,short_dist,152,—,14,ЛОНГ,85.757,0.01,-3.252940137346396,FLAT,LOSS,0.02,-0.57
2026-04-20T20:46:25,BTCUSDT,squeeze,100,—,56,ЛОНГ,76189.5,-0.009930999999999999,2.0654604178267104,FLAT,STOP,-0.37,-0.89
2026-04-20T20:46:25,1000PEPEUSDT,short_dist,146,—,101,ЛОНГ,0.003816,0.01,-4.842179731217039,LOSS,STOP,-0.6,-1.91
2026-04-20T20:46:25,DOGEUSDT,short_dist,144,—,84,ЛОНГ,0.09559,0.01,3.4825921524052927,FLAT,STOP,0.05,-1.27
2026-04-20T20:46:25,XAUTUSDT,short_dist,143,—,61,ЛОНГ,4794.06,0.002908,0.8933519138160401,FLAT,STOP,0.1,-2.06
2026-04-20T20:46:25,TAOUSDT,short_dist,142,—,67,ЛОНГ,247.55,0.005,-2.029601751807758,LOSS,STOP,-0.67,-1.64
2026-04-20T20:46:25,AAVEUSDT,short_dist,138,—,13,ШОРТ,93.24,0.01,2.279366669959068,FLAT,WIN,-0.31,-1.8
2026-04-20T20:46:25,SUIUSDT,short_dist,134,—,29,ШОРТ,0.9494,0.00303,0.47088478199980194,FLAT,WIN,0.12,-1.22
2026-04-20T20:46:25,ETHUSDT,short_dist,131,—,3,ШОРТ,2324.83,-0.008467,-2.7223837961062323,FLAT,WIN,-0.22,-0.87
2026-04-20T20:46:25,ORDIUSDT,short_dist,128,—,44,ЛОНГ,4.872,0.005,1.4175481916746164,WIN,LOSS,3.16,-4.66
2026-04-20T20:51:17,RAVEUSDT,short_dist,210,—,24,ШОРТ,0.6288,0.061072,64.52074575877515,LOSS,STOP,17.07,114.15
2026-04-20T20:51:17,CLUSDT,short_dist,197,—,78,ШОРТ,86.555,0.008378,-39.76145242449767,FLAT,STOP,-0.13,3.36
2026-04-20T20:51:17,HYPEUSDT,short_dist,193,—,30,ШОРТ,41.391,0.01,8.917332483009496,WIN,TP1,-1.0,-4.56
2026-04-20T20:51:17,PIEVERSEUSDT,squeeze,134,—,92,ЛОНГ,0.91148,0.005,-21.212147685391585,STOP,STOP,9.68,0.0
2026-04-20T20:51:17,HIGHUSDT,squeeze,132,—,84,ЛОНГ,0.32589,-0.076943,-8.081325677162093,LOSS,STOP,-2.38,-4.45
2026-04-20T20:51:17,BASEDUSDT,short_dist,182,—,59,ЛОНГ,0.112,0.005,-10.41362839880134,LOSS,TP1,-0.98,14.11
2026-04-20T20:51:17,ENAUSDT,squeeze,120,—,17,ЛОНГ,0.11492,-0.000406,2.724222595569108,FLAT,STOP,-0.41,-2.92
2026-04-20T20:51:17,FARTCOINUSDT,short_dist,168,—,60,ЖДАТЬ,0.20594,0.005,14.65806850280641,TP1,TP1,-1.06,-2.48
2026-04-20T20:51:17,TAOUSDT,short_dist,165,—,5,ЛОНГ,247.73,0.005,-2.238577708865738,LOSS,STOP,-0.75,-1.71
2026-04-20T20:51:17,ZECUSDT,short_dist,157,—,35,ЖДАТЬ,317.97,0.01,-4.043317405532789,TP1,TP1,-0.63,-0.53
2026-04-20T20:51:17,GUNUSDT,short_dist,156,—,70,ЛОНГ,0.026911,0.10338000000000001,43.63231126488111,LOSS,TP1,-4.4,-29.85
2026-04-20T20:51:17,ADAUSDT,short_dist,156,—,47,ЛОНГ,0.2501,0.007139,-1.0109259130448327,FLAT,STOP,-0.24,-1.48
2026-04-20T20:51:17,SOLUSDT,short_dist,154,—,22,ЛОНГ,85.904,0.01,-3.291988264080761,FLAT,LOSS,-0.16,-0.74
2026-04-20T20:51:17,MNTUSDT,short_dist,151,—,16,ШОРТ,0.62921,0.01,5.910889105656436,FLAT,FLAT,0.46,-0.11
2026-04-20T20:51:17,BTCUSDT,squeeze,100,—,78,ЛОНГ,76229.74,-0.009917,2.1649600362648114,FLAT,STOP,-0.42,-0.95
2026-04-20T20:51:17,ETHUSDT,short_dist,149,—,15,ШОРТ,2333.99,-0.007948,-2.662124973338048,WIN,WIN,-0.61,-1.26
2026-04-20T20:51:17,XRPUSDT,short_dist,147,—,78,ЛОНГ,1.4317,0.000941,-5.164663670973242,FLAT,LOSS,-0.16,-0.57
2026-04-20T20:51:17,DOGEUSDT,short_dist,144,—,50,ЛОНГ,0.09575,0.01,3.566623692604,FLAT,STOP,-0.11,-1.43
2026-04-20T20:51:17,XAUTUSDT,short_dist,143,—,83,ЛОНГ,4795.54,0.003459,0.891579599933407,FLAT,STOP,0.07,-2.09
2026-04-20T20:51:17,AAVEUSDT,short_dist,138,—,15,ШОРТ,93.41,0.01,2.057591701197228,FLAT,WIN,-0.49,-1.98
2026-04-20T20:51:17,1000PEPEUSDT,short_dist,138,—,101,ЛОНГ,0.003817,0.01,-3.716226382579207,LOSS,STOP,-0.63,-1.94
2026-04-20T20:51:17,SUIUSDT,bos_fvg,134,—,29,ШОРТ,0.951,0.0030210000000000002,0.40930275634857294,FLAT,WIN,-0.05,-1.39
2026-04-20T20:51:17,ORDIUSDT,short_dist,120,—,50,ЛОНГ,4.84,0.005,1.0397482446838713,WIN,LOSS,3.84,-4.03
2026-04-20T21:46:17,HIGHUSDT,squeeze,155,—,98,ЛОНГ,0.32044,-0.08874,-10.34049478442812,LOSS,STOP,-2.74,-6.16
2026-04-20T21:46:17,RAVEUSDT,short_dist,196,—,6,ШОРТ,0.63779,0.063117,20.065920908068183,STOP,STOP,57.45,108.37
2026-04-20T21:46:17,HYPEUSDT,short_dist,193,—,12,ШОРТ,41.375,0.009881,9.280943510705157,WIN,TP1,-1.06,-5.14
2026-04-20T21:46:17,CLUSDT,short_dist,192,—,33,ШОРТ,86.276,0.058121,-38.534995826815674,FLAT,STOP,0.11,2.98
2026-04-20T21:46:17,DOGEUSDT,short_dist,184,—,48,ЛОНГ,0.09545,0.01,4.159483350132355,FLAT,STOP,0.06,-1.04
2026-04-20T21:46:17,AAVEUSDT,short_dist,182,—,91,ШОРТ,91.3,0.01,0.26882050191056356,STOP,STOP,-0.15,-0.2
2026-04-20T21:46:17,SOLUSDT,short_dist,178,—,37,ЛОНГ,85.7,0.01,-2.0446293218087654,FLAT,LOSS,-0.04,-0.58
2026-04-20T21:46:17,XRPUSDT,short_dist,166,—,23,ЛОНГ,1.4256,0.001217,-5.5295230427985285,FLAT,FLAT,-0.04,0.04
2026-04-20T21:46:17,TAOUSDT,short_dist,165,—,1,ЛОНГ,246.52,0.005,-2.533378527697405,LOSS,STOP,-0.57,-1.83
2026-04-20T21:46:17,ZECUSDT,short_dist,165,—,56,ЖДАТЬ,316.69,0.01,-4.868113998073326,TP1,TP1,-0.99,-2.16
2026-04-20T21:46:17,BTCUSDT,squeeze,114,—,45,ЛОНГ,75943.9,-0.010215,3.558185885546577,FLAT,FLAT,-0.02,-0.49
2026-04-20T21:46:17,ADAUSDT,short_dist,162,—,56,ЛОНГ,0.2497,0.008780000000000001,-1.2085503344491721,FLAT,STOP,-0.44,-1.2
2026-04-20T21:46:17,GUNUSDT,short_dist,160,—,24,ЛОНГ,0.025557,0.07749,39.194980349568475,WIN,TP1,0.64,-26.43
2026-04-20T21:46:17,ENAUSDT,short_dist,160,—,30,ЖДАТЬ,0.11369,-0.0038729999999999997,2.70995043615918,TP1,TP1,-0.72,-2.21
2026-04-20T21:46:17,BASEDUSDT,short_dist,158,—,100,ЛОНГ,0.1135,0.005,-10.43258991103552,WIN,TP1,0.79,11.01
2026-04-20T21:46:17,FARTCOINUSDT,short_dist,155,—,45,ШОРТ,0.20341,0.005,13.769849290290551,FLAT,WIN,-0.01,-1.86
2026-04-20T21:46:17,1000PEPEUSDT,short_dist,154,—,68,ЛОНГ,0.003794,0.01,-3.2201576097617606,LOSS,STOP,-0.61,-1.16
2026-04-20T21:46:17,PIEVERSEUSDT,breakout,103,—,120,ЛОНГ,0.97611,0.005,-23.00667259177085,STOP,STOP,-0.13,-5.06
2026-04-20T21:46:17,MNTUSDT,short_dist,153,—,47,ШОРТ,0.63223,0.01,5.763547807330101,WIN,WIN,-0.53,-0.68
2026-04-20T21:46:17,SUIUSDT,short_dist,152,—,22,ШОРТ,0.9492,0.002982,-0.12875456804586097,FLAT,WIN,-0.27,-1.13
2026-04-20T21:46:17,XAUTUSDT,short_dist,143,—,42,ЛОНГ,4794.9,0.002754,0.8609574075544805,FLAT,STOP,0.19,-2.13
2026-04-20T21:46:17,ETHUSDT,short_dist,135,—,-29,ШОРТ,2323.39,-0.008144,-2.895451612603544,FLAT,WIN,-0.23,-0.5
2026-04-20T21:46:17,ORDIUSDT,short_dist,120,—,60,ЛОНГ,4.789,0.005,0.7669045030589003,WIN,LOSS,3.36,-2.92
2026-04-21T13:06:15,ADAUSDT,short_dist,196,—,43,ШОРТ,0.2486,0.01,2.902569516746051,FLAT,TP1,-0.16,2.57
2026-04-21T13:06:15,HYPEUSDT,short_dist,185,—,4,ШОРТ,40.705,0.01,0.48739173229929694,WIN,TP1,-0.66,-0.43
2026-04-21T13:06:15,BTCUSDT,squeeze,130,—,55,ЛОНГ,75998.4,0.001767,0.5692384995162884,FLAT,TP1,-0.26,2.63
2026-04-21T13:06:15,DOGEUSDT,short_dist,179,—,9,ШОРТ,0.09498,0.01,2.2275564795515232,FLAT,STOP,-0.11,2.71
2026-04-21T13:06:15,ETHUSDT,bos_fvg,176,—,48,ШОРТ,2307.09,-0.008397,-0.8558184982784307,STOP,STOP,-0.1,3.55
2026-04-21T13:06:15,GUNUSDT,breakout,122,—,134,ЛОНГ,0.030245,0.005,6.091958862278121,STOP,STOP,-29.51,-40.16
2026-04-21T13:06:15,XAUTUSDT,bos_fvg,166,—,-11,ШОРТ,4763.8,-0.005606,1.3612944683258457,FLAT,TP1,-0.04,-0.63
2026-04-21T13:06:15,ZECUSDT,breakout,115,—,132,ЛОНГ,327.89,0.0034230000000000003,0.9893026416715932,STOP,STOP,-1.38,-3.19
2026-04-21T13:06:15,PIEVERSEUSDT,squeeze,114,—,87,ЛОНГ,0.96842,0.005,1.86759817782503,LOSS,STOP,-6.91,-4.52
2026-04-21T13:06:15,AAVEUSDT,short_dist,163,—,22,ШОРТ,91.54,0.01,20.72452711061934,FLAT,LOSS,-0.31,2.32
2026-04-21T13:06:15,ORDIUSDT,bos_fvg,163,—,3,ШОРТ,4.651,-0.035131,2.026335120322961,FLAT,WIN,-0.41,-2.9
2026-04-21T13:06:15,SOLUSDT,short_dist,162,—,20,ЖДАТЬ,85.499,0.004965,5.270310399742707,TP1,TP1,0.16,3.16
2026-04-21T13:06:15,XRPUSDT,bos_fvg,158,—,79,ЛОНГ,1.4317,0.001438,-2.5245036048621676,FLAT,TP1,-0.08,1.22
2026-04-21T13:06:15,1000PEPEUSDT,bos_fvg,152,—,49,ЛОНГ,0.0037711,0.01,3.6273364111095274,FLAT,TP1,-0.29,2.81
2026-04-21T13:06:15,BASEDUSDT,bos_fvg,132,—,77,ЛОНГ,0.1298,0.005,2.0723372662032573,FLAT,LOSS,0.0,-4.24
2026-04-21T13:06:15,FARTCOINUSDT,bos_fvg,125,—,64,ШОРТ,0.20313,0.005,3.670745843133464,WIN,TP1,-0.55,2.76
2026-04-21T13:44:24,HYPEUSDT,short_dist,202,—,4,ШОРТ,40.298,0.01,0.6412423783481026,STOP,TP1,0.51,1.34
2026-04-21T13:44:24,DOGEUSDT,short_dist,195,—,7,ШОРТ,0.09522,0.009545999999999999,1.7166240596865219,FLAT,TP1,0.29,3.09
2026-04-21T13:44:24,AAVEUSDT,bos_fvg,185,—,41,ШОРТ,91.76,0.008294000000000001,21.208264032517402,FLAT,LOSS,0.02,1.89
2026-04-21T13:44:24,ADAUSDT,short_dist,181,—,9,ЖДАТЬ,0.2489,0.01,3.1898168048003646,TP1,TP1,0.4,2.73
2026-04-21T13:44:24,GUNUSDT,bos_fvg,178,—,124,ЛОНГ,0.022112,0.013159,12.329875787222901,TP1,TP1,-0.85,-17.92
2026-04-21T13:44:24,XAUTUSDT,bos_fvg,176,—,-3,ШОРТ,4771.53,-0.010870999999999999,0.051247504757794896,TP1,TP1,-0.85,-0.65
2026-04-21T13:44:24,BTCUSDT,squeeze,116,—,97,ЛОНГ,76068.94,0.000227,2.2464839229306555,FLAT,TP1,0.45,2.65
2026-04-21T13:44:24,PIEVERSEUSDT,squeeze,113,—,57,ЛОНГ,0.91032,0.005,4.909353928541461,LOSS,WIN,-0.65,1.45
2026-04-21T13:44:24,ETHUSDT,bos_fvg,161,—,70,ШОРТ,2312.32,-0.0073620000000000005,0.4760377233085493,FLAT,STOP,0.35,3.32
2026-04-21T13:44:24,ORDIUSDT,short_dist,153,—,7,ШОРТ,4.607,-0.039339000000000006,2.275385506679457,LOSS,WIN,1.41,-2.78
2026-04-21T13:44:24,1000PEPEUSDT,bos_fvg,152,—,80,ЛОНГ,0.0037712,0.008482,3.767771668572166,WIN,TP1,1.0,4.13
2026-04-21T13:44:24,SOLUSDT,short_dist,144,—,38,ЛОНГ,85.727,0.00775,6.59516180472723,WIN,TP1,0.96,3.05
2026-04-21T13:44:24,ZECUSDT,bos_fvg,144,—,72,ЛОНГ,326.07,0.001697,1.470846169413763,WIN,STOP,1.35,-2.62
2026-04-21T13:44:24,XRPUSDT,bos_fvg,143,—,72,ЛОНГ,1.4337,0.00202,-3.157895576480283,WIN,TP1,0.51,1.17
2026-04-21T13:44:24,BASEDUSDT,bos_fvg,132,—,80,ЛОНГ,0.1286,0.005,2.0961722654760746,LOSS,LOSS,-0.62,-6.92
2026-04-21T17:00:35,ADAUSDT,short_dist,221,—,-3,ШОРТ,0.2467,0.008883,2.260943326444622,STOP,STOP,-0.16,3.73
2026-04-21T17:00:35,PIEVERSEUSDT,squeeze,157,—,98,ЛОНГ,0.92674,0.005,-0.2896771086240695,LOSS,TP1,-2.05,8.43
2026-04-21T17:00:35,XAUTUSDT,squeeze,147,—,43,ЛОНГ,4696.6,-0.020007,-5.107835734752828,TP1,TP1,-0.15,0.68
2026-04-21T17:00:35,BTCUSDT,short_dist,192,—,17,ЛОНГ,75723.08,-0.0034579999999999997,0.863746443618794,FLAT,TP1,-0.24,4.34
2026-04-21T17:00:35,DOGEUSDT,short_dist,189,—,30,ШОРТ,0.09458,0.005198,-0.8943177784131937,FLAT,STOP,-0.35,3.82
2026-04-21T17:00:35,SOLUSDT,short_dist,186,—,-2,ШОРТ,85.622,0.003221,2.6788655514312567,STOP,STOP,-0.42,4.24
2026-04-21T17:00:35,ETHUSDT,short_dist,181,—,-6,ШОРТ,2305.74,-0.005012,-3.7823217291232463,FLAT,STOP,-0.06,5.03
2026-04-21T17:00:35,AAVEUSDT,short_dist,179,—,58,ШОРТ,91.4,0.006345,10.569395320680899,FLAT,STOP,-0.04,3.53
2026-04-21T17:00:35,1000PEPEUSDT,short_dist,179,—,73,ЛОНГ,0.0037653,0.01,4.830374707471634,LOSS,TP1,-0.78,4.43
2026-04-21T17:00:35,HYPEUSDT,short_dist,178,—,48,ШОРТ,39.98,0.01,-0.6011060021496905,WIN,STOP,-1.23,3.51
2026-04-21T17:00:35,BASEDUSDT,squeeze,123,—,109,ЛОНГ,0.1223,-0.037706,-3.779404022074583,WIN,LOSS,0.74,-2.45
2026-04-21T17:00:35,GUNUSDT,squeeze,118,—,37,ЛОНГ,0.01824,-0.02153,-21.858675885365088,WIN,LOSS,3.02,-5.94
2026-04-21T17:00:35,ZECUSDT,bos_fvg,162,—,76,ЖДАТЬ,315.96,-0.015375999999999999,2.9921815888461936,TP1,TP1,0.1,1.23
2026-04-21T17:00:35,ORDIUSDT,squeeze,101,—,85,ЛОНГ,4.833,-0.063578,8.10466028220547,LOSS,STOP,-3.08,-7.49
2026-04-21T17:00:35,XRPUSDT,bos_fvg,140,—,8,ЛОНГ,1.4276,0.004784,2.2041037645551613,FLAT,TP1,-0.19,2.32
2026-04-21T17:15:50,ADAUSDT,short_dist,208,—,43,ШОРТ,0.2459,0.01,2.8754667262324514,STOP,STOP,-0.12,3.82
2026-04-21T17:15:50,XAUTUSDT,squeeze,144,—,79,ЛОНГ,4690.6,-0.017945,-4.721628630803678,TP1,TP1,-0.22,0.75
2026-04-21T17:15:50,DOGEUSDT,short_dist,189,—,29,ШОРТ,0.0943,0.005047,-1.5491516312808624,STOP,STOP,-0.14,3.97
2026-04-21T17:15:50,PIEVERSEUSDT,squeeze,138,—,86,ЛОНГ,0.92863,0.005,1.7244298286893116,LOSS,TP1,-2.86,6.44
2026-04-21T17:15:50,1000PEPEUSDT,short_dist,187,—,45,ЛОНГ,0.003743,0.01,3.7256440523879504,FLAT,TP1,-0.45,4.94
2026-04-21T17:15:50,HYPEUSDT,short_dist,185,—,40,ШОРТ,39.725,0.01,-0.6451585741092765,STOP,STOP,-0.83,3.6
2026-04-21T17:15:50,AAVEUSDT,short_dist,184,—,39,ШОРТ,91.33,0.009784,9.986707172865373,FLAT,STOP,-0.19,3.45
2026-04-21T17:15:50,BASEDUSDT,squeeze,126,—,60,ЛОНГ,0.1226,-0.069113,-2.208642650083652,WIN,LOSS,2.77,-2.61
2026-04-21T17:15:50,ETHUSDT,short_dist,174,—,21,ШОРТ,2299.42,-0.007354,-3.378899375997404,FLAT,STOP,0.21,4.81
2026-04-21T17:15:50,SOLUSDT,short_dist,173,—,-53,ШОРТ,85.33,-0.00148,2.796825330890809,STOP,STOP,-0.54,4.3
2026-04-21T17:15:50,BTCUSDT,short_dist,171,—,47,ЛОНГ,75499.8,-0.004096,0.7827307655454611,FLAT,TP1,-0.09,4.57
2026-04-21T17:15:50,ORDIUSDT,bos_fvg,170,—,68,ШОРТ,4.705,-0.043973,7.695050452228397,WIN,WIN,-1.02,-4.25
2026-04-21T17:15:50,GUNUSDT,squeeze,112,—,23,ЛОНГ,0.018798,-0.013909999999999999,-22.245718518823416,FLAT,LOSS,0.44,-9.07
2026-04-21T17:15:50,XRPUSDT,bos_fvg,158,—,32,ЛОНГ,1.4224,0.002778,1.930941937668266,FLAT,TP1,-0.18,2.47
2026-04-21T17:15:50,ZECUSDT,bos_fvg,154,—,56,ЖДАТЬ,315.32,-0.013605,2.4030028287254375,TP1,TP1,-0.38,1.91
2026-04-21T17:21:20,AAVEUSDT,short_dist,205,—,42,ШОРТ,91.22,0.01,9.851748800885815,FLAT,STOP,-0.07,3.57
2026-04-21T17:21:20,ADAUSDT,short_dist,200,—,29,ШОРТ,0.2446,0.007904999999999999,3.388860456724232,STOP,STOP,0.41,4.37
2026-04-21T17:21:20,PIEVERSEUSDT,squeeze,145,—,119,ЛОНГ,0.93072,0.005,1.715933092459618,LOSS,TP1,-3.08,6.2
2026-04-21T17:21:20,DOGEUSDT,short_dist,190,—,33,ШОРТ,0.09381,0.0032719999999999997,-1.7826489596665742,STOP,STOP,0.38,4.51
2026-04-21T17:21:20,HYPEUSDT,short_dist,185,—,68,ШОРТ,39.58,0.01,-0.8068652549286756,STOP,STOP,-0.46,3.98
2026-04-21T17:21:20,SOLUSDT,short_dist,182,—,-13,ШОРТ,84.84,-0.001809,2.2948153309619816,STOP,STOP,0.04,4.9
2026-04-21T17:21:20,1000PEPEUSDT,short_dist,180,—,101,ЖДАТЬ,0.003718,0.009405,5.631819356714595,TP1,TP1,0.22,5.65
2026-04-21T17:21:20,ORDIUSDT,bos_fvg,178,—,76,ШОРТ,4.643,-0.039241,6.706647302070558,FLAT,WIN,0.3,-2.97
2026-04-21T17:21:20,ETHUSDT,short_dist,174,—,43,ШОРТ,2288.23,-0.007539,-2.608602299774004,STOP,STOP,0.7,5.33
2026-04-21T17:21:20,FARTCOINUSDT,short_dist,169,—,70,ШОРТ,0.19787,0.005,-6.258644001558987,STOP,STOP,0.6,6.4
2026-04-21T17:21:20,XAUTUSDT,squeeze,114,—,83,ЛОНГ,4686.4,-0.017534,-4.914142343646635,TP1,TP1,-0.13,0.84
2026-04-21T17:21:20,GUNUSDT,short_dist,162,—,61,ШОРТ,0.018717,-0.004738,-21.346090235606557,LOSS,WIN,0.87,-8.68
2026-04-21T17:21:20,ZECUSDT,bos_fvg,162,—,74,ЖДАТЬ,314.68,-0.011084,2.331189469099563,TP1,TP1,-0.17,2.12
2026-04-21T17:21:20,BTCUSDT,squeeze,111,—,59,ЛОНГ,75107.46,-0.0037530000000000003,-0.0588849209082528,TP1,TP1,0.43,5.12
2026-04-21T17:21:20,BASEDUSDT,squeeze,108,—,81,ЛОНГ,0.1245,-0.08365500000000001,-1.8207488833815617,WIN,LOSS,1.2,-4.1
2026-04-21T17:21:20,XRPUSDT,short_dist,141,—,37,ЛОНГ,1.4147,0.003082,1.2450091427115304,TP1,TP1,0.37,3.03
2026-04-21T21:01:53,AAVEUSDT,short_dist,193,—,52,ШОРТ,91.22,0.01,7.486358082923326,FLAT,STOP,-0.19,4.36
2026-04-21T21:01:53,DOGEUSDT,short_dist,190,—,10,ШОРТ,0.0946,0.004986,-1.2783397150759468,FLAT,STOP,-0.05,3.03
2026-04-21T21:01:53,SOLUSDT,short_dist,187,—,26,ШОРТ,85.39,0.00626,1.2756934887510385,FLAT,STOP,-0.07,3.15
2026-04-21T21:01:53,HYPEUSDT,short_dist,185,—,28,ШОРТ,39.323,0.01,1.3971060254372103,LOSS,STOP,0.53,4.03
2026-04-21T21:01:53,SUIUSDT,bos_fvg,181,—,60,ШОРТ,0.9394,0.004966,3.081198901418293,FLAT,STOP,-0.03,3.2
2026-04-21T21:01:53,ADAUSDT,bos_fvg,176,—,77,ШОРТ,0.2475,-0.007202,2.898147303267276,FLAT,STOP,0.24,2.63
2026-04-21T21:01:53,FARTCOINUSDT,short_dist,173,—,78,ШОРТ,0.19682,0.005,-11.926255653611175,FLAT,STOP,-0.16,7.32
2026-04-21T21:01:53,ZECUSDT,bos_fvg,170,—,80,ШОРТ,311.38,-0.0035670000000000003,6.884911484925,FLAT,STOP,-0.41,4.48
2026-04-21T21:01:53,XAUTUSDT,short_dist,169,—,69,ШОРТ,4706.8,0.003388,-5.459610309134138,FLAT,FLAT,0.03,0.22
2026-04-21T21:01:53,ETHUSDT,bos_fvg,169,—,35,ШОРТ,2314.94,-0.000852,-2.885919513923792,FLAT,STOP,-0.02,3.7
2026-04-21T21:01:53,XRPUSDT,bos_fvg,165,—,12,ЛОНГ,1.4227,0.008611,2.263789049014066,FLAT,TP1,-0.04,2.05
2026-04-21T21:01:53,BASEDUSDT,squeeze,114,—,78,ЛОНГ,0.125,-0.017011000000000002,-6.278533549542564,WIN,LOSS,4.48,-6.32
2026-04-21T21:01:53,PIEVERSEUSDT,bos_fvg,163,—,118,ЖДАТЬ,0.91648,0.005,8.083684851679568,TP1,TP1,-0.85,10.49
2026-04-21T21:01:53,CLUSDT,squeeze,105,—,65,ЛОНГ,90.223,0.0,-18.86480318499672,FLAT,WIN,0.05,2.84
2026-04-21T21:01:53,1000PEPEUSDT,short_dist,153,—,83,ШОРТ,0.003767,0.0046,1.8003286792103037,FLAT,STOP,0.24,4.06
2026-04-21T21:01:53,BTCUSDT,short_dist,150,—,46,ЖДАТЬ,75677.81,-0.00035099999999999997,0.04097295442063709,TP1,TP1,-0.23,4.28
2026-04-21T21:01:53,ORDIUSDT,bos_fvg,145,—,79,ШОРТ,4.601,-0.015465,4.504292764449902,FLAT,FLAT,0.33,-0.3
2026-04-21T21:01:53,GUNUSDT,short_dist,144,—,98,ШОРТ,0.018866,0.005,-23.12572988817973,LOSS,WIN,4.19,-14.44
2026-04-22T01:12:25,HYPEUSDT,short_dist,210,—,6,ШОРТ,39.81,0.01,3.7816441003566243,FLAT,STOP,0.48,4.17
2026-04-22T01:12:25,XAUTUSDT,short_dist,210,—,-12,ШОРТ,4723.06,0.002393,-5.17453002651399,FLAT,FLAT,0.36,-0.14
2026-04-22T01:12:25,FARTCOINUSDT,short_dist,203,—,27,ШОРТ,0.20003,0.005,-11.24558751337919,LOSS,STOP,0.52,3.46
2026-04-22T01:12:25,CLUSDT,squeeze,145,—,37,ЛОНГ,89.397,0.006098999999999999,-28.0472559980663,FLAT,WIN,0.01,3.43
2026-04-22T01:12:25,RAVEUSDT,short_dist,188,—,45,ЛОНГ,1.46999,0.00125,-23.11736422226144,LOSS,LOSS,-1.27,-23.34
2026-04-22T01:12:25,DOGEUSDT,short_dist,185,—,32,ШОРТ,0.0951,0.0038540000000000002,-0.33666539451076816,FLAT,STOP,0.24,1.6
2026-04-22T01:12:25,ORDIUSDT,bos_fvg,185,—,44,ШОРТ,4.706,0.005,11.536015843801882,LOSS,WIN,0.96,-4.93
2026-04-22T01:12:25,BASEDUSDT,breakout,128,—,148,ЛОНГ,0.1301,-0.061644,-3.4752573524770445,FLAT,STOP,0.46,-9.38
2026-04-22T01:12:25,AAVEUSDT,short_dist,174,—,40,ШОРТ,91.94,0.01,5.286644297059752,LOSS,STOP,0.66,2.93
2026-04-22T01:12:25,GUNUSDT,short_dist,174,—,56,ЖДАТЬ,0.019419,0.005,-17.141011901893442,TP1,TP1,-0.06,-17.53
2026-04-22T01:12:25,PIEVERSEUSDT,short_dist,170,—,54,ШОРТ,0.8539,0.005,-8.346655556514696,STOP,STOP,0.27,17.1
2026-04-22T01:12:25,SUIUSDT,short_dist,169,—,24,ШОРТ,0.94795,0.01,4.101741363044038,FLAT,STOP,0.46,0.98
2026-04-22T01:12:25,ZECUSDT,short_dist,167,—,6,ЖДАТЬ,317.52,0.01,0.25343128561500644,TP1,TP1,-0.74,2.18
2026-04-22T01:12:25,ADAUSDT,short_dist,158,—,-9,ШОРТ,0.2495,0.01,-0.5880261001369249,FLAT,STOP,0.4,0.76
2026-04-22T01:12:25,XRPUSDT,short_dist,151,—,58,ЛОНГ,1.429,0.00079,2.2212282303652593,FLAT,TP1,0.31,0.7
2026-04-22T01:12:25,ETHUSDT,short_dist,149,—,11,ШОРТ,2322.96,0.00033,-2.9246175612316416,FLAT,STOP,0.47,3.37
2026-04-22T01:12:25,BTCUSDT,short_dist,144,—,57,ШОРТ,76288.2,0.005357,-0.19725343819769486,LOSS,STOP,0.54,3.18
2026-04-22T01:12:25,1000PEPEUSDT,short_dist,138,—,60,ЛОНГ,0.003807,0.01,3.5446877456325416,FLAT,TP1,0.29,1.39
2026-04-22T01:12:25,SOLUSDT,short_dist,131,—,65,ЖДАТЬ,86.29,0.01,0.2292244730138884,TP1,TP1,0.42,1.39
2026-04-22T06:00:57,CLUSDT,squeeze,179,—,58,ЛОНГ,89.589,0.0,-23.726481571391876,LOSS,TP1,-0.77,6.1
2026-04-22T06:00:57,PIEVERSEUSDT,short_dist,177,—,106,ЖДАТЬ,0.88676,0.005,-8.555881405064587,TP1,TP1,4.52,4.64
2026-04-22T06:00:57,XAUTUSDT,short_dist,163,—,-6,ШОРТ,4737.17,0.00362,-5.33055643242566,FLAT,TP1,0.29,-1.13
2026-04-22T06:00:57,HYPEUSDT,short_dist,159,—,17,ШОРТ,40.295,0.01,2.620836275900586,LOSS,STOP,0.58,1.18
2026-04-22T06:00:57,AAVEUSDT,short_dist,145,—,58,ШОРТ,93.05,0.01,-5.215279106557071,FLAT,STOP,0.15,-0.91
2026-04-22T06:00:57,ADAUSDT,short_dist,143,—,26,ЛОНГ,0.2539,0.01,-3.9125207080930187,WIN,STOP,0.51,-3.19
2026-04-22T06:00:57,DOGEUSDT,short_dist,138,—,66,ЛОНГ,0.09614,0.001641,-7.105772404823213,WIN,TP1,1.63,-0.75
2026-04-22T06:00:57,ZECUSDT,short_dist,133,—,26,ЖДАТЬ,319.12,0.01,4.575940180201531,TP1,TP1,1.46,-1.68
2026-04-22T06:00:57,FARTCOINUSDT,short_dist,132,—,119,ЛОНГ,0.20704,0.005,-7.681308553372229,WIN,STOP,2.34,-5.67
2026-04-22T06:00:57,1000PEPEUSDT,short_dist,130,—,110,ЛОНГ,0.003874,0.01,-5.1763874182219585,WIN,STOP,0.54,-3.38
2026-04-22T06:00:57,SOLUSDT,short_dist,130,—,95,ЛОНГ,86.98,0.006855,-1.6797930324135033,WIN,TP1,1.1,-1.41
2026-04-22T06:00:57,BTCUSDT,breakout,126,—,126,ЛОНГ,77414.7,0.005265,5.6210311028809326,WIN,TP1,0.84,0.34
2026-04-22T06:00:57,METUSDT,bos_fvg,124,—,82,ЛОНГ,0.18357,-0.007116,44.2274942746136,WIN,LOSS,4.0,-4.02
2026-04-22T06:00:57,GUNUSDT,short_dist,124,—,114,ЖДАТЬ,0.019045,0.005,-21.30907803957031,TP1,TP1,-5.07,-15.51
2026-04-22T06:00:57,XRPUSDT,short_dist,117,—,81,ЛОНГ,1.4426,0.0037419999999999997,2.9469422584756804,WIN,STOP,0.98,-1.92
2026-04-22T06:00:57,RAVEUSDT,bos_fvg,111,—,68,ЛОНГ,1.43107,0.00125,2.5002796962509493,LOSS,STOP,-4.87,-35.26
2026-04-22T06:00:57,SUIUSDT,short_dist,106,—,97,ШОРТ,0.9631,0.01,6.583793554615772,LOSS,TP1,0.51,-3.21
2026-04-22T06:00:57,ETHUSDT,squeeze,103,—,82,ЛОНГ,2360.74,0.0038389999999999995,-0.7854579094176861,WIN,LOSS,1.48,-0.89
2026-04-22T06:00:57,BASEDUSDT,breakout,91,—,91,ЛОНГ,0.1337,0.005,1.4345160507083266,LOSS,STOP,-4.04,-9.65
2026-04-22T09:00:32,AAVEUSDT,short_dist,225,—,24,ШОРТ,93.67,0.01,-11.271516451702192,FLAT,STOP,-0.01,-1.65
2026-04-22T09:00:32,PIEVERSEUSDT,short_dist,205,—,74,ЖДАТЬ,0.91931,0.005,-7.406985681102368,TP1,TP1,0.58,-0.54
2026-04-22T09:00:32,METUSDT,squeeze,143,—,62,ЛОНГ,0.18732,-0.27759999999999996,52.00961428777813,WIN,LOSS,4.79,-10.0
2026-04-22T09:00:32,GUNUSDT,short_dist,177,—,55,ШОРТ,0.018321,-0.018167,-26.924675101315298,WIN,TP1,-1.21,-14.32
2026-04-22T09:00:32,HYPEUSDT,short_dist,174,—,10,ШОРТ,40.485,0.001115,3.3655241868213226,FLAT,STOP,0.11,1.47
2026-04-22T09:00:32,XAUTUSDT,short_dist,164,—,-11,ШОРТ,4741.07,0.005,-5.618790327260915,FLAT,TP1,-0.15,-1.0
2026-04-22T09:00:32,RAVEUSDT,bos_fvg,159,—,91,ЛОНГ,1.39847,0.00125,16.244676950133474,FLAT,STOP,0.44,-33.4
2026-04-22T09:00:32,BTCUSDT,squeeze,110,—,64,ЛОНГ,77949.58,0.0018199999999999998,6.4823880129521925,FLAT,FLAT,0.06,0.26
2026-04-22T09:00:32,DOGEUSDT,short_dist,143,—,69,ЛОНГ,0.09781,0.003533,-6.929218539696319,FLAT,STOP,-0.27,-1.79
2026-04-22T09:00:32,CLUSDT,squeeze,103,—,110,ЛОНГ,90.824,0.0,-13.125419205499767,FLAT,TP1,-0.05,3.32
2026-04-22T09:00:32,ZECUSDT,short_dist,140,—,35,ЖДАТЬ,318.54,0.01,3.6778213363760983,TP1,TP1,-0.35,-1.01
2026-04-22T09:00:32,FARTCOINUSDT,short_dist,138,—,80,ЛОНГ,0.21159,0.005,-4.772045641413003,LOSS,STOP,-1.35,-6.35
2026-04-22T09:00:32,ADAUSDT,squeeze,94,—,72,ЛОНГ,0.2546,0.01,-0.2191968242297036,FLAT,STOP,0.16,-2.79
2026-04-22T09:00:32,SOLUSDT,breakout,94,—,100,ЛОНГ,87.92,0.01,0.1445677015301635,FLAT,STOP,0.32,-2.24
2026-04-22T09:00:32,XRPUSDT,squeeze,94,—,64,ЛОНГ,1.4516,0.01,-0.33503328905534235,FLAT,STOP,-0.17,-2.05
2026-04-22T09:00:32,1000PEPEUSDT,squeeze,88,—,79,ЛОНГ,0.003898,0.01,-8.756827550619313,LOSS,STOP,-0.54,-2.59
2026-04-22T09:00:32,SUIUSDT,squeeze,83,—,28,ЛОНГ,0.96672,0.01,4.453667212462978,FLAT,STOP,-0.04,-2.74
2026-04-22T13:03:01,XAUTUSDT,short_dist,226,—,34,ШОРТ,4726.4,-0.0014579999999999999,-5.2802350922762455,FLAT,TP1,0.04,-1.14
2026-04-22T13:03:01,AAVEUSDT,short_dist,205,—,46,ШОРТ,93.64,0.01,-10.015585927027452,STOP,TP1,1.06,-2.84
2026-04-22T13:03:01,GUNUSDT,short_dist,190,—,95,ШОРТ,0.017289,0.005,-33.62032465391445,WIN,TP1,-0.76,-9.24
2026-04-22T13:03:01,CLUSDT,short_dist,186,—,49,ЛОНГ,91.409,0.0,-19.88687947199807,FLAT,TP1,-0.03,3.8
2026-04-22T13:03:01,PIEVERSEUSDT,breakout,134,—,146,ЛОНГ,1.04638,0.005,2.895360572539051,STOP,STOP,-3.96,-12.18
2026-04-22T13:03:01,METUSDT,squeeze,133,—,80,ЛОНГ,0.1847,-0.045724999999999995,65.40442844499044,WIN,LOSS,0.6,-3.97
2026-04-22T13:03:01,ADAUSDT,short_dist,171,—,80,ЛОНГ,0.2544,0.01,0.2521969454828062,WIN,STOP,0.59,-3.77
2026-04-22T13:03:01,RAVEUSDT,short_dist,170,—,39,ЛОНГ,1.24313,0.098138,9.05842271123339,LOSS,STOP,-11.26,-8.28
2026-04-22T13:03:01,HYPEUSDT,short_dist,165,—,48,ЛОНГ,41.149,0.008375,4.614613163068817,WIN,LOSS,0.57,-1.2
2026-04-22T13:03:01,BTCUSDT,squeeze,96,—,76,ЛОНГ,78156.23,-0.00094,8.355054718033077,WIN,STOP,1.1,-1.25
2026-04-22T13:03:01,FARTCOINUSDT,short_dist,143,—,61,ЛОНГ,0.20936,0.005,-1.2202011296615194,WIN,STOP,0.77,-7.11
2026-04-22T13:03:01,1000PEPEUSDT,bos_fvg,142,—,75,ЛОНГ,0.0039031,0.01,-9.304580746979434,WIN,STOP,0.74,-4.33
2026-04-22T13:03:01,XRPUSDT,squeeze,87,—,42,ЛОНГ,1.4487,0.008192999999999999,3.322569034769412,WIN,STOP,0.83,-2.8
2026-04-22T13:03:01,SOLUSDT,short_dist,135,—,64,ЛОНГ,88.52,0.01,-0.7367286835019501,WIN,STOP,0.82,-3.76
2026-04-22T13:03:01,SUIUSDT,squeeze,84,—,77,ЛОНГ,0.9662,0.01,3.668787892174561,WIN,STOP,0.89,-3.74
2026-04-22T13:03:01,DOGEUSDT,short_dist,133,—,69,ЛОНГ,0.09748,0.009235,-3.9439737558336887,WIN,STOP,0.73,-2.29
2026-04-22T13:03:01,ZECUSDT,bos_fvg,130,—,54,ЖДАТЬ,317.4,-0.001689,5.935660187980119,TP1,TP1,0.78,-0.88
2026-04-22T17:54:18,XAUTUSDT,short_dist,202,—,10,ШОРТ,4711.4,0.005,-0.39913295205399385,FLAT,TP1,0.21,0.09
2026-04-22T17:54:18,ETHUSDT,short_dist,194,—,47,ЛОНГ,2385.39,0.000498,7.12091712323444,FLAT,STOP,0.43,-2.2
2026-04-22T17:54:18,XRPUSDT,short_dist,190,—,-33,ЛОНГ,1.4461,0.009288000000000001,1.2688072653811662,FLAT,STOP,0.06,-1.16
2026-04-22T17:54:18,AAVEUSDT,short_dist,188,—,51,ШОРТ,94.01,0.01,-6.855366223176906,LOSS,WIN,0.64,-0.97
2026-04-22T17:54:18,HYPEUSDT,short_dist,172,—,49,ШОРТ,40.892,0.006889,7.230325273468516,LOSS,STOP,0.63,1.6
2026-04-22T17:54:18,RAVEUSDT,breakout,120,—,132,ЛОНГ,1.16956,0.00125,-3.4577913691632323,LOSS,STOP,-2.58,-9.86
2026-04-22T17:54:18,SUIUSDT,short_dist,167,—,25,ЛОНГ,0.96111,-0.0008420000000000001,5.755047478177222,FLAT,STOP,0.44,-1.66
2026-04-22T17:54:18,PIEVERSEUSDT,short_dist,163,—,43,ЛОНГ,0.98864,0.005,-0.05060090045797041,WIN,STOP,5.82,-8.93
2026-04-22T17:54:18,1000PEPEUSDT,short_dist,162,—,77,ЛОНГ,0.00389,-0.004238,-9.679636323660137,FLAT,STOP,0.1,-1.95
2026-04-22T17:54:18,ADAUSDT,short_dist,158,—,24,ЛОНГ,0.2527,0.01,-0.8744462652310507,FLAT,STOP,0.24,-1.46
2026-04-22T17:54:18,BTCUSDT,squeeze,106,—,94,ЛОНГ,78699.2,-0.009112,12.83297696106558,FLAT,STOP,0.36,-0.71
2026-04-22T17:54:18,FARTCOINUSDT,short_dist,156,—,96,ЛОНГ,0.20793,0.005,-2.5552378356586,WIN,STOP,1.12,-4.16
2026-04-22T17:54:18,SOLUSDT,short_dist,155,—,75,ЛОНГ,87.63,0.01,6.0841817077855485,FLAT,STOP,0.16,-1.86
2026-04-22T17:54:18,DOGEUSDT,short_dist,155,—,21,ЛОНГ,0.09691,0.00405,0.30083781174802204,FLAT,STOP,0.13,0.12
2026-04-22T17:54:18,ZECUSDT,bos_fvg,151,—,69,ЛОНГ,325.05,0.01,3.2054979528259717,FLAT,STOP,-0.47,0.16
2026-04-22T17:54:18,METUSDT,bos_fvg,137,—,79,ЛОНГ,0.18503,0.005,62.32329201653464,WIN,STOP,2.51,-5.7
2026-04-22T17:54:18,CLUSDT,short_dist,133,—,65,ЛОНГ,93.609,0.0,-6.735146417618338,STOP,TP1,-0.8,-0.55
2026-04-22T19:17:19,RAVEUSDT,short_dist,167,—,54,ШОРТ,1.14391,0.00125,-3.6897540523010344,FLAT,WIN,-0.2,-13.61
2026-04-22T19:17:19,SOLUSDT,bos_fvg,167,—,88,ЛОНГ,87.504,0.004629,4.909256977142687,FLAT,STOP,-0.3,-1.66
2026-04-22T19:17:19,XAUTUSDT,short_dist,163,—,77,ШОРТ,4718.8,-0.008468,4.156686518763635,FLAT,TP1,-0.02,-0.29
2026-04-22T19:17:19,XRPUSDT,short_dist,156,—,23,ЛОНГ,1.4438,0.002382,3.5302167625261607,FLAT,STOP,-0.47,-0.98
2026-04-22T19:17:19,ZECUSDT,bos_fvg,156,—,101,ШОРТ,323.03,0.01,0.5206558058011667,WIN,STOP,-1.56,0.47
2026-04-22T19:17:19,ADAUSDT,short_dist,156,—,18,ЛОНГ,0.2529,0.01,-1.629604813905508,FLAT,STOP,-0.32,-1.11
2026-04-22T19:17:19,BTCUSDT,squeeze,103,—,112,ЛОНГ,78838.78,-0.009418,13.942077181273469,FLAT,STOP,-0.38,-0.75
2026-04-22T19:17:19,METUSDT,bos_fvg,152,—,25,ЛОНГ,0.19449,0.005,34.624630150796,LOSS,STOP,-2.39,-9.24
2026-04-22T19:17:19,CLUSDT,short_dist,152,—,25,ЛОНГ,92.696,0.0,-16.97329680600241,FLAT,TP1,-0.26,1.77
2026-04-22T19:17:19,1000PEPEUSDT,squeeze,100,—,40,ЛОНГ,0.0038742,-0.005049,-12.500769511946128,LOSS,STOP,-0.65,-1.53
2026-04-22T19:17:19,SUIUSDT,squeeze,99,—,60,ЛОНГ,0.96339,-0.012396,7.81639383227878,LOSS,STOP,-0.94,-1.79
2026-04-22T19:17:19,DOGEUSDT,bos_fvg,148,—,82,ЛОНГ,0.09683,0.003558,0.6426534577755602,FLAT,STOP,-0.37,0.11
2026-04-22T19:17:19,HYPEUSDT,short_dist,137,—,22,ЖДАТЬ,41.212,0.004762,5.904788471414331,TP1,TP1,-0.83,0.91
2026-04-22T19:17:19,ETHUSDT,bos_fvg,136,—,76,ЛОНГ,2394.47,-0.0041860000000000005,8.281870835058152,FLAT,STOP,0.08,-2.76
2026-04-22T19:17:19,FARTCOINUSDT,short_dist,130,—,83,ЛОНГ,0.20933,0.005,-0.6060845065029272,LOSS,STOP,-1.56,-4.62
2026-04-22T19:17:19,PIEVERSEUSDT,short_dist,124,—,83,ЛОНГ,1.05059,0.042883,-2.3208574439168963,LOSS,STOP,-3.25,-14.8
2026-04-22T19:17:19,AAVEUSDT,short_dist,117,—,53,ШОРТ,94.24,0.01,-4.983624230534232,FLAT,TP1,-0.08,-0.77
2026-04-22T19:40:30,SOLUSDT,bos_fvg,169,—,87,ЛОНГ,87.201,0.00321,4.89598218207808,FLAT,STOP,-0.05,-1.3
2026-04-22T19:40:30,1000PEPEUSDT,squeeze,105,—,60,ЛОНГ,0.0038526,-0.004837,-13.131202745756962,FLAT,STOP,-0.3,-0.98
2026-04-22T19:40:30,BTCUSDT,squeeze,103,—,112,ЛОНГ,78809.4,-0.009074,14.329192424045212,FLAT,STOP,-0.44,-0.67
2026-04-22T19:40:30,SUIUSDT,squeeze,103,—,43,ЛОНГ,0.9547,-0.015165,7.4570051254436125,FLAT,STOP,-0.13,-0.9
2026-04-22T19:40:30,ZECUSDT,bos_fvg,148,—,51,ЖДАТЬ,318.87,0.01,2.3003867680557772,TP1,TP1,-0.33,2.2
2026-04-22T19:40:30,FARTCOINUSDT,bos_fvg,142,—,33,ЛОНГ,0.20605,0.005,-0.8594900563652922,FLAT,STOP,-0.32,-3.4
2026-04-22T19:40:30,METUSDT,bos_fvg,139,—,59,ЛОНГ,0.19192,0.005,31.442892431812098,FLAT,STOP,-0.37,-8.38
2026-04-22T19:40:30,ETHUSDT,squeeze,82,—,76,ЛОНГ,2394.44,-0.0033130000000000004,8.201047361440542,FLAT,STOP,-0.1,-2.69
2026-04-22T19:40:30,DOGEUSDT,squeeze,80,—,59,ЛОНГ,0.09646,0.001097,-0.8326267436255631,FLAT,WIN,-0.09,0.67
2026-04-22T19:41:41,1000PEPEUSDT,squeeze,108,—,62,ЛОНГ,0.0038531,-0.005009,-13.30781666304784,FLAT,STOP,-0.31,-0.99
2026-04-22T19:41:41,BTCUSDT,squeeze,106,—,92,ЛОНГ,78816.6,-0.009052,14.361391112234573,FLAT,STOP,-0.45,-0.68
2026-04-22T19:41:41,SUIUSDT,squeeze,103,—,43,ЛОНГ,0.9544,-0.015161999999999998,7.460395901659432,FLAT,STOP,-0.09,-0.87
2026-04-22T19:41:41,SOLUSDT,bos_fvg,151,—,65,ЛОНГ,87.24,0.002834,4.943376334741389,FLAT,STOP,-0.09,-1.34
2026-04-22T19:41:41,METUSDT,bos_fvg,151,—,59,ЛОНГ,0.19269,0.005,31.405044389835908,LOSS,STOP,-0.77,-8.74
2026-04-22T19:41:41,FARTCOINUSDT,bos_fvg,142,—,67,ЛОНГ,0.20619,0.005,-0.9039533452924233,FLAT,STOP,-0.39,-3.47
2026-04-22T19:41:41,ETHUSDT,squeeze,90,—,42,ЛОНГ,2394.79,-0.0032700000000000003,8.217372337749646,FLAT,STOP,-0.11,-2.71
2026-04-22T19:41:41,DOGEUSDT,squeeze,80,—,47,ЛОНГ,0.09647,0.000884,-0.8317457046766964,FLAT,WIN,-0.1,0.66
2026-04-22T19:42:49,SOLUSDT,bos_fvg,167,—,65,ЛОНГ,87.24,0.002908,4.95332372469917,FLAT,STOP,-0.09,-1.34
2026-04-22T19:42:49,BTCUSDT,squeeze,106,—,114,ЛОНГ,78810.3,-0.009054,14.392931521372113,FLAT,STOP,-0.44,-0.67
2026-04-22T19:42:49,1000PEPEUSDT,squeeze,105,—,60,ЛОНГ,0.003854,-0.004946,-13.249363938246125,FLAT,STOP,-0.34,-1.01
2026-04-22T19:42:49,SUIUSDT,squeeze,103,—,43,ЛОНГ,0.9546,-0.015134,7.476141189235863,FLAT,STOP,-0.12,-0.89
2026-04-22T19:42:49,METUSDT,bos_fvg,151,—,62,ЛОНГ,0.19245,0.005,31.35931429230147,LOSS,STOP,-0.64,-8.63
2026-04-22T19:42:49,FARTCOINUSDT,bos_fvg,142,—,67,ЛОНГ,0.20625,0.005,-0.9064226149879698,FLAT,STOP,-0.42,-3.5
2026-04-22T19:42:49,DOGEUSDT,bos_fvg,140,—,79,ЛОНГ,0.09648,0.0008389999999999999,-0.852645991720091,FLAT,WIN,-0.11,0.65
2026-04-22T19:42:49,ETHUSDT,squeeze,82,—,76,ЛОНГ,2394.71,-0.003249,8.216077954252565,FLAT,STOP,-0.11,-2.71
2026-04-22T21:00:42,METUSDT,bos_fvg,177,—,84,ЛОНГ,0.18984,0.005,20.540690819220114,LOSS,STOP,-1.85,-8.74
2026-04-22T21:00:42,BTCUSDT,squeeze,119,—,66,ЛОНГ,78376.8,-0.010127,13.887269170737984,FLAT,STOP,0.43,-0.58
2026-04-22T21:00:42,1000PEPEUSDT,squeeze,119,—,47,ЛОНГ,0.0038324,-0.0027229999999999997,-14.542323486803982,WIN,STOP,0.72,-2.07
2026-04-22T21:00:42,SOLUSDT,bos_fvg,165,—,70,ЛОНГ,87.062,0.000157,4.633011419096326,FLAT,STOP,0.49,-1.94
2026-04-22T21:00:42,SUIUSDT,bos_fvg,160,—,7,ЖДАТЬ,0.9519,-0.017662,7.571784671967224,TP1,TP1,0.56,-1.89
2026-04-22T21:00:42,DOGEUSDT,squeeze,81,—,67,ЛОНГ,0.09626,-0.002673,-1.5316416519830895,FLAT,FLAT,0.37,-0.22
2026-04-22T21:00:42,ETHUSDT,squeeze,74,—,83,ЛОНГ,2390.3,-0.0037329999999999998,9.586758807027575,FLAT,STOP,0.46,-3.28
2026-04-23T01:05:38,1000PEPEUSDT,squeeze,195,—,59,ЛОНГ,0.0037965,-0.044475,-18.5864000871456,FLAT,STOP,-0.43,0.57
2026-04-23T01:05:38,DOGEUSDT,squeeze,161,—,86,ЛОНГ,0.09612,-0.013753999999999999,-5.189101820544708,FLAT,WIN,-0.15,1.25
2026-04-23T01:05:38,SUIUSDT,squeeze,151,—,31,ЛОНГ,0.9428,-0.005995,3.3259112934138244,FLAT,STOP,-0.43,0.04
2026-04-23T01:05:38,XAUTUSDT,bos_fvg,151,—,63,ШОРТ,4724.92,0.004085,3.3234809968802703,TP1,TP1,-0.79,-0.87
2026-04-23T01:05:38,FARTCOINUSDT,bos_fvg,151,—,87,ЖДАТЬ,0.20045,0.005,-2.3936185199243205,TP1,TP1,-0.85,0.23
2026-04-23T01:05:38,BTCUSDT,squeeze,148,—,108,ЛОНГ,78275.87,-0.001284,9.721812099073807,FLAT,STOP,-0.2,-0.33
2026-04-23T01:05:38,PENGUUSDT,bos_fvg,145,—,86,ЛОНГ,0.008261,0.004198,16.8898250396884,WIN,WIN,0.82,2.36
2026-04-23T01:05:38,HYPEUSDT,squeeze,139,—,50,ЛОНГ,41.316,-0.001031,3.079928647011361,LOSS,FLAT,-0.89,-0.23
2026-04-23T01:05:38,ETHUSDT,bos_fvg,139,—,61,ЖДАТЬ,2366.47,-0.007174,8.971467383112488,TP1,TP1,-0.32,-1.59
2026-04-23T01:05:38,XRPUSDT,bos_fvg,139,—,41,ЖДАТЬ,1.427,-0.004658,-1.2779316670074135,TP1,STOP,-0.34,0.57
2026-04-23T01:05:38,ADAUSDT,bos_fvg,137,—,63,ШОРТ,0.2485,0.0011070000000000001,-1.065764326055887,WIN,FLAT,-0.6,0.28
2026-04-23T01:05:38,METUSDT,squeeze,133,—,90,ЛОНГ,0.17946,-0.037892999999999996,-14.029554334582189,WIN,STOP,7.23,-1.69
2026-04-23T01:05:38,SOLUSDT,squeeze,130,—,29,ЛОНГ,86.63,-0.005869999999999999,2.3173319912489903,LOSS,STOP,-0.58,-0.81
2026-04-23T01:05:38,AAVEUSDT,bos_fvg,126,—,47,ШОРТ,93.42,0.01,-5.1344366231651435,WIN,LOSS,-0.76,1.64
2026-04-23T01:05:38,ZECUSDT,bos_fvg,115,—,60,ЖДАТЬ,316.48,0.002591,6.293813312313818,TP1,TP1,0.08,8.97
2026-04-23T05:00:39,SOLUSDT,squeeze,193,—,44,ЛОНГ,85.92,-0.0006860000000000001,0.6817233858783824,FLAT,STOP,0.03,0.21
2026-04-23T05:00:39,DOGEUSDT,squeeze,177,—,119,ЛОНГ,0.09585,-0.021651999999999998,3.896456481201245,FLAT,TP1,0.22,2.02
2026-04-23T05:00:39,ETHUSDT,squeeze,176,—,57,ЛОНГ,2346.81,-0.000783,4.168732787228871,FLAT,STOP,0.15,-0.81
2026-04-23T05:00:39,PENGUUSDT,bos_fvg,138,—,96,ЛОНГ,0.008518,0.005,15.086682374233662,WIN,WIN,0.96,3.32
2026-04-23T05:00:39,BTCUSDT,squeeze,162,—,48,ЛОНГ,77878.4,-0.006064,3.2065488915768743,FLAT,STOP,0.36,0.61
2026-04-23T05:00:39,1000PEPEUSDT,squeeze,162,—,81,ЛОНГ,0.0037615,-0.038565,-13.798910212347012,WIN,WIN,0.94,2.49
2026-04-23T05:00:39,ADAUSDT,squeeze,149,—,43,ЛОНГ,0.2467,-0.012394,1.3886492749251362,FLAT,WIN,0.32,1.54
2026-04-23T10:27:18,DOGEUSDT,squeeze,175,—,91,ЛОНГ,0.09539,-0.025556,5.811489693764906,WIN,TP1,0.51,2.55
2026-04-23T10:27:18,CHIPUSDT,squeeze,175,—,97,ЛОНГ,0.11102,-0.318279,11.416421256880966,LOSS,LOSS,-6.86,-14.38
2026-04-23T10:27:18,1000PEPEUSDT,squeeze,171,—,114,ЛОНГ,0.003753,-0.019459999999999998,-8.231368907959732,FLAT,TP1,0.32,2.18
2026-04-23T10:27:18,PENGUUSDT,bos_fvg,135,—,34,ЛОНГ,0.008321,0.005,10.27740916615803,WIN,TP1,0.76,3.06
2026-04-23T10:27:18,STRKUSDT,bos_fvg,128,—,36,ЛОНГ,0.04546,0.005,8.354028189225335,LOSS,STOP,-5.54,-6.82
2026-04-23T10:27:18,ZECUSDT,breakout,136,—,123,ЛОНГ,314.48,0.006934,3.900963240381119,WIN,TP1,0.77,9.08
2026-04-23T10:27:18,ETHUSDT,bos_fvg,126,—,50,ШОРТ,2318.67,-0.003249,-0.9607246301899299,STOP,STOP,0.01,-0.24
2026-04-23T10:27:18,HYPEUSDT,squeeze,136,—,67,ЛОНГ,40.93,-0.003832,3.1949224655979998,FLAT,FLAT,0.35,0.35
2026-04-23T10:27:18,SUIUSDT,squeeze,132,—,36,ЛОНГ,0.9331,-0.010707,1.8270539468914042,WIN,WIN,0.54,1.07
2026-04-23T10:27:18,BTCUSDT,squeeze,131,—,103,ЛОНГ,77485.7,-0.004791,1.6372465297877365,FLAT,FLAT,-0.08,0.26
2026-04-23T10:27:18,XRPUSDT,squeeze,125,—,21,ЛОНГ,1.4121,-0.010964999999999999,1.5809525461340572,FLAT,TP1,0.01,1.17
2026-04-23T13:13:37,1000PEPEUSDT,squeeze,207,—,149,ЛОНГ,0.0037816,-0.010738000000000001,-6.160579458425264,FLAT,STOP,-0.23,0.57
2026-04-23T13:13:37,CHIPUSDT,squeeze,181,—,109,ЛОНГ,0.10424,-0.233368,-6.0978756820997555,LOSS,LOSS,-4.35,-9.09
2026-04-23T13:13:37,DOGEUSDT,bos_fvg,190,—,139,ЛОНГ,0.09654,-0.009205999999999999,7.789405311479449,STOP,STOP,-0.26,0.66
2026-04-23T13:13:37,SUIUSDT,squeeze,163,—,70,ЛОНГ,0.93957,-0.018559,1.6616204583925296,FLAT,STOP,-0.1,0.05
2026-04-23T13:13:37,SOLUSDT,squeeze,150,—,62,ЛОНГ,85.828,-0.0009530000000000001,-2.199082128446396,FLAT,STOP,-0.34,-0.63
2026-04-23T13:13:37,XAUTUSDT,breakout,148,—,149,ЛОНГ,4708.61,-0.0030110000000000002,2.999558089426567,STOP,STOP,-0.08,-0.85
2026-04-23T13:13:37,ETHUSDT,bos_fvg,152,—,70,ШОРТ,2326.31,-0.004566,-0.25691867804870117,FLAT,WIN,-0.33,-0.8
2026-04-23T13:13:37,STRKUSDT,bos_fvg,146,—,10,ЛОНГ,0.04254,0.005,5.196192102450886,FLAT,LOSS,0.09,-0.75
2026-04-23T13:13:37,BTCUSDT,squeeze,127,—,72,ЛОНГ,77711.1,-0.002012,-1.8148327752699045,FLAT,FLAT,-0.29,-0.29
2026-04-23T13:13:37,ZECUSDT,breakout,122,—,115,ЛОНГ,333.1,0.01,7.3788938978435965,STOP,TP1,-0.48,2.95
2026-04-23T13:13:37,ADAUSDT,bos_fvg,131,—,89,ШОРТ,0.2475,0.0009320000000000001,1.5055573340629533,FLAT,STOP,0.04,0.44
2026-04-23T13:13:37,AAVEUSDT,squeeze,89,—,59,ЛОНГ,92.5,-0.004435,-3.812256461613163,FLAT,TP1,0.05,0.91
2026-04-23T17:00:54,SPKUSDT,squeeze,169,—,88,ЛОНГ,0.050988,-0.468526,63.183387980168185,LOSS,LOSS,-3.97,-12.52
2026-04-23T17:00:54,SOLUSDT,bos_fvg,181,—,106,ЖДАТЬ,85.783,0.01,-2.5900280100242705,TP1,TP1,-0.48,0.05
2026-04-23T17:00:54,1000PEPEUSDT,bos_fvg,174,—,76,ЖДАТЬ,0.0038,0.01,-3.920910904771923,STOP,TP1,-1.24,0.95
2026-04-23T17:00:54,CHIPUSDT,squeeze,123,—,115,ЛОНГ,0.09201,-0.384144,10.496752582825444,WIN,LOSS,4.12,-4.05
2026-04-23T17:00:54,FARTCOINUSDT,bos_fvg,170,—,85,ЖДАТЬ,0.19965,0.005,1.4104991676809573,STOP,TP1,-2.14,0.5
2026-04-23T17:00:54,BTCUSDT,bos_fvg,155,—,84,ЛОНГ,78059.5,-0.008623,-4.457101784591591,STOP,STOP,-0.18,-0.3
2026-04-23T17:00:54,XRPUSDT,squeeze,103,—,64,ЛОНГ,1.4295,0.01,1.4885003879890601,STOP,STOP,0.52,0.15
2026-04-23T17:00:54,DOGEUSDT,bos_fvg,148,—,82,ЛОНГ,0.09687,0.01,-0.08146414154881976,STOP,STOP,-0.85,0.55
2026-04-23T17:00:54,ADAUSDT,bos_fvg,140,—,36,ЖДАТЬ,0.2489,0.01,2.3199198985682545,STOP,TP1,-1.0,0.36
2026-04-23T17:00:54,ZECUSDT,squeeze,78,—,40,ЛОНГ,326.52,-0.004683,7.530740894268536,FLAT,TP1,0.07,7.5
2026-04-23T21:01:53,SPKUSDT,squeeze,179,—,96,ЛОНГ,0.051719,-0.47598500000000005,47.710726570073966,LOSS,STOP,-2.52,-15.24
2026-04-23T21:01:53,CHIPUSDT,squeeze,148,—,131,ЛОНГ,0.09946,-0.366784,5.0201238761812705,WIN,LOSS,2.3,-12.07
2026-04-23T21:01:53,DOGEUSDT,squeeze,133,—,67,ЛОНГ,0.09661,-0.010237,-0.9242678083274065,WIN,WIN,0.73,1.18
2026-04-23T21:01:53,BTCUSDT,squeeze,129,—,73,ЛОНГ,77846.7,-0.005762,-11.750634795215884,FLAT,FLAT,0.22,-0.46
2026-04-23T21:01:53,ADAUSDT,squeeze,124,—,94,ЛОНГ,0.2481,0.008907,2.065951129113712,FLAT,WIN,0.44,1.17
2026-04-23T21:01:53,STRKUSDT,squeeze,123,—,77,ЛОНГ,0.04224,0.005,-2.718245984845919,LOSS,LOSS,-0.73,-2.39
2026-04-23T21:01:53,1000PEPEUSDT,squeeze,121,—,117,ЛОНГ,0.003797,0.01,12.5344010706467,WIN,WIN,0.55,1.82
2026-04-23T21:01:53,XRPUSDT,squeeze,111,—,99,ЛОНГ,1.4326,0.002281,0.9977862818567371,FLAT,FLAT,0.17,0.28
2026-04-23T21:01:53,AAVEUSDT,bos_fvg,125,—,59,ШОРТ,93.99,0.01,1.6154876266536884,LOSS,STOP,1.02,-0.27
2026-04-23T21:01:53,CLUSDT,bos_fvg,113,—,80,ЛОНГ,96.903,0.0,19.35227326567172,FLAT,STOP,-0.43,-3.04
2026-04-24T01:00:37,SPKUSDT,breakout,146,—,160,ЛОНГ,0.050661,-0.306923,42.76482240069506,LOSS,STOP,-1.7,-12.85
2026-04-24T01:00:37,1000PEPEUSDT,bos_fvg,181,—,35,ЛОНГ,0.0038685,0.01,20.131000963969502,FLAT,STOP,-0.35,0.32
2026-04-24T01:00:37,BTCUSDT,squeeze,113,—,40,ЛОНГ,78370.2,-0.0037129999999999997,-9.2519779692005,FLAT,STOP,-0.02,-1.03
2026-04-24T01:00:37,OPGUSDT,bos_fvg,146,—,39,ШОРТ,0.3411,0.005,1381.2185061819569,LOSS,WIN,1.52,-18.09
2026-04-24T01:00:37,STRKUSDT,bos_fvg,138,—,72,ЛОНГ,0.0423,0.005,-4.879968457936046,WIN,STOP,1.02,-3.38
2026-04-24T01:00:37,CHIPUSDT,breakout,71,—,81,ЛОНГ,0.09843,-0.00383,-0.7935862038928284,FLAT,LOSS,-0.34,-9.78
2026-04-24T01:00:37,CLUSDT,squeeze,45,—,70,ЛОНГ,97.04,0.0,17.541310755408606,FLAT,STOP,-0.14,-2.26
2026-04-24T05:01:01,MOVRUSDT,squeeze,190,—,70,ЛОНГ,2.3822,-0.36970699999999995,108.27108928511262,FLAT,LOSS,-0.16,-4.89
2026-04-24T05:01:01,CHIPUSDT,squeeze,155,—,80,ЛОНГ,0.09642,-0.06907,-7.345476191396349,LOSS,STOP,-1.91,-16.78
2026-04-24T05:01:01,SPKUSDT,squeeze,134,—,126,ЛОНГ,0.046674,-0.285606,13.375788493230736,LOSS,STOP,-1.57,-10.44
2026-04-24T05:01:01,TAOUSDT,bos_fvg,148,—,28,ШОРТ,245.32,-0.050904,4.319556328532587,FLAT,STOP,0.45,0.99
2026-04-24T05:01:01,ADAUSDT,squeeze,133,—,1,ЛОНГ,0.248,-0.0040349999999999995,3.1110196807547585,FLAT,WIN,0.44,1.09
2026-04-24T05:01:01,HYPEUSDT,bos_fvg,141,—,4,ШОРТ,41.006,0.009569999999999999,1.679758676355319,FLAT,FLAT,0.12,0.28
2026-04-24T05:01:01,XRPUSDT,squeeze,115,—,55,ЛОНГ,1.4279,0.001991,6.39574047551584,FLAT,FLAT,0.22,0.46
2026-04-24T05:01:01,DOGEUSDT,squeeze,109,—,44,ЛОНГ,0.09727,0.01,0.21235007729955577,FLAT,TP1,0.05,1.25
2026-04-24T05:01:01,AAVEUSDT,bos_fvg,114,—,37,ШОРТ,93.24,0.000139,1.3065527785512983,FLAT,STOP,0.19,1.38
2026-04-24T08:49:02,SPKUSDT,squeeze,164,—,82,ЛОНГ,0.045129,-0.131518,-6.248694029238429,WIN,STOP,0.86,-9.26
2026-04-24T08:49:02,CHIPUSDT,squeeze,134,—,79,ЛОНГ,0.095,-0.102601,-9.034847439751788,FLAT,STOP,-0.06,-18.13
2026-04-24T08:49:02,ZECUSDT,breakout,124,—,152,ЛОНГ,342.61,0.01,6.720027627981693,FLAT,TP1,-0.49,3.43
2026-04-24T08:49:02,XRPUSDT,squeeze,104,—,79,ЛОНГ,1.43,-0.00065,2.539753074653342,FLAT,FLAT,-0.36,0.1
2026-04-24T08:49:02,MOVRUSDT,bos_fvg,152,—,90,ЛОНГ,2.336,0.005,148.59446957030318,LOSS,LOSS,-1.65,-1.07
2026-04-24T09:00:39,SPKUSDT,squeeze,175,—,117,ЛОНГ,0.045235,-0.11215299999999999,-6.196306016013676,FLAT,STOP,0.25,-9.08
2026-04-24T09:00:39,STABLEUSDT,squeeze,145,—,73,ЛОНГ,0.032701,-0.170314,26.00093879929463,WIN,LOSS,3.87,-1.58
2026-04-24T09:00:39,CHIPUSDT,squeeze,140,—,82,ЛОНГ,0.09577,-0.091643,-7.363404783102992,LOSS,STOP,-1.05,-18.19
2026-04-24T09:00:39,1000PEPEUSDT,bos_fvg,174,—,31,ЛОНГ,0.0038359,0.01,11.613443888733796,LOSS,WIN,-0.86,1.23
2026-04-24T09:00:39,HYPEUSDT,bos_fvg,156,—,30,ШОРТ,40.997,0.003039,1.7226728866144565,WIN,FLAT,-0.66,0.41
2026-04-24T09:00:39,AAVEUSDT,bos_fvg,156,—,28,ШОРТ,92.87,-0.003446,3.5535205995191026,LOSS,STOP,0.51,2.22
2026-04-24T09:00:39,XRPUSDT,squeeze,99,—,75,ЛОНГ,1.4308,-0.002226,2.639412057179526,FLAT,FLAT,-0.46,0.14
2026-04-24T09:00:39,MOVRUSDT,squeeze,88,—,116,ЛОНГ,2.3526,0.005,152.30266682590462,LOSS,LOSS,-3.02,-1.47
2026-04-24T09:00:39,TAOUSDT,bos_fvg,167,—,45,ШОРТ,246.04,0.005,2.258523191133963,WIN,STOP,-0.74,2.22
2026-04-24T09:00:39,TAOUSDT,bos_fvg,167,—,45,ШОРТ,246.04,0.005,2.258523191133963,WIN,STOP,-0.74,2.22
2026-04-24T13:01:51,SPKUSDT,squeeze,153,—,105,ЛОНГ,0.045008,-0.12590200000000001,-13.301146577111542,LOSS,STOP,-0.9,-11.08
2026-04-24T13:01:51,STABLEUSDT,squeeze,147,—,87,ЛОНГ,0.03281,-0.17622200000000002,22.472975091573115,WIN,LOSS,4.11,-2.33
2026-04-24T13:01:51,MOVRUSDT,squeeze,140,—,120,ЛОНГ,2.2454,-0.508827,97.44104509554492,LOSS,WIN,-0.65,1.1
2026-04-24T13:01:51,FARTCOINUSDT,breakout,129,—,142,ЛОНГ,0.20261,0.005,1.110877468924418,LOSS,LOSS,-0.97,-0.98
2026-04-24T13:01:51,SOLUSDT,bos_fvg,170,—,100,ЛОНГ,86.29,-0.001797,0.8459890252137084,STOP,STOP,-0.53,0.31
2026-04-24T13:01:51,BTCUSDT,squeeze,117,—,73,ЛОНГ,78234.96,0.004881,-3.3323267107719565,LOSS,STOP,-0.53,-0.66
2026-04-24T13:01:51,CLUSDT,bos_fvg,160,—,101,ЛОНГ,95.844,0.0,7.7750273267541,STOP,STOP,-0.74,-0.99
2026-04-24T13:01:51,DOGEUSDT,breakout,105,—,121,ЛОНГ,0.09793,0.008862,1.3659791969604151,LOSS,WIN,-0.54,0.5
2026-04-24T13:01:51,HYPEUSDT,bos_fvg,150,—,66,ШОРТ,41.022,0.002698,0.7556768782133164,WIN,STOP,-0.55,1.61
2026-04-24T13:01:51,1000PEPEUSDT,breakout,97,—,121,ЛОНГ,0.0038607,0.01,13.628522752006313,LOSS,FLAT,-0.64,0.45
2026-04-24T13:01:51,TAOUSDT,bos_fvg,141,—,104,ЛОНГ,248.4,0.005,-0.3766425332546918,FLAT,WIN,-0.41,1.1
2026-04-24T13:01:51,AAVEUSDT,bos_fvg,141,—,80,ЛОНГ,94.75,0.00586,3.7143634305699234,LOSS,WIN,-1.65,0.99
2026-04-24T13:01:51,XRPUSDT,breakout,85,—,109,ЛОНГ,1.4342,0.005049,3.205183348964672,FLAT,FLAT,-0.18,0.0
2026-04-24T17:44:34,SPKUSDT,squeeze,213,—,116,ЛОНГ,0.043986,-0.051065,-12.868161202921478,LOSS,STOP,-0.54,-11.01
2026-04-24T17:44:34,STABLEUSDT,squeeze,150,—,82,ЛОНГ,0.03453,-0.412435,14.65669183488307,WIN,STOP,1.74,-6.04
2026-04-24T17:44:34,DOGEUSDT,squeeze,110,—,96,ЛОНГ,0.09771,-0.010383,3.104719007998365,FLAT,WIN,0.38,0.72
2026-04-24T17:44:34,SOLUSDT,squeeze,108,—,23,ЛОНГ,86.199,-0.012498000000000002,-0.7155583730601551,FLAT,FLAT,0.16,0.44
2026-04-24T17:44:34,AAVEUSDT,bos_fvg,144,—,40,ШОРТ,93.72,-0.001984,5.380185973037193,LOSS,STOP,0.92,2.24
2026-04-24T17:44:34,BTCUSDT,squeeze,93,—,-15,ЛОНГ,77482.73,-0.008407,-9.403805033552398,FLAT,FLAT,0.07,0.27
2026-04-24T17:44:34,1000PEPEUSDT,bos_fvg,143,—,81,ЛОНГ,0.0038642,0.01,10.32774333195859,FLAT,FLAT,0.31,-0.37
2026-04-24T17:44:34,MOVRUSDT,squeeze,89,—,45,ЛОНГ,2.2309,0.005,-1.375298088152065,WIN,FLAT,1.52,-0.09
2026-04-24T17:44:34,XRPUSDT,bos_fvg,135,—,57,ЛОНГ,1.4369,0.008228000000000001,-3.4355470990849337,FLAT,FLAT,0.08,-0.49
2026-04-24T17:44:34,HYPEUSDT,bos_fvg,135,—,110,ШОРТ,41.083,-0.000588,0.10537892599480228,FLAT,STOP,0.34,1.08
2026-04-24T17:44:34,TAOUSDT,bos_fvg,128,—,42,ЛОНГ,249.02,0.005,0.7494827899491429,STOP,STOP,0.1,0.86
2026-04-24T21:00:44,XAUTUSDT,bos_fvg,176,—,45,ШОРТ,4686.6,0.005,-1.221271829991557,FLAT,FLAT,-0.03,0.1
2026-04-24T21:00:44,DOGEUSDT,breakout,112,—,135,ЛОНГ,0.0988,-0.0095,3.707912453716475,LOSS,LOSS,-0.59,-1.34
2026-04-24T21:00:44,TRUMPUSDT,bos_fvg,161,—,60,ЛОНГ,2.996,0.005,9.547215818948116,STOP,STOP,-3.57,-14.62
2026-04-24T21:00:44,STABLEUSDT,squeeze,106,—,63,ЛОНГ,0.033794,-0.23471999999999998,6.012050937702538,LOSS,STOP,-2.92,-0.51
2026-04-24T21:00:44,HYPEUSDT,bos_fvg,143,—,75,ЛОНГ,41.418,0.008108,0.9373171535518372,STOP,STOP,-0.65,-0.76
2026-04-24T21:00:44,SOLUSDT,squeeze,80,—,82,ЛОНГ,86.81,-0.0050739999999999995,2.885475003788931,LOSS,STOP,-0.51,-1.3
2026-04-24T21:00:44,BTCUSDT,bos_fvg,116,—,36,ЛОНГ,77688.3,-0.002241,-4.3736855036763975,FLAT,LOSS,-0.17,-0.57
2026-04-25T01:00:57,TRUMPUSDT,squeeze,170,—,13,ЛОНГ,2.873,-0.001626,4.883449364620886,WIN,STOP,0.97,-11.07
2026-04-25T01:00:57,XRPUSDT,bos_fvg,155,—,27,ЛОНГ,1.4327,0.009498,-0.38267759908721416,FLAT,LOSS,0.12,-0.75
2026-04-25T01:00:57,TAOUSDT,bos_fvg,149,—,54,ЛОНГ,247.82,0.005,0.9917037115730172,FLAT,LOSS,-0.02,-0.55
2026-04-25T01:00:57,HYPEUSDT,bos_fvg,147,—,68,ЛОНГ,41.154,-0.010773999999999999,0.17648705364164383,FLAT,WIN,-0.09,0.64
2026-04-25T01:00:57,AAVEUSDT,bos_fvg,139,—,4,ШОРТ,94.2,-0.003294,1.068305493009782,FLAT,STOP,0.35,-0.13
2026-04-25T07:05:39,GALAUSDT,bos_fvg,147,—,83,ЛОНГ,0.003646,-0.0054410000000000005,25.685301822795353,LOSS,STOP,-1.32,-5.51
2026-04-25T07:05:39,BTCUSDT,squeeze,116,—,10,ЛОНГ,77470.51,-0.0014219999999999999,-7.76038294373105,FLAT,FLAT,0.05,-0.04
2026-04-25T07:05:39,XRPUSDT,bos_fvg,144,—,62,ЛОНГ,1.4311,0.005698,-2.098851813522672,FLAT,STOP,0.06,-0.85
2026-04-25T07:05:39,TRUMPUSDT,bos_fvg,140,—,35,ЛОНГ,2.906,0.005,8.929761607756758,WIN,STOP,1.27,-10.19
2026-04-25T07:05:39,SOLUSDT,bos_fvg,140,—,23,ЛОНГ,86.129,0.01,-0.7618441353492332,FLAT,FLAT,0.31,-0.1
2026-04-25T07:05:39,BSBUSDT,bos_fvg,136,—,84,ЛОНГ,0.4837,0.005,3.414913423730211,WIN,TP1,9.61,16.02
2026-04-25T07:05:39,DOGEUSDT,squeeze,99,—,82,ЛОНГ,0.09833,-0.000422,1.9603192350022731,FLAT,LOSS,-0.01,-0.68
2026-04-25T07:05:39,1000PEPEUSDT,bos_fvg,126,—,92,ЛОНГ,0.003862,0.01,6.5825355044097815,FLAT,STOP,-0.05,-0.85
2026-04-25T07:05:39,XAUTUSDT,bos_fvg,125,—,46,ШОРТ,4692.43,-0.008026,-0.6411895592354662,FLAT,FLAT,0.01,-0.06
2026-04-25T07:05:39,TAOUSDT,bos_fvg,118,—,29,ЛОНГ,247.92,-0.0005149999999999999,-1.28431479019555,WIN,LOSS,0.77,-0.96
2026-04-25T09:35:00,AXSUSDT,breakout,184,—,184,ЛОНГ,1.5383,-0.8,41.668447288618275,TP1,TP1,6.09,-8.49
2026-04-25T09:35:00,API3USDT,squeeze,148,—,80,ЛОНГ,0.4172,-0.7486729999999999,99.75735990865306,LOSS,STOP,-4.12,-16.23
2026-04-25T09:35:00,BTCUSDT,squeeze,138,—,64,ЛОНГ,77570.56,-0.001532,-6.301892837507429,FLAT,TP1,0.25,0.52
2026-04-25T09:35:00,SOLUSDT,breakout,136,—,137,ЛОНГ,86.54,-0.002499,0.49376139018657017,FLAT,STOP,0.03,-0.07
2026-04-25T09:35:00,XRPUSDT,bos_fvg,144,—,80,ЛОНГ,1.4334,0.005323,-0.16933927403381396,FLAT,STOP,0.06,-0.45
2026-04-25T09:35:00,KATUSDT,squeeze,124,—,82,ЛОНГ,0.02284,-2.0,7.258470443806302,LOSS,STOP,-15.54,-43.74
2026-04-25T09:35:00,TRUMPUSDT,bos_fvg,137,—,52,ЛОНГ,2.966,0.005,9.541802828652672,LOSS,STOP,-0.71,-10.42
2026-04-25T09:35:00,BSBUSDT,squeeze,119,—,19,ЛОНГ,0.5345,0.005,-27.50450945288193,FLAT,TP1,0.15,36.15
2026-04-25T09:35:00,DOGEUSDT,squeeze,109,—,62,ЛОНГ,0.09842,-0.002242,0.27053775339266034,FLAT,STOP,0.01,0.04
2026-04-25T09:35:00,GALAUSDT,bos_fvg,109,—,68,ЛОНГ,0.003655,0.01,19.609631724514788,LOSS,STOP,-1.48,-5.01
2026-04-25T12:53:09,APEUSDT,squeeze,233,A,80,ЛОНГ,0.16102,-0.167706,44.244941695278335,LOSS,LOSS,-2.47,-4.59
2026-04-25T12:53:09,API3USDT,squeeze,186,A+,98,ЛОНГ,0.373,-0.012893,67.04208333950517,LOSS,LOSS,-2.23,-6.11
2026-04-25T12:53:09,KATUSDT,squeeze,171,A,74,ЛОНГ,0.01689,-0.7927439999999999,5.241405819012384,WIN,STOP,3.61,-23.45
2026-04-25T12:53:09,AXSUSDT,squeeze,166,A,127,ЛОНГ,1.5408,-0.8,39.47168426889128,LOSS,LOSS,-1.32,-8.83
2026-04-25T12:53:09,DOGEUSDT,bos_fvg,150,A,34,ЛОНГ,0.09797,-0.002172,-6.933844436018453,FLAT,FLAT,0.27,0.46
2026-04-25T12:53:09,XRPUSDT,bos_fvg,142,A,86,ШОРТ,1.4294,-0.002666,-0.026809031950669283,FLAT,TP1,0.06,-0.13
2026-04-25T12:53:09,TRUMPUSDT,squeeze,140,A,60,ЛОНГ,2.597,-0.074074,13.932987101462412,TP1,TP1,0.0,2.27
2026-04-25T12:53:09,HYPEUSDT,bos_fvg,136,A,57,ЛОНГ,41.358,0.0031000000000000003,0.47282133738673243,FLAT,STOP,0.21,-0.4
2026-04-25T12:53:09,GALAUSDT,bos_fvg,136,A,29,ЛОНГ,0.003524,0.01,19.075315437835396,WIN,LOSS,0.62,-2.16
2026-04-25T12:53:09,1000PEPEUSDT,bos_fvg,134,A,84,ШОРТ,0.003827,-0.003348,-3.3071561847100175,STOP,STOP,0.55,1.7
2026-04-25T12:53:09,SOLUSDT,bos_fvg,131,A,55,ЛОНГ,86.355,-0.007116,-2.186867286642804,FLAT,STOP,0.23,0.16
2026-04-25T12:53:09,RAVEUSDT,bos_fvg,111,A,53,ЛОНГ,0.9083,0.021338,8.699041686047588,LOSS,TP1,-1.29,-0.28
2026-04-25T13:30:45,APEUSDT,squeeze,218,A,116,ЛОНГ,0.15991,-0.156551,44.66054755402718,WIN,LOSS,1.45,-3.4
2026-04-25T13:30:45,API3USDT,squeeze,186,A+,78,ЛОНГ,0.3728,-0.017442,65.00220799075844,LOSS,LOSS,-1.64,-6.57
2026-04-25T13:30:45,KATUSDT,squeeze,184,A,88,ЛОНГ,0.01745,-0.64942,-1.3131262452132169,LOSS,STOP,-0.97,-26.36
2026-04-25T13:30:45,AXSUSDT,squeeze,164,A,91,ЛОНГ,1.5569,-0.8,40.20648708457647,LOSS,LOSS,-0.55,-10.08
2026-04-25T13:30:45,TRUMPUSDT,bos_fvg,159,A,66,ШОРТ,2.613,-0.073195,24.81759112360644,STOP,STOP,-2.83,2.37
2026-04-25T13:30:45,DOGEUSDT,bos_fvg,158,A,80,ЛОНГ,0.09796,-0.000161,-6.556166592397597,FLAT,WIN,0.46,0.55
2026-04-25T13:30:45,GALAUSDT,bos_fvg,144,A,62,ЛОНГ,0.003544,0.01,19.18236199507871,FLAT,LOSS,-0.14,-2.88
2026-04-25T13:30:45,XRPUSDT,bos_fvg,142,A,90,ШОРТ,1.429,-0.002252,-0.5796775739482083,FLAT,TP1,0.06,-0.17
2026-04-25T13:30:45,1000PEPEUSDT,bos_fvg,131,A,80,ШОРТ,0.003843,-0.004628,-3.355675963392267,FLAT,TP1,0.18,1.43
2026-04-25T13:30:45,SOLUSDT,squeeze,121,A,39,ЛОНГ,86.457,-0.00575,2.0825508829654664,FLAT,STOP,0.14,-0.02
2026-04-25T13:30:45,HYPEUSDT,bos_fvg,118,A,-11,ЛОНГ,41.391,0.0034700000000000004,0.6040006477549963,FLAT,STOP,0.33,-0.63
2026-04-25T17:01:04,APEUSDT,squeeze,222,A,66,ЛОНГ,0.15447,-0.168568,9.427108513606996,WIN,LOSS,1.75,-2.8
2026-04-25T17:01:04,KATUSDT,squeeze,216,A,83,ЛОНГ,0.01647,-0.192661,-12.297682479479455,FLAT,STOP,0.43,-22.4
2026-04-25T17:01:04,API3USDT,squeeze,190,A+,127,ЛОНГ,0.3691,-0.172936,61.31044907478591,WIN,LOSS,1.14,-7.13
2026-04-25T17:01:04,BTCUSDT,squeeze,175,A,97,ЛОНГ,77354.36,-0.007793,-0.9224461989434635,FLAT,TP1,-0.15,0.73
2026-04-25T17:01:04,TRUMPUSDT,squeeze,168,A,75,ЛОНГ,2.542,-0.09912499999999999,37.77362039537405,WIN,WIN,0.63,3.97
2026-04-25T17:01:04,AXSUSDT,squeeze,166,A,85,ЛОНГ,1.4893,-0.052514,35.98884792199842,WIN,LOSS,3.75,-6.05
2026-04-25T17:01:04,HYPEUSDT,bos_fvg,170,A,1,ШОРТ,40.979,0.002171,1.1035371930623994,STOP,STOP,0.3,0.17
2026-04-25T17:01:04,ADAUSDT,bos_fvg,158,A,-24,ЛОНГ,0.2492,-0.006744000000000001,0.4781041930193695,FLAT,TP1,-0.32,1.0
2026-04-25T17:01:04,1000PEPEUSDT,bos_fvg,142,A,49,ШОРТ,0.0038141,0.00116,-5.374044948635567,FLAT,STOP,-0.19,2.07
2026-04-25T17:01:04,SOLUSDT,bos_fvg,137,A,53,ЛОНГ,85.808,-0.002549,-2.68508000123517,FLAT,FLAT,-0.15,0.33
2026-04-25T17:01:04,DOGEUSDT,bos_fvg,136,A,90,ЛОНГ,0.09778,0.01,-9.77796301676061,FLAT,WIN,-0.31,0.69
2026-04-25T17:01:04,GALAUSDT,bos_fvg,131,A,83,ЛОНГ,0.003466,0.01,12.858996333831197,FLAT,LOSS,0.12,-1.56
2026-04-25T17:01:04,XRPUSDT,bos_fvg,129,A,38,ШОРТ,1.4237,0.001341,4.770095266883323,FLAT,STOP,-0.3,0.08
2026-04-25T17:01:04,RAVEUSDT,bos_fvg,140,A,35,ШОРТ,0.79378,0.00125,15.383972028884028,STOP,STOP,5.8,12.02
2026-04-25T17:47:09,KATUSDT,squeeze,181,A,53,ЛОНГ,0.01637,-0.281512,-15.926890387364336,WIN,STOP,1.59,-21.62
2026-04-25T17:47:09,APEUSDT,squeeze,175,A,72,ЛОНГ,0.15559,-0.160325,9.818161147685581,WIN,LOSS,5.42,-4.0
2026-04-25T17:47:09,BTCUSDT,squeeze,171,A,74,ЛОНГ,77255.1,-0.010196,-0.4556647791604738,FLAT,TP1,-0.0,1.03
2026-04-25T17:47:09,API3USDT,squeeze,162,A+,79,ЛОНГ,0.3712,-0.17337,62.757168631558955,FLAT,LOSS,0.13,-7.38
2026-04-25T17:47:09,HYPEUSDT,bos_fvg,171,A,41,ЛОНГ,41.118,0.0025069999999999997,1.1300978633472227,FLAT,FLAT,0.3,0.34
2026-04-25T17:47:09,RAVEUSDT,bos_fvg,150,A,49,ШОРТ,0.83654,-0.02513,18.335345348971156,TP1,TP1,-1.07,6.33
2026-04-25T17:47:09,DOGEUSDT,bos_fvg,144,A,68,ЛОНГ,0.09774,0.01,-10.63548602924923,FLAT,WIN,-0.1,1.03
2026-04-25T17:47:09,ETHUSDT,bos_fvg,143,A,55,ЛОНГ,2309.68,-0.003849,-1.6905876271887839,FLAT,TP1,0.03,1.54
2026-04-25T17:47:09,TRUMPUSDT,squeeze,127,A,67,ЛОНГ,2.541,-0.111969,39.804743744537625,WIN,WIN,0.55,3.94
2026-04-25T17:47:09,SOLUSDT,squeeze,118,A,48,ЛОНГ,85.634,-0.010113,-2.736108584355815,TP1,TP1,0.01,0.85
2026-04-25T17:47:09,GALAUSDT,bos_fvg,116,A,63,ЛОНГ,0.003469,0.01,12.918675634626487,FLAT,LOSS,0.37,-1.53
2026-04-25T17:47:09,XRPUSDT,bos_fvg,114,A,41,ШОРТ,1.4196,0.0016209999999999998,4.441656066532831,STOP,STOP,0.05,0.48
2026-04-25T17:47:09,AXSUSDT,squeeze,97,A,77,ЛОНГ,1.5335,-0.195587,36.38277830525277,FLAT,LOSS,0.37,-8.07
2026-04-25T17:47:09,1000PEPEUSDT,bos_fvg,104,A,68,ШОРТ,0.0037883,-0.00287,-4.972694281799321,STOP,STOP,0.49,3.34
2026-04-25T17:55:42,APEUSDT,squeeze,181,A,90,ЛОНГ,0.15632,-0.164988,9.790945004958413,WIN,LOSS,4.93,-4.45
2026-04-25T17:55:42,KATUSDT,squeeze,179,A,63,ЛОНГ,0.01653,-0.29654400000000003,-16.072867651774423,WIN,STOP,0.6,-22.38
2026-04-25T17:55:42,RAVEUSDT,bos_fvg,183,A,37,ШОРТ,0.86195,-0.002224,17.01314691510761,TP1,TP1,-3.98,3.2
2026-04-25T17:55:42,BTCUSDT,squeeze,158,A,102,ЛОНГ,77177.3,-0.009911,-0.43236399252041324,TP1,TP1,0.1,1.13
2026-04-25T17:55:42,HYPEUSDT,bos_fvg,171,A,48,ЛОНГ,41.1,0.0023090000000000003,1.1083649815024155,FLAT,FLAT,0.34,0.39
2026-04-25T17:55:42,API3USDT,squeeze,148,A+,57,ЛОНГ,0.3748,-0.179554,62.855516957491545,LOSS,LOSS,-0.83,-8.27
2026-04-25T17:55:42,DOGEUSDT,bos_fvg,152,A,98,ЛОНГ,0.09776,0.01,-10.376599164699634,FLAT,WIN,-0.12,1.01
2026-04-25T17:55:42,TRUMPUSDT,squeeze,121,A,43,ЛОНГ,2.547,-0.125853,41.15669807107389,FLAT,WIN,0.31,3.69
2026-04-25T17:55:42,SOLUSDT,squeeze,120,A,40,ЛОНГ,85.581,-0.010196,-2.765339643159798,TP1,TP1,0.07,0.91
2026-04-25T17:55:42,ETHUSDT,bos_fvg,131,A,62,ШОРТ,2307.87,-0.00417,-1.6721322855122394,FLAT,STOP,0.11,1.62
2026-04-25T17:55:42,XRPUSDT,bos_fvg,130,A,88,ШОРТ,1.4192,0.0,4.931636667514211,STOP,STOP,0.08,0.51
2026-04-25T17:55:42,1000PEPEUSDT,bos_fvg,117,A,54,ШОРТ,0.003798,-0.004682,-5.741150523340957,STOP,STOP,0.24,3.08
2026-04-25T17:55:42,GALAUSDT,bos_fvg,116,A,63,ЛОНГ,0.003473,0.01,13.329625799495105,FLAT,LOSS,0.26,-1.64
2026-04-25T17:55:42,AXSUSDT,squeeze,87,A,69,ЛОНГ,1.5336,-0.211187,36.824048288579526,FLAT,LOSS,0.36,-8.08
2026-04-25T17:55:58,ADAUSDT,bos_fvg,125,A,26,ШОРТ,0.2484,-0.008139,0.67793224873386,FLAT,STOP,0.12,1.57
2026-04-25T17:56:13,APEUSDT,squeeze,181,A,90,ЛОНГ,0.15598,-0.164988,9.844014167832077,WIN,LOSS,5.15,-4.24
2026-04-25T17:56:13,KATUSDT,squeeze,179,A,63,ЛОНГ,0.0165,-0.29654400000000003,-16.242447677229997,WIN,STOP,0.79,-22.24
2026-04-25T17:56:13,RAVEUSDT,bos_fvg,183,A,71,ШОРТ,0.85614,-0.000392,17.051082146385863,TP1,TP1,-3.33,3.9
2026-04-25T17:56:13,HYPEUSDT,bos_fvg,171,A,48,ЛОНГ,41.112,0.0023090000000000003,1.1037644718563016,FLAT,FLAT,0.31,0.36
2026-04-25T17:56:13,BTCUSDT,squeeze,152,A,90,ЛОНГ,77222.2,-0.009738,-0.42516086313746937,FLAT,TP1,0.04,1.07
2026-04-25T17:56:13,API3USDT,squeeze,145,A+,55,ЛОНГ,0.3751,-0.179554,62.80472340591376,LOSS,LOSS,-0.91,-8.34
2026-04-25T17:56:13,DOGEUSDT,bos_fvg,152,A,98,ЛОНГ,0.09783,0.01,-10.356559874392836,FLAT,WIN,-0.19,0.94
2026-04-25T17:56:13,SOLUSDT,squeeze,125,A,44,ЛОНГ,85.62,-0.010196,-2.783026115810643,TP1,TP1,0.02,0.86
2026-04-25T17:56:13,TRUMPUSDT,squeeze,125,A,55,ЛОНГ,2.547,-0.125853,41.14635328872676,FLAT,WIN,0.31,3.69
2026-04-25T17:56:13,ETHUSDT,bos_fvg,131,A,74,ШОРТ,2308.88,-0.00417,-1.6833169690322856,FLAT,STOP,0.06,1.57
2026-04-25T17:56:13,1000PEPEUSDT,bos_fvg,124,A,62,ШОРТ,0.0037984,-0.00443,-5.75125246940686,STOP,STOP,0.23,3.07
2026-04-25T17:56:13,XRPUSDT,bos_fvg,122,A,84,ШОРТ,1.4193,0.0,4.954119702827981,STOP,STOP,0.07,0.5
2026-04-25T17:56:13,GALAUSDT,bos_fvg,116,A,63,ЛОНГ,0.003472,0.01,13.362547455315369,FLAT,LOSS,0.29,-1.61
2026-04-25T17:57:42,APEUSDT,squeeze,181,A,56,ЛОНГ,0.15645,-0.16555899999999998,9.915312735813723,WIN,LOSS,4.84,-4.53
2026-04-25T17:57:42,RAVEUSDT,bos_fvg,188,A,40,ШОРТ,0.84996,0.00125,17.15678923844977,TP1,TP1,-2.63,4.65
2026-04-25T17:57:42,HYPEUSDT,bos_fvg,171,A,48,ЛОНГ,41.114,0.002729,1.0915780730704239,FLAT,FLAT,0.31,0.35
2026-04-25T17:57:42,BTCUSDT,squeeze,152,A,102,ЛОНГ,77205.73,-0.009917,-0.44924961865547935,FLAT,TP1,0.06,1.09
2026-04-25T17:57:42,API3USDT,squeeze,146,A+,57,ЛОНГ,0.3866,-0.190155,62.3782000714168,LOSS,STOP,-3.85,-11.07
2026-04-25T17:57:42,XRPUSDT,squeeze,124,A,66,ЛОНГ,1.419,-0.000469,5.16245641011947,TP1,TP1,0.09,0.52
2026-04-25T17:57:42,SOLUSDT,squeeze,120,A,40,ЛОНГ,85.59,-0.01047,-2.796124691838947,TP1,TP1,0.06,0.9
2026-04-25T17:57:42,ADAUSDT,bos_fvg,133,A,-8,ШОРТ,0.2486,-0.0068590000000000005,0.6745776924968445,FLAT,STOP,0.04,1.49
2026-04-25T17:57:42,ETHUSDT,bos_fvg,131,A,77,ШОРТ,2308.17,-0.004023,-1.672773164194724,FLAT,STOP,0.09,1.6
2026-04-25T17:57:42,1000PEPEUSDT,bos_fvg,124,A,64,ШОРТ,0.0038,-0.004801000000000001,-5.714952283261572,FLAT,STOP,0.18,3.03
2026-04-25T17:57:42,GALAUSDT,bos_fvg,116,A,97,ЛОНГ,0.003475,0.01,13.327157685514418,FLAT,LOSS,0.2,-1.7
2026-04-25T17:57:42,AXSUSDT,squeeze,82,A,35,ЛОНГ,1.5386,-0.21373,36.693243814014856,FLAT,LOSS,0.03,-8.38
2026-04-25T17:56:13,AXSUSDT,squeeze,82,A,35,ЛОНГ,1.536,-0.211187,36.74716720879346,FLAT,LOSS,0.2,-8.22
2026-04-25T17:57:42,KATUSDT,squeeze,179,A,88,ЛОНГ,0.01647,-0.297664,-16.281879676037754,WIN,STOP,0.97,-22.1
2026-04-25T17:57:42,TRUMPUSDT,squeeze,121,A,77,ЛОНГ,2.545,-0.127822,41.10796706322356,FLAT,WIN,0.39,3.77
2026-04-25T21:12:44,KATUSDT,squeeze,190,A,93,ЛОНГ,0.0164,-0.251452,-18.56893741097171,LOSS,STOP,-2.56,-24.57
2026-04-25T21:12:44,APEUSDT,squeeze,184,A,66,ЛОНГ,0.15892,-0.380905,-54.418431926090236,LOSS,LOSS,-1.51,-8.26
2026-04-25T21:12:44,BTCUSDT,squeeze,176,A,22,ЛОНГ,77437.9,-0.006043000000000001,0.7492397176225655,FLAT,TP1,0.05,0.8
2026-04-25T21:12:44,XRPUSDT,squeeze,143,A,63,ЛОНГ,1.4212,-0.001444,4.71190831514023,FLAT,FLAT,0.05,0.37
2026-04-25T21:12:44,TRUMPUSDT,squeeze,139,A,44,ЛОНГ,2.552,-0.33642500000000003,32.36877868579093,FLAT,WIN,0.12,4.43
2026-04-25T21:12:44,SOLUSDT,squeeze,137,A,35,ЛОНГ,85.85,-0.011236,-1.6175255355349096,FLAT,WIN,0.08,0.92
2026-04-25T21:12:44,1000PEPEUSDT,squeeze,133,A,37,ЛОНГ,0.003818,-0.013233,-3.7354936657914166,FLAT,TP1,0.29,2.3
2026-04-25T21:12:44,ADAUSDT,squeeze,114,A,3,ЛОНГ,0.2497,-0.004635,0.062066892594723276,FLAT,TP1,-0.16,1.12
2026-04-25T21:12:44,HYPEUSDT,bos_fvg,125,A,57,ЛОНГ,41.395,0.007867,1.434468730810475,FLAT,FLAT,0.05,0.4
2026-04-25T21:12:44,AXSUSDT,squeeze,97,A,6,ЛОНГ,1.5331,-0.14601799999999998,34.35671344571677,WIN,LOSS,1.51,-10.07
2026-04-25T21:12:44,GALAUSDT,bos_fvg,100,A,64,ЛОНГ,0.003485,0.01,6.9669818439383535,FLAT,LOSS,0.03,-2.38
2026-04-26T01:01:21,APEUSDT,squeeze,218,A,122,ЛОНГ,0.15255,-0.040042,-21.982947752330908,FLAT,LOSS,-0.31,-2.38
2026-04-26T01:01:21,KATUSDT,squeeze,165,A,120,ЛОНГ,0.01509,-0.8502940000000001,-6.99256740338954,LOSS,STOP,-7.29,-19.22
2026-04-26T01:01:21,ADAUSDT,squeeze,160,A,-12,ЛОНГ,0.2491,-0.014277,0.08188027524866971,FLAT,TP1,0.2,1.28
2026-04-26T01:01:21,TRUMPUSDT,squeeze,132,A,54,ЛОНГ,2.565,-0.172652,41.07578753392862,WIN,WIN,1.72,1.95
2026-04-26T01:01:21,BTCUSDT,bos_fvg,129,A,25,ЛОНГ,77491.35,0.01,0.5201779242096763,FLAT,TP1,0.07,1.33
2026-04-26T01:01:21,SOLUSDT,squeeze,117,A,-12,ЛОНГ,85.99,-0.014112,-0.8824866490524657,FLAT,TP1,0.16,1.1
2026-04-26T01:01:21,HYPERUSDT,bos_fvg,116,A,38,ЛОНГ,0.14394,-0.6030139999999999,140.2924985068915,LOSS,LOSS,-4.77,-12.53
2026-04-26T01:01:21,DOGEUSDT,bos_fvg,116,A,67,ЛОНГ,0.09782,0.008952,-6.7399010889194,FLAT,TP1,0.21,1.59
2026-04-26T01:01:21,AXSUSDT,bos_fvg,106,A,30,ЛОНГ,1.4674,-0.2089,35.60559956533717,LOSS,LOSS,-1.78,-0.91
2026-04-26T01:01:21,HYPEUSDT,bos_fvg,106,A,40,ЛОНГ,41.269,-0.004028,1.0285180198885235,WIN,TP1,0.53,1.53
2026-04-26T05:16:41,APEUSDT,squeeze,218,A,123,ЛОНГ,0.14812,-0.043145,-10.156207872382662,WIN,LOSS,4.1,-1.57
2026-04-26T05:16:41,KATUSDT,squeeze,161,A,93,ЛОНГ,0.01289,-0.174815,-8.100109656950206,WIN,LOSS,1.71,-6.28
2026-04-26T05:16:41,HYPERUSDT,squeeze,153,A,44,ЛОНГ,0.1295,-0.023928,113.62784062227999,LOSS,LOSS,-0.63,-6.02
2026-04-26T05:16:41,DOGEUSDT,bos_fvg,150,A,67,ШОРТ,0.09798,-0.003362,-3.7936479281270135,FLAT,STOP,0.42,2.32
2026-04-26T05:16:41,TRUMPUSDT,squeeze,138,A,29,ЛОНГ,2.628,-0.113756,36.750399154655895,WIN,LOSS,1.18,-1.03
2026-04-26T05:16:41,AXSUSDT,bos_fvg,127,A,40,ЛОНГ,1.3864,-0.059029000000000005,17.659175742529776,WIN,WIN,1.74,3.0
2026-04-26T05:16:41,HYPEUSDT,squeeze,113,A,11,ЛОНГ,41.372,-0.002234,1.1474118257526473,FLAT,TP1,-0.35,3.61
2026-04-26T05:16:41,1000PEPEUSDT,bos_fvg,102,A,69,ШОРТ,0.003845,0.01,-3.435559380831211,LOSS,STOP,1.09,3.09
2026-04-26T05:16:41,BTCUSDT,bos_fvg,95,A,40,ЛОНГ,77733.15,0.006777,0.875334056116798,STOP,TP1,0.23,1.75
2026-04-26T09:16:17,APEUSDT,squeeze,196,A,89,ЛОНГ,0.1568,-0.037363,-12.312682635857868,LOSS,STOP,-2.24,-6.82
2026-04-26T09:16:17,TRUMPUSDT,squeeze,164,A,60,ЛОНГ,2.654,-0.042327000000000004,36.65660668987027,FLAT,STOP,0.3,-3.5
2026-04-26T09:16:17,XRPUSDT,squeeze,160,A,102,ЛОНГ,1.4257,-0.00857,0.27280041131547306,FLAT,TP1,0.1,-0.53
2026-04-26T09:16:17,AXSUSDT,squeeze,132,A,59,ЛОНГ,1.3961,-0.05879499999999999,-3.10227023514227,FLAT,LOSS,0.49,-1.17
2026-04-26T09:16:17,HYPEUSDT,squeeze,127,A,86,ЛОНГ,41.102,-0.023183000000000002,2.321711324753727,FLAT,TP1,0.15,3.37
2026-04-26T09:16:17,ENSOUSDT,bos_fvg,123,A,78,ЛОНГ,1.0532,-1.2775150000000002,60.20033187456303,LOSS,STOP,-0.74,-15.38
2026-04-26T09:16:17,HYPERUSDT,squeeze,123,A+,10,ЛОНГ,0.12686,-0.202476,91.7947900315331,FLAT,LOSS,0.27,-5.25
2026-04-26T09:16:17,1000PEPEUSDT,bos_fvg,113,A,67,ШОРТ,0.003882,0.01,3.3581119702092375,FLAT,STOP,0.41,-1.13
2026-04-26T09:16:17,BTCUSDT,squeeze,74,B+,80,ЛОНГ,77990.75,0.000734,-0.1311725694081808,FLAT,TP1,-0.02,-0.39
2026-04-26T14:01:24,TRUMPUSDT,squeeze,166,A,29,ЛОНГ,2.649,-0.085508,10.565829591559194,FLAT,STOP,-0.08,-4.19
2026-04-26T14:01:24,AXSUSDT,squeeze,162,A,75,ЛОНГ,1.4202,-0.011278999999999999,-5.023601458232104,LOSS,STOP,-0.92,-4.41
2026-04-26T14:01:24,APEUSDT,squeeze,141,A,56,ЛОНГ,0.15179,-0.018709,-12.416931178335322,LOSS,STOP,-1.97,-7.54
2026-04-26T14:01:24,1000PEPEUSDT,bos_fvg,141,A,96,ШОРТ,0.0038933,0.01,6.322503341833776,FLAT,STOP,0.35,-1.55
2026-04-26T14:01:24,DOGEUSDT,bos_fvg,137,A,39,ЛОНГ,0.09838,0.008519,0.00876724153296847,FLAT,TP1,0.37,-0.47
2026-04-26T14:01:24,SOLUSDT,bos_fvg,111,A,8,ЛОНГ,86.031,0.004519,-0.958011056144927,FLAT,TP1,0.42,-1.12
2026-04-26T14:01:24,HYPERUSDT,squeeze,98,A+,56,ЛОНГ,0.12715,0.005,-17.842917227735942,LOSS,LOSS,-1.79,-6.39
2026-04-26T14:01:24,ZBTUSDT,breakout,94,A,93,ЛОНГ,0.18223,0.005,5.150960343719672,WIN,TP1,1.8,-6.14
2026-04-26T18:00:14,TRUMPUSDT,squeeze,196,A,23,ЛОНГ,2.641,-0.025945,3.222401718779813,FLAT,STOP,-0.11,-3.98
2026-04-26T18:00:14,HYPERUSDT,squeeze,170,A+,106,ЛОНГ,0.1244,-0.14266700000000002,-13.410870200953994,FLAT,TP1,0.16,-1.48
2026-04-26T18:00:14,AXSUSDT,breakout,164,A,147,ЛОНГ,1.3691,-0.05235,-5.0287132418177425,WIN,TP1,2.07,3.42
2026-04-26T18:00:14,XRPUSDT,squeeze,143,A,36,ЛОНГ,1.4231,-0.001238,2.3646022401920583,FLAT,TP1,0.48,-1.84
2026-04-26T18:00:14,APEUSDT,squeeze,131,A,41,ЛОНГ,0.14688,0.0011790000000000001,-9.289998666185,WIN,STOP,1.96,-4.91
2026-04-26T18:00:14,1000PEPEUSDT,bos_fvg,124,A,74,ЛОНГ,0.0038875,0.01,6.219723029064462,WIN,TP1,0.76,-1.38
2026-04-26T18:00:14,LDOUSDT,breakout,114,A,120,ЛОНГ,0.4308,-0.0038260000000000004,62.71200185381558,STOP,TP1,6.15,-9.77
2026-04-26T18:00:14,DOGEUSDT,squeeze,108,A,-6,ЛОНГ,0.09855,-0.008943,0.8777977930315327,WIN,TP1,0.68,-0.46
2026-04-26T18:00:14,HYPEUSDT,bos_fvg,90,A,61,ЛОНГ,41.267,0.007409000000000001,2.5047020942599527,WIN,TP1,0.96,1.64
2026-04-26T21:07:04,HYPERUSDT,squeeze,163,A+,44,ЛОНГ,0.12659,-0.011533,-16.949287855806272,LOSS,TP1,-0.55,-4.23
2026-04-26T21:07:04,AXSUSDT,breakout,136,A,123,ЛОНГ,1.445,-0.000107,-7.336623390490357,STOP,STOP,0.63,0.17
2026-04-26T21:07:04,TRUMPUSDT,squeeze,110,A,49,ЛОНГ,2.625,0.005,-3.678496243365031,FLAT,STOP,-0.38,-4.72
2026-04-26T21:07:04,SOLUSDT,squeeze,91,A,86,ЛОНГ,86.79,-0.002639,3.7636448986280673,STOP,TP1,0.17,-2.59
2026-04-26T21:07:04,XRPUSDT,bos_fvg,119,A,56,ЛОНГ,1.4276,-0.000217,1.0604175468350865,FLAT,TP1,0.18,-2.36
2026-04-26T21:07:04,BTCUSDT,squeeze,88,A,42,ЛОНГ,78237.1,-0.001712,-1.4759604520954208,TP1,TP1,0.37,-1.94
2026-04-26T21:07:04,1000PEPEUSDT,bos_fvg,115,A,95,ЛОНГ,0.003921,0.01,6.025681044861556,STOP,TP1,-0.46,-2.7
2026-04-26T21:07:04,ETHUSDT,squeeze,82,A,-6,ЛОНГ,2365.12,-0.004052,-1.8428765823174664,STOP,TP1,0.18,-3.31
2026-04-26T21:07:04,ZBTUSDT,squeeze,74,B+,70,ЛОНГ,0.24306,-0.015972999999999998,32.36817981755974,WIN,STOP,2.96,-19.3
2026-04-26T21:07:04,DOGEUSDT,bos_fvg,93,A,8,ЛОНГ,0.09894,-0.004741,3.2832917298182016,FLAT,TP1,0.44,-1.25
2026-04-26T21:07:04,RAVEUSDT,bos_fvg,88,A,62,ШОРТ,0.9245,0.00125,1.378830070506275,FLAT,WIN,-0.4,-5.43
2026-04-27T01:15:14,AXSUSDT,squeeze,135,A+,93,ЛОНГ,1.4084,-0.001766,-9.01131268807652,WIN,STOP,1.39,2.49
2026-04-27T01:15:14,TRUMPUSDT,squeeze,100,A,31,ЛОНГ,2.614,0.005,-4.84639503567057,FLAT,STOP,-0.5,-3.94
2026-04-27T01:15:14,ENSOUSDT,bos_fvg,126,A,56,ЛОНГ,0.9587,-0.143497,21.95333671663144,LOSS,STOP,-2.39,-6.83
2026-04-27T01:15:14,ZBTUSDT,bos_fvg,122,A+,37,ЛОНГ,0.21994,0.005,24.10114904863049,LOSS,STOP,-2.33,-10.91
2026-04-27T01:15:14,ORCAUSDT,bos_fvg,118,A+,19,ЛОНГ,1.3485,0.044659000000000004,60.016351053679195,LOSS,TP1,-2.91,8.74
2026-04-27T01:15:14,BTCUSDT,breakout,85,A,107,ЛОНГ,79142.1,0.005292,-2.164252750188063,STOP,STOP,-0.06,-2.79
2026-04-27T01:15:14,1000PEPEUSDT,bos_fvg,108,A+,70,ЛОНГ,0.003948,0.01,-3.771141449921374,STOP,STOP,0.41,-2.58
2026-04-27T01:15:14,LDOUSDT,squeeze,51,C,13,ЛОНГ,0.4433,-0.000832,83.44088545748392,WIN,STOP,0.72,-9.54
2026-04-27T05:00:27,ORCAUSDT,breakout,89,A,90,ЛОНГ,1.2835,0.00125,4.69775324616114,LOSS,TP1,-3.96,18.09
2026-04-27T05:00:27,ZBTUSDT,bos_fvg,75,B+,-8,ЛОНГ,0.1917,0.005,27.112814239921235,WIN,LOSS,0.57,-1.12
2026-04-27T09:22:24,ETHUSDT,squeeze,205,A,8,ЛОНГ,2318.09,-0.014119,-2.7347377114837155,FLAT,STOP,0.03,-1.44
2026-04-27T09:22:24,1000PEPEUSDT,squeeze,182,A,54,ЛОНГ,0.003837,-0.02421,-11.383594157104618,FLAT,WIN,-0.05,1.3
2026-04-27T09:22:24,DOGEUSDT,squeeze,174,A,63,ЛОНГ,0.09812,-0.02895,-1.1399307096964189,FLAT,TP1,-0.09,1.93
2026-04-27T09:22:24,BTCUSDT,squeeze,144,A,-4,ЛОНГ,77784.2,-0.001147,5.122266343050475,FLAT,STOP,-0.02,-1.19
2026-04-27T09:22:24,ORCAUSDT,squeeze,139,A,45,ЛОНГ,1.203,-0.056119999999999996,-17.542846908208542,LOSS,TP1,-1.06,25.56
2026-04-27T09:22:24,LDOUSDT,squeeze,126,A,-29,ЛОНГ,0.3844,-0.030684,43.003080266291846,FLAT,WIN,0.39,5.12
2026-04-27T09:22:24,AAVEUSDT,squeeze,118,A,33,ЛОНГ,96.28,-0.021197,-7.213556267950709,FLAT,WIN,-0.3,1.26
2026-04-27T09:22:24,XRPUSDT,squeeze,108,A,-3,ЛОНГ,1.4178,-0.013481,-0.7013105629901853,FLAT,STOP,-0.23,-1.76
2026-04-27T09:22:24,SOLUSDT,squeeze,106,A,13,ЛОНГ,85.47,-0.015071999999999999,-3.706238211731932,FLAT,STOP,-0.35,-1.51
2026-04-27T09:22:24,PENGUUSDT,bos_fvg,117,A+,8,ЛОНГ,0.009658,0.005,2.553345846447842,FLAT,WIN,-0.14,6.34
2026-04-27T09:22:24,ADAUSDT,squeeze,97,A,-26,ЛОНГ,0.2477,-0.015473,0.9922506491558746,FLAT,STOP,-0.04,-0.2
2026-04-27T09:22:24,ZBTUSDT,bos_fvg,68,B,-4,ЛОНГ,0.17703,0.005,19.36918841868773,LOSS,WIN,-3.45,21.8
2026-04-27T11:13:51,ETHUSDT,squeeze,153,A,43,ЛОНГ,2317.59,-0.008579999999999999,-3.4752576821551204,FLAT,STOP,0.04,-1.39
2026-04-27T11:13:51,1000PEPEUSDT,squeeze,145,A,25,ЛОНГ,0.0038335,-0.029221999999999998,-11.310909241305364,FLAT,WIN,0.3,0.61
2026-04-27T11:13:51,BTCUSDT,squeeze,130,A,16,ЛОНГ,77733.3,-0.003803,4.935771136295011,FLAT,STOP,0.07,-1.21
2026-04-27T11:13:51,XRPUSDT,squeeze,97,A,6,ЛОНГ,1.4129,-0.012234,-0.2975024601563784,FLAT,STOP,0.04,-1.52
2026-04-27T11:13:51,PENGUUSDT,squeeze,96,A+,10,ЛОНГ,0.009514,-0.013048,-3.6854795354403045,FLAT,TP1,0.4,5.65
2026-04-27T11:13:51,ADAUSDT,squeeze,94,A,-11,ЛОНГ,0.2472,-0.029287999999999998,0.82183080271516,FLAT,STOP,0.04,-0.24
2026-04-27T11:13:51,SOLUSDT,squeeze,92,A,33,ЛОНГ,85.087,-0.009718000000000001,-2.820239108124271,FLAT,STOP,0.03,-1.4
2026-04-27T11:13:51,ZBTUSDT,squeeze,84,A,-6,ЛОНГ,0.17086,0.005,19.606331461801556,WIN,TP1,0.54,25.65
2026-04-27T11:13:51,FARTCOINUSDT,bos_fvg,127,A,48,ЛОНГ,0.19983,0.005,-0.9684673553372981,FLAT,STOP,0.17,-0.91
2026-04-27T11:13:51,HYPEUSDT,bos_fvg,96,A,-13,ЛОНГ,42.201,0.01,2.3839196672272904,FLAT,STOP,-0.04,-4.23
2026-04-27T11:20:03,ETHUSDT,squeeze,148,A,21,ЛОНГ,2318.73,-0.008225,-3.539151406859431,FLAT,STOP,-0.14,-1.26
2026-04-27T11:20:03,1000PEPEUSDT,squeeze,145,A,59,ЛОНГ,0.003839,-0.028697,-11.424778393444365,FLAT,WIN,0.13,1.12
2026-04-27T11:20:03,BTCUSDT,squeeze,130,A,-18,ЛОНГ,77746.45,-0.003874,4.966936826136174,FLAT,STOP,-0.05,-1.06
2026-04-27T11:20:03,DOGEUSDT,squeeze,127,A,-1,ЛОНГ,0.09799,-0.022828,-2.1241081196166784,FLAT,TP1,0.24,1.82
2026-04-27T11:20:03,ADAUSDT,squeeze,97,A,-9,ЛОНГ,0.2471,-0.029379,0.8011422823449705,FLAT,STOP,0.08,-0.2
2026-04-27T11:20:03,PENGUUSDT,squeeze,96,A+,-24,ЛОНГ,0.009563,-0.013999999999999999,-3.9776835118709206,WIN,TP1,0.84,6.39
2026-04-27T11:20:03,XRPUSDT,squeeze,94,A,4,ЛОНГ,1.4121,-0.012225,-0.440519022180371,FLAT,STOP,0.03,-1.23
2026-04-27T11:20:03,SOLUSDT,squeeze,89,A,28,ЛОНГ,85.1,-0.00981,-2.8042036659828082,FLAT,STOP,-0.08,-1.15
2026-04-27T11:20:03,ZBTUSDT,squeeze,87,A,-18,ЛОНГ,0.1717,0.005,19.248528211788035,WIN,TP1,0.7,23.29
2026-04-27T11:20:03,TAOUSDT,squeeze,83,A,-21,ЛОНГ,249.62,-0.012506,-2.6458553271116054,FLAT,STOP,0.33,0.06
2026-04-27T13:00:39,TAOUSDT,bos_fvg,106,A,52,ЛОНГ,250.89,0.005,-2.270437349994851,FLAT,STOP,-0.5,-1.28
2026-04-27T17:14:53,AAVEUSDT,bos_fvg,89,A,54,ЛОНГ,96.62,-0.009268,-1.237471446227513,FLAT,FLAT,-0.24,-0.07
2026-04-27T17:14:53,PENGUUSDT,bos_fvg,69,B,9,ЛОНГ,0.009681,0.005,10.775600482678795,WIN,WIN,3.42,5.33
2026-04-27T20:22:46,ZECUSDT,bos_fvg,81,A,2,ЛОНГ,354.11,0.01,-0.7704186350871423,FLAT,STOP,-0.49,-5.46
2026-04-27T20:23:41,ZECUSDT,bos_fvg,99,A,50,ЛОНГ,353.61,0.01,-0.7697127302698287,FLAT,STOP,-0.35,-5.33
2026-04-27T20:23:41,PENGUUSDT,bos_fvg,91,B+,26,ЛОНГ,0.009772,-0.003235,9.55031601122498,WIN,WIN,0.68,2.42
2026-04-27T20:29:55,ZECUSDT,bos_fvg,91,A,5,ЛОНГ,353.9,0.01,-0.7687597587664441,FLAT,STOP,-0.44,-5.4
2026-04-27T20:29:55,PENGUUSDT,bos_fvg,91,B+,48,ЛОНГ,0.009786,-0.0052380000000000005,9.869238125737187,WIN,WIN,0.53,2.27
2026-04-27T20:35:00,DOGEUSDT,bos_fvg,107,A,49,ШОРТ,0.098,0.005859,2.5059662206542472,FLAT,STOP,0.05,1.43
2026-04-27T20:35:00,ZECUSDT,bos_fvg,99,A,24,ЛОНГ,354.66,0.01,-0.7148403958031855,LOSS,STOP,-0.85,-6.01
2026-04-27T20:49:07,PENGUUSDT,bos_fvg,91,B+,26,ЛОНГ,0.009788,-0.005574,10.143225898826762,WIN,WIN,3.01,3.18
2026-04-27T21:00:30,XAUTUSDT,squeeze,152,B+,24,ЛОНГ,4673.2,-0.012617,-2.6392346608814967,FLAT,STOP,0.14,-1.78
2026-04-27T21:00:30,PENGUUSDT,bos_fvg,94,B+,12,ЛОНГ,0.00984,0.001217,11.022436856352117,WIN,WIN,4.18,3.02
2026-04-27T21:01:29,PENGUUSDT,bos_fvg,81,B+,8,ЛОНГ,0.009846,0.001298,11.009460500520682,WIN,WIN,4.11,2.96
2026-04-28T08:49:14,FARTCOINUSDT,short_dist,140,A,117,ШОРТ,0.2004,0.005,-1.6175464442837189,WIN,STOP,-0.57,4.38
2026-04-28T08:49:14,1000PEPEUSDT,bos_fvg,131,A,114,ЛОНГ,0.0038994,0.01,3.5528260180556472,STOP,STOP,-1.27,0.63
2026-04-28T08:49:14,ZECUSDT,breakout,87,A,92,ЛОНГ,353.53,0.01,0.03805432793872519,STOP,STOP,-4.81,-4.19
2026-04-28T08:49:14,AAVEUSDT,bos_fvg,86,B+,21,ЛОНГ,97.39,0.003789,-1.9915461736943247,FLAT,FLAT,-0.32,0.11
2026-04-28T08:49:14,BSBUSDT,bos_fvg,83,B+,85,ЛОНГ,0.7624,0.049565000000000005,11.865293239690642,WIN,TP1,10.3,18.01
2026-04-28T09:29:35,BTCUSDT,squeeze,156,B+,3,ЛОНГ,76783.53,-0.014423,-1.6253584285019589,FLAT,STOP,-0.4,0.34
2026-04-28T09:29:35,DOGEUSDT,bos_fvg,116,B+,6,ЛОНГ,0.09972,0.0006039999999999999,8.11717696372394,LOSS,TP1,-0.61,2.57
2026-04-28T09:29:35,AAVEUSDT,bos_fvg,104,B+,24,ЛОНГ,97.5,0.007143,0.47419174714582446,FLAT,STOP,-0.3,-0.33
2026-04-28T09:29:35,1000PEPEUSDT,bos_fvg,94,B+,28,ЛОНГ,0.0038728,0.01,5.495867961887642,LOSS,WIN,-0.9,1.12
2026-04-28T14:39:14,DOGEUSDT,bos_fvg,135,A,18,ЛОНГ,0.09839,0.005757,6.124857216464233,WIN,TP1,0.59,11.97
2026-04-28T14:39:14,1000PEPEUSDT,bos_fvg,117,A,75,ШОРТ,0.003836,0.01,11.094370245759889,LOSS,STOP,0.52,7.53
2026-04-28T14:39:14,PENGUUSDT,bos_fvg,99,B+,69,ЛОНГ,0.010175,0.005,8.342866001855333,FLAT,LOSS,0.19,-1.58
2026-04-28T20:02:24,XRPUSDT,bos_fvg,146,A,80,ШОРТ,1.3822,-0.001264,11.446031216983164,FLAT,TP1,-0.08,-1.28
2026-04-28T20:17:42,XRPUSDT,bos_fvg,146,A,36,ШОРТ,1.3818,-0.002373,15.137415140074161,FLAT,TP1,-0.19,-1.34
2026-04-28T20:17:42,TAOUSDT,short_dist,117,B+,7,ШОРТ,256.51,0.005,-4.945724925903805,FLAT,STOP,0.13,-2.65
2026-04-28T20:17:42,PENGUUSDT,swing,107,B+,13,ЛОНГ,0.010203,0.005,8.256567732227497,FLAT,STOP,0.4,-7.15
2026-04-28T20:18:19,XRPUSDT,bos_fvg,146,A,68,ШОРТ,1.3822,-0.002373,15.163878532491799,FLAT,TP1,-0.22,-1.37
2026-04-28T20:18:19,TAOUSDT,short_dist,117,B+,-5,ШОРТ,256.38,0.005,-4.947772315547484,FLAT,STOP,0.18,-2.6
2026-04-28T21:01:02,XAUTUSDT,short_dist,186,A,11,ШОРТ,4589.8,0.0010689999999999999,-0.5336988581791742,FLAT,TP1,0.02,-1.39
2026-04-28T21:01:02,TAOUSDT,short_dist,129,B+,45,ШОРТ,256.24,0.005,-5.112470847269964,FLAT,STOP,0.14,-2.74
2026-04-28T21:01:02,ORCAUSDT,bos_fvg,124,B+,55,ЛОНГ,1.6708,0.00125,-3.70937596747085,FLAT,LOSS,-0.44,-1.53
2026-04-28T21:01:02,1000PEPEUSDT,bos_fvg,118,B+,52,ЛОНГ,0.0038944,0.01,12.290360707780824,FLAT,TP1,-0.27,-3.12
2026-04-29T01:01:17,HYPEUSDT,short_dist,186,A,34,ШОРТ,40.029,0.01,-1.9527764004429036,FLAT,STOP,0.19,0.02
2026-04-29T01:01:17,XAGUSDT,short_dist,179,A,16,ШОРТ,73.25,0.0,7.978148747208688,LOSS,TP1,0.53,-2.43
2026-04-29T01:01:17,ZECUSDT,squeeze,148,A,57,ЛОНГ,337.15,-0.010006,4.615177688165158,FLAT,STOP,-0.43,-2.85
2026-04-29T01:01:17,PRLUSDT,breakout,144,B+,139,ЛОНГ,0.3643,0.00125,2.153368584265735,LOSS,STOP,-2.31,-12.19
2026-04-29T01:01:17,ZBTUSDT,swing,131,A,83,ЛОНГ,0.18356,0.005,-0.5242381538076607,LOSS,LOSS,-3.51,-2.22
2026-04-29T01:01:17,PENGUUSDT,squeeze,96,A,37,ЛОНГ,0.009975,-0.008016,0.9370245702483478,FLAT,STOP,0.0,-1.64
2026-04-29T01:01:17,TAOUSDT,short_dist,79,B+,37,ШОРТ,258.94,0.005,-1.9720611110771242,FLAT,TP1,-0.22,-1.32
2026-04-29T05:00:58,APEUSDT,squeeze,188,B+,27,ЛОНГ,0.15393,-0.014907,-13.927442658833696,FLAT,STOP,-0.08,-1.4
2026-04-29T05:00:58,PENGUUSDT,swing,118,A,64,ЛОНГ,0.010389,0.005,1.7705378599765522,STOP,STOP,-3.1,-4.56
2026-04-29T09:01:26,HYPEUSDT,short_dist,176,A,50,ШОРТ,40.343,0.0030670000000000003,-3.426574815108447,LOSS,TP1,0.74,-2.08
2026-04-29T09:01:26,SOLUSDT,short_dist,163,A,1,ШОРТ,84.47,0.01,5.908552104430675,STOP,TP1,1.11,-2.25
2026-04-29T09:01:26,XAUTUSDT,swing,160,A,8,ШОРТ,4569.51,-0.004239,1.7096695232712622,FLAT,TP1,-0.11,-0.16
2026-04-29T09:01:26,ETHUSDT,short_dist,115,A,14,ШОРТ,2324.28,0.003295,0.554801647496264,LOSS,TP1,0.8,-3.51
2026-04-30T01:12:45,TRUMPUSDT,short_dist,180,A,41,ШОРТ,2.403,0.002674,-5.349469955067935,FLAT,WIN,-0.25,-1.29
2026-04-30T01:12:45,ZECUSDT,short_dist,177,A,11,ШОРТ,326.67,0.01,-9.159290518030328,STOP,STOP,2.06,7.06
2026-04-30T01:12:45,SOLUSDT,short_dist,160,A,48,ШОРТ,83.78,0.01,-4.448906122900001,FLAT,WIN,0.08,-1.09
2026-04-30T01:12:45,ETHUSDT,short_dist,151,A,11,ШОРТ,2271.53,0.007473,-4.574953386291682,FLAT,WIN,-0.09,-0.59
2026-04-30T01:12:45,XAUTUSDT,short_dist,150,A,-9,ШОРТ,4566.21,0.005,0.36033784234098104,FLAT,STOP,0.19,1.15
2026-04-30T01:12:45,HYPEUSDT,short_dist,148,A,-10,ШОРТ,40.19,0.007273,-1.615838536549552,FLAT,TP1,0.04,-1.72
2026-04-30T01:12:45,XRPUSDT,short_dist,147,A,-10,ШОРТ,1.3823,0.01,-3.3237827962468782,FLAT,WIN,-0.2,-1.17
2026-04-30T01:12:45,DOGEUSDT,squeeze,108,A,-21,ЛОНГ,0.10802,-0.01244,10.449903767958325,STOP,STOP,-1.0,-1.54
2026-04-30T05:12:37,TRUMPUSDT,squeeze,175,B+,56,ЛОНГ,2.363,-0.013619000000000001,-10.20973821500304,FLAT,WIN,0.47,1.14
2026-04-30T05:12:37,BTCUSDT,squeeze,146,A,-19,ЛОНГ,75452.12,-0.005175,-3.162229841622951,FLAT,WIN,0.14,1.55
2026-04-30T05:12:37,DOGEUSDT,swing,130,B+,34,ЛОНГ,0.10494,0.005948,1.4472670239575647,WIN,WIN,0.63,3.87
2026-04-30T09:13:16,XAUTUSDT,swing,157,B+,13,ЛОНГ,4607.4,0.005,-1.8395793682080983,STOP,STOP,0.2,-0.38
2026-04-30T09:13:16,ORCAUSDT,squeeze,121,A,102,ЛОНГ,1.5712,0.00125,3.273760881839312,FLAT,TP1,-0.5,24.83
2026-04-30T13:01:02,XAUTUSDT,swing,174,B+,12,ЛОНГ,4632.79,0.003714,-1.5403004915104652,LOSS,STOP,-0.5,-1.49
2026-04-30T13:01:02,DOGEUSDT,swing,149,A,52,ЛОНГ,0.10634,0.003136,-12.660967502931882,FLAT,WIN,0.31,1.17
2026-04-30T21:51:05,BTCUSDT,squeeze,122,A,31,ЛОНГ,76463.5,-0.0031439999999999997,1.1921352509187402,FLAT,TP1,-0.36,2.52
2026-04-30T21:51:05,BIOUSDT,squeeze,74,B+,61,ЛОНГ,0.04245,-0.0049830000000000004,8.782570704830798,LOSS,LOSS,-1.96,-1.01
2026-05-01T02:31:53,BTCUSDT,squeeze,149,A+,48,ЛОНГ,76485.08,-0.011937,2.058426858953216,TP1,TP1,0.82,2.06
2026-05-01T02:31:53,HYPEUSDT,swing,163,A,68,ЛОНГ,40.205,-0.0077139999999999995,-0.9284491306916833,FLAT,TP1,0.13,2.16
2026-05-01T06:32:54,BTCUSDT,squeeze,144,A+,39,ЛОНГ,77032.7,-0.008785,5.379676468753715,FLAT,TP1,-0.07,1.71
2026-05-01T06:32:54,ORCAUSDT,swing,143,A,42,ЛОНГ,1.8984,0.00125,1.1741806684846385,WIN,WIN,0.96,1.61
2026-05-01T06:32:54,HYPEUSDT,swing,142,A,57,ЛОНГ,40.263,-0.005442,-0.9857728206744422,LOSS,TP1,-0.89,2.56
2026-05-01T09:35:21,BTCUSDT,squeeze,119,A+,49,ЛОНГ,77304.8,0.002917,4.205241378209189,FLAT,TP1,-0.12,1.15
2026-05-01T09:35:21,HYPEUSDT,breakout,97,A,126,ЛОНГ,40.487,0.007943,-3.214882477275071,STOP,TP1,0.39,2.01
2026-05-01T09:35:21,DOGEUSDT,swing,129,A+,71,ЛОНГ,0.10844,0.009640999999999999,2.6272180042597584,FLAT,LOSS,-0.43,-0.65
2026-05-01T09:35:21,1000PEPEUSDT,swing,127,A,8,ЛОНГ,0.0039348,0.0075569999999999995,-1.380732703202361,LOSS,TP1,-0.58,-0.17
2026-05-01T13:55:05,TAOUSDT,breakout,98,A,126,ЛОНГ,262.61,0.005,-2.8609256181913976,WIN,TP1,1.52,4.23
2026-05-01T13:55:05,HYPEUSDT,swing,144,A,78,ЛОНГ,40.939,0.007227,-3.3410769544891057,FLAT,TP1,-0.3,1.78
2026-05-02T01:01:00,BTCUSDT,squeeze,183,B+,54,ЛОНГ,78271.6,-0.011759,6.176062930357815,FLAT,WIN,-0.03,0.6
2026-05-02T01:01:00,TAOUSDT,swing,105,A,66,ЛОНГ,270.41,0.005,-1.5085597695707558,FLAT,TP1,0.09,6.12
2026-05-02T01:01:00,ORCAUSDT,squeeze,105,A,37,ЛОНГ,1.9334,0.00125,-15.517296706395072,WIN,TP1,2.22,10.15
2026-05-02T05:00:51,BTCUSDT,squeeze,149,A+,5,ЛОНГ,78138.1,-0.007001,4.289134633230202,FLAT,TP1,0.02,0.02
2026-05-02T05:00:51,ZECUSDT,swing,134,A,103,ЛОНГ,378.14,0.01,6.991343432416658,FLAT,WIN,0.49,1.34
2026-05-02T05:00:51,DOGEUSDT,swing,119,B+,35,ЛОНГ,0.10804,0.0044870000000000005,6.034067575506227,FLAT,LOSS,-0.32,-0.54
2026-05-02T05:00:51,TAOUSDT,swing,94,A,76,ЛОНГ,271.85,0.005,-2.3598126769927172,FLAT,TP1,0.15,4.15
2026-05-02T05:00:51,ORCAUSDT,squeeze,89,A,51,ЛОНГ,1.9275,0.00125,-4.0604810559086,FLAT,TP1,0.3,7.84
2026-05-02T09:05:02,DOGEUSDT,swing,157,B+,45,ЛОНГ,0.10753,-0.0052970000000000005,-1.552630511407889,FLAT,FLAT,0.27,0.07
2026-05-02T09:05:02,APEUSDT,squeeze,153,B+,44,ЛОНГ,0.17423,-0.02087,-12.968617502113815,WIN,TP1,1.28,-2.24
2026-05-02T09:05:02,ZECUSDT,swing,134,A,39,ЛОНГ,378.46,0.01,5.587814906414665,FLAT,TP1,-0.02,1.47
2026-05-02T09:05:02,BTCUSDT,swing,125,A,59,ЛОНГ,78268.5,0.003774,2.1564086031519465,FLAT,TP1,-0.02,-0.21
2026-05-02T13:00:36,BTCUSDT,swing,132,A,59,ЛОНГ,78190.0,-0.002948,0.8134145274540221,FLAT,TP1,0.1,0.34
2026-05-02T13:00:36,ORCAUSDT,swing,99,A+,79,ЛОНГ,2.2081,0.00125,3.100363071900924,STOP,STOP,-2.95,-5.93
2026-05-02T17:04:55,1000PEPEUSDT,swing,102,A,59,ЛОНГ,0.00399,0.01,-2.9931883074386563,STOP,STOP,-0.98,-0.6
2026-05-02T17:04:55,TAOUSDT,breakout,48,C,64,ЛОНГ,277.72,0.004979,-1.7017950084016447,FLAT,TP1,-0.05,3.17
2026-05-02T21:00:37,BTCUSDT,squeeze,142,A+,87,ЛОНГ,78431.3,-0.001195,-3.0972109220195896,TP1,TP1,0.4,0.26
2026-05-02T21:00:37,ORCAUSDT,breakout,117,A,105,ЛОНГ,2.0878,0.00125,-9.905320997617986,WIN,WIN,2.0,0.57
2026-05-02T21:00:37,ZECUSDT,breakout,109,A,113,ЛОНГ,389.22,0.006435000000000001,2.3536475227178926,STOP,TP1,-0.31,2.22
2026-05-02T21:00:37,XRPUSDT,squeeze,94,A,10,ЛОНГ,1.3928,-0.004578,2.4269009911276935,FLAT,STOP,0.09,0.11
2026-05-03T03:59:47,ORCAUSDT,squeeze,143,A,96,ЛОНГ,2.1307,-0.173678,-13.169010732933703,LOSS,STOP,-1.93,-8.97
2026-05-03T03:59:47,DOGEUSDT,squeeze,139,A,63,ЛОНГ,0.10781,-0.0044469999999999996,-6.155213185895634,FLAT,TP1,0.03,1.06
2026-05-03T03:59:47,ZECUSDT,swing,118,A,81,ЛОНГ,383.5,0.01,3.323961876945557,FLAT,TP1,-0.1,9.42
2026-05-03T03:59:47,BIOUSDT,breakout,72,B+,91,ЛОНГ,0.05646,0.002335,2.787652813474733,LOSS,WIN,-1.04,11.48
2026-05-03T05:11:21,ORCAUSDT,squeeze,153,B+,63,ЛОНГ,2.0895,-0.046396,-9.754601297492266,FLAT,STOP,-0.42,-4.65
2026-05-03T05:11:21,SOLUSDT,squeeze,152,B+,-12,ЛОНГ,83.742,-0.002782,0.503707175455276,FLAT,TP1,-0.18,1.48
2026-05-03T05:11:21,DOGEUSDT,squeeze,151,B+,41,ЛОНГ,0.10797,-0.009373,-4.801254328637988,FLAT,TP1,-0.33,3.77
2026-05-03T05:11:21,ZECUSDT,swing,118,A,33,ЛОНГ,383.14,0.01,4.906179635269652,FLAT,TP1,0.23,9.16
2026-05-03T05:11:21,TAOUSDT,swing,86,A,50,ЛОНГ,287.06,0.005,-5.762794407545299,FLAT,FLAT,0.27,0.28
2026-05-03T10:30:43,SOLUSDT,squeeze,163,B+,83,ЛОНГ,83.874,-0.010971999999999999,3.9572050251655986,FLAT,TP1,0.16,1.14
2026-05-03T10:30:43,DOGEUSDT,swing,151,A,68,ЛОНГ,0.10804,0.01,-5.541064483831087,FLAT,TP1,0.42,4.05
2026-05-03T10:30:43,1000PEPEUSDT,squeeze,149,A,100,ЛОНГ,0.003938,-0.024176,3.8726318072426498,FLAT,TP1,0.23,2.41
2026-05-03T10:30:43,ORCAUSDT,squeeze,140,A,94,ЛОНГ,2.0834,-0.105613,-3.6965512042027546,LOSS,STOP,-0.72,-6.35
2026-05-03T10:30:43,BIOUSDT,squeeze,123,A,45,ЛОНГ,0.05361,-0.030607,0.305712403060003,WIN,TP1,4.55,12.89
2026-05-03T10:30:43,BTCUSDT,swing,122,A+,105,ЛОНГ,78390.34,-0.0008100000000000001,-1.446331235812905,FLAT,TP1,0.37,1.82
2026-05-03T10:30:43,ZECUSDT,breakout,94,A,102,ЛОНГ,388.7,0.01,9.958072278792908,TP1,TP1,1.98,6.07
2026-05-03T13:00:41,BTCUSDT,breakout,148,A+,135,ЛОНГ,78732.45,0.004233000000000001,2.630736721864856,FLAT,TP1,-0.04,-0.02
2026-05-03T17:34:58,BTCUSDT,swing,103,A+,98,ЛОНГ,78665.1,0.00484,3.3496412148989076,FLAT,TP1,-0.02,1.04
2026-05-03T21:00:41,ZECUSDT,breakout,110,A,91,ЛОНГ,405.83,-0.007889,11.843302941862031,WIN,TP1,1.77,1.25
2026-05-03T21:00:41,ETHUSDT,squeeze,109,A,26,ЛОНГ,2328.95,-0.0037410000000000004,4.051115289359543,WIN,TP1,0.77,1.79
2026-05-03T21:00:41,DOGEUSDT,squeeze,93,A,33,ЛОНГ,0.10873,-0.0018130000000000002,-0.14856673292176562,STOP,TP1,0.57,2.28
2026-05-04T04:55:40,1000PEPEUSDT,breakout,175,A+,153,ЛОНГ,0.003961,-0.024634,-4.142991916316025,TP1,TP1,2.4,1.57
2026-05-04T04:55:40,BTCUSDT,squeeze,161,B+,47,ЛОНГ,78512.2,-0.000634,3.3896353273397404,TP1,TP1,1.88,2.29
2026-05-04T04:55:40,SOLUSDT,squeeze,151,B+,18,ЛОНГ,83.77,0.01,1.0799537987385197,TP1,TP1,1.87,0.72
2026-05-04T04:55:40,ZECUSDT,breakout,121,A+,106,ЛОНГ,419.73,-0.046347,8.303905672499527,LOSS,STOP,-1.4,1.53
2026-05-04T04:55:40,BUSDT,breakout,112,A,101,ЛОНГ,0.44197,0.162876,-2.5178402318643522,STOP,STOP,-18.01,-12.38
2026-05-04T04:55:40,DOGEUSDT,squeeze,105,A,102,ЛОНГ,0.10898,0.003105,3.408426402396975,TP1,TP1,3.18,1.77
2026-05-04T13:01:02,CLUSDT,swing,132,A,76,ЛОНГ,103.074,0.0,-18.48233413469118,TP1,TP1,-0.64,1.05
2026-05-04T17:00:53,DOGEUSDT,swing,125,A,16,ЛОНГ,0.11053,0.002262,-1.809153106910025,WIN,WIN,0.62,1.42
2026-05-04T21:00:56,BTCUSDT,squeeze,131,A,12,ЛОНГ,79899.78,-0.008344,3.500261882754136,WIN,WIN,0.52,2.03
2026-05-04T21:00:56,DOGEUSDT,swing,120,A,-1,ЛОНГ,0.11018,0.000719,-4.842518061006021,WIN,TP1,0.54,3.4
2026-05-04T21:00:56,XRPUSDT,squeeze,113,A,8,ЛОНГ,1.3925,0.01,-3.6167070399240817,WIN,WIN,0.54,1.37
2026-05-04T21:00:56,ETHUSDT,squeeze,94,A,39,ЛОНГ,2348.85,-0.001468,-0.13451805457774474,WIN,WIN,0.59,0.97
2026-05-04T21:00:56,LINKUSDT,squeeze,74,B+,11,ЛОНГ,9.336,0.0074540000000000006,2.235157123025329,WIN,TP1,0.66,4.07
2026-05-05T01:00:37,ENAUSDT,squeeze,173,B+,89,ЛОНГ,0.10048,-0.024582,4.263113048325662,WIN,TP1,0.96,10.43
2026-05-05T01:00:37,CLUSDT,squeeze,168,B+,49,ЛОНГ,104.727,-0.002186,-20.770768974998543,FLAT,STOP,-0.28,-2.2
2026-05-05T01:00:37,DOGEUSDT,squeeze,145,A,36,ЛОНГ,0.11073,-0.001045,-2.8503992069216566,FLAT,TP1,0.37,4.58
2026-05-05T01:00:37,AVAXUSDT,squeeze,142,A,0,ЛОНГ,9.206,-0.000352,-2.114876661298327,WIN,TP1,0.56,2.7
2026-05-05T01:00:37,ZECUSDT,swing,112,A,86,ЛОНГ,427.46,0.01,5.8616259691110555,FLAT,TP1,-0.43,21.54
2026-05-05T01:00:37,DASHUSDT,swing,102,A,60,ЛОНГ,47.5,0.01,-1.4881557023699359,FLAT,WIN,0.21,1.94
2026-05-05T05:00:53,CLUSDT,squeeze,150,A,59,ЛОНГ,104.067,-0.008272,-6.568008917601685,FLAT,STOP,0.37,-3.41
2026-05-05T05:00:53,DASHUSDT,swing,120,B+,53,ЛОНГ,47.14,0.01,-0.4432778497665205,LOSS,WIN,-3.1,2.46
2026-05-05T05:00:53,ZECUSDT,swing,103,A,90,ЛОНГ,427.41,0.01,13.636289819625546,LOSS,TP1,-1.61,23.71
2026-05-05T05:00:53,LINKUSDT,squeeze,101,A,59,ЛОНГ,9.529,-0.0040219999999999995,2.407859729938526,FLAT,TP1,-0.09,2.93
2026-05-05T09:03:22,TAOUSDT,swing,127,B+,95,ЛОНГ,285.57,0.005,-5.862156565431648,LOSS,TP1,-0.74,0.44
2026-05-05T09:03:22,CLUSDT,swing,124,A,81,ЛОНГ,103.633,0.0,3.560505435897728,WIN,STOP,0.51,-3.34
2026-05-05T09:03:22,DOGEUSDT,swing,114,B+,98,ЛОНГ,0.11142,0.01,3.670173444618495,FLAT,TP1,-0.25,3.76
2026-05-05T09:03:22,BTCUSDT,swing,95,A,77,ЛОНГ,80675.7,0.00411,5.4825326096312,FLAT,TP1,-0.05,0.67
2026-05-05T13:00:47,SOLUSDT,breakout,113,A,126,ЛОНГ,85.29,0.01,5.697431747334431,STOP,TP1,0.07,4.92
2026-05-05T13:00:47,DOGEUSDT,swing,116,A+,51,ЛОНГ,0.11197,0.01,2.41083392999546,FLAT,TP1,0.12,3.83
2026-05-05T17:01:02,DOGEUSDT,swing,130,A+,43,ЛОНГ,0.1125,0.006887,5.550596226868642,WIN,TP1,1.27,0.09
2026-05-05T21:00:46,BTCUSDT,squeeze,151,B+,49,ЛОНГ,81599.7,-0.00823,4.61773180509744,FLAT,TP1,-0.33,-0.19
2026-05-05T21:00:46,ETHUSDT,squeeze,119,A,10,ЛОНГ,2381.54,-0.00393,3.9116819238654252,FLAT,TP1,-0.33,-1.39
2026-05-05T21:00:46,PENGUUSDT,swing,160,A+,32,ЛОНГ,0.011411,0.005,8.655313421689598,LOSS,STOP,-2.72,-5.45
2026-05-06T01:00:49,BTCUSDT,squeeze,179,B+,89,ЛОНГ,80984.5,-0.019302,2.6713118293544564,FLAT,TP1,0.36,0.43
2026-05-06T01:00:49,PENGUUSDT,swing,221,A,50,ЛОНГ,0.01106,-0.001866,2.6154861626672057,WIN,LOSS,0.55,-3.16
2026-05-06T01:00:49,HYPEUSDT,squeeze,134,A,33,ЛОНГ,43.74,-0.011248,1.6973527496296315,WIN,STOP,0.57,-1.54
2026-05-06T01:00:49,TAOUSDT,breakout,88,A,108,ЛОНГ,294.9,0.005,2.000468935830656,LOSS,TP1,-2.15,6.23
2026-05-06T01:00:49,ADAUSDT,squeeze,74,B+,20,ЛОНГ,0.2607,-0.003467,5.379033867085746,FLAT,TP1,0.46,2.42
2026-05-06T05:00:44,PENGUUSDT,swing,199,A,37,ЛОНГ,0.011067,0.005,-0.7222880805490881,FLAT,STOP,-0.13,-5.82
2026-05-06T05:00:44,TAOUSDT,swing,185,B+,67,ЛОНГ,285.47,-0.003062,7.808862159400472,FLAT,TP1,0.48,6.68
2026-05-06T05:00:44,BTCUSDT,squeeze,177,B+,60,ЛОНГ,81282.81,-0.005587,-0.5678326216501186,FLAT,TP1,-0.08,-0.48
2026-05-06T05:00:44,HYPEUSDT,squeeze,165,B+,66,ЛОНГ,43.939,-0.015385,-0.19837755132871998,FLAT,STOP,0.09,-2.96
2026-05-06T05:00:44,NOTUSDT,swing,129,A,2,ЛОНГ,0.0005758,0.005,-18.91267013905225,LOSS,STOP,-5.45,1.13
2026-05-06T09:01:02,PENGUUSDT,swing,188,A,62,ЛОНГ,0.011243,0.005,3.526598359534268,WIN,STOP,0.57,-7.75
2026-05-06T21:00:49,BTCUSDT,squeeze,132,A,28,ЛОНГ,81386.1,-0.002861,-8.386343290451926,FLAT,STOP,-0.07,-1.56
2026-05-06T21:00:49,ADAUSDT,squeeze,129,A,27,ЛОНГ,0.266,-0.014528,-3.8813866669088064,FLAT,STOP,0.38,-1.13
2026-05-06T21:00:49,XRPUSDT,squeeze,128,A,2,ЛОНГ,1.4237,-0.019880000000000002,-9.309502386894064,FLAT,STOP,-0.06,-2.14
2026-05-06T21:00:49,CLUSDT,squeeze,123,A,55,ЛОНГ,95.997,-0.017276999999999997,-19.499493346214848,FLAT,STOP,-0.38,-1.44
2026-05-06T21:00:49,SOLUSDT,squeeze,113,A,66,ЛОНГ,89.14,-0.0016629999999999998,2.4545863575253066,FLAT,FLAT,0.19,-0.42
2026-05-06T21:00:49,LINKUSDT,squeeze,111,A,14,ЛОНГ,10.01,-0.005528,1.9415615153299308,FLAT,STOP,-0.11,-0.99
2026-05-06T21:00:49,SUIUSDT,squeeze,104,A,2,ЛОНГ,0.99202,-0.009067,-8.264761598701014,FLAT,STOP,0.35,-1.9
2026-05-07T01:00:41,DASHUSDT,swing,211,A,56,ЛОНГ,52.13,0.01,-7.393816716509345,LOSS,LOSS,-2.07,-3.45
2026-05-07T01:00:41,DOGEUSDT,squeeze,179,B+,59,ЛОНГ,0.11138,-0.016604999999999998,0.7068365547244392,LOSS,STOP,-0.84,-3.4
2026-05-07T01:00:41,XRPUSDT,squeeze,174,B+,20,ЛОНГ,1.4171,-0.005018,-10.133715059564215,LOSS,STOP,-0.51,-2.41
2026-05-07T01:00:41,BTCUSDT,squeeze,168,B+,60,ЛОНГ,80979.4,-0.005164,-8.574299293181596,FLAT,STOP,-0.1,-1.48
2026-05-07T01:00:41,ADAUSDT,squeeze,149,A,43,ЛОНГ,0.2653,-0.012884,-4.960912272904752,FLAT,STOP,-0.41,-1.36
2026-05-07T01:00:41,LINKUSDT,squeeze,145,A,26,ЛОНГ,9.929,-0.013947,0.21661925865330547,LOSS,LOSS,-0.73,-0.8
2026-05-07T05:01:20,XRPUSDT,squeeze,197,B+,45,ЛОНГ,1.4069,-0.008392,-9.51237335091757,FLAT,STOP,-0.11,-1.7
2026-05-07T05:01:20,BTCUSDT,squeeze,146,A,3,ЛОНГ,80944.58,0.003551,-8.539900546103492,FLAT,STOP,-0.11,-1.68
2026-05-07T10:28:15,ICPUSDT,squeeze,122,B+,-23,ЛОНГ,3.043,-0.014175,-5.6995167436313166,WIN,TP1,1.31,7.92
2026-05-07T01:00:41,ZECUSDT,swing,181,A,44,ЛОНГ,550.88,0.01,-1.500263156622686,LOSS,WIN,-0.89,1.43
2026-05-07T05:01:20,ETHUSDT,squeeze,196,B+,43,ЛОНГ,2326.06,-0.004628,-1.9835447450963388,FLAT,STOP,-0.23,-2.13
2026-05-11T21:00:51,1000PEPEUSDT,swing,170,A,58,ЛОНГ,0.004355,0.01,-0.5577486395605471,FLAT,STOP,-0.16,-5.51
2026-05-11T21:00:51,ONDOUSDT,swing,148,A,48,ЛОНГ,0.428,0.005,8.724256664399723,WIN,STOP,1.52,-7.9
2026-05-11T21:00:51,DOGEUSDT,swing,143,A,33,ЛОНГ,0.11138,-0.0019409999999999998,10.435404910693979,FLAT,STOP,-0.15,-2.05
2026-05-12T03:24:38,1000PEPEUSDT,swing,182,A,74,ЛОНГ,0.004343,-0.0010190000000000002,-3.4574463577326306,STOP,STOP,-1.2,-4.31
2026-05-12T03:24:38,BTCUSDT,swing,170,A,-15,ЛОНГ,81580.6,0.002058,-0.5883644625710467,STOP,STOP,-0.51,-1.19
2026-05-12T03:24:38,DOGEUSDT,swing,160,A,7,ЛОНГ,0.11144,0.001395,2.383153097918573,STOP,STOP,-1.03,-1.11
2026-05-12T03:24:38,TAOUSDT,swing,152,A,50,ЛОНГ,321.28,0.001738,5.075470739014503,LOSS,STOP,-1.04,-3.29
2026-05-12T03:24:38,VVVUSDT,swing,147,A,61,ЛОНГ,17.1105,0.005,0.13966868209630026,WIN,TP1,1.66,-5.54
2026-05-12T03:24:38,XRPUSDT,swing,142,A,19,ЛОНГ,1.481,-0.0059559999999999995,10.567573053422343,STOP,STOP,-1.24,-2.98
2026-05-12T03:24:38,SOLUSDT,swing,130,A,3,ЛОНГ,97.59,0.004767,2.7585733324529325,STOP,STOP,-1.42,-3.35
2026-05-12T05:28:50,1000PEPEUSDT,swing,189,A,113,ЛОНГ,0.004288,0.004301,-4.54487889481178,FLAT,STOP,0.12,-2.29
2026-05-12T05:28:50,DOGEUSDT,swing,171,A,50,ЛОНГ,0.10985,-0.011616999999999999,0.9906175938162955,WIN,STOP,1.02,1.25
2026-05-12T05:28:50,FARTCOINUSDT,swing,158,A,58,ШОРТ,0.25101,0.005,-3.185494287886593,FLAT,TP1,0.35,-5.71
2026-05-12T05:28:50,BTCUSDT,swing,157,A,38,ЛОНГ,81178.96,-0.002405,-4.024133510558881,FLAT,STOP,-0.01,-0.11
2026-05-12T05:28:50,XRPUSDT,swing,154,A,9,ЛОНГ,1.4623,0.003016,4.033082967123298,FLAT,STOP,0.04,-0.89
2026-05-12T05:28:50,ONDOUSDT,swing,152,A,33,ЛОНГ,0.4316,0.003773,8.41367919763298,FLAT,STOP,-0.39,-6.07
2026-05-12T05:28:50,TAOUSDT,swing,152,A,57,ЛОНГ,319.31,-0.004053,3.4660331378395437,FLAT,STOP,0.25,-2.0
2026-05-12T09:17:46,1000PEPEUSDT,swing,204,A,102,ШОРТ,0.0042301,-0.011012,-6.988974578088018,FLAT,TP1,-0.22,-0.88
2026-05-12T09:17:46,DOGEUSDT,swing,174,A,20,ЛОНГ,0.10974,0.009345,1.5946660976832383,FLAT,TP1,-0.35,2.33
2026-05-12T09:17:46,ONDOUSDT,swing,172,A,38,ЛОНГ,0.4205,0.005,0.5825728174599799,LOSS,STOP,-0.81,-4.61
2026-05-12T09:17:46,VVVUSDT,swing,161,A,68,ЛОНГ,16.7286,-0.009951999999999999,-8.77452064846884,LOSS,STOP,-0.82,-9.1
2026-05-12T09:17:46,XAGUSDT,swing,160,A,14,ЛОНГ,84.31,0.0,6.83317837718787,FLAT,TP1,-0.33,2.68
2026-05-12T09:17:46,XRPUSDT,swing,148,A,41,ЛОНГ,1.4645,0.007014,1.468514977608537,LOSS,STOP,-0.73,-0.59
2026-05-12T09:17:46,XAUTUSDT,swing,124,A,14,ЛОНГ,4693.58,-0.005054,4.625080636023168,FLAT,STOP,-0.05,0.14
2026-05-12T09:17:46,BTCUSDT,swing,103,A,-13,ШОРТ,80795.5,0.0,-1.752877736108158,FLAT,TP1,-0.13,0.34
2026-05-12T09:17:46,ADAUSDT,swing,101,A,21,ЛОНГ,0.2759,0.01,0.3019630639078298,FLAT,STOP,-0.4,-0.8
2026-05-12T17:24:29,NEARUSDT,swing,146,B+,5,ЛОНГ,1.5669,-0.003031,7.473789890513068,WIN,TP1,0.86,1.7
2026-05-12T21:00:47,VVVUSDT,squeeze,130,A,37,ЛОНГ,16.1416,-0.018258,-19.036289006632092,WIN,STOP,1.37,-5.34
2026-05-12T21:00:47,XAUTUSDT,swing,126,A,7,ЛОНГ,4707.93,0.0042840000000000005,-1.6682303125108373,FLAT,STOP,-0.03,-0.51
2026-05-13T01:16:15,ONDOUSDT,squeeze,143,A,72,ЛОНГ,0.4003,-0.022317,1.8014125295058396,STOP,STOP,1.27,-4.22
2026-05-13T09:01:29,ONDOUSDT,swing,149,A,59,ШОРТ,0.4001,-0.006462,1.2573414533261442,LOSS,TP1,1.17,-3.25
2026-05-13T09:01:29,ZECUSDT,swing,111,A,18,ШОРТ,551.99,-0.009869000000000001,-2.6732938109586195,FLAT,TP1,0.19,-4.0
2026-05-13T21:04:35,BNBUSDT,swing,144,B+,21,ЛОНГ,671.02,-0.010458,-0.8051801933079962,FLAT,TP1,-0.26,1.67
2026-05-13T21:04:35,BTCUSDT,swing,130,A,32,ШОРТ,79611.1,0.0043560000000000005,5.642321811739984,FLAT,STOP,-0.29,2.75
2026-05-14T01:00:39,LINKUSDT,squeeze,148,A,-5,ЛОНГ,10.238,-0.014564999999999998,-4.361705101720355,FLAT,TP1,0.0,3.29
2026-05-14T01:00:39,NEARUSDT,breakout,145,A,124,ЛОНГ,1.5868,0.01,-1.125377608231754,WIN,STOP,1.37,-0.07
2026-05-14T01:00:39,BNBUSDT,swing,131,B+,39,ЛОНГ,674.61,0.007253,-0.37989292415753695,FLAT,STOP,-0.15,1.05
2026-05-14T01:00:39,BTCUSDT,swing,114,A,61,ШОРТ,79515.78,0.0034820000000000003,7.429079301240001,FLAT,STOP,0.04,2.45
2026-05-14T01:00:39,TAOUSDT,breakout,88,A,96,ЛОНГ,296.39,-0.010638,4.945626932612017,FLAT,TP1,-0.04,3.91
2026-05-14T05:01:06,NEARUSDT,swing,127,A,32,ШОРТ,1.5526,0.01,-4.323645758503184,STOP,STOP,1.2,0.34
2026-05-14T05:01:06,BNBUSDT,swing,127,A,39,ЛОНГ,667.06,-0.008287,-7.456507780354429,FLAT,TP1,0.44,1.71
2026-05-14T05:01:06,ZECUSDT,swing,84,A,61,ШОРТ,527.56,0.01,-2.483887751045377,FLAT,STOP,0.45,3.54
2026-05-14T13:01:29,XAUTUSDT,swing,161,B+,39,ЛОНГ,4696.34,-0.003739,3.4667880573734244,STOP,STOP,-0.36,-2.85
2026-05-14T17:52:22,SOLUSDT,swing,138,A,65,ЛОНГ,92.779,-0.011467,-3.2560367913580364,WIN,STOP,0.66,-4.05
2026-05-14T21:00:41,ONDOUSDT,swing,129,A,12,ЛОНГ,0.3908,0.005,2.6298013396533353,WIN,STOP,0.95,-5.09
2026-05-14T21:00:41,SOLUSDT,swing,125,A,8,ЛОНГ,92.77,-0.000569,-2.503688342431399,FLAT,STOP,0.02,-3.07
2026-05-15T01:28:42,ADAUSDT,squeeze,156,B+,46,ЛОНГ,0.2723,-0.017901,-0.5186962463592704,LOSS,STOP,-1.21,-4.04
2026-05-15T01:28:42,ONDOUSDT,swing,143,A,-1,ЛОНГ,0.3937,-0.005627,6.013191445529937,LOSS,STOP,-0.91,-7.75
2026-05-15T01:28:42,ZECUSDT,swing,137,A,41,ЛОНГ,557.7,0.01,2.9044697467693474,LOSS,STOP,-1.98,-7.72
2026-05-15T01:28:42,XRPUSDT,swing,136,A,3,ЛОНГ,1.4961,0.01,6.42402379728315,LOSS,STOP,-1.18,-4.32
2026-05-15T01:28:42,SOLUSDT,swing,124,A,66,ЛОНГ,92.34,0.01,0.20603433838996843,LOSS,STOP,-0.7,-3.43
2026-05-15T06:22:57,XAUTUSDT,squeeze,150,B+,50,ЛОНГ,4597.8,-0.010547,1.654241276620809,STOP,STOP,-0.31,-1.23
2026-05-15T06:22:57,SOLUSDT,breakout,106,A,108,ЛОНГ,91.421,0.01,1.5383352199575149,FLAT,STOP,0.1,-2.45
2026-05-16T05:36:08,XRPUSDT,squeeze,168,B+,60,ЛОНГ,1.4333,-0.014357000000000002,1.0801113699263458,STOP,STOP,-1.14,-1.79
2026-05-19T01:03:59,ONDOUSDT,squeeze,157,B+,106,ЛОНГ,0.3892,-0.030410000000000003,-0.13586203493077825,LOSS,STOP,-0.75,-6.24
2026-05-19T01:03:59,CLUSDT,squeeze,154,B+,34,ЛОНГ,102.43,-0.03479,4.726642627477621,FLAT,WIN,0.07,1.76
2026-05-19T01:03:59,HYPEUSDT,squeeze,139,A,60,ЛОНГ,48.128,-0.020686,4.437364084930328,LOSS,FLAT,-2.5,-0.34
2026-05-19T05:01:43,ONDOUSDT,squeeze,145,A,58,ЛОНГ,0.3882,-0.015198,3.3115377307096736,WIN,STOP,1.52,-3.25
2026-05-19T05:01:43,CLUSDT,squeeze,131,A,48,ЛОНГ,102.587,-0.032195,11.132936043007307,FLAT,WIN,0.26,0.99
2026-05-19T21:01:54,HYPEUSDT,squeeze,159,B+,34,ЛОНГ,48.19,-0.032945,-2.8381534196834224,FLAT,TP1,-0.47,8.23
2026-05-20T01:00:32,INJUSDT,squeeze,150,A,62,ЛОНГ,4.91,-0.033076,-1.311779840697076,FLAT,TP1,-0.16,-2.34
2026-05-20T05:00:49,HYPEUSDT,squeeze,161,B+,23,ЛОНГ,48.303,-0.013577,-4.637933208933007,FLAT,TP1,0.22,15.48
2026-05-20T05:00:49,ZECUSDT,squeeze,118,A,59,ЛОНГ,580.44,-0.013590999999999999,2.466242009561085,WIN,TP1,1.71,14.4
2026-05-20T21:00:56,SOLUSDT,bos_fvg,157,A,27,ЛОНГ,86.132,0.000417,1.8596621136655989,FLAT,WIN,-0.46,1.6
2026-05-20T21:00:56,NEARUSDT,bos_fvg,123,A,64,ЛОНГ,1.6956,0.01,5.058849692389114,WIN,TP1,1.03,8.79
2026-05-20T21:00:56,DOGEUSDT,swing,122,A,18,ШОРТ,0.10409,0.0019749999999999998,-0.2861791343144469,WIN,STOP,-0.82,1.74
2026-05-20T21:00:56,SUIUSDT,bos_fvg,114,A,-12,ЛОНГ,1.07416,0.01,4.2631772330875,LOSS,TP1,-0.69,6.61
2026-05-20T21:00:56,ONDOUSDT,swing,113,A,14,ЛОНГ,0.4007,0.005,3.806840266555409,FLAT,TP1,-0.27,5.76
2026-05-20T21:00:56,XRPUSDT,bos_fvg,104,A,12,ШОРТ,1.3692,0.003516,-0.7538347653587409,FLAT,LOSS,-0.47,0.5
2026-05-21T01:00:54,DOGEUSDT,swing,165,A,13,ШОРТ,0.1045,0.000203,0.8887683456239206,FLAT,STOP,0.19,0.75
2026-05-21T01:00:54,NEARUSDT,bos_fvg,157,A,48,ЛОНГ,1.7214,0.01,7.786635138146285,FLAT,TP1,-0.28,13.27
2026-05-21T01:00:54,ZECUSDT,swing,141,A,46,ЛОНГ,674.52,-0.004037,17.441715736574803,LOSS,LOSS,-1.56,-0.6
2026-05-21T01:00:54,SOLUSDT,bos_fvg,138,A,72,ЛОНГ,86.62,0.009859999999999999,0.545303249521415,FLAT,WIN,-0.16,0.8
2026-05-21T01:00:54,ONDOUSDT,swing,138,A,29,ЛОНГ,0.3978,0.0024749999999999998,-0.16935542883526644,WIN,TP1,2.97,6.26
2026-05-21T01:00:54,BTCUSDT,swing,128,A,86,ЛОНГ,77949.8,0.004112,-3.751060659647952,STOP,STOP,-0.14,-0.42
2026-05-21T13:02:06,CLUSDT,bos_fvg,186,A,122,ШОРТ,101.15,-0.003563,2.9145598577495884,TP1,TP1,0.01,-3.13
2026-05-21T13:02:06,DOGEUSDT,swing,172,A,5,ЛОНГ,0.1045,-0.001853,0.7379679334475066,FLAT,WIN,-0.15,1.13
2026-05-21T13:02:06,ETHUSDT,short_dist,160,A,16,ШОРТ,2115.97,0.002314,-2.0788736076872847,FLAT,STOP,0.19,0.31
2026-05-21T13:02:06,SUIUSDT,swing,159,A,1,ЛОНГ,1.08966,0.0048590000000000005,-0.1211555501083665,WIN,TP1,0.65,0.99
2026-05-21T13:02:06,BTCUSDT,short_dist,157,A,3,ШОРТ,77239.66,0.006634,2.0953875142388307,FLAT,STOP,-0.24,0.05
2026-05-21T13:02:06,ZECUSDT,swing,154,A,66,ЛОНГ,660.95,0.008879,8.440360421295347,FLAT,STOP,0.39,-3.59
2026-05-21T13:02:06,XRPUSDT,short_dist,154,A,5,ШОРТ,1.3643,0.007194000000000001,-1.3278743950391592,FLAT,STOP,-0.45,-0.38
2026-05-21T13:02:06,NEARUSDT,bos_fvg,153,A,40,ЛОНГ,1.7528,0.01,18.091646235491016,FLAT,TP1,-0.41,25.94
2026-05-21T13:02:06,ONDOUSDT,bos_fvg,153,A,39,ЛОНГ,0.4019,0.005,2.021476357387121,FLAT,TP1,0.0,7.04
2026-05-21T13:02:06,1000PEPEUSDT,bos_fvg,146,A,25,ЛОНГ,0.003736,-0.008530999999999999,1.8594369304893041,FLAT,TP1,-0.03,1.26
2026-05-21T13:02:06,SOLUSDT,swing,142,A,3,ШОРТ,85.72,0.01,-0.9801154283277247,FLAT,STOP,0.31,1.55
2026-05-21T13:02:06,TAOUSDT,bos_fvg,132,A,52,ЛОНГ,279.12,0.005,7.258804722631143,FLAT,WIN,0.08,1.16
2026-05-21T13:02:06,WLDUSDT,bos_fvg,123,A,-12,ЛОНГ,0.2569,0.01,2.6399701843517813,WIN,TP1,1.75,9.93
2026-05-21T22:02:24,NEARUSDT,bos_fvg,180,A,21,ЛОНГ,1.9533,0.01,19.747056942593158,STOP,TP1,-1.55,8.74
2026-05-21T22:02:24,DOGEUSDT,swing,169,A,29,ЛОНГ,0.10557,0.01,-1.4559437130842898,FLAT,STOP,-0.35,-1.78
2026-05-21T22:02:24,SUIUSDT,swing,147,A,54,ЛОНГ,1.13434,0.01,2.397228794914219,LOSS,STOP,-1.77,-5.75
2026-05-21T22:02:24,TAOUSDT,swing,145,A,11,ЛОНГ,285.05,0.005,9.134622026968664,LOSS,STOP,-1.91,-3.52
2026-05-21T22:02:24,SOLUSDT,swing,139,A,31,ЛОНГ,87.51,0.01,-0.023381912483102327,LOSS,STOP,-0.56,-2.78
2026-05-21T22:02:24,ZECUSDT,bos_fvg,117,A,40,ЛОНГ,675.11,-0.005606,0.7861916121608392,LOSS,STOP,-1.61,-9.75
2026-05-21T22:02:24,EDENUSDT,breakout,23,D,47,ЛОНГ,0.12445,0.005,0.3638089407772254,FLAT,TP1,-0.35,3.28
2026-05-21T22:02:24,HYPEUSDT,bos_fvg,147,A,4,ЛОНГ,57.617,0.01,-7.88139362972199,WIN,LOSS,1.75,-3.72
2026-05-22T02:55:29,ONDOUSDT,bos_fvg,161,B+,56,ЛОНГ,0.4107,0.005,6.000067498512465,FLAT,TP1,0.22,-6.55
2026-05-22T02:55:29,SUIUSDT,swing,143,A,36,ЛОНГ,1.0966,0.01,0.3500561242415475,WIN,STOP,1.06,-4.45
2026-05-22T02:55:29,DOGEUSDT,swing,138,B+,31,ЛОНГ,0.10545,0.01,-0.9182411129746003,FLAT,STOP,0.38,-3.01
2026-05-22T02:55:29,NEARUSDT,short_dist,138,B+,34,ШОРТ,2.0056,-0.005306,15.009706331401935,STOP,STOP,5.57,4.68
2026-05-22T02:55:29,SOLUSDT,bos_fvg,130,B+,-25,ЛОНГ,86.729,-0.002094,0.6888937960264223,FLAT,STOP,0.31,-2.74
2026-05-22T02:55:29,ZECUSDT,swing,123,A,59,ЛОНГ,653.51,-0.006651999999999999,2.68923959817915,FLAT,STOP,0.38,-10.83
2026-05-22T02:55:29,HYPEUSDT,swing,104,A,13,ЛОНГ,56.92,0.01,-3.0727745800016266,WIN,TP1,1.02,-4.04
2026-05-22T02:55:29,LITUSDT,swing,101,B+,33,ЛОНГ,1.4027,0.005,-1.0744041901110117,FLAT,STOP,-0.16,-15.35
2026-05-22T08:20:31,ZECUSDT,squeeze,181,B+,113,ЛОНГ,656.34,-0.019994,-1.8707934855360617,LOSS,STOP,-1.32,-9.14
2026-05-22T08:20:31,DOGEUSDT,swing,143,A,-22,ЛОНГ,0.10591,0.01,-3.306887820619325,FLAT,STOP,-0.13,-4.43
2026-05-22T08:20:31,HYPEUSDT,bos_fvg,134,A,34,ЛОНГ,57.862,0.01,3.232619082051157,WIN,TP1,3.39,-4.61
2026-05-22T08:20:31,SUIUSDT,bos_fvg,132,A,54,ЛОНГ,1.1166,0.01,0.6898315421860298,LOSS,STOP,-0.68,-7.64
2026-05-22T08:20:31,SOLUSDT,bos_fvg,129,A,38,ЛОНГ,86.952,0.01,-0.5665532355876978,FLAT,STOP,0.24,-3.19
2026-05-22T08:20:31,TAOUSDT,bos_fvg,129,A,74,ЛОНГ,283.55,0.005,10.688538454708658,FLAT,TP1,0.02,-6.82
2026-05-22T08:20:31,XAUTUSDT,swing,124,A,0,ЛОНГ,4522.27,-0.003196,-0.10702234510498332,FLAT,STOP,-0.26,-0.44
2026-05-22T08:20:31,ONDOUSDT,bos_fvg,114,A,62,ЛОНГ,0.4087,0.005,4.683006715703784,TP1,TP1,6.8,-6.8
2026-05-22T08:20:31,EDENUSDT,breakout,34,D,63,ЛОНГ,0.12589,0.005,0.5529252918828088,TP1,TP1,11.6,-28.93
2026-05-22T09:01:01,SUIUSDT,bos_fvg,174,A,41,ЛОНГ,1.10513,0.01,0.4238309385802145,FLAT,STOP,-0.42,-6.56
2026-05-22T09:01:01,ETHUSDT,bos_fvg,173,A,4,ШОРТ,2120.79,0.007643,1.1599048326751513,FLAT,TP1,0.08,-2.72
2026-05-22T09:01:01,DOGEUSDT,swing,162,A,28,ЛОНГ,0.10573,0.01,-2.277585585249761,FLAT,STOP,-0.05,-4.56
2026-05-22T09:01:01,WLDUSDT,short_dist,136,B+,53,ШОРТ,0.2854,0.01,2.4994153468771465,WIN,TP1,-1.05,-4.48
2026-05-22T09:01:01,ADAUSDT,bos_fvg,133,B+,-15,ЛОНГ,0.2513,0.01,-0.7059003701291142,FLAT,STOP,-0.08,-3.78
2026-05-22T09:01:01,LITUSDT,bos_fvg,131,A,14,ЛОНГ,1.3252,0.005,1.6960944697940845,WIN,STOP,0.8,-13.58
2026-05-22T09:01:01,HYPEUSDT,breakout,79,B+,111,ЛОНГ,59.189,0.01,-1.3587193427487991,FLAT,STOP,-0.06,-6.62
2026-05-22T09:01:01,SOLUSDT,bos_fvg,122,B+,88,ЛОНГ,87.08,0.01,0.3390854069036325,FLAT,STOP,-0.03,-3.12
2026-05-22T09:01:01,ONDOUSDT,short_dist,120,B+,68,ШОРТ,0.4258,0.005,3.555789457439161,LOSS,TP1,1.03,-9.91
2026-05-22T15:27:26,SUIUSDT,bos_fvg,210,A,101,ЛОНГ,1.1222,0.01,5.522635997755051,STOP,STOP,-2.48,-10.74
2026-05-22T15:27:26,DOGEUSDT,breakout,141,A,137,ЛОНГ,0.1064,0.01,2.9511293815511666,STOP,STOP,-0.42,-6.96
2026-05-22T15:27:26,ETHUSDT,bos_fvg,173,A,69,ШОРТ,2131.28,0.009368,0.2898369179398829,WIN,TP1,-0.55,-4.83
2026-05-22T15:27:26,XAUTUSDT,short_dist,171,A,-18,ШОРТ,4517.1,0.002683,0.028088121990740046,FLAT,WIN,-0.03,-0.5
2026-05-22T15:27:26,BSBUSDT,short_dist,168,A,53,ШОРТ,0.7562,0.0007849999999999999,-7.296814308376069,TP1,TP1,-24.5,62.93
2026-05-22T15:27:26,BTCUSDT,short_dist,149,A,-29,ШОРТ,77364.6,0.006378,-2.5237807614429455,TP1,TP1,-0.59,-3.44
2026-05-22T15:27:26,XRPUSDT,bos_fvg,136,A,16,ЛОНГ,1.3676,0.001202,2.8871478176571275,STOP,STOP,-1.09,-3.15
2026-05-22T15:27:26,SOLUSDT,bos_fvg,135,A,65,ЛОНГ,87.5,0.01,1.792473172063524,STOP,STOP,-0.86,-6.02
2026-05-22T15:27:26,HYPEUSDT,short_dist,129,A,10,ШОРТ,61.041,0.01,0.5715816201381388,TP1,TP1,-6.11,-9.94
2026-05-22T21:01:43,HYPEUSDT,short_dist,155,A,68,ШОРТ,55.078,0.01,-8.85554439000747,STOP,STOP,1.34,5.66
2026-05-22T21:01:43,ZECUSDT,swing,142,A,76,ШОРТ,596.7,0.01,-0.2610420003284824,STOP,STOP,0.97,3.46
2026-05-22T21:01:43,BSBUSDT,bos_fvg,139,A,77,ЛОНГ,0.9568,0.011156,4.616303551736753,LOSS,TP1,-0.88,17.43
2026-05-23T01:15:30,CLUSDT,squeeze,144,B+,110,ЛОНГ,98.765,-0.03607,-2.5072088458353083,FLAT,STOP,0.08,-9.15
2026-05-23T01:15:30,TAOUSDT,swing,182,A,42,ШОРТ,264.58,0.005,-10.998079446071259,FLAT,STOP,-0.02,6.57
2026-05-23T01:15:30,1000PEPEUSDT,bos_fvg,175,A,46,ШОРТ,0.003621,-0.001558,-3.0986273600036744,FLAT,TP1,-0.17,0.86
2026-05-23T01:15:30,WLDUSDT,bos_fvg,130,B+,73,ЛОНГ,0.2718,0.01,-1.9515856772928584,LOSS,TP1,-1.1,11.37
2026-05-23T05:01:08,ETHUSDT,short_dist,170,A,31,ШОРТ,2066.23,0.002111,6.69298725228675,FLAT,TP1,-0.15,2.74
2026-05-23T05:01:08,ADAUSDT,squeeze,153,B+,9,ЛОНГ,0.2422,-0.015895,2.653444622328248,FLAT,TP1,-0.17,1.49
2026-05-23T05:01:08,BOBBOBUSDT,squeeze,152,B+,114,ЛОНГ,0.008435,-0.058128,-19.892576705029143,LOSS,FLAT,-3.73,-0.28
2026-05-23T05:01:08,BSBUSDT,short_dist,165,B+,-3,ШОРТ,1.1571,0.052485,5.309990520771446,LOSS,STOP,3.18,7.09
2026-05-23T05:01:08,XRPUSDT,short_dist,164,A,10,ШОРТ,1.3357,-0.002676,2.4616625548941715,FLAT,TP1,-0.26,1.8
2026-05-23T05:01:08,TAOUSDT,swing,164,A,28,ШОРТ,264.94,-0.0031690000000000004,-12.629965524880726,FLAT,TP1,-0.21,6.04
2026-05-23T05:01:08,LINKUSDT,short_dist,152,A,29,ШОРТ,9.367,0.000339,1.3451253557132563,FLAT,TP1,-0.38,2.31
2026-05-23T05:01:08,SOLUSDT,short_dist,151,A,-16,ШОРТ,84.36,-0.010855,-2.7127325302248706,FLAT,TP1,0.0,1.99
2026-05-23T05:01:08,ONDOUSDT,squeeze,137,A,56,ЛОНГ,0.3796,-0.017898999999999998,4.4221011953182785,WIN,TP1,1.05,12.28
2026-05-23T05:01:08,BTCUSDT,swing,147,A,1,ШОРТ,75502.44,-0.001097,7.312167971906231,FLAT,TP1,-0.1,1.83
2026-05-23T05:01:08,SUIUSDT,short_dist,138,A,26,ШОРТ,1.03606,0.01,7.405592731057798,FLAT,TP1,-0.33,3.14
2026-05-23T05:01:08,HYPEUSDT,swing,135,A,89,ШОРТ,55.162,0.01,-7.023318961617978,FLAT,STOP,0.2,9.95
2026-05-23T05:01:08,1000PEPEUSDT,short_dist,135,A,35,ШОРТ,0.003592,-0.005404,-1.0089668345045166,FLAT,TP1,-0.22,1.45
2026-05-23T05:01:08,CLUSDT,breakout,118,B+,109,ЛОНГ,98.844,-0.006936,-1.6727550608926076,FLAT,STOP,-0.23,-7.92
2026-05-23T05:01:08,ZECUSDT,short_dist,131,A,42,ШОРТ,596.74,-0.02361,-4.790536455934181,FLAT,STOP,-0.4,7.47
2026-05-23T05:01:08,DOGEUSDT,short_dist,125,A,7,ШОРТ,0.10146,-0.001253,-2.713716029262851,WIN,TP1,-0.54,1.78
2026-05-23T05:01:08,NEARUSDT,squeeze,96,A,8,ЛОНГ,2.0612,-0.018231,20.549858785823076,FLAT,TP1,0.34,15.44
2026-05-23T05:01:08,FARTCOINUSDT,short_dist,110,A,40,ШОРТ,0.17715,0.005,3.6369270646025944,FLAT,TP1,0.2,3.75
2026-05-23T05:01:08,EDENUSDT,squeeze,88,A,60,ЛОНГ,0.09324,-1.86395,-21.29372653788283,TP1,TP1,6.38,5.66
2026-05-23T05:01:08,WLDUSDT,bos_fvg,102,A,74,ЛОНГ,0.2731,0.001996,-2.653862239414546,FLAT,TP1,-0.18,9.92
2026-05-23T09:03:16,LINKUSDT,squeeze,220,B+,91,ЛОНГ,9.161,-0.026425999999999998,-0.3430940054680124,FLAT,TP1,0.38,4.7
2026-05-23T09:03:16,SUIUSDT,short_dist,156,A,1,ШОРТ,1.0005,0.0059039999999999995,11.06985069637107,STOP,STOP,0.29,5.73
2026-05-23T09:03:16,TAOUSDT,swing,150,A,74,ШОРТ,260.64,0.0042320000000000005,-16.96157120094602,FLAT,STOP,-0.03,7.46
2026-05-23T09:03:16,ADAUSDT,squeeze,160,B+,51,ЛОНГ,0.2383,-0.022757,-1.1530918531925485,FLAT,TP1,0.13,3.27
2026-05-23T09:03:16,CLUSDT,bos_fvg,143,A,90,ЛОНГ,98.645,-0.011269,10.582834418993412,FLAT,STOP,0.06,-8.54
2026-05-23T09:03:16,BTCUSDT,swing,133,A,67,ШОРТ,74635.86,-0.004174,7.102672590332348,STOP,STOP,0.1,2.91
2026-05-23T09:03:16,BSBUSDT,short_dist,129,B+,34,ШОРТ,1.1809,0.07202499999999999,10.86076659084305,STOP,STOP,23.64,9.76
2026-05-23T09:03:16,WLDUSDT,short_dist,129,A,11,ШОРТ,0.2642,-0.002274,-5.9386021877998125,LOSS,STOP,0.87,14.72
2026-05-23T09:03:16,DOGEUSDT,bos_fvg,127,A,26,ШОРТ,0.09965,-0.014826999999999998,-1.955589646410694,FLAT,STOP,-0.16,3.31
2026-05-23T09:03:16,NEARUSDT,bos_fvg,123,A,91,ЛОНГ,2.0667,0.01,8.531860403403986,WIN,TP1,0.98,13.45
2026-05-23T09:03:16,ETHUSDT,short_dist,122,A,14,ШОРТ,2029.15,0.001924,5.497450132560775,STOP,STOP,0.0,4.54
2026-05-23T09:03:16,ONDOUSDT,swing,122,A,34,ШОРТ,0.3889,0.005,13.193493770857199,LOSS,STOP,2.57,10.36
2026-05-23T09:03:16,FARTCOINUSDT,short_dist,111,A,42,ШОРТ,0.17084,0.005,-0.26797164129801243,STOP,STOP,1.04,6.73
2026-05-23T09:03:16,SOLUSDT,short_dist,109,A,55,ШОРТ,82.08,-0.0015429999999999999,-3.106561058290917,STOP,STOP,0.18,4.85
2026-05-23T09:03:16,1000PEPEUSDT,short_dist,107,A,49,ШОРТ,0.0034833,-0.012265,2.4210545201579525,STOP,STOP,0.05,3.84
2026-05-23T09:03:16,XRPUSDT,bos_fvg,103,A,65,ШОРТ,1.31,-0.006363999999999999,-0.18998293576061293,STOP,STOP,0.63,3.87
2026-05-23T09:03:16,ZECUSDT,swing,92,A,81,ШОРТ,595.28,0.01,-3.9687642883706666,FLAT,STOP,-0.14,6.78
2026-05-23T09:03:16,ENAUSDT,short_dist,47,C,54,ШОРТ,0.09576,0.005,-0.2725078362054981,FLAT,STOP,0.33,4.57
2026-05-23T09:03:16,GENIUSUSDT,short_dist,40,C,-9,ШОРТ,0.5858,0.005,2.3526390352968036,LOSS,STOP,0.58,11.86
2026-05-23T20:32:32,BTCUSDT,short_dist,179,A,30,ШОРТ,75335.3,0.000163,2.9808774985170166,STOP,STOP,1.78,1.77
2026-05-23T20:32:32,LINKUSDT,squeeze,162,B+,64,ЛОНГ,9.257,-0.020404000000000002,-2.347273147062814,TP1,TP1,3.86,2.34
2026-05-23T20:32:32,ETHUSDT,short_dist,176,A,28,ШОРТ,2048.39,0.003121,4.770988042667805,STOP,STOP,3.18,2.75
2026-05-23T20:32:32,WLDUSDT,bos_fvg,161,A,87,ЛОНГ,0.2775,0.006264,-6.117585864755137,TP1,TP1,10.41,6.31
2026-05-23T20:32:32,TAOUSDT,bos_fvg,157,A,73,ШОРТ,265.03,-0.006279,-17.35522844103299,STOP,STOP,7.49,4.94
2026-05-23T20:32:32,HYPEUSDT,breakout,139,A,137,ЛОНГ,55.658,0.01,-5.6466874221780925,TP1,TP1,4.61,13.76
2026-05-23T20:32:32,XRPUSDT,short_dist,152,A,-27,ШОРТ,1.3329,-0.003605,-5.356030848374017,STOP,STOP,1.91,1.5
2026-05-23T20:32:32,SOLUSDT,bos_fvg,152,A,11,ШОРТ,83.65,-0.018831,-2.682661894533857,STOP,STOP,3.12,2.44
2026-05-23T20:32:32,DOGEUSDT,short_dist,143,A,-11,ШОРТ,0.10032,-0.010575,-6.61477605013536,STOP,STOP,3.19,1.99
2026-05-23T20:32:32,ADAUSDT,short_dist,141,A,-17,ШОРТ,0.2406,-0.036329,-4.3255953952764425,STOP,STOP,2.74,1.0
2026-05-23T20:32:32,FARTCOINUSDT,bos_fvg,106,A,4,ШОРТ,0.17553,0.005,-0.5545815708416634,STOP,STOP,5.33,3.25
2026-05-23T20:32:32,INJUSDT,bos_fvg,106,A,22,ЛОНГ,5.0133,-0.006483999999999999,25.914633869724984,TP1,TP1,8.13,4.9
2026-05-23T20:32:32,SUIUSDT,short_dist,103,A,-14,ШОРТ,1.02211,-0.010832000000000001,4.740599862817235,STOP,STOP,5.29,2.46
2026-05-23T20:32:32,ZECUSDT,swing,99,A,80,ЛОНГ,588.52,0.01,-4.252065133043547,TP1,TP1,8.96,14.21
2026-05-23T20:32:32,ONDOUSDT,swing,96,A,49,ЛОНГ,0.4065,-0.017748,10.64150329462678,WIN,TP1,3.52,10.8
2026-05-23T20:32:32,BEATUSDT,short_dist,95,B+,19,ШОРТ,1.35673,0.075451,24.08674556223362,WIN,WIN,-8.94,-5.81
2026-05-23T20:32:32,NEARUSDT,bos_fvg,86,A,88,ЛОНГ,2.1636,0.006286000000000001,6.885697255489733,TP1,TP1,11.49,12.84
2026-05-23T20:32:32,ENAUSDT,short_dist,80,A,59,ШОРТ,0.09621,-0.00727,1.1478184028100444,STOP,STOP,7.54,3.68
2026-05-23T21:29:22,TAOUSDT,bos_fvg,144,A,38,ЛОНГ,284.27,0.005,-7.598131318868183,STOP,STOP,-0.81,-2.57
2026-05-23T21:29:22,NEARUSDT,squeeze,115,A,91,ЛОНГ,2.4326,-0.020117,0.5624010564405639,LOSS,FLAT,-2.95,0.14
2026-05-23T21:29:22,ONDOUSDT,swing,102,A,7,ЛОНГ,0.4222,-0.0038250000000000003,4.544500001829598,LOSS,TP1,-0.62,6.06
2026-05-23T21:29:22,HYPEUSDT,bos_fvg,91,A+,65,ЛОНГ,59.235,0.007939,-0.3187746744324366,LOSS,TP1,-2.83,5.85
2026-05-23T21:29:22,ZECUSDT,swing,84,A,109,ЛОНГ,658.65,0.01,-6.362065513096324,STOP,STOP,-3.55,0.65
2026-05-24T08:57:17,WLDUSDT,squeeze,183,B+,69,ЛОНГ,0.3012,-0.029126,5.470214647205905,WIN,STOP,2.09,-2.49
2026-05-24T08:57:17,GMTUSDT,squeeze,138,B+,39,ЛОНГ,0.011786,-0.072747,8.371052395136472,WIN,LOSS,1.15,-0.5
2026-05-24T08:57:17,ONDOUSDT,bos_fvg,120,A,18,ЛОНГ,0.4374,0.005,0.42619699185636073,WIN,WIN,0.73,1.01
2026-05-24T08:57:17,XRPUSDT,swing,120,A,34,ЛОНГ,1.3598,0.01,-4.854625908177425,FLAT,STOP,0.31,-0.14
2026-05-24T08:57:17,SUIUSDT,bos_fvg,112,A,19,ЛОНГ,1.0596,0.002051,-4.141194901534102,FLAT,STOP,0.46,-1.35
2026-05-24T08:57:17,ZECUSDT,swing,102,A,61,ЛОНГ,633.47,0.007168000000000001,-3.2522128209175842,WIN,TP1,2.31,4.27
2026-05-24T08:57:17,SOLUSDT,bos_fvg,91,A,80,ЛОНГ,86.4,0.01,-0.6804128689607987,FLAT,STOP,0.12,-0.51
2026-05-24T08:57:17,NEARUSDT,bos_fvg,83,A,40,ЛОНГ,2.3803,-0.0044919999999999995,-3.962697714405978,LOSS,LOSS,-0.82,-0.52
2026-05-24T09:00:34,WLDUSDT,squeeze,186,B+,77,ЛОНГ,0.3014,-0.025286,5.288888731578847,FLAT,STOP,0.46,-2.85
2026-05-24T09:00:34,GMTUSDT,squeeze,132,B+,49,ЛОНГ,0.01184,-0.062248000000000005,11.288465618331223,WIN,LOSS,0.62,-0.74
2026-05-24T09:00:34,XRPUSDT,swing,120,A,79,ЛОНГ,1.3603,0.01,-4.806020615793787,FLAT,STOP,0.34,-0.26
2026-05-24T09:00:34,TAOUSDT,bos_fvg,118,A,50,ЛОНГ,280.9,0.0,0.7986775389415658,FLAT,STOP,-0.33,-1.37
2026-05-24T09:00:34,ZECUSDT,bos_fvg,103,A,40,ЛОНГ,637.55,0.0060090000000000005,-2.1609218608632603,WIN,TP1,0.79,3.51
2026-05-24T09:00:34,BTCUSDT,swing,98,A,17,ЛОНГ,76804.9,0.01,-0.9384381099000414,FLAT,STOP,0.14,0.65
2026-05-24T09:00:34,1000PEPEUSDT,swing,93,A,33,ЛОНГ,0.003625,0.0028439999999999997,-4.459676219578548,FLAT,STOP,-0.28,-0.63
2026-05-24T09:00:34,NEARUSDT,bos_fvg,83,A,34,ЛОНГ,2.38,-0.002087,-3.8777718221100628,LOSS,WIN,-0.94,1.09
2026-05-24T13:02:37,ZECUSDT,swing,99,A,104,ЛОНГ,652.87,0.01,0.1986144829554529,LOSS,TP1,-0.89,2.16
2026-05-24T13:02:37,TAOUSDT,bos_fvg,99,A,7,ЛОНГ,278.43,0.005,-0.7679162486127832,STOP,STOP,-1.83,0.37
2026-05-24T13:02:37,ONDOUSDT,bos_fvg,85,A,67,ЛОНГ,0.4489,0.005,-0.2524342004103725,LOSS,STOP,-2.29,-3.83
2026-05-24T13:02:37,GRASSUSDT,bos_fvg,82,A,17,ЛОНГ,0.53752,-0.0037839999999999996,15.431950334812319,WIN,WIN,1.03,0.95
2026-05-24T13:02:37,NEARUSDT,bos_fvg,58,B,52,ЛОНГ,2.3836,0.0076489999999999995,-2.023629510766524,WIN,WIN,0.68,1.66
2026-05-24T20:42:43,HYPEUSDT,squeeze,137,A+,25,ЛОНГ,62.568,-0.012689,4.082983071762254,LOSS,LOSS,-1.41,-1.14
2026-05-24T20:42:43,XRPUSDT,swing,119,A,-2,ЛОНГ,1.3437,-0.002934,0.5138807949951626,LOSS,TP1,-0.75,1.31
2026-05-24T20:42:43,GRASSUSDT,squeeze,97,A,35,ЛОНГ,0.52114,-0.018238,9.41695232415481,LOSS,WIN,-0.92,4.73
2026-05-24T20:42:43,CLUSDT,squeeze,94,A,28,ЛОНГ,93.42,-0.040343,0.7101434686347314,FLAT,STOP,0.25,-3.48
2026-05-24T20:42:43,WLDUSDT,swing,54,C,7,ЛОНГ,0.2904,-0.008967,4.498502348054861,LOSS,TP1,-1.72,6.92
2026-05-24T21:00:33,HYPEUSDT,squeeze,107,B+,14,ЛОНГ,62.245,-0.01305,5.14806031056022,FLAT,FLAT,0.17,-0.33
2026-05-24T21:00:33,SUIUSDT,bos_fvg,78,B+,65,ЛОНГ,1.02743,0.01,-2.267666465178105,STOP,TP1,0.19,2.94
2026-05-24T21:00:33,ZECUSDT,swing,70,B+,79,ЛОНГ,675.99,0.01,6.519463575822206,LOSS,STOP,-0.75,-1.32
2026-05-24T21:00:33,GRASSUSDT,swing,69,B,72,ЛОНГ,0.51809,-0.004392,4.114130382527847,WIN,WIN,0.62,4.77
2026-05-25T01:01:14,WLDUSDT,squeeze,169,B+,73,ЛОНГ,0.2931,-0.025949000000000003,-0.207222132412798,FLAT,TP1,0.34,13.1
2026-05-25T01:01:14,ZECUSDT,swing,125,A,61,ЛОНГ,658.84,0.01,9.756452067994736,FLAT,LOSS,-0.19,-0.84
2026-05-25T01:01:14,HYPEUSDT,swing,106,A,48,ЛОНГ,62.048,0.006319,7.038326250506458,LOSS,FLAT,-0.75,-0.47
2026-05-25T01:01:14,GRASSUSDT,swing,104,A,46,ЛОНГ,0.51819,-0.003861,-2.0561182878006323,WIN,TP1,0.64,15.81
2026-05-25T05:00:55,SOLUSDT,bos_fvg,111,B+,25,ЛОНГ,85.8,-0.010007,0.05648657933414308,FLAT,STOP,-0.01,-1.98
2026-05-25T05:00:55,ZECUSDT,swing,98,A,30,ЛОНГ,663.33,0.01,8.283198576687484,LOSS,STOP,-0.51,-4.9
2026-05-25T05:00:55,XAUTUSDT,bos_fvg,94,A,28,ЛОНГ,4548.0,-0.002492,5.8780162581285875,FLAT,STOP,-0.24,-0.57
2026-05-25T05:00:55,WLDUSDT,bos_fvg,81,B+,29,ЛОНГ,0.2936,0.0,1.4031706597589324,FLAT,TP1,-0.27,12.64
2026-05-25T05:00:55,BEATUSDT,swing,57,B,38,ЛОНГ,1.1622,0.005,-0.9038255601814402,FLAT,STOP,0.17,-15.72
2026-05-25T09:01:24,WLDUSDT,squeeze,169,B+,54,ЛОНГ,0.3043,-0.01363,0.3997005989543541,STOP,TP1,0.07,13.47
2026-05-25T09:01:24,HYPEUSDT,swing,133,A,101,ЛОНГ,63.625,0.002372,0.8765219039724874,FLAT,STOP,-0.06,-5.35
2026-05-25T09:01:24,ZECUSDT,swing,79,B+,30,ЛОНГ,664.47,0.01,10.052457737060374,FLAT,STOP,0.37,-6.66
2026-05-25T13:01:13,ZECUSDT,breakout,166,A,155,ЛОНГ,669.34,0.01,10.297571478877122,FLAT,STOP,0.37,-9.05
2026-05-25T13:01:13,WLDUSDT,bos_fvg,136,A,61,ЛОНГ,0.2994,0.0005239999999999999,1.1818704978790957,WIN,TP1,1.9,27.56
2026-05-25T13:01:13,SOLUSDT,bos_fvg,125,A,32,ЛОНГ,85.83,0.01,1.5327413296279178,FLAT,STOP,0.28,-1.41
2026-05-25T13:01:13,ONDOUSDT,bos_fvg,122,A,34,ЛОНГ,0.4333,-0.021193,3.204348355755504,WIN,STOP,1.75,-1.62
2026-05-25T13:01:13,NEARUSDT,breakout,97,A,118,ЛОНГ,2.4814,0.002928,0.8492293023669961,TP1,TP1,6.99,10.32
2026-05-25T13:01:13,XAUTUSDT,bos_fvg,99,A,60,ЛОНГ,4548.95,0.002829,-1.6617146248927968,FLAT,STOP,0.02,-0.71
2026-05-25T17:32:11,SOLUSDT,bos_fvg,123,A,-25,ЛОНГ,86.23,0.01,2.593271349667703,FLAT,STOP,-0.27,-1.52
2026-05-25T17:32:11,DOGEUSDT,bos_fvg,123,A,-7,ЛОНГ,0.10338,0.01,0.6112215209383054,FLAT,STOP,-0.28,-0.83
2026-05-25T17:32:11,ZECUSDT,swing,110,B+,38,ЛОНГ,666.01,0.01,9.67955712265558,FLAT,STOP,-0.04,-8.0
2026-05-25T21:00:53,ONDOUSDT,bos_fvg,115,B+,65,ШОРТ,0.4366,0.005,2.8691497344431798,LOSS,TP1,1.03,-5.34
2026-05-25T21:00:53,NEARUSDT,squeeze,70,B+,40,ЛОНГ,2.7501,-0.033647,0.6271901993344942,WIN,LOSS,0.71,-2.71
2026-05-25T21:00:53,XAUTUSDT,bos_fvg,83,A,22,ЛОНГ,4551.22,0.0046749999999999995,-3.49754079163088,FLAT,STOP,0.07,-1.6
2026-05-25T21:00:53,ZECUSDT,swing,64,B,78,ЛОНГ,648.54,0.01,2.1452128364757295,WIN,STOP,0.73,-7.47
2026-05-26T01:01:55,DOGEUSDT,short_dist,191,A,19,ШОРТ,0.1012,0.0058980000000000005,3.93659204609572,STOP,STOP,-0.46,-0.39
2026-05-26T01:01:55,BTCUSDT,short_dist,163,A,-40,ШОРТ,76707.39,-0.001866,2.8050909432782847,STOP,TP1,0.03,-1.24
2026-05-26T01:01:55,ETHUSDT,bos_fvg,157,X,-34,ШОРТ,2095.66,-0.009658,-0.12564222540010528,FLAT,TP1,-0.15,-1.19
2026-05-26T01:01:55,SOLUSDT,short_dist,146,A,-9,ШОРТ,84.287,-0.001961,-3.2681393441322837,STOP,STOP,-0.22,-0.8
2026-05-26T01:01:55,XRPUSDT,short_dist,134,A,0,ШОРТ,1.3406,0.0011229999999999999,1.81537065070904,STOP,STOP,-0.18,-0.77
2026-05-26T01:01:55,SUIUSDT,short_dist,119,B+,-4,ШОРТ,1.03177,0.01,2.1759381072536086,WIN,TP1,-0.76,-2.94
2026-05-26T01:01:55,ONDOUSDT,short_dist,94,A,41,ШОРТ,0.4155,0.005,1.4175485208674286,STOP,STOP,-0.43,-2.43
2026-05-26T01:01:55,NEARUSDT,squeeze,91,B+,54,ЛОНГ,2.7142,-0.056970999999999994,5.704571419636852,LOSS,TP1,-0.9,-4.0
2026-05-26T01:01:55,WLDUSDT,squeeze,84,B+,30,ЛОНГ,0.3282,-0.013760000000000001,-1.7959900094636452,WIN,TP1,0.76,15.17
2026-05-26T01:01:55,ZECUSDT,swing,81,A,95,ШОРТ,635.97,0.01,-1.5751447412662334,STOP,TP1,-0.81,-9.39
2026-05-26T01:01:55,BSBUSDT,short_dist,69,B,45,ШОРТ,0.6507,0.005,6.115630505507135,LOSS,WIN,1.29,-21.59
2026-05-26T05:01:12,SOLUSDT,squeeze,164,B+,62,ЛОНГ,84.318,-0.016777,-3.928081265706376,FLAT,TP1,0.22,-0.7
2026-05-26T05:01:12,ONDOUSDT,squeeze,147,A,33,ЛОНГ,0.4229,-0.019532,1.0205094470187657,FLAT,STOP,0.26,-4.33
2026-05-26T05:01:12,BTCUSDT,short_dist,129,A,4,ШОРТ,76709.6,-0.000266,-0.96526403374219,FLAT,TP1,0.17,-1.22
2026-05-26T05:01:12,ETHUSDT,short_dist,129,A,-47,ШОРТ,2092.95,-0.004818,1.13776697558004,FLAT,TP1,0.3,-0.95
2026-05-26T05:01:12,DOGEUSDT,short_dist,128,A,32,ШОРТ,0.1013,-0.0032410000000000004,4.226680721117658,FLAT,STOP,0.26,0.03
2026-05-26T05:01:12,ZECUSDT,swing,108,A,70,ШОРТ,622.36,0.01,-3.7913454787117757,FLAT,TP1,-0.35,-8.49
2026-05-26T05:01:12,XRPUSDT,short_dist,106,A,34,ШОРТ,1.3448,-0.002867,4.066928075324765,FLAT,STOP,0.14,-1.18
2026-05-26T05:01:12,WLDUSDT,bos_fvg,104,B+,15,ЛОНГ,0.3406,-0.008574,1.83409495770422,WIN,TP1,1.38,6.05
2026-05-26T05:01:12,SUIUSDT,short_dist,91,A,11,ШОРТ,1.03222,0.01,2.699013514821547,LOSS,TP1,0.54,-2.94
2026-05-26T10:18:37,DOGEUSDT,short_dist,175,A,6,ШОРТ,0.10126,0.0006180000000000001,3.35795996425319,STOP,STOP,0.95,0.87
2026-05-26T10:18:37,SUIUSDT,short_dist,173,A,12,ШОРТ,1.0361,0.01,-2.8978258671388137,LOSS,TP1,0.95,-3.1
2026-05-26T10:18:37,ETHUSDT,short_dist,159,A,22,ШОРТ,2100.87,0.009369,-0.7875090217519946,STOP,TP1,0.88,-1.05
2026-05-26T10:18:37,BTCUSDT,short_dist,158,A,-43,ШОРТ,76721.75,-0.0008600000000000001,-4.3925843210623485,STOP,TP1,0.62,-1.17
2026-05-26T10:18:37,XRPUSDT,short_dist,152,A,-10,ШОРТ,1.3433,0.0025859999999999998,2.1382378458905897,STOP,TP1,0.66,-0.71
2026-05-26T10:18:37,SOLUSDT,short_dist,134,A,24,ШОРТ,84.702,-0.00042899999999999997,-4.015885003403311,STOP,TP1,0.74,-0.79
2026-05-26T10:18:37,TAOUSDT,short_dist,128,B+,44,ШОРТ,287.41,0.005,13.872087854564159,FLAT,TP1,0.15,-4.35
2026-05-26T10:18:37,BSBUSDT,short_dist,124,A,31,ШОРТ,0.6278,0.005,15.438154568490356,WIN,TP1,-2.02,-13.84
2026-05-26T10:18:37,RENDERUSDT,short_dist,119,B+,-11,ШОРТ,2.3646,0.005,28.951482912522415,WIN,WIN,-0.66,-5.65
2026-05-26T10:18:37,ZECUSDT,short_dist,107,A,49,ШОРТ,609.72,0.01,-8.310615150387372,STOP,TP1,1.6,-5.9
2026-05-26T10:18:37,ONDOUSDT,bos_fvg,99,A,86,ЛОНГ,0.4261,-0.007318999999999999,1.1557088268278555,LOSS,STOP,-0.63,-4.08
2026-05-26T10:18:37,NEARUSDT,bos_fvg,63,B,57,ЛОНГ,2.7518,0.0,3.383099290660959,TP1,TP1,6.93,-8.86
2026-05-26T13:00:55,SOLUSDT,bos_fvg,141,A,47,ЛОНГ,85.31,0.01,-3.6666122837876363,FLAT,STOP,0.43,-1.69
2026-05-26T13:00:55,TAOUSDT,bos_fvg,121,A,52,ЛОНГ,286.45,0.005,9.166295396945154,WIN,STOP,0.85,-3.78
2026-05-26T13:00:55,ONDOUSDT,bos_fvg,98,A,54,ЛОНГ,0.4202,-0.005797,-1.4395383622993232,LOSS,STOP,-1.17,-5.81
